stem_a,stem_b,n_boxes,raw_max_dist,aligned_max_dist,low_info,raw_mean_iou,aligned_mean_iou
IMG_5184,IMG_5185,5,0.05271,0.00863,False,0.4743,0.7078
IMG_5322,IMG_5323,5,0.04042,0.01257,False,0.7439,0.9049
IMG_5265,IMG_5266,8,0.03441,0.01634,False,0.6876,0.8303
IMG_5129,IMG_5130,5,0.09039,0.01741,False,0.1561,0.7694
IMG_5257,IMG_5258,8,0.03181,0.01968,False,0.7198,0.794
IMG_5128,IMG_5130,5,0.07372,0.01987,False,0.291,0.7455
IMG_5289,IMG_5290,7,0.02028,0.0202,False,0.757,0.7583
IMG_5224,IMG_5226,6,0.04546,0.02217,False,0.6782,0.7973
IMG_5173,IMG_5174,5,0.03461,0.02497,False,0.7197,0.8165
IMG_5272,IMG_5273,8,0.06779,0.02847,False,0.6043,0.7898
IMG_5147,IMG_5148,5,0.10487,0.02983,False,0.3282,0.7306
IMG_5320,IMG_5321,5,0.03015,0.03115,False,0.8101,0.8177
IMG_5128,IMG_5129,5,0.03741,0.03021,False,0.5347,0.6367
IMG_5281,IMG_5283,7,0.10356,0.03126,False,0.3492,0.6748
IMG_5273,IMG_5274,8,0.05601,0.03128,False,0.6013,0.7519
IMG_5126,IMG_5127,5,0.06609,0.03197,False,0.4709,0.6988
IMG_5321,IMG_5322,5,0.0542,0.03197,False,0.7433,0.8225
IMG_5132,IMG_5133,5,0.07847,0.03205,False,0.3376,0.7083
IMG_5131,IMG_5133,5,0.13613,0.03207,False,0.09,0.6377
IMG_5170,IMG_5172,5,0.04873,0.03235,False,0.5312,0.676
IMG_5286,IMG_5287,7,0.08588,0.03242,False,0.4076,0.6735
IMG_5281,IMG_5282,7,0.14843,0.03388,False,0.2004,0.6564
IMG_5320,IMG_5322,5,0.0579,0.03474,False,0.6908,0.7441
IMG_5321,IMG_5323,5,0.03509,0.0372,False,0.7833,0.7854
IMG_5163,IMG_5164,5,0.05807,0.03525,False,0.7322,0.7678
IMG_5251,IMG_5254,8,0.06393,0.03625,False,0.5403,0.7208
IMG_5280,IMG_5281,7,0.09585,0.03717,False,0.4059,0.6622
IMG_5143,IMG_5145,5,0.07293,0.03785,False,0.4915,0.6656
IMG_5144,IMG_5145,5,0.05712,0.03788,False,0.5771,0.6494
IMG_5154,IMG_5155,5,0.06886,0.03839,False,0.5645,0.7603
IMG_5193,IMG_5194,5,0.11111,0.03846,False,0.2633,0.6668
IMG_5131,IMG_5132,5,0.0952,0.03874,False,0.1356,0.699
IMG_5158,IMG_5159,5,0.12875,0.03892,False,0.2731,0.6554
IMG_5170,IMG_5171,5,0.06784,0.04004,False,0.5134,0.6849
IMG_5169,IMG_5170,5,0.04947,0.04042,False,0.8019,0.7875
IMG_5224,IMG_5225,6,0.06113,0.04047,False,0.5277,0.6944
IMG_5149,IMG_5150,5,0.04147,0.04244,False,0.7061,0.7213
IMG_5225,IMG_5226,6,0.06219,0.04267,False,0.5928,0.7053
IMG_5316,IMG_5317,7,0.05022,0.04315,False,0.5635,0.573
IMG_5306,IMG_5307,7,0.04977,0.04434,False,0.7023,0.6702
IMG_5136,IMG_5137,5,0.11498,0.04447,False,0.1701,0.6031
IMG_5231,IMG_5232,6,0.05347,0.04468,False,0.5972,0.6751
IMG_5320,IMG_5323,5,0.04625,0.04487,False,0.6967,0.6942
IMG_5143,IMG_5144,5,0.05907,0.04595,False,0.6202,0.6231
IMG_5147,IMG_5149,5,0.10138,0.04632,False,0.3229,0.6611
IMG_5283,IMG_5285,7,0.08368,0.04728,False,0.5674,0.5904
IMG_5304,IMG_5305,7,0.07738,0.04741,False,0.4958,0.6539
IMG_5282,IMG_5283,7,0.10228,0.04766,False,0.5391,0.7611
IMG_5282,IMG_5285,7,0.05516,0.04787,False,0.5924,0.6137
IMG_5176,IMG_5177,5,0.08373,0.04816,False,0.4519,0.6716
IMG_5171,IMG_5172,5,0.07601,0.04843,False,0.6319,0.6745
IMG_5281,IMG_5285,7,0.14466,0.0493,False,0.2295,0.6007
IMG_5270,IMG_5271,8,0.09219,0.04975,False,0.534,0.6847
IMG_5230,IMG_5231,6,0.07668,0.04995,False,0.5068,0.6547
IMG_5272,IMG_5274,8,0.05525,0.05003,False,0.6396,0.6689
IMG_5189,IMG_5190,5,0.10221,0.05084,False,0.2511,0.5551
IMG_5136,IMG_5138,5,0.05688,0.05104,False,0.5138,0.5947
IMG_5237,IMG_5238,9,0.13148,0.05108,False,0.2765,0.605
IMG_5265,IMG_5267,8,0.09176,0.05116,False,0.5041,0.6509
IMG_5157,IMG_5159,5,0.119,0.05175,False,0.3159,0.6439
IMG_5280,IMG_5283,7,0.06394,0.05222,False,0.6774,0.722
IMG_5278,IMG_5279,7,0.13289,0.05362,False,0.335,0.6026
IMG_5217,IMG_5218,6,0.1431,0.05375,False,0.2937,0.6093
IMG_5266,IMG_5267,8,0.08267,0.05401,False,0.5317,0.5976
IMG_5132,IMG_5134,5,0.15141,0.05412,False,0.1222,0.5493
IMG_5280,IMG_5282,7,0.07675,0.05432,False,0.4601,0.76
IMG_5246,IMG_5247,8,0.0725,0.05516,False,0.5815,0.6389
IMG_5297,IMG_5298,7,0.05542,0.07636,False,0.5433,0.7401
IMG_5169,IMG_5172,5,0.09536,0.0557,False,0.4893,0.6162
IMG_5133,IMG_5134,5,0.10398,0.05594,False,0.2438,0.5812
IMG_5131,IMG_5134,5,0.1375,0.05619,False,0.1598,0.5233
IMG_5127,IMG_5135,5,0.09042,0.0566,False,0.4238,0.5288
IMG_5157,IMG_5158,5,0.06302,0.05673,False,0.6793,0.6886
IMG_5167,IMG_5168,5,0.05708,0.06894,False,0.5575,0.701
IMG_5222,IMG_5223,6,0.09506,0.05721,False,0.4139,0.5655
IMG_5235,IMG_5236,9,0.08396,0.05767,False,0.4907,0.5366
IMG_5168,IMG_5169,5,0.05813,0.05893,False,0.5684,0.7131
IMG_5248,IMG_5249,8,0.46988,0.05843,False,0.1218,0.565
IMG_5158,IMG_5160,5,0.16407,0.05849,False,0.1459,0.5716
IMG_5169,IMG_5171,5,0.1012,0.05899,False,0.4523,0.6158
IMG_5283,IMG_5284,7,0.08628,0.05975,False,0.6914,0.6879
IMG_5236,IMG_5239,9,0.11076,0.05992,False,0.3823,0.5856
IMG_5268,IMG_5269,8,0.07749,0.05995,False,0.6533,0.6548
IMG_5242,IMG_5243,9,0.10639,0.06009,False,0.4293,0.5986
IMG_5307,IMG_5308,7,0.10857,0.06033,False,0.5634,0.7167
IMG_5141,IMG_5142,5,0.09654,0.06153,False,0.4711,0.564
IMG_5138,IMG_5139,5,0.08155,0.06167,False,0.3955,0.4144
IMG_5191,IMG_5192,5,0.09967,0.06181,False,0.4871,0.6659
IMG_5238,IMG_5239,9,0.14856,0.06197,False,0.2904,0.5033
IMG_5168,IMG_5170,5,0.07931,0.06219,False,0.5006,0.6605
IMG_5130,IMG_5131,5,0.20281,0.06311,False,0.0342,0.413
IMG_5182,IMG_5183,5,0.10957,0.06332,False,0.4665,0.4516
IMG_5235,IMG_5239,9,0.14167,0.06333,False,0.2457,0.7441
IMG_5162,IMG_5164,5,0.09365,0.06339,False,0.3563,0.5672
IMG_5128,IMG_5131,5,0.16125,0.06368,False,0.1486,0.4964
IMG_5168,IMG_5172,5,0.12704,0.06373,False,0.3529,0.4859
IMG_5162,IMG_5163,5,0.09328,0.0639,False,0.4302,0.5262
IMG_5315,IMG_5316,7,0.26336,0.0644,False,0.2969,0.5384
IMG_5230,IMG_5232,6,0.09566,0.06449,False,0.5807,0.6816
IMG_5280,IMG_5285,7,0.07977,0.06512,False,0.4887,0.6242
IMG_5179,IMG_5181,5,0.13377,0.0658,False,0.2911,0.6351
IMG_5270,IMG_5273,8,0.1012,0.06615,False,0.5725,0.5741
IMG_5148,IMG_5149,5,0.09231,0.06685,False,0.7131,0.712
IMG_5195,IMG_5196,5,0.08924,0.06704,False,0.4991,0.6044
IMG_5306,IMG_5308,7,0.10664,0.06756,False,0.525,0.6088
IMG_5137,IMG_5138,5,0.1028,0.06819,False,0.2596,0.6246
IMG_5250,IMG_5251,8,0.0968,0.0696,False,0.5002,0.6118
IMG_5215,IMG_5216,6,0.09766,0.06973,False,0.4208,0.583
IMG_5129,IMG_5131,5,0.14848,0.0702,False,0.21,0.367
IMG_5277,IMG_5278,7,0.30655,0.07128,False,0.1799,0.5322
IMG_5280,IMG_5284,7,0.11062,0.07323,False,0.5987,0.5822
IMG_5270,IMG_5272,8,0.07716,0.07522,False,0.5592,0.5986
IMG_5253,IMG_5254,8,0.11482,0.07549,False,0.3513,0.6482
IMG_5286,IMG_5289,7,0.11194,0.07722,False,0.4706,0.5327
IMG_5287,IMG_5289,7,0.11641,0.07728,False,0.3409,0.4542
IMG_5270,IMG_5274,8,0.08136,0.07818,False,0.5051,0.4953
IMG_5126,IMG_5135,5,0.07847,0.07991,False,0.4251,0.4328
IMG_5271,IMG_5273,8,0.16507,0.07938,False,0.4564,0.5383
IMG_5277,IMG_5279,7,0.23967,0.07952,False,0.3195,0.4805
IMG_5159,IMG_5160,5,0.15021,0.08016,False,0.3946,0.5153
IMG_5272,IMG_5276,8,0.23202,0.08061,False,0.3668,0.5352
IMG_5250,IMG_5254,8,0.10129,0.08108,False,0.4235,0.5415
IMG_5287,IMG_5290,7,0.10587,0.08174,False,0.3583,0.4419
IMG_5305,IMG_5310,7,0.23256,0.08175,False,0.4549,0.5072
IMG_5286,IMG_5290,7,0.13076,0.08221,False,0.4654,0.5573
IMG_5250,IMG_5253,8,0.08351,0.08262,False,0.5083,0.6022
IMG_5147,IMG_5150,5,0.11572,0.08349,False,0.3021,0.5793
IMG_5274,IMG_5276,8,0.2646,0.08385,False,0.3106,0.4504
IMG_5251,IMG_5253,8,0.0944,0.08403,False,0.4834,0.6335
IMG_5273,IMG_5276,8,0.26973,0.0842,False,0.2976,0.4754
IMG_5128,IMG_5133,5,0.09095,0.0846,False,0.3452,0.4109
IMG_5271,IMG_5272,8,0.13319,0.08476,False,0.5464,0.5824
IMG_5130,IMG_5133,5,0.09059,0.08496,False,0.3166,0.3525
IMG_5264,IMG_5266,8,0.10726,0.08497,False,0.5948,0.651
IMG_5155,IMG_5156,5,0.08638,0.08584,False,0.5984,0.6081
IMG_5237,IMG_5239,9,0.0917,0.08601,False,0.4138,0.4755
IMG_5281,IMG_5284,7,0.15185,0.0876,False,0.3549,0.6113
IMG_5129,IMG_5133,5,0.11095,0.08869,False,0.2334,0.3236
IMG_5128,IMG_5132,5,0.15343,0.08874,False,0.2535,0.3932
IMG_5130,IMG_5132,5,0.16068,0.08917,False,0.222,0.3405
IMG_5129,IMG_5134,5,0.10414,0.09062,False,0.3725,0.3389
IMG_5175,IMG_5177,5,0.17756,0.091,False,0.1961,0.5271
IMG_5180,IMG_5181,5,0.10106,0.09128,False,0.512,0.5625
IMG_5129,IMG_5132,5,0.14648,0.09177,False,0.2165,0.3199
IMG_5271,IMG_5274,8,0.14138,0.09232,False,0.4795,0.4629
IMG_5285,IMG_5287,7,0.0933,0.12009,False,0.4521,0.6207
IMG_5270,IMG_5276,8,0.28372,0.09333,False,0.3705,0.4074
IMG_5298,IMG_5299,7,0.12508,0.09444,False,0.4774,0.5019
IMG_5167,IMG_5169,5,0.09748,0.0945,False,0.3536,0.5772
IMG_5223,IMG_5224,6,0.10454,0.09491,False,0.676,0.6709
IMG_5264,IMG_5265,8,0.09745,0.09496,False,0.6689,0.6705
IMG_5314,IMG_5315,7,0.47204,0.09583,False,0.0753,0.4609
IMG_5236,IMG_5237,9,0.14864,0.09636,False,0.4242,0.4894
IMG_5291,IMG_5292,9,0.59089,0.09653,False,0.122,0.5339
IMG_5219,IMG_5220,6,0.11405,0.09738,False,0.3008,0.5691
IMG_5167,IMG_5170,5,0.11403,0.09754,False,0.2947,0.5334
IMG_5174,IMG_5175,5,0.1191,0.09782,False,0.6698,0.6418
IMG_5262,IMG_5263,8,0.41014,0.09829,False,0.2278,0.3821
IMG_5157,IMG_5160,5,0.17735,0.0989,False,0.1852,0.5426
IMG_5130,IMG_5134,5,0.15269,0.10012,False,0.1208,0.3148
IMG_5306,IMG_5311,7,0.24725,0.10031,False,0.233,0.3724
IMG_5282,IMG_5284,7,0.17989,0.10119,False,0.4136,0.5983
IMG_5271,IMG_5276,8,0.24532,0.10123,False,0.3226,0.4946
IMG_5222,IMG_5225,6,0.18784,0.10162,False,0.3057,0.5796
IMG_5168,IMG_5171,5,0.12867,0.10217,False,0.2857,0.4765
IMG_5285,IMG_5290,7,0.11182,0.10258,False,0.3945,0.429
IMG_5236,IMG_5238,9,0.13347,0.10265,False,0.3513,0.4197
IMG_5139,IMG_5142,5,0.13659,0.1029,False,0.26,0.2443
IMG_5223,IMG_5225,6,0.14363,0.10295,False,0.4273,0.5838
IMG_5315,IMG_5317,7,0.30452,0.10333,False,0.2638,0.3456
IMG_5297,IMG_5299,7,0.15883,0.10417,False,0.3738,0.4723
IMG_5148,IMG_5150,5,0.12534,0.10502,False,0.7054,0.6295
IMG_5154,IMG_5156,5,0.12828,0.10563,False,0.5572,0.5302
IMG_5284,IMG_5285,7,0.16764,0.1058,False,0.4565,0.5038
IMG_5222,IMG_5224,6,0.14947,0.10662,False,0.4282,0.499
IMG_5186,IMG_5187,5,0.21751,0.10693,False,0.0927,0.3284
IMG_5128,IMG_5134,5,0.11768,0.10713,False,0.3847,0.3545
IMG_5307,IMG_5311,7,0.25841,0.10732,False,0.2358,0.3362
IMG_5285,IMG_5289,7,0.11542,0.10824,False,0.3927,0.4397
IMG_5147,IMG_5151,5,0.18261,0.10825,False,0.3235,0.3724
IMG_5151,IMG_5153,5,0.10869,0.12006,False,0.4682,0.5734
IMG_5308,IMG_5312,7,0.29754,0.10925,False,0.2798,0.446
IMG_5175,IMG_5176,5,0.10939,0.11516,False,0.3233,0.5852
IMG_5283,IMG_5286,7,0.1102,0.13992,False,0.4374,0.6107
IMG_5308,IMG_5311,7,0.2566,0.11024,False,0.2126,0.3845
IMG_5139,IMG_5141,5,0.18672,0.11039,False,0.2049,0.2298
IMG_5252,IMG_5254,8,0.33718,0.11062,False,0.1091,0.4115
IMG_5264,IMG_5267,8,0.15424,0.11119,False,0.5323,0.5873
IMG_5136,IMG_5139,5,0.11506,0.11251,False,0.2563,0.2964
IMG_5252,IMG_5253,8,0.18727,0.1128,False,0.139,0.3722
IMG_5174,IMG_5177,5,0.17859,0.11321,False,0.1425,0.4668
IMG_5307,IMG_5312,7,0.28163,0.1139,False,0.3027,0.4146
IMG_5179,IMG_5180,5,0.23185,0.11463,False,0.333,0.4549
IMG_5250,IMG_5252,8,0.22552,0.11463,False,0.134,0.311
IMG_5227,IMG_5228,6,0.13326,0.11464,False,0.3507,0.5551
IMG_5281,IMG_5290,7,0.15322,0.11513,False,0.2819,0.3973
IMG_5148,IMG_5151,5,0.11809,0.11519,False,0.3711,0.4196
IMG_5150,IMG_5151,5,0.11531,0.11719,False,0.3593,0.514
IMG_5173,IMG_5175,5,0.12287,0.11566,False,0.5608,0.6296
IMG_5149,IMG_5151,5,0.12501,0.11611,False,0.3356,0.4474
IMG_5223,IMG_5226,6,0.14382,0.11634,False,0.667,0.6155
IMG_5274,IMG_5275,8,0.27476,0.1169,False,0.3616,0.4443
IMG_5283,IMG_5287,7,0.11694,0.13749,False,0.3695,0.5268
IMG_5281,IMG_5287,7,0.18456,0.11699,False,0.1673,0.6132
IMG_5282,IMG_5290,7,0.13437,0.11707,False,0.4558,0.5338
IMG_5273,IMG_5275,8,0.29015,0.11763,False,0.3362,0.384
IMG_5281,IMG_5286,7,0.24174,0.1184,False,0.216,0.6132
IMG_5285,IMG_5286,7,0.23761,0.12007,False,0.3288,0.5594
IMG_5281,IMG_5289,7,0.16756,0.12025,False,0.2635,0.3846
IMG_5182,IMG_5185,5,0.18576,0.12096,False,0.2694,0.2914
IMG_5272,IMG_5275,8,0.13869,0.12145,False,0.3389,0.3686
IMG_5275,IMG_5276,8,0.13667,0.12206,False,0.3254,0.3236
IMG_5138,IMG_5142,5,0.14477,0.12235,False,0.1888,0.1873
IMG_5151,IMG_5152,5,0.18703,0.12239,False,0.2436,0.4358
IMG_5282,IMG_5289,7,0.13851,0.12252,False,0.4336,0.4679
IMG_5173,IMG_5177,5,0.2038,0.12268,False,0.0986,0.4483
IMG_5146,IMG_5149,5,0.16891,0.12275,False,0.1337,0.431
IMG_5280,IMG_5287,7,0.12369,0.15211,False,0.2904,0.5547
IMG_5282,IMG_5287,7,0.12369,0.13817,False,0.4569,0.5268
IMG_5222,IMG_5226,6,0.18777,0.12464,False,0.2996,0.4823
IMG_5235,IMG_5238,9,0.42125,0.12527,False,0.2361,0.4009
IMG_5182,IMG_5184,5,0.16912,0.12604,False,0.277,0.323
IMG_5280,IMG_5286,7,0.12685,0.15335,False,0.3649,0.5953
IMG_5137,IMG_5139,5,0.15481,0.12719,False,0.3086,0.3051
IMG_5146,IMG_5148,5,0.16321,0.1273,False,0.162,0.5058
IMG_5198,IMG_5199,5,0.16446,0.12738,False,0.5608,0.5169
IMG_5167,IMG_5171,5,0.16554,0.12811,False,0.1738,0.3865
IMG_5174,IMG_5176,5,0.14126,0.12863,False,0.2329,0.4361
IMG_5167,IMG_5172,5,0.15882,0.12963,False,0.2214,0.3872
IMG_5313,IMG_5314,7,0.32438,0.12985,False,0.1559,0.4153
IMG_5255,IMG_5256,8,0.16016,0.13027,False,0.2701,0.2559
IMG_5146,IMG_5150,5,0.19892,0.13063,False,0.1377,0.3922
IMG_5184,IMG_5187,5,0.16885,0.13091,False,0.2961,0.3892
IMG_5251,IMG_5252,8,0.18485,0.13206,False,0.1268,0.3084
IMG_5187,IMG_5188,5,0.17735,0.13362,False,0.3738,0.3534
IMG_5287,IMG_5288,7,0.23575,0.13471,False,0.224,0.1864
IMG_5185,IMG_5187,5,0.15198,0.13556,False,0.3665,0.3452
IMG_5282,IMG_5286,7,0.23349,0.1381,False,0.3378,0.6342
IMG_5248,IMG_5250,8,0.5522,0.1382,False,0.1582,0.3946
IMG_5183,IMG_5184,5,0.13923,0.15641,False,0.3049,0.3079
IMG_5286,IMG_5296,7,0.23077,0.13926,False,0.208,0.4509
IMG_5146,IMG_5153,5,0.20278,0.13952,False,0.2121,0.2422
IMG_5293,IMG_5294,7,0.22156,0.13999,False,0.3465,0.4829
IMG_5210,IMG_5212,6,0.20768,0.14023,False,0.203,0.3309
IMG_5173,IMG_5176,5,0.16409,0.1409,False,0.2005,0.4156
IMG_5287,IMG_5296,7,0.19656,0.14109,False,0.1312,0.3553
IMG_5235,IMG_5237,9,0.18834,0.14113,False,0.3196,0.3676
IMG_5283,IMG_5290,7,0.16376,0.1419,False,0.4943,0.4693
IMG_5148,IMG_5156,5,0.19536,0.14236,False,0.2209,0.2351
IMG_5280,IMG_5290,7,0.14644,0.14257,False,0.542,0.5406
IMG_5261,IMG_5262,8,0.2223,0.14299,False,0.2215,0.3453
IMG_5295,IMG_5296,7,0.36759,0.14314,False,0.0723,0.4738
IMG_5248,IMG_5253,8,0.54563,0.14409,False,0.141,0.352
IMG_5140,IMG_5142,5,0.17531,0.14468,False,0.2015,0.2529
IMG_5148,IMG_5152,5,0.2073,0.14612,False,0.2406,0.3062
IMG_5248,IMG_5251,8,0.5783,0.14765,False,0.2286,0.3464
IMG_5283,IMG_5296,7,0.22433,0.14775,False,0.3058,0.4327
IMG_5283,IMG_5289,7,0.16534,0.14783,False,0.4341,0.4244
IMG_5148,IMG_5153,5,0.19082,0.14793,False,0.2902,0.3329
IMG_5146,IMG_5156,5,0.17823,0.14802,False,0.2876,0.2645
IMG_5280,IMG_5289,7,0.1486,0.14826,False,0.507,0.5023
IMG_5146,IMG_5155,5,0.16398,0.14845,False,0.2911,0.3246
IMG_5281,IMG_5296,7,0.1494,0.15093,False,0.4186,0.4027
IMG_5148,IMG_5155,5,0.17245,0.15075,False,0.2956,0.332
IMG_5248,IMG_5254,8,0.52181,0.15086,False,0.2151,0.3423
IMG_5183,IMG_5185,5,0.165,0.15241,False,0.2379,0.2488
IMG_5147,IMG_5152,5,0.17973,0.15255,False,0.2361,0.2565
IMG_5149,IMG_5156,5,0.20195,0.1532,False,0.1669,0.2276
IMG_5146,IMG_5151,5,0.20313,0.15395,False,0.211,0.3127
IMG_5283,IMG_5295,7,0.24492,0.15448,False,0.1377,0.3696
IMG_5249,IMG_5252,8,0.15495,0.19752,False,0.2118,0.375
IMG_5284,IMG_5296,7,0.23697,0.15542,False,0.2988,0.354
IMG_5259,IMG_5260,8,0.15563,0.16111,False,0.1489,0.2274
IMG_5281,IMG_5295,7,0.32776,0.15573,False,0.0492,0.3436
IMG_5149,IMG_5153,5,0.19531,0.15657,False,0.2116,0.3246
IMG_5147,IMG_5156,5,0.22038,0.15658,False,0.1698,0.2166
IMG_5146,IMG_5147,5,0.19814,0.15663,False,0.2297,0.457
IMG_5139,IMG_5140,5,0.20846,0.15697,False,0.1016,0.1336
IMG_5146,IMG_5152,5,0.17975,0.15749,False,0.2311,0.2866
IMG_5281,IMG_5299,7,0.29495,0.15858,False,0.2351,0.3106
IMG_5150,IMG_5156,5,0.1943,0.15872,False,0.1734,0.2457
IMG_5149,IMG_5152,5,0.21141,0.15895,False,0.2064,0.2767
IMG_5150,IMG_5155,5,0.15947,0.16659,False,0.2301,0.3281
IMG_5284,IMG_5299,7,0.23799,0.15967,False,0.2839,0.3053
IMG_5152,IMG_5153,5,0.22097,0.15973,False,0.2447,0.4713
IMG_5315,IMG_5318,7,0.29627,0.16025,False,0.2045,0.3638
IMG_5149,IMG_5155,5,0.17712,0.16122,False,0.2165,0.3182
IMG_5215,IMG_5220,6,0.16313,0.19026,False,0.2466,0.3001
IMG_5193,IMG_5195,5,0.24052,0.16382,False,0.222,0.1853
IMG_5147,IMG_5155,5,0.21741,0.16483,False,0.2375,0.2932
IMG_5150,IMG_5152,5,0.2081,0.16521,False,0.1985,0.3039
IMG_5280,IMG_5299,7,0.24846,0.16528,False,0.2961,0.2978
IMG_5150,IMG_5153,5,0.17644,0.16582,False,0.2168,0.3645
IMG_5282,IMG_5299,7,0.19223,0.16588,False,0.2977,0.3187
IMG_5284,IMG_5286,7,0.16719,0.19034,False,0.3936,0.5043
IMG_5316,IMG_5318,7,0.19926,0.16737,False,0.3121,0.3813
IMG_5194,IMG_5195,5,0.19168,0.16768,False,0.1842,0.1879
IMG_5167,IMG_5177,5,0.16779,0.1885,False,0.2777,0.3037
IMG_5146,IMG_5154,5,0.21145,0.16841,False,0.2342,0.3148
IMG_5137,IMG_5142,5,0.16897,0.18404,False,0.1577,0.1818
IMG_5281,IMG_5298,7,0.39945,0.1693,False,0.1996,0.235
IMG_5136,IMG_5142,5,0.1864,0.17039,False,0.1517,0.133
IMG_5285,IMG_5296,7,0.26646,0.17086,False,0.1953,0.3166
IMG_5147,IMG_5153,5,0.22422,0.17095,False,0.1936,0.2876
IMG_5138,IMG_5141,5,0.21947,0.17121,False,0.218,0.21
IMG_5137,IMG_5141,5,0.2475,0.1721,False,0.2069,0.2132
IMG_5167,IMG_5178,5,0.26782,0.17403,False,0.0894,0.2809
IMG_5136,IMG_5141,5,0.2306,0.17415,False,0.1342,0.1644
IMG_5194,IMG_5197,5,0.17455,0.17891,False,0.2305,0.2592
IMG_5280,IMG_5296,7,0.23742,0.17536,False,0.3503,0.3872
IMG_5249,IMG_5250,8,0.19109,0.17715,False,0.1095,0.3965
IMG_5249,IMG_5254,8,0.34289,0.17778,False,0.1226,0.477
IMG_5285,IMG_5295,7,0.24818,0.17791,False,0.1543,0.3343
IMG_5190,IMG_5194,5,0.17887,0.2275,False,0.1162,0.2312
IMG_5281,IMG_5288,7,0.24985,0.17898,False,0.0718,0.1291
IMG_5283,IMG_5299,7,0.23793,0.17907,False,0.3202,0.3433
IMG_5248,IMG_5252,8,0.49167,0.17926,False,0.1599,0.3445
IMG_5280,IMG_5295,7,0.26102,0.17942,False,0.1064,0.3764
IMG_5148,IMG_5154,5,0.21136,0.17952,False,0.2522,0.3605
IMG_5249,IMG_5251,8,0.18627,0.17986,False,0.1381,0.3681
IMG_5169,IMG_5178,5,0.20291,0.17988,False,0.1186,0.3884
IMG_5271,IMG_5275,8,0.25659,0.18066,False,0.1855,0.2538
IMG_5283,IMG_5298,7,0.33217,0.18076,False,0.2847,0.2459
IMG_5282,IMG_5295,7,0.23313,0.18103,False,0.1863,0.3945
IMG_5300,IMG_5308,7,0.3223,0.18111,False,0.2198,0.2835
IMG_5196,IMG_5197,5,0.23835,0.18204,False,0.552,0.4691
IMG_5282,IMG_5296,7,0.29775,0.18383,False,0.2237,0.4108
IMG_5184,IMG_5188,5,0.18388,0.19346,False,0.2212,0.2388
IMG_5193,IMG_5197,5,0.23102,0.1843,False,0.2771,0.2262
IMG_5283,IMG_5288,7,0.2443,0.18493,False,0.0735,0.1292
IMG_5286,IMG_5288,7,0.30127,0.18557,False,0.0918,0.1487
IMG_5170,IMG_5178,5,0.20671,0.18589,False,0.1189,0.3501
IMG_5195,IMG_5197,5,0.2023,0.18623,False,0.3616,0.4074
IMG_5168,IMG_5178,5,0.24907,0.18632,False,0.0901,0.2853
IMG_5284,IMG_5287,7,0.1949,0.18654,False,0.2859,0.4642
IMG_5127,IMG_5132,5,0.24039,0.18674,False,0.1179,0.1192
IMG_5168,IMG_5177,5,0.18691,0.19245,False,0.3004,0.3266
IMG_5171,IMG_5178,5,0.20109,0.18696,False,0.2026,0.2947
IMG_5287,IMG_5299,7,0.18754,0.19973,False,0.2413,0.2531
IMG_5286,IMG_5295,7,0.28761,0.18857,False,0.1579,0.3541
IMG_5167,IMG_5176,5,0.18992,0.22449,False,0.123,0.2497
IMG_5287,IMG_5295,7,0.22668,0.19005,False,0.1994,0.2888
IMG_5185,IMG_5188,5,0.20696,0.19029,False,0.2624,0.2082
IMG_5288,IMG_5296,7,0.2727,0.19047,False,0.0965,0.1758
IMG_5140,IMG_5141,5,0.22734,0.1907,False,0.1447,0.3157
IMG_5301,IMG_5302,7,0.23304,0.19096,False,0.4011,0.3543
IMG_5261,IMG_5263,8,0.25549,0.19102,False,0.2205,0.2481
IMG_5149,IMG_5154,5,0.21603,0.19117,False,0.1989,0.3433
IMG_5194,IMG_5196,5,0.2291,0.19204,False,0.1547,0.1757
IMG_5280,IMG_5298,7,0.34385,0.19277,False,0.2397,0.2213
IMG_5249,IMG_5253,8,0.21108,0.1929,False,0.1215,0.3516
IMG_5152,IMG_5156,5,0.22189,0.19351,False,0.2601,0.2804
IMG_5282,IMG_5298,7,0.31232,0.19361,False,0.2144,0.2371
IMG_5285,IMG_5288,7,0.22387,0.19385,False,0.1295,0.1331
IMG_5147,IMG_5154,5,0.26175,0.19403,False,0.2122,0.3084
IMG_5285,IMG_5299,7,0.22759,0.19433,False,0.2378,0.2409
IMG_5171,IMG_5177,5,0.22326,0.19445,False,0.205,0.4685
IMG_5193,IMG_5196,5,0.2876,0.19445,False,0.1803,0.1595
IMG_5150,IMG_5154,5,0.19964,0.197,False,0.2096,0.3446
IMG_5300,IMG_5307,7,0.35603,0.19721,False,0.2223,0.2591
IMG_5152,IMG_5155,5,0.1978,0.2025,False,0.2212,0.375
IMG_5287,IMG_5298,7,0.28364,0.19805,False,0.1969,0.2291
IMG_5317,IMG_5318,7,0.22689,0.19826,False,0.3176,0.3376
IMG_5174,IMG_5178,5,0.19885,0.22886,False,0.2172,0.2005
IMG_5314,IMG_5316,7,0.23754,0.19939,False,0.243,0.3629
IMG_5286,IMG_5299,7,0.23483,0.20079,False,0.2602,0.3041
IMG_5216,IMG_5220,6,0.20242,0.20087,False,0.2707,0.3206
IMG_5170,IMG_5177,5,0.22522,0.20092,False,0.2936,0.4182
IMG_5284,IMG_5290,7,0.24662,0.20094,False,0.4069,0.3547
IMG_5300,IMG_5306,7,0.30925,0.20136,False,0.1799,0.2499
IMG_5127,IMG_5133,5,0.20165,0.20483,False,0.1166,0.1428
IMG_5286,IMG_5298,7,0.27899,0.20319,False,0.2635,0.2711
IMG_5133,IMG_5135,5,0.23369,0.20388,False,0.0372,0.0589
IMG_5171,IMG_5176,5,0.24816,0.20407,False,0.4123,0.397
IMG_5288,IMG_5289,7,0.30318,0.20412,False,0.0909,0.0889
IMG_5306,IMG_5312,7,0.29266,0.20495,False,0.3402,0.3207
IMG_5182,IMG_5188,5,0.21463,0.2051,False,0.2658,0.2446
IMG_5285,IMG_5298,7,0.33487,0.20557,False,0.1954,0.184
IMG_5215,IMG_5219,6,0.2221,0.20586,False,0.2806,0.2493
IMG_5172,IMG_5178,5,0.22748,0.20597,False,0.1503,0.272
IMG_5293,IMG_5298,7,0.21865,0.20624,False,0.2009,0.1922
IMG_5127,IMG_5131,5,0.26018,0.20628,False,0.0329,0.1209
IMG_5132,IMG_5135,5,0.29824,0.20643,False,0.0752,0.0418
IMG_5304,IMG_5310,7,0.3002,0.20645,False,0.4511,0.3793
IMG_5284,IMG_5289,7,0.24761,0.20691,False,0.3697,0.3131
IMG_5284,IMG_5288,7,0.23382,0.20739,False,0.0457,0.154
IMG_5284,IMG_5295,7,0.26096,0.20749,False,0.1051,0.306
IMG_5175,IMG_5178,5,0.20813,0.25293,False,0.2183,0.2617
IMG_5293,IMG_5297,7,0.21719,0.20846,False,0.2125,0.2023
IMG_5311,IMG_5312,7,0.38724,0.20883,False,0.1405,0.3042
IMG_5126,IMG_5132,5,0.27497,0.20914,False,0.0472,0.1035
IMG_5152,IMG_5154,5,0.24118,0.20945,False,0.1888,0.3741
IMG_5131,IMG_5135,5,0.31897,0.20947,False,0.0694,0.0381
IMG_5280,IMG_5288,7,0.2679,0.20997,False,0.0644,0.0952
IMG_5282,IMG_5288,7,0.21448,0.21004,False,0.1004,0.1011
IMG_5172,IMG_5177,5,0.25892,0.21068,False,0.216,0.3792
IMG_5168,IMG_5176,5,0.21141,0.21578,False,0.2203,0.2778
IMG_5169,IMG_5177,5,0.23382,0.21204,False,0.3537,0.4392
IMG_5296,IMG_5299,7,0.31025,0.21278,False,0.2042,0.3204
IMG_5126,IMG_5133,5,0.21367,0.2288,False,0.0687,0.1208
IMG_5256,IMG_5257,8,0.4144,0.21381,False,0.2601,0.2323
IMG_5290,IMG_5299,7,0.25201,0.21431,False,0.2343,0.26
IMG_5138,IMG_5140,5,0.28744,0.2158,False,0.0561,0.1086
IMG_5183,IMG_5188,5,0.22409,0.21583,False,0.3084,0.2809
IMG_5289,IMG_5296,7,0.2429,0.21634,False,0.3156,0.3625
IMG_5216,IMG_5219,6,0.27227,0.21652,False,0.2284,0.1752
IMG_5294,IMG_5296,7,0.55498,0.2169,False,0.1075,0.1919
IMG_5170,IMG_5176,5,0.25035,0.21833,False,0.377,0.3595
IMG_5173,IMG_5178,5,0.21893,0.22091,False,0.2081,0.201
IMG_5296,IMG_5298,7,0.36761,0.21926,False,0.1243,0.3195
IMG_5156,IMG_5158,5,0.21953,0.23688,False,0.301,0.3753
IMG_5166,IMG_5178,5,0.28566,0.22011,False,0.067,0.3399
IMG_5314,IMG_5318,7,0.23611,0.22043,False,0.2396,0.2855
IMG_5172,IMG_5176,5,0.28568,0.22121,False,0.3664,0.3442
IMG_5178,IMG_5179,5,0.29092,0.22135,False,0.2915,0.2404
IMG_5290,IMG_5296,7,0.24595,0.22144,False,0.3135,0.393
IMG_5281,IMG_5297,7,0.42926,0.22189,False,0.1172,0.2641
IMG_5288,IMG_5295,7,0.35628,0.22239,False,0.0613,0.0855
IMG_5167,IMG_5175,5,0.22385,0.22539,False,0.1094,0.2435
IMG_5288,IMG_5298,7,0.33965,0.22424,False,0.0805,0.1266
IMG_5127,IMG_5128,5,0.23229,0.22453,False,0.0543,0.0701
IMG_5171,IMG_5175,5,0.30443,0.22517,False,0.3659,0.3507
IMG_5167,IMG_5174,5,0.22578,0.23512,False,0.0821,0.3135
IMG_5293,IMG_5299,7,0.227,0.22766,False,0.1682,0.1925
IMG_5134,IMG_5135,5,0.22721,0.22768,False,0.0571,0.052
IMG_5156,IMG_5157,5,0.22777,0.23741,False,0.3657,0.4088
IMG_5168,IMG_5175,5,0.26916,0.22779,False,0.1525,0.278
IMG_5126,IMG_5131,5,0.28635,0.22855,False,0.0438,0.1202
IMG_5186,IMG_5188,5,0.24648,0.22894,False,0.1369,0.1416
IMG_5289,IMG_5299,7,0.26219,0.22931,False,0.2224,0.2373
IMG_5314,IMG_5317,7,0.2797,0.22935,False,0.2097,0.2724
IMG_5294,IMG_5299,7,0.41633,0.23069,False,0.1065,0.2514
IMG_5169,IMG_5176,5,0.25923,0.23093,False,0.3578,0.3888
IMG_5190,IMG_5193,5,0.23331,0.23135,False,0.0172,0.2676
IMG_5281,IMG_5294,7,0.56734,0.23161,False,0.0834,0.132
IMG_5189,IMG_5193,5,0.23205,0.26392,False,0.0455,0.304
IMG_5214,IMG_5216,6,0.27204,0.23384,False,0.1552,0.3386
IMG_5280,IMG_5297,7,0.32021,0.234,False,0.17,0.2203
IMG_5170,IMG_5175,5,0.3074,0.23458,False,0.2621,0.3329
IMG_5135,IMG_5136,5,0.24159,0.23657,False,0.0606,0.0325
IMG_5288,IMG_5290,7,0.29352,0.23729,False,0.0955,0.0954
IMG_5184,IMG_5186,5,0.28741,0.23772,False,0.2696,0.4702
IMG_5127,IMG_5130,5,0.23866,0.23995,False,0.0629,0.0499
IMG_5127,IMG_5134,5,0.27433,0.2391,False,0.0783,0.1135
IMG_5313,IMG_5315,7,0.28898,0.23929,False,0.2234,0.2448
IMG_5151,IMG_5154,5,0.23933,0.27211,False,0.2484,0.3285
IMG_5294,IMG_5298,7,0.39086,0.23935,False,0.241,0.2571
IMG_5128,IMG_5135,5,0.26559,0.23935,False,0.0585,0.0213
IMG_5152,IMG_5157,5,0.24006,0.27573,False,0.1958,0.1717
IMG_5294,IMG_5297,7,0.43247,0.24078,False,0.2028,0.2281
IMG_5284,IMG_5298,7,0.3346,0.24089,False,0.2529,0.2599
IMG_5151,IMG_5156,5,0.2495,0.24108,False,0.2018,0.2005
IMG_5300,IMG_5311,7,0.27436,0.24135,False,0.2856,0.2343
IMG_5282,IMG_5297,7,0.33794,0.24156,False,0.1923,0.2384
IMG_5172,IMG_5175,5,0.34747,0.24187,False,0.3282,0.3342
IMG_5160,IMG_5161,5,0.24227,0.26757,False,0.2351,0.2373
IMG_5185,IMG_5186,5,0.29395,0.24243,False,0.0671,0.4063
IMG_5153,IMG_5156,5,0.26677,0.24292,False,0.3027,0.2513
IMG_5190,IMG_5195,5,0.24361,0.24722,False,0.1609,0.1726
IMG_5284,IMG_5297,7,0.36431,0.2439,False,0.1803,0.263
IMG_5178,IMG_5181,5,0.35531,0.24434,False,0.2678,0.275
IMG_5135,IMG_5137,5,0.28074,0.24435,False,0.0286,0.0403
IMG_5126,IMG_5128,5,0.24506,0.24775,False,0.0936,0.0686
IMG_5168,IMG_5174,5,0.27441,0.24518,False,0.1245,0.3555
IMG_5238,IMG_5242,9,0.27299,0.24598,False,0.1076,0.3477
IMG_5169,IMG_5175,5,0.31681,0.24623,False,0.2232,0.3315
IMG_5295,IMG_5299,7,0.31961,0.24648,False,0.3052,0.2315
IMG_5308,IMG_5309,7,0.28552,0.2474,False,0.2554,0.2158
IMG_5171,IMG_5174,5,0.30861,0.24809,False,0.3568,0.3484
IMG_5167,IMG_5173,5,0.25548,0.24915,False,0.0566,0.3272
IMG_5283,IMG_5297,7,0.36062,0.24999,False,0.1961,0.2666
IMG_5295,IMG_5298,7,0.29658,0.25006,False,0.2409,0.2
IMG_5151,IMG_5155,5,0.26239,0.25044,False,0.3125,0.3076
IMG_5286,IMG_5294,7,0.3551,0.25078,False,0.1269,0.1644
IMG_5156,IMG_5182,5,0.31645,0.25108,False,0.0717,0.0984
IMG_5288,IMG_5299,7,0.26468,0.25132,False,0.0751,0.0771
IMG_5152,IMG_5158,5,0.25151,0.2738,False,0.1691,0.1835
IMG_5153,IMG_5155,5,0.28001,0.25226,False,0.4643,0.3595
IMG_5127,IMG_5129,5,0.26797,0.2524,False,0.0157,0.0443
IMG_5307,IMG_5309,7,0.31477,0.25306,False,0.2835,0.2152
IMG_5189,IMG_5194,5,0.25338,0.25987,False,0.2013,0.2323
IMG_5146,IMG_5158,5,0.2536,0.30907,False,0.109,0.1466
IMG_5285,IMG_5297,7,0.36136,0.25387,False,0.1836,0.1906
IMG_5126,IMG_5136,5,0.28231,0.25416,False,0.0599,0.0249
IMG_5177,IMG_5178,5,0.2975,0.25425,False,0.0511,0.4107
IMG_5287,IMG_5294,7,0.35404,0.25439,False,0.0952,0.1398
IMG_5170,IMG_5174,5,0.31172,0.25457,False,0.2276,0.3467
IMG_5130,IMG_5135,5,0.29151,0.25516,False,0.0125,0.0138
IMG_5182,IMG_5187,5,0.26484,0.25552,False,0.0921,0.3501
IMG_5136,IMG_5169,5,0.25566,0.27211,False,0.067,0.0822
IMG_5210,IMG_5229,6,0.28953,0.25601,False,0.1827,0.2046
IMG_5166,IMG_5177,5,0.25612,0.28491,False,0.1754,0.1784
IMG_5166,IMG_5176,5,0.25655,0.26444,False,0.1215,0.1292
IMG_5289,IMG_5298,7,0.30709,0.25677,False,0.1523,0.1885
IMG_5178,IMG_5180,5,0.34695,0.2568,False,0.2595,0.1887
IMG_5309,IMG_5312,7,0.56719,0.25685,False,0.1675,0.2343
IMG_5287,IMG_5297,7,0.25688,0.26393,False,0.1806,0.2388
IMG_5136,IMG_5171,5,0.25695,0.31989,False,0.0138,0.0433
IMG_5176,IMG_5178,5,0.25715,0.25973,False,0.1817,0.3253
IMG_5290,IMG_5298,7,0.29772,0.25724,False,0.161,0.2091
IMG_5136,IMG_5170,5,0.25792,0.28424,False,0.0292,0.0508
IMG_5156,IMG_5160,5,0.34245,0.25813,False,0.2581,0.312
IMG_5190,IMG_5197,5,0.25841,0.26063,False,0.0892,0.1054
IMG_5126,IMG_5134,5,0.26904,0.26048,False,0.1062,0.0815
IMG_5150,IMG_5182,5,0.2697,0.26065,False,0.1368,0.125
IMG_5138,IMG_5171,5,0.26071,0.30875,False,0.004,0.0298
IMG_5153,IMG_5154,5,0.26091,0.27414,False,0.2995,0.3504
IMG_5146,IMG_5157,5,0.2611,0.31,False,0.1113,0.1401
IMG_5168,IMG_5173,5,0.30584,0.26132,False,0.0904,0.3529
IMG_5193,IMG_5199,5,0.36273,0.26151,False,0.154,0.1541
IMG_5147,IMG_5197,5,0.26207,0.2927,False,0.0131,0.0225
IMG_5126,IMG_5137,5,0.30081,0.26316,False,0.0095,0.0253
IMG_5288,IMG_5297,7,0.36022,0.26317,False,0.0874,0.1199
IMG_5126,IMG_5130,5,0.27668,0.26344,False,0.0252,0.0485
IMG_5235,IMG_5242,9,0.26358,0.31825,False,0.0869,0.2878
IMG_5189,IMG_5195,5,0.31282,0.2638,False,0.2175,0.2009
IMG_5240,IMG_5242,9,0.3021,0.26385,False,0.1422,0.157
IMG_5172,IMG_5174,5,0.35237,0.26441,False,0.2967,0.3634
IMG_5237,IMG_5243,9,0.3441,0.26443,False,0.0981,0.2763
IMG_5139,IMG_5166,5,0.34633,0.26468,False,0.0887,0.1285
IMG_5190,IMG_5199,5,0.26497,0.29332,False,0.0405,0.0479
IMG_5171,IMG_5173,5,0.33932,0.26507,False,0.3197,0.336
IMG_5169,IMG_5174,5,0.3211,0.2655,False,0.1916,0.3293
IMG_5289,IMG_5295,7,0.36823,0.26551,False,0.1537,0.3965
IMG_5262,IMG_5265,8,0.26569,0.3463,False,0.1124,0.2141
IMG_5126,IMG_5129,5,0.26574,0.27527,False,0.0578,0.0406
IMG_5138,IMG_5170,5,0.2658,0.27659,False,0.0321,0.0468
IMG_5288,IMG_5294,7,0.40564,0.2658,False,0.0626,0.0556
IMG_5238,IMG_5243,9,0.3054,0.26602,False,0.1188,0.2785
IMG_5239,IMG_5243,9,0.26613,0.26738,False,0.0559,0.3374
IMG_5138,IMG_5169,5,0.26613,0.26897,False,0.0755,0.0808
IMG_5313,IMG_5316,7,0.42723,0.26614,False,0.2135,0.2432
IMG_5136,IMG_5140,5,0.32301,0.26644,False,0.0514,0.0753
IMG_5129,IMG_5135,5,0.29007,0.26706,False,0.0242,0.0099
IMG_5214,IMG_5215,6,0.26846,0.2682,False,0.1167,0.2733
IMG_5306,IMG_5309,7,0.49392,0.26821,False,0.1914,0.1608
IMG_5127,IMG_5136,5,0.29021,0.26826,False,0.0146,0.0179
IMG_5149,IMG_5182,5,0.26967,0.30144,False,0.1487,0.1084
IMG_5152,IMG_5195,5,0.2697,0.29557,False,0.0767,0.0742
IMG_5210,IMG_5227,6,0.30688,0.26985,False,0.1636,0.1988
IMG_5156,IMG_5159,5,0.34676,0.2701,False,0.4859,0.3225
IMG_5300,IMG_5301,7,0.37608,0.27057,False,0.2234,0.2499
IMG_5290,IMG_5295,7,0.3753,0.27078,False,0.1566,0.4173
IMG_5136,IMG_5167,5,0.27105,0.29726,False,0.0801,0.0836
IMG_5170,IMG_5173,5,0.34251,0.27119,False,0.1744,0.3429
IMG_5236,IMG_5243,9,0.2722,0.31426,False,0.2303,0.2812
IMG_5288,IMG_5293,7,0.371,0.27233,False,0.0322,0.0233
IMG_5160,IMG_5182,5,0.27235,0.3165,False,0.0369,0.0603
IMG_5300,IMG_5312,7,0.49082,0.27252,False,0.1509,0.2395
IMG_5137,IMG_5140,5,0.32396,0.27273,False,0.0866,0.0878
IMG_5212,IMG_5229,6,0.32964,0.27281,False,0.0532,0.1342
IMG_5239,IMG_5242,9,0.32206,0.27327,False,0.0449,0.3262
IMG_5190,IMG_5198,5,0.28824,0.27359,False,0.0629,0.0573
IMG_5150,IMG_5183,5,0.27364,0.28825,False,0.1912,0.1573
IMG_5190,IMG_5196,5,0.30816,0.27395,False,0.128,0.1168
IMG_5127,IMG_5137,5,0.30938,0.27452,False,0.0209,0.0204
IMG_5294,IMG_5295,7,0.27476,0.31559,False,0.19,0.203
IMG_5189,IMG_5197,5,0.33362,0.27494,False,0.1807,0.1443
IMG_5135,IMG_5138,5,0.27537,0.28656,False,0.0277,0.0297
IMG_5277,IMG_5288,7,0.33019,0.27547,False,0.14,0.1409
IMG_5286,IMG_5297,7,0.30844,0.27558,False,0.1982,0.2816
IMG_5177,IMG_5179,5,0.27621,0.27678,False,0.0631,0.218
IMG_5165,IMG_5166,5,0.33562,0.27739,False,0.5905,0.3688
IMG_5159,IMG_5182,5,0.31141,0.278,False,0.0381,0.0323
IMG_5252,IMG_5262,8,0.27818,0.31966,False,0.1259,0.1392
IMG_5136,IMG_5168,5,0.27823,0.29964,False,0.0838,0.0801
IMG_5136,IMG_5172,5,0.27874,0.31084,False,0.0166,0.0428
IMG_5262,IMG_5266,8,0.27921,0.33789,False,0.1366,0.1972
IMG_5250,IMG_5267,8,0.319,0.27934,False,0.1271,0.2041
IMG_5155,IMG_5182,5,0.33673,0.27996,False,0.0287,0.0392
IMG_5176,IMG_5179,5,0.31856,0.28086,False,0.1582,0.2692
IMG_5126,IMG_5138,5,0.28168,0.28091,False,0.0152,0.016
IMG_5149,IMG_5183,5,0.28117,0.326,False,0.1709,0.1385
IMG_5172,IMG_5173,5,0.38339,0.28135,False,0.2249,0.3512
IMG_5240,IMG_5243,9,0.28139,0.30735,False,0.1589,0.1763
IMG_5169,IMG_5173,5,0.35184,0.28199,False,0.1439,0.3218
IMG_5154,IMG_5182,5,0.3544,0.28233,False,0.0392,0.046
IMG_5127,IMG_5138,5,0.29453,0.28247,False,0.0066,0.0139
IMG_5177,IMG_5180,5,0.28282,0.3066,False,0.1632,0.2135
IMG_5241,IMG_5242,9,0.39707,0.28283,False,0.1116,0.1444
IMG_5158,IMG_5182,5,0.29453,0.28308,False,0.0809,0.0312
IMG_5237,IMG_5242,9,0.34489,0.28347,False,0.0668,0.2622
IMG_5156,IMG_5183,5,0.29019,0.28351,False,0.1358,0.1668
IMG_5147,IMG_5195,5,0.294,0.28373,False,0.0207,0.0739
IMG_5137,IMG_5169,5,0.33864,0.28583,False,0.0872,0.083
IMG_5183,IMG_5187,5,0.29261,0.28613,False,0.1798,0.2306
IMG_5278,IMG_5288,7,0.38484,0.2863,False,0.066,0.1576
IMG_5210,IMG_5228,6,0.45589,0.28706,False,0.1542,0.1676
IMG_5155,IMG_5183,5,0.31657,0.28717,False,0.0921,0.0945
IMG_5213,IMG_5214,6,0.28734,0.42004,False,0.0248,0.1638
IMG_5177,IMG_5181,5,0.28779,0.29767,False,0.2734,0.3034
IMG_5248,IMG_5261,8,0.67531,0.28817,False,0.0528,0.0944
IMG_5313,IMG_5318,7,0.44874,0.28833,False,0.1569,0.2778
IMG_5152,IMG_5161,5,0.30243,0.28879,False,0.16,0.1516
IMG_5138,IMG_5178,5,0.32937,0.28895,False,0.0798,0.1035
IMG_5189,IMG_5196,5,0.38711,0.28907,False,0.1524,0.1377
IMG_5270,IMG_5275,8,0.30992,0.28907,False,0.2135,0.2139
IMG_5154,IMG_5183,5,0.32084,0.2891,False,0.0846,0.1004
IMG_5153,IMG_5182,5,0.34252,0.28972,False,0.0826,0.1679
IMG_5151,IMG_5182,5,0.29001,0.29291,False,0.0656,0.2006
IMG_5157,IMG_5182,5,0.30168,0.29009,False,0.0477,0.0212
IMG_5138,IMG_5172,5,0.2903,0.30067,False,0.014,0.0366
IMG_5189,IMG_5198,5,0.35972,0.29043,False,0.0727,0.0318
IMG_5195,IMG_5199,5,0.29856,0.29137,False,0.1951,0.1738
IMG_5166,IMG_5174,5,0.29156,0.33732,False,0.0667,0.0923
IMG_5137,IMG_5178,5,0.29167,0.32373,False,0.1594,0.1168
IMG_5194,IMG_5199,5,0.33095,0.29186,False,0.1438,0.1664
IMG_5277,IMG_5294,7,0.41681,0.29224,False,0.1204,0.157
IMG_5166,IMG_5171,5,0.29237,0.36553,False,0.0487,0.1699
IMG_5296,IMG_5297,7,0.39796,0.29326,False,0.0905,0.2827
IMG_5214,IMG_5219,6,0.29327,0.32588,False,0.0264,0.1749
IMG_5129,IMG_5198,5,0.29327,0.29594,False,0.1008,0.0854
IMG_5138,IMG_5168,5,0.29329,0.30086,False,0.0877,0.0822
IMG_5138,IMG_5166,5,0.35358,0.29357,False,0.1723,0.1199
IMG_5290,IMG_5297,7,0.32656,0.29368,False,0.1242,0.1906
IMG_5250,IMG_5264,8,0.30965,0.29389,False,0.1599,0.1603
IMG_5313,IMG_5317,7,0.46974,0.29425,False,0.1999,0.2205
IMG_5197,IMG_5199,5,0.34261,0.29464,False,0.5041,0.3315
IMG_5241,IMG_5243,9,0.33457,0.29481,False,0.1614,0.1739
IMG_5166,IMG_5175,5,0.29499,0.31944,False,0.09,0.1139
IMG_5235,IMG_5243,9,0.2952,0.31844,False,0.1982,0.2863
IMG_5159,IMG_5185,5,0.40346,0.29549,False,0.1111,0.0192
IMG_5138,IMG_5167,5,0.3025,0.29659,False,0.0856,0.0822
IMG_5250,IMG_5265,8,0.31554,0.29666,False,0.1086,0.1889
IMG_5137,IMG_5167,5,0.34071,0.29692,False,0.1145,0.0918
IMG_5137,IMG_5170,5,0.33998,0.29823,False,0.0754,0.0492
IMG_5152,IMG_5160,5,0.32416,0.29825,False,0.1702,0.1594
IMG_5250,IMG_5262,8,0.3943,0.29885,False,0.1001,0.1093
IMG_5151,IMG_5183,5,0.29892,0.31837,False,0.1045,0.22
IMG_5161,IMG_5196,5,0.34191,0.29921,False,0.2027,0.2599
IMG_5249,IMG_5262,8,0.39822,0.29952,False,0.0436,0.0909
IMG_5155,IMG_5161,5,0.3649,0.29995,False,0.1862,0.1154
IMG_5253,IMG_5267,8,0.30837,0.30027,False,0.1018,0.2048
IMG_5156,IMG_5161,5,0.37742,0.30044,False,0.1981,0.1296
IMG_5161,IMG_5195,5,0.3081,0.30059,False,0.1711,0.301
IMG_5159,IMG_5184,5,0.38188,0.30071,False,0.0972,0.0306
IMG_5139,IMG_5171,5,0.3013,0.30643,False,0.0237,0.0416
IMG_5169,IMG_5180,5,0.30134,0.32787,False,0.0905,0.1379
IMG_5236,IMG_5242,9,0.3014,0.32192,False,0.1289,0.2205
IMG_5169,IMG_5179,5,0.30524,0.30159,False,0.1938,0.1536
IMG_5175,IMG_5179,5,0.39669,0.3016,False,0.2867,0.216
IMG_5166,IMG_5173,5,0.30185,0.33497,False,0.0472,0.0953
IMG_5130,IMG_5198,5,0.3471,0.30226,False,0.0056,0.0695
IMG_5137,IMG_5168,5,0.35631,0.30243,False,0.0892,0.0781
IMG_5309,IMG_5311,7,0.38378,0.30275,False,0.12,0.1415
IMG_5176,IMG_5181,5,0.35141,0.30277,False,0.3776,0.3636
IMG_5249,IMG_5261,8,0.32831,0.30337,False,0.0954,0.0766
IMG_5158,IMG_5161,5,0.40093,0.30351,False,0.2209,0.2874
IMG_5248,IMG_5262,8,0.36905,0.30397,False,0.0638,0.1157
IMG_5128,IMG_5198,5,0.30931,0.3041,False,0.0754,0.0763
IMG_5152,IMG_5159,5,0.34322,0.30446,False,0.1785,0.1658
IMG_5139,IMG_5178,5,0.36499,0.30472,False,0.0525,0.0769
IMG_5155,IMG_5158,5,0.30484,0.32154,False,0.2048,0.2659
IMG_5160,IMG_5195,5,0.33075,0.30588,False,0.0954,0.198
IMG_5153,IMG_5183,5,0.32862,0.3063,False,0.1561,0.2007
IMG_5136,IMG_5178,5,0.31905,0.30662,False,0.0529,0.1258
IMG_5160,IMG_5184,5,0.30683,0.32177,False,0.1107,0.0528
IMG_5252,IMG_5267,8,0.35555,0.30746,False,0.1705,0.2099
IMG_5249,IMG_5267,8,0.34505,0.30761,False,0.1626,0.2305
IMG_5303,IMG_5310,7,0.34764,0.30768,False,0.4816,0.4641
IMG_5148,IMG_5195,5,0.32213,0.30789,False,0.0777,0.0585
IMG_5262,IMG_5267,8,0.3079,0.35115,False,0.2117,0.2999
IMG_5250,IMG_5266,8,0.33839,0.30799,False,0.1039,0.1933
IMG_5251,IMG_5267,8,0.32656,0.30821,False,0.1388,0.2233
IMG_5189,IMG_5199,5,0.34472,0.30823,False,0.0671,0.0343
IMG_5167,IMG_5179,5,0.36582,0.3084,False,0.1353,0.0812
IMG_5170,IMG_5179,5,0.31703,0.30844,False,0.1952,0.1446
IMG_5151,IMG_5195,5,0.32415,0.30911,False,0.0365,0.0373
IMG_5133,IMG_5153,5,0.30923,0.3991,False,0.0004,0.0369
IMG_5248,IMG_5267,8,0.33054,0.30977,False,0.1114,0.2519
IMG_5152,IMG_5196,5,0.30979,0.35937,False,0.0648,0.0853
IMG_5301,IMG_5309,7,0.39202,0.30996,False,0.2583,0.2279
IMG_5213,IMG_5218,6,0.34906,0.3101,False,0.0922,0.2129
IMG_5152,IMG_5182,5,0.35774,0.31062,False,0.1626,0.1384
IMG_5126,IMG_5139,5,0.31325,0.31137,False,0.0058,0.0086
IMG_5289,IMG_5297,7,0.3363,0.3116,False,0.1244,0.1741
IMG_5254,IMG_5267,8,0.37565,0.31165,False,0.1414,0.2415
IMG_5252,IMG_5264,8,0.37629,0.3118,False,0.1709,0.1581
IMG_5158,IMG_5183,5,0.31206,0.32355,False,0.1068,0.0652
IMG_5173,IMG_5179,5,0.41738,0.31245,False,0.1694,0.1121
IMG_5176,IMG_5180,5,0.3272,0.31302,False,0.2719,0.2673
IMG_5171,IMG_5179,5,0.3347,0.31306,False,0.1983,0.1747
IMG_5136,IMG_5166,5,0.37798,0.31307,False,0.0994,0.0928
IMG_5168,IMG_5180,5,0.31313,0.34204,False,0.0872,0.1155
IMG_5150,IMG_5184,5,0.31342,0.3692,False,0.1163,0.2067
IMG_5155,IMG_5157,5,0.31369,0.3225,False,0.2725,0.307
IMG_5158,IMG_5185,5,0.35963,0.31371,False,0.0352,0.0418
IMG_5278,IMG_5294,7,0.48259,0.31377,False,0.0793,0.099
IMG_5253,IMG_5264,8,0.31546,0.3138,False,0.1047,0.1475
IMG_5160,IMG_5185,5,0.33158,0.31389,False,0.0432,0.0277
IMG_5300,IMG_5309,7,0.31414,0.3272,False,0.1752,0.18
IMG_5128,IMG_5195,5,0.3142,0.32598,False,0.0224,0.0161
IMG_5167,IMG_5180,5,0.31445,0.3286,False,0.0714,0.0931
IMG_5157,IMG_5183,5,0.31446,0.3285,False,0.0654,0.0514
IMG_5170,IMG_5180,5,0.31455,0.33351,False,0.0827,0.1368
IMG_5253,IMG_5265,8,0.32096,0.31543,False,0.0976,0.1704
IMG_5159,IMG_5183,5,0.37301,0.31574,False,0.0604,0.0644
IMG_5174,IMG_5179,5,0.40286,0.31597,False,0.171,0.1205
IMG_5177,IMG_5191,5,0.31691,0.32272,False,0.0217,0.0465
IMG_5151,IMG_5197,5,0.35217,0.31722,False,0.0461,0.0216
IMG_5150,IMG_5195,5,0.31766,0.32189,False,0.1235,0.0919
IMG_5148,IMG_5197,5,0.33687,0.31773,False,0.0382,0.0165
IMG_5227,IMG_5229,6,0.49641,0.31779,False,0.253,0.4064
IMG_5166,IMG_5172,5,0.31797,0.41335,False,0.043,0.1738
IMG_5147,IMG_5182,5,0.31847,0.33046,False,0.1034,0.1103
IMG_5128,IMG_5153,5,0.31864,0.32512,False,0.0033,0.0313
IMG_5158,IMG_5184,5,0.34599,0.31895,False,0.0222,0.0614
IMG_5150,IMG_5161,5,0.43493,0.31931,False,0.1179,0.0792
IMG_5249,IMG_5264,8,0.36781,0.31968,False,0.1913,0.1969
IMG_5168,IMG_5179,5,0.34659,0.31995,False,0.1862,0.122
IMG_5151,IMG_5161,5,0.3839,0.32019,False,0.0841,0.0615
IMG_5160,IMG_5197,5,0.32602,0.32075,False,0.1268,0.2751
IMG_5169,IMG_5181,5,0.32878,0.32106,False,0.1933,0.2011
IMG_5172,IMG_5179,5,0.3212,0.33246,False,0.1462,0.1416
IMG_5209,IMG_5229,6,0.32132,0.36078,False,0.0903,0.1074
IMG_5147,IMG_5196,5,0.32132,0.34949,False,0.0139,0.0788
IMG_5147,IMG_5161,5,0.39478,0.32136,False,0.1164,0.0542
IMG_5176,IMG_5192,5,0.35998,0.32183,False,0.0554,0.0261
IMG_5253,IMG_5266,8,0.3486,0.32216,False,0.0868,0.1724
IMG_5251,IMG_5264,8,0.34376,0.32216,False,0.1706,0.1826
IMG_5302,IMG_5309,7,0.36798,0.32234,False,0.3836,0.3661
IMG_5295,IMG_5297,7,0.33931,0.32243,False,0.1796,0.1856
IMG_5153,IMG_5197,5,0.39353,0.32269,False,0.0867,0.0547
IMG_5196,IMG_5199,5,0.33591,0.32269,False,0.3303,0.2835
IMG_5152,IMG_5183,5,0.3753,0.32282,False,0.2644,0.2321
IMG_5213,IMG_5217,6,0.39454,0.32283,False,0.1204,0.1594
IMG_5248,IMG_5264,8,0.39738,0.32298,False,0.1212,0.1913
IMG_5279,IMG_5288,7,0.3873,0.32301,False,0.0686,0.101
IMG_5285,IMG_5294,7,0.43581,0.32389,False,0.1091,0.109
IMG_5149,IMG_5195,5,0.3324,0.32394,False,0.0742,0.0642
IMG_5287,IMG_5293,7,0.32405,0.34354,False,0.126,0.1124
IMG_5137,IMG_5172,5,0.34567,0.32408,False,0.0398,0.041
IMG_5251,IMG_5265,8,0.34958,0.32411,False,0.1425,0.2115
IMG_5129,IMG_5153,5,0.3244,0.33528,False,0.0107,0.0327
IMG_5279,IMG_5294,7,0.46215,0.32454,False,0.0711,0.0965
IMG_5177,IMG_5192,5,0.34268,0.3247,False,0.0301,0.0421
IMG_5182,IMG_5190,5,0.32488,0.40275,False,0.028,0.0622
IMG_5286,IMG_5293,7,0.325,0.34653,False,0.1412,0.1266
IMG_5293,IMG_5296,7,0.50102,0.325,False,0.1405,0.1317
IMG_5130,IMG_5195,5,0.35557,0.325,False,0.0457,0.0159
IMG_5154,IMG_5161,5,0.43143,0.32508,False,0.2417,0.1135
IMG_5128,IMG_5191,5,0.36739,0.32508,False,0.0,0.0
IMG_5167,IMG_5181,5,0.33458,0.32521,False,0.1376,0.1221
IMG_5254,IMG_5264,8,0.39141,0.32531,False,0.1407,0.1817
IMG_5130,IMG_5191,5,0.42151,0.32585,False,0.0,0.0
IMG_5175,IMG_5181,5,0.44802,0.32597,False,0.2008,0.262
IMG_5252,IMG_5265,8,0.38571,0.32607,False,0.1605,0.1971
IMG_5166,IMG_5169,5,0.32619,0.38971,False,0.0799,0.2092
IMG_5303,IMG_5305,7,0.32628,0.34754,False,0.3232,0.456
IMG_5254,IMG_5265,8,0.39719,0.32703,False,0.1573,0.2245
IMG_5255,IMG_5259,8,0.34612,0.32713,False,0.15,0.0864
IMG_5148,IMG_5183,5,0.32735,0.36547,False,0.1825,0.1448
IMG_5170,IMG_5181,5,0.34205,0.32741,False,0.1827,0.1856
IMG_5129,IMG_5191,5,0.35138,0.32748,False,0.0,0.0
IMG_5289,IMG_5294,7,0.40968,0.3276,False,0.0916,0.138
IMG_5255,IMG_5257,8,0.39851,0.32782,False,0.3115,0.2199
IMG_5176,IMG_5191,5,0.32786,0.3298,False,0.0309,0.0291
IMG_5148,IMG_5182,5,0.32822,0.34984,False,0.1597,0.1181
IMG_5228,IMG_5229,6,0.50934,0.32835,False,0.2277,0.4002
IMG_5283,IMG_5294,7,0.47816,0.3287,False,0.1039,0.148
IMG_5139,IMG_5172,5,0.32894,0.35482,False,0.0292,0.0481
IMG_5128,IMG_5192,5,0.33597,0.32901,False,0.0,0.0
IMG_5157,IMG_5161,5,0.41948,0.32928,False,0.2656,0.2621
IMG_5175,IMG_5191,5,0.374,0.32934,False,0.1401,0.0613
IMG_5129,IMG_5192,5,0.32974,0.33288,False,0.0,0.0
IMG_5139,IMG_5169,5,0.33557,0.32987,False,0.074,0.074
IMG_5135,IMG_5167,5,0.36668,0.32997,False,0.1364,0.1309
IMG_5127,IMG_5139,5,0.37372,0.33011,False,0.0002,0.0069
IMG_5166,IMG_5170,5,0.3304,0.39807,False,0.0615,0.1901
IMG_5251,IMG_5266,8,0.37372,0.33044,False,0.12,0.2185
IMG_5129,IMG_5199,5,0.33065,0.33666,False,0.0821,0.0683
IMG_5249,IMG_5265,8,0.37221,0.33072,False,0.2289,0.2572
IMG_5130,IMG_5192,5,0.39005,0.33075,False,0.0,0.0
IMG_5149,IMG_5197,5,0.3308,0.33341,False,0.0269,0.0198
IMG_5137,IMG_5166,5,0.4387,0.33086,False,0.1066,0.106
IMG_5150,IMG_5197,5,0.33432,0.33097,False,0.0684,0.0388
IMG_5146,IMG_5160,5,0.36981,0.33115,False,0.1135,0.1474
IMG_5136,IMG_5179,5,0.33131,0.37957,False,0.0214,0.0709
IMG_5149,IMG_5161,5,0.44586,0.33134,False,0.0827,0.0532
IMG_5290,IMG_5294,7,0.40396,0.33144,False,0.093,0.1381
IMG_5209,IMG_5228,6,0.37987,0.33162,False,0.0794,0.1136
IMG_5175,IMG_5192,5,0.38069,0.33177,False,0.1428,0.0523
IMG_5157,IMG_5185,5,0.38179,0.3325,False,0.0521,0.0597
IMG_5171,IMG_5181,5,0.3756,0.33288,False,0.2131,0.2105
IMG_5130,IMG_5199,5,0.40009,0.33309,False,0.023,0.065
IMG_5193,IMG_5198,5,0.45429,0.33336,False,0.1481,0.1578
IMG_5255,IMG_5258,8,0.42111,0.33343,False,0.2909,0.1942
IMG_5248,IMG_5265,8,0.36678,0.33353,False,0.1447,0.2463
IMG_5254,IMG_5266,8,0.42202,0.33365,False,0.1319,0.2291
IMG_5137,IMG_5171,5,0.33867,0.33368,False,0.0419,0.0404
IMG_5150,IMG_5185,5,0.3337,0.36385,False,0.1468,0.2033
IMG_5130,IMG_5153,5,0.3669,0.33384,False,0.001,0.0317
IMG_5278,IMG_5286,7,0.33402,0.36676,False,0.1943,0.2687
IMG_5139,IMG_5165,5,0.35353,0.33416,False,0.0207,0.0376
IMG_5152,IMG_5197,5,0.34101,0.33435,False,0.0972,0.0739
IMG_5128,IMG_5151,5,0.35163,0.33503,False,0.0164,0.0493
IMG_5139,IMG_5179,5,0.36641,0.33542,False,0.0547,0.0554
IMG_5173,IMG_5181,5,0.47242,0.33588,False,0.1411,0.1598
IMG_5159,IMG_5161,5,0.37899,0.33609,False,0.2394,0.2641
IMG_5301,IMG_5311,7,0.46084,0.33619,False,0.2419,0.2963
IMG_5128,IMG_5197,5,0.33642,0.36828,False,0.0191,0.0138
IMG_5129,IMG_5195,5,0.33649,0.33649,False,0.0155,0.0231
IMG_5253,IMG_5262,8,0.39461,0.33658,False,0.1099,0.0967
IMG_5151,IMG_5193,5,0.4551,0.33659,False,0.0022,0.0017
IMG_5261,IMG_5266,8,0.36273,0.33675,False,0.2679,0.2718
IMG_5153,IMG_5158,5,0.33686,0.34865,False,0.1378,0.1476
IMG_5133,IMG_5198,5,0.33703,0.34688,False,0.0387,0.0881
IMG_5252,IMG_5266,8,0.37316,0.33707,False,0.1884,0.1841
IMG_5139,IMG_5170,5,0.33978,0.33714,False,0.062,0.0606
IMG_5277,IMG_5293,7,0.38504,0.33732,False,0.1929,0.174
IMG_5150,IMG_5190,5,0.33748,0.38316,False,0.0088,0.0262
IMG_5301,IMG_5307,7,0.378,0.33754,False,0.4333,0.4146
IMG_5157,IMG_5184,5,0.37017,0.3376,False,0.0353,0.0774
IMG_5168,IMG_5181,5,0.35079,0.33765,False,0.1788,0.1586
IMG_5174,IMG_5181,5,0.45197,0.33834,False,0.1454,0.1626
IMG_5166,IMG_5180,5,0.33844,0.36252,False,0.1423,0.1748
IMG_5181,IMG_5187,5,0.38524,0.33871,False,0.0225,0.0
IMG_5133,IMG_5195,5,0.33924,0.37447,False,0.0138,0.0026
IMG_5155,IMG_5195,5,0.36343,0.33928,False,0.049,0.0644
IMG_5251,IMG_5262,8,0.39717,0.33944,False,0.0872,0.113
IMG_5175,IMG_5180,5,0.42891,0.33949,False,0.1737,0.2299
IMG_5150,IMG_5196,5,0.33954,0.38748,False,0.0633,0.0999
IMG_5171,IMG_5180,5,0.35411,0.34003,False,0.1092,0.1481
IMG_5221,IMG_5222,6,0.38163,0.34017,False,0.1036,0.148
IMG_5303,IMG_5304,7,0.34088,0.38153,False,0.2537,0.3667
IMG_5277,IMG_5299,7,0.3409,0.36469,False,0.2301,0.2479
IMG_5214,IMG_5220,6,0.34761,0.34109,False,0.0126,0.2274
IMG_5153,IMG_5157,5,0.3414,0.34633,False,0.1537,0.1468
IMG_5148,IMG_5161,5,0.43759,0.34148,False,0.0948,0.0615
IMG_5146,IMG_5159,5,0.37989,0.34149,False,0.1934,0.1539
IMG_5153,IMG_5195,5,0.36486,0.34153,False,0.0388,0.0447
IMG_5301,IMG_5308,7,0.34602,0.3418,False,0.4248,0.4305
IMG_5282,IMG_5294,7,0.46228,0.34181,False,0.1287,0.1394
IMG_5160,IMG_5183,5,0.34206,0.35922,False,0.0542,0.1042
IMG_5277,IMG_5287,7,0.34426,0.34239,False,0.3168,0.3179
IMG_5154,IMG_5158,5,0.34277,0.34243,False,0.2408,0.2402
IMG_5261,IMG_5267,8,0.3783,0.34252,False,0.2918,0.2832
IMG_5151,IMG_5158,5,0.36018,0.34299,False,0.1273,0.1215
IMG_5154,IMG_5157,5,0.35266,0.34304,False,0.3178,0.2937
IMG_5238,IMG_5240,9,0.34328,0.42217,False,0.1365,0.2184
IMG_5249,IMG_5266,8,0.36451,0.34328,False,0.2379,0.263
IMG_5261,IMG_5265,8,0.3459,0.34352,False,0.2829,0.2823
IMG_5172,IMG_5180,5,0.34361,0.35977,False,0.0635,0.1281
IMG_5261,IMG_5264,8,0.34362,0.3458,False,0.2401,0.2461
IMG_5155,IMG_5160,5,0.42728,0.34367,False,0.3207,0.2561
IMG_5278,IMG_5295,7,0.42128,0.34374,False,0.0377,0.2402
IMG_5151,IMG_5157,5,0.36874,0.34387,False,0.1119,0.0989
IMG_5156,IMG_5195,5,0.37195,0.34396,False,0.0966,0.1151
IMG_5142,IMG_5166,5,0.41065,0.34428,False,0.1608,0.2878
IMG_5147,IMG_5183,5,0.34443,0.34802,False,0.1194,0.1329
IMG_5158,IMG_5195,5,0.38302,0.34445,False,0.1451,0.2088
IMG_5146,IMG_5182,5,0.40512,0.34456,False,0.0765,0.1298
IMG_5148,IMG_5196,5,0.34462,0.37282,False,0.0356,0.0656
IMG_5209,IMG_5227,6,0.39659,0.34473,False,0.1941,0.1404
IMG_5175,IMG_5193,5,0.47092,0.34506,False,0.0583,0.0698
IMG_5221,IMG_5225,6,0.36542,0.3456,False,0.0213,0.1824
IMG_5131,IMG_5195,5,0.35919,0.34564,False,0.0,0.0004
IMG_5135,IMG_5139,5,0.35265,0.34591,False,0.0077,0.0098
IMG_5139,IMG_5181,5,0.37734,0.34593,False,0.0551,0.0599
IMG_5149,IMG_5184,5,0.3461,0.41147,False,0.0734,0.1577
IMG_5162,IMG_5166,5,0.41942,0.34614,False,0.1665,0.0677
IMG_5248,IMG_5266,8,0.39246,0.34631,False,0.1422,0.2672
IMG_5254,IMG_5262,8,0.44646,0.34633,False,0.0945,0.135
IMG_5128,IMG_5199,5,0.36172,0.3466,False,0.079,0.0826
IMG_5288,IMG_5314,7,0.38995,0.34667,False,0.078,0.0478
IMG_5277,IMG_5298,7,0.34745,0.35728,False,0.2239,0.3065
IMG_5153,IMG_5193,5,0.49437,0.34762,False,0.0028,0.0049
IMG_5173,IMG_5180,5,0.45446,0.34796,False,0.1098,0.1386
IMG_5311,IMG_5313,7,0.52746,0.34806,False,0.1884,0.0838
IMG_5278,IMG_5297,7,0.44163,0.34866,False,0.1036,0.2435
IMG_5174,IMG_5180,5,0.43161,0.34892,False,0.112,0.145
IMG_5221,IMG_5226,6,0.34946,0.37583,False,0.0365,0.1811
IMG_5151,IMG_5196,5,0.34963,0.37538,False,0.0272,0.0325
IMG_5280,IMG_5294,7,0.51543,0.34995,False,0.0871,0.1111
IMG_5301,IMG_5306,7,0.38839,0.35069,False,0.4061,0.4058
IMG_5164,IMG_5166,5,0.49197,0.35085,False,0.2499,0.057
IMG_5155,IMG_5197,5,0.39657,0.35105,False,0.1324,0.1029
IMG_5126,IMG_5142,5,0.35142,0.35476,False,0.0,0.0
IMG_5282,IMG_5293,7,0.35152,0.47491,False,0.1076,0.1014
IMG_5278,IMG_5298,7,0.41112,0.35165,False,0.1546,0.2672
IMG_5150,IMG_5193,5,0.45838,0.35174,False,0.0664,0.0065
IMG_5252,IMG_5261,8,0.35565,0.35186,False,0.067,0.0905
IMG_5180,IMG_5187,5,0.41492,0.35189,False,0.0315,0.0
IMG_5133,IMG_5192,5,0.38013,0.3519,False,0.0,0.0
IMG_5262,IMG_5264,8,0.42599,0.35223,False,0.1144,0.1757
IMG_5172,IMG_5181,5,0.3637,0.3525,False,0.1516,0.1709
IMG_5134,IMG_5198,5,0.36513,0.35259,False,0.1455,0.1061
IMG_5130,IMG_5151,5,0.42533,0.35287,False,0.0007,0.0531
IMG_5277,IMG_5297,7,0.37207,0.35292,False,0.1427,0.2738
IMG_5160,IMG_5196,5,0.35298,0.36095,False,0.0909,0.229
IMG_5132,IMG_5198,5,0.39654,0.35313,False,0.0102,0.0887
IMG_5128,IMG_5196,5,0.3532,0.35566,False,0.0211,0.0134
IMG_5132,IMG_5153,5,0.35339,0.40562,False,0.0,0.028
IMG_5309,IMG_5310,7,0.39779,0.35375,False,0.0961,0.0967
IMG_5155,IMG_5159,5,0.43268,0.3539,False,0.5375,0.2459
IMG_5240,IMG_5241,9,0.38963,0.35396,False,0.5917,0.4671
IMG_5126,IMG_5141,5,0.36516,0.35453,False,0.0053,0.0
IMG_5181,IMG_5186,5,0.42053,0.35458,False,0.0248,0.0
IMG_5133,IMG_5191,5,0.41193,0.35461,False,0.0,0.0
IMG_5130,IMG_5196,5,0.38829,0.35468,False,0.0372,0.0125
IMG_5176,IMG_5193,5,0.40102,0.35471,False,0.0499,0.0353
IMG_5131,IMG_5151,5,0.35485,0.36966,False,0.0022,0.0386
IMG_5277,IMG_5286,7,0.35791,0.3551,False,0.2714,0.3057
IMG_5302,IMG_5308,7,0.35517,0.36128,False,0.3314,0.2608
IMG_5166,IMG_5179,5,0.42795,0.35544,False,0.1217,0.1731
IMG_5149,IMG_5196,5,0.35544,0.3892,False,0.0288,0.0714
IMG_5126,IMG_5167,5,0.39631,0.35548,False,0.0889,0.1224
IMG_5131,IMG_5197,5,0.35554,0.39173,False,0.0123,0.0
IMG_5130,IMG_5197,5,0.37585,0.3556,False,0.018,0.0102
IMG_5171,IMG_5192,5,0.36984,0.35562,False,0.0237,0.0
IMG_5177,IMG_5193,5,0.38153,0.35564,False,0.0333,0.0504
IMG_5182,IMG_5186,5,0.35565,0.36239,False,0.1402,0.1482
IMG_5278,IMG_5287,7,0.39019,0.35584,False,0.1726,0.2525
IMG_5221,IMG_5223,6,0.35597,0.36624,False,0.0684,0.1617
IMG_5156,IMG_5197,5,0.40719,0.35628,False,0.2231,0.2041
IMG_5302,IMG_5311,7,0.47973,0.3565,False,0.1354,0.1403
IMG_5278,IMG_5293,7,0.45784,0.3565,False,0.1212,0.1222
IMG_5129,IMG_5151,5,0.35656,0.35828,False,0.0338,0.0522
IMG_5147,IMG_5193,5,0.35676,0.37608,False,0.001,0.0004
IMG_5288,IMG_5313,7,0.41026,0.35685,False,0.0416,0.0581
IMG_5149,IMG_5193,5,0.45743,0.357,False,0.0447,0.0
IMG_5302,IMG_5307,7,0.39135,0.35706,False,0.2596,0.2598
IMG_5277,IMG_5285,7,0.38726,0.35737,False,0.4238,0.3385
IMG_5139,IMG_5167,5,0.38223,0.35741,False,0.0899,0.0785
IMG_5147,IMG_5194,5,0.35756,0.38829,False,0.0,0.0
IMG_5131,IMG_5198,5,0.37726,0.35758,False,0.0504,0.0766
IMG_5194,IMG_5198,5,0.39699,0.35808,False,0.1393,0.1599
IMG_5171,IMG_5191,5,0.39338,0.35852,False,0.0066,0.0
IMG_5129,IMG_5197,5,0.35884,0.36057,False,0.0107,0.0158
IMG_5278,IMG_5299,7,0.37276,0.35953,False,0.1543,0.2386
IMG_5139,IMG_5177,5,0.40681,0.35956,False,0.0379,0.0308
IMG_5132,IMG_5192,5,0.36772,0.35986,False,0.0,0.0
IMG_5176,IMG_5194,5,0.35991,0.37942,False,0.0607,0.0582
IMG_5279,IMG_5287,7,0.35997,0.39375,False,0.2432,0.2539
IMG_5284,IMG_5294,7,0.40612,0.36016,False,0.0968,0.1412
IMG_5158,IMG_5197,5,0.42427,0.36021,False,0.1667,0.188
IMG_5137,IMG_5179,5,0.36024,0.39549,False,0.114,0.109
IMG_5278,IMG_5284,7,0.36049,0.40044,False,0.2844,0.3097
IMG_5278,IMG_5296,7,0.50335,0.36056,False,0.2371,0.2424
IMG_5152,IMG_5193,5,0.37017,0.3606,False,0.0094,0.0164
IMG_5209,IMG_5210,6,0.36071,0.40721,False,0.0674,0.1666
IMG_5129,IMG_5196,5,0.36099,0.36642,False,0.0157,0.0173
IMG_5288,IMG_5315,7,0.41582,0.36141,False,0.0248,0.0473
IMG_5153,IMG_5160,5,0.42767,0.36152,False,0.2137,0.1206
IMG_5279,IMG_5299,7,0.36153,0.37537,False,0.2723,0.2889
IMG_5139,IMG_5168,5,0.37425,0.36172,False,0.0728,0.0803
IMG_5150,IMG_5158,5,0.41309,0.36238,False,0.2099,0.168
IMG_5132,IMG_5191,5,0.39386,0.36264,False,0.0,0.0
IMG_5133,IMG_5197,5,0.36296,0.36805,False,0.0012,0.0014
IMG_5141,IMG_5166,5,0.37426,0.36317,False,0.1308,0.3308
IMG_5154,IMG_5160,5,0.47064,0.36366,False,0.1938,0.2055
IMG_5134,IMG_5192,5,0.3922,0.36403,False,0.0,0.0
IMG_5142,IMG_5171,5,0.36763,0.36408,False,0.0076,0.0267
IMG_5146,IMG_5161,5,0.40734,0.36429,False,0.0328,0.0372
IMG_5138,IMG_5179,5,0.36627,0.36434,False,0.0556,0.076
IMG_5150,IMG_5157,5,0.42192,0.36435,False,0.1561,0.1476
IMG_5139,IMG_5182,5,0.36462,0.45647,False,0.0,0.0536
IMG_5166,IMG_5168,5,0.36476,0.39986,False,0.1104,0.1912
IMG_5151,IMG_5160,5,0.47869,0.36489,False,0.2543,0.0946
IMG_5279,IMG_5297,7,0.41828,0.36494,False,0.1392,0.2036
IMG_5163,IMG_5166,5,0.48939,0.36499,False,0.2067,0.0538
IMG_5147,IMG_5158,5,0.36518,0.36649,False,0.0843,0.1364
IMG_5142,IMG_5178,5,0.42789,0.3652,False,0.0764,0.1308
IMG_5300,IMG_5302,7,0.36525,0.44151,False,0.1482,0.1814
IMG_5239,IMG_5241,9,0.36542,0.37914,False,0.1071,0.1366
IMG_5134,IMG_5153,5,0.36561,0.41043,False,0.0144,0.0332
IMG_5127,IMG_5167,5,0.37519,0.36565,False,0.1275,0.1206
IMG_5131,IMG_5192,5,0.41381,0.36583,False,0.0,0.0
IMG_5140,IMG_5165,5,0.44218,0.3659,False,0.0343,0.0901
IMG_5168,IMG_5191,5,0.36813,0.36605,False,0.0,0.0
IMG_5151,IMG_5194,5,0.40407,0.36619,False,0.0,0.0031
IMG_5257,IMG_5270,8,0.36624,0.47411,False,0.0482,0.1482
IMG_5133,IMG_5199,5,0.38891,0.36629,False,0.0251,0.0496
IMG_5221,IMG_5224,6,0.36629,0.36847,False,0.0469,0.1762
IMG_5170,IMG_5192,5,0.36632,0.37145,False,0.0,0.0
IMG_5166,IMG_5181,5,0.39333,0.36646,False,0.179,0.1742
IMG_5146,IMG_5183,5,0.42185,0.36655,False,0.1688,0.1588
IMG_5134,IMG_5191,5,0.37505,0.367,False,0.0,0.0
IMG_5131,IMG_5153,5,0.41781,0.36704,False,0.0,0.029
IMG_5279,IMG_5298,7,0.39148,0.36728,False,0.2239,0.2225
IMG_5175,IMG_5194,5,0.45276,0.36744,False,0.0884,0.0953
IMG_5250,IMG_5263,8,0.42275,0.36755,False,0.1123,0.1794
IMG_5137,IMG_5182,5,0.3676,0.46499,False,0.0,0.0306
IMG_5136,IMG_5186,5,0.36792,0.43348,False,0.0,0.0477
IMG_5252,IMG_5271,8,0.36839,0.49711,False,0.0118,0.0661
IMG_5147,IMG_5157,5,0.37221,0.36855,False,0.0875,0.1088
IMG_5131,IMG_5191,5,0.39005,0.36866,False,0.0,0.0
IMG_5257,IMG_5272,8,0.36882,0.4752,False,0.0554,0.1448
IMG_5132,IMG_5174,5,0.36897,0.43903,False,0.0,0.0074
IMG_5156,IMG_5185,5,0.42277,0.36902,False,0.0945,0.0739
IMG_5188,IMG_5190,5,0.36918,0.41362,False,0.1138,0.1675
IMG_5254,IMG_5263,8,0.51065,0.36931,False,0.1133,0.2361
IMG_5151,IMG_5198,5,0.36958,0.37148,False,0.0545,0.046
IMG_5170,IMG_5191,5,0.39643,0.36959,False,0.0,0.0
IMG_5167,IMG_5191,5,0.39984,0.36967,False,0.0,0.0027
IMG_5157,IMG_5195,5,0.40182,0.36978,False,0.1318,0.1752
IMG_5149,IMG_5158,5,0.42145,0.36994,False,0.2014,0.1433
IMG_5278,IMG_5285,7,0.41289,0.37023,False,0.1929,0.2908
IMG_5132,IMG_5175,5,0.37035,0.46043,False,0.0123,0.0399
IMG_5251,IMG_5263,8,0.46115,0.37048,False,0.1115,0.1879
IMG_5154,IMG_5195,5,0.43222,0.3705,False,0.0516,0.0555
IMG_5302,IMG_5306,7,0.40624,0.37069,False,0.2078,0.1815
IMG_5134,IMG_5199,5,0.39427,0.37073,False,0.0538,0.0398
IMG_5169,IMG_5191,5,0.40583,0.37078,False,0.0,0.0
IMG_5127,IMG_5141,5,0.37107,0.38646,False,0.0019,0.0
IMG_5181,IMG_5193,5,0.37127,0.43829,False,0.0733,0.0782
IMG_5258,IMG_5276,8,0.3715,0.48409,False,0.0332,0.0739
IMG_5249,IMG_5263,8,0.37192,0.37157,False,0.1157,0.1392
IMG_5149,IMG_5157,5,0.42963,0.3716,False,0.1406,0.1286
IMG_5161,IMG_5193,5,0.37217,0.41303,False,0.112,0.1553
IMG_5166,IMG_5167,5,0.37269,0.38978,False,0.1702,0.2175
IMG_5161,IMG_5197,5,0.37276,0.37479,False,0.2215,0.234
IMG_5131,IMG_5196,5,0.39516,0.37343,False,0.0,0.003
IMG_5136,IMG_5182,5,0.37346,0.45256,False,0.0,0.0441
IMG_5255,IMG_5276,8,0.37351,0.49416,False,0.0289,0.2214
IMG_5180,IMG_5193,5,0.37352,0.4085,False,0.125,0.0411
IMG_5139,IMG_5184,5,0.37403,0.41417,False,0.0351,0.0697
IMG_5156,IMG_5184,5,0.40418,0.37433,False,0.0644,0.0985
IMG_5149,IMG_5185,5,0.37511,0.40612,False,0.1164,0.2099
IMG_5138,IMG_5181,5,0.38582,0.37517,False,0.0877,0.0755
IMG_5153,IMG_5161,5,0.37529,0.37674,False,0.0778,0.0819
IMG_5154,IMG_5159,5,0.47133,0.37534,False,0.3924,0.249
IMG_5285,IMG_5293,7,0.37538,0.45737,False,0.115,0.1075
IMG_5151,IMG_5159,5,0.48773,0.37544,False,0.2613,0.1071
IMG_5160,IMG_5188,5,0.41845,0.37555,False,0.0055,0.0
IMG_5283,IMG_5293,7,0.37573,0.45603,False,0.1175,0.1138
IMG_5257,IMG_5276,8,0.37573,0.47941,False,0.0375,0.0867
IMG_5148,IMG_5158,5,0.41458,0.37588,False,0.2062,0.1539
IMG_5297,IMG_5315,7,0.54785,0.37589,False,0.1066,0.0864
IMG_5277,IMG_5289,7,0.41229,0.37597,False,0.2027,0.2066
IMG_5131,IMG_5173,5,0.37618,0.44189,False,0.0,0.001
IMG_5250,IMG_5261,8,0.40156,0.37627,False,0.1064,0.0826
IMG_5131,IMG_5199,5,0.38541,0.37627,False,0.0721,0.0598
IMG_5229,IMG_5231,6,0.42248,0.3763,False,0.3542,0.3217
IMG_5248,IMG_5263,8,0.51514,0.37636,False,0.0358,0.1231
IMG_5277,IMG_5295,7,0.43719,0.37661,False,0.215,0.2617
IMG_5258,IMG_5271,8,0.37671,0.45947,False,0.0315,0.1214
IMG_5290,IMG_5293,7,0.37701,0.40581,False,0.1233,0.1088
IMG_5148,IMG_5157,5,0.42313,0.37726,False,0.1574,0.1377
IMG_5139,IMG_5164,5,0.3774,0.42892,False,0.0,0.0275
IMG_5159,IMG_5195,5,0.38164,0.37741,False,0.0593,0.2009
IMG_5130,IMG_5176,5,0.37786,0.4691,False,0.0239,0.0163
IMG_5239,IMG_5240,9,0.37796,0.41745,False,0.1713,0.2303
IMG_5141,IMG_5171,5,0.45576,0.37839,False,0.009,0.0472
IMG_5153,IMG_5196,5,0.39045,0.37839,False,0.0498,0.0358
IMG_5149,IMG_5190,5,0.37885,0.42519,False,0.0076,0.0066
IMG_5163,IMG_5191,5,0.44774,0.37889,False,0.1195,0.1169
IMG_5160,IMG_5189,5,0.38145,0.37893,False,0.0318,0.0091
IMG_5180,IMG_5184,5,0.39862,0.37928,False,0.0032,0.0246
IMG_5197,IMG_5198,5,0.43438,0.37946,False,0.4532,0.241
IMG_5127,IMG_5174,5,0.37954,0.48479,False,0.0257,0.07
IMG_5159,IMG_5188,5,0.49058,0.37976,False,0.0084,0.0
IMG_5150,IMG_5189,5,0.37982,0.40117,False,0.0068,0.0181
IMG_5137,IMG_5184,5,0.37985,0.43624,False,0.0,0.0456
IMG_5142,IMG_5170,5,0.3801,0.39445,False,0.0237,0.039
IMG_5284,IMG_5293,7,0.38011,0.47866,False,0.1214,0.1161
IMG_5129,IMG_5194,5,0.3802,0.4342,False,0.0,0.0
IMG_5177,IMG_5194,5,0.3817,0.38035,False,0.0718,0.0736
IMG_5132,IMG_5199,5,0.44634,0.38036,False,0.029,0.0471
IMG_5133,IMG_5151,5,0.38047,0.40173,False,0.0139,0.048
IMG_5147,IMG_5199,5,0.3914,0.38058,False,0.0023,0.0166
IMG_5279,IMG_5295,7,0.38067,0.42617,False,0.0932,0.2559
IMG_5142,IMG_5169,5,0.38067,0.38739,False,0.0457,0.0598
IMG_5139,IMG_5187,5,0.3983,0.38089,False,0.0539,0.0369
IMG_5127,IMG_5173,5,0.38107,0.48734,False,0.0097,0.076
IMG_5182,IMG_5189,5,0.38124,0.38135,False,0.068,0.0722
IMG_5130,IMG_5193,5,0.38141,0.405,False,0.0,0.0
IMG_5141,IMG_5165,5,0.38145,0.40092,False,0.0492,0.1154
IMG_5177,IMG_5198,5,0.43424,0.38156,False,0.0363,0.0191
IMG_5131,IMG_5150,5,0.38171,0.43671,False,0.0081,0.0226
IMG_5128,IMG_5175,5,0.38175,0.42656,False,0.0164,0.014
IMG_5253,IMG_5263,8,0.44785,0.38192,False,0.1236,0.1501
IMG_5180,IMG_5189,5,0.38203,0.3894,False,0.0012,0.0054
IMG_5153,IMG_5194,5,0.44389,0.38206,False,0.012,0.0006
IMG_5133,IMG_5196,5,0.38219,0.40166,False,0.0149,0.0043
IMG_5132,IMG_5195,5,0.39825,0.38222,False,0.0239,0.0069
IMG_5257,IMG_5271,8,0.38237,0.44944,False,0.0249,0.1346
IMG_5164,IMG_5191,5,0.47117,0.38242,False,0.0944,0.0994
IMG_5180,IMG_5185,5,0.43125,0.38244,False,0.0276,0.0074
IMG_5256,IMG_5259,8,0.3825,0.39143,False,0.0342,0.0188
IMG_5179,IMG_5187,5,0.38286,0.3989,False,0.0,0.0
IMG_5256,IMG_5258,8,0.43613,0.38292,False,0.303,0.234
IMG_5308,IMG_5313,7,0.38495,0.38297,False,0.052,0.0543
IMG_5289,IMG_5293,7,0.38301,0.40535,False,0.1173,0.1153
IMG_5133,IMG_5174,5,0.38345,0.43035,False,0.0023,0.0081
IMG_5235,IMG_5241,9,0.42271,0.38348,False,0.1525,0.1003
IMG_5133,IMG_5175,5,0.38371,0.45167,False,0.0222,0.0446
IMG_5277,IMG_5313,7,0.54708,0.38427,False,0.1467,0.0569
IMG_5135,IMG_5142,5,0.38439,0.40248,False,0.0,0.0
IMG_5154,IMG_5197,5,0.46458,0.38457,False,0.1274,0.0856
IMG_5153,IMG_5159,5,0.45728,0.38461,False,0.2933,0.131
IMG_5173,IMG_5191,5,0.43827,0.38471,False,0.1595,0.0755
IMG_5153,IMG_5198,5,0.40372,0.38477,False,0.0853,0.0895
IMG_5131,IMG_5148,5,0.38491,0.45121,False,0.0,0.024
IMG_5172,IMG_5192,5,0.40634,0.38504,False,0.02,0.0
IMG_5279,IMG_5286,7,0.38561,0.40352,False,0.2505,0.2571
IMG_5135,IMG_5178,5,0.40408,0.38573,False,0.0,0.0489
IMG_5152,IMG_5194,5,0.40142,0.38575,False,0.0614,0.0337
IMG_5252,IMG_5276,8,0.38584,0.48328,False,0.0,0.0572
IMG_5150,IMG_5194,5,0.40521,0.38621,False,0.0047,0.0002
IMG_5180,IMG_5190,5,0.46029,0.38626,False,0.0179,0.0098
IMG_5127,IMG_5142,5,0.40642,0.38633,False,0.0,0.0
IMG_5212,IMG_5222,6,0.46913,0.38644,False,0.0,0.0225
IMG_5277,IMG_5296,7,0.50032,0.38663,False,0.1396,0.2603
IMG_5311,IMG_5314,7,0.38673,0.39473,False,0.0495,0.0531
IMG_5209,IMG_5232,6,0.38675,0.44291,False,0.0656,0.0576
IMG_5151,IMG_5184,5,0.3868,0.40236,False,0.1995,0.1418
IMG_5150,IMG_5160,5,0.53196,0.38682,False,0.2531,0.166
IMG_5140,IMG_5166,5,0.43567,0.3869,False,0.0082,0.1943
IMG_5126,IMG_5151,5,0.38695,0.418,False,0.0299,0.0305
IMG_5126,IMG_5166,5,0.44475,0.38698,False,0.0326,0.0588
IMG_5174,IMG_5191,5,0.43692,0.387,False,0.1731,0.0636
IMG_5277,IMG_5282,7,0.41262,0.38703,False,0.3856,0.31
IMG_5277,IMG_5283,7,0.41941,0.38722,False,0.3282,0.3405
IMG_5138,IMG_5164,5,0.38725,0.4572,False,0.0107,0.053
IMG_5135,IMG_5141,5,0.38743,0.40156,False,0.0157,0.0
IMG_5258,IMG_5270,8,0.38751,0.48418,False,0.0593,0.1483
IMG_5219,IMG_5222,6,0.38767,0.47026,False,0.1657,0.1598
IMG_5179,IMG_5186,5,0.51692,0.38782,False,0.0846,0.0
IMG_5238,IMG_5241,9,0.41347,0.38792,False,0.1491,0.1811
IMG_5163,IMG_5192,5,0.45183,0.38817,False,0.1264,0.0899
IMG_5255,IMG_5271,8,0.38821,0.4924,False,0.0257,0.1622
IMG_5258,IMG_5272,8,0.38846,0.48482,False,0.0583,0.1264
IMG_5138,IMG_5177,5,0.41452,0.38849,False,0.0587,0.0591
IMG_5177,IMG_5187,5,0.45663,0.38849,False,0.0983,0.0537
IMG_5160,IMG_5190,5,0.47573,0.38851,False,0.1036,0.0
IMG_5280,IMG_5293,7,0.38858,0.47961,False,0.1189,0.0973
IMG_5162,IMG_5165,5,0.43247,0.38865,False,0.3097,0.2044
IMG_5176,IMG_5198,5,0.45968,0.38865,False,0.0533,0.0205
IMG_5181,IMG_5189,5,0.38883,0.41952,False,0.0002,0.0
IMG_5127,IMG_5151,5,0.38905,0.43767,False,0.041,0.0316
IMG_5141,IMG_5179,5,0.50048,0.38907,False,0.1109,0.0676
IMG_5181,IMG_5184,5,0.38931,0.39514,False,0.0004,0.0
IMG_5155,IMG_5196,5,0.38934,0.40194,False,0.1155,0.1059
IMG_5130,IMG_5182,5,0.38964,0.42037,False,0.0,0.0
IMG_5128,IMG_5174,5,0.39017,0.40356,False,0.0,0.008
IMG_5288,IMG_5316,7,0.44112,0.39042,False,0.0461,0.0389
IMG_5209,IMG_5231,6,0.39058,0.41684,False,0.0971,0.073
IMG_5169,IMG_5192,5,0.39058,0.4094,False,0.0,0.0
IMG_5160,IMG_5193,5,0.39942,0.39062,False,0.031,0.0509
IMG_5134,IMG_5197,5,0.42523,0.39066,False,0.0231,0.0019
IMG_5142,IMG_5179,5,0.43934,0.3908,False,0.0731,0.0854
IMG_5299,IMG_5313,7,0.57745,0.39087,False,0.1317,0.1052
IMG_5159,IMG_5197,5,0.41274,0.39106,False,0.1155,0.143
IMG_5147,IMG_5160,5,0.4728,0.39114,False,0.1997,0.1372
IMG_5213,IMG_5216,6,0.39133,0.4372,False,0.1058,0.2203
IMG_5164,IMG_5192,5,0.47518,0.39144,False,0.0827,0.0901
IMG_5149,IMG_5194,5,0.40404,0.39146,False,0.0,0.0
IMG_5277,IMG_5290,7,0.42911,0.39151,False,0.2259,0.2147
IMG_5130,IMG_5177,5,0.39158,0.42619,False,0.0004,0.0
IMG_5183,IMG_5186,5,0.42492,0.39202,False,0.1904,0.1586
IMG_5277,IMG_5284,7,0.42726,0.39208,False,0.246,0.3621
IMG_5252,IMG_5263,8,0.43593,0.39216,False,0.0911,0.1156
IMG_5176,IMG_5187,5,0.39753,0.39225,False,0.0429,0.0398
IMG_5137,IMG_5187,5,0.39238,0.41636,False,0.0,0.0049
IMG_5288,IMG_5305,7,0.39255,0.43231,False,0.0333,0.0463
IMG_5173,IMG_5192,5,0.43945,0.39256,False,0.1186,0.0691
IMG_5139,IMG_5186,5,0.42777,0.39257,False,0.0034,0.0727
IMG_5278,IMG_5289,7,0.44263,0.39261,False,0.1929,0.2495
IMG_5150,IMG_5159,5,0.54091,0.39272,False,0.2061,0.1614
IMG_5135,IMG_5195,5,0.39282,0.40352,False,0.0,0.0
IMG_5136,IMG_5181,5,0.4043,0.39308,False,0.0627,0.0716
IMG_5133,IMG_5167,5,0.3932,0.40489,False,0.0,0.0
IMG_5131,IMG_5149,5,0.39327,0.44137,False,0.0048,0.0306
IMG_5128,IMG_5193,5,0.39337,0.41162,False,0.0371,0.0
IMG_5152,IMG_5199,5,0.39338,0.40349,False,0.0542,0.0499
IMG_5133,IMG_5182,5,0.43057,0.39357,False,0.0,0.0
IMG_5174,IMG_5192,5,0.43828,0.39365,False,0.1593,0.0626
IMG_5149,IMG_5160,5,0.53551,0.39368,False,0.1941,0.1449
IMG_5249,IMG_5259,8,0.45959,0.39388,False,0.0123,0.0146
IMG_5130,IMG_5146,5,0.39397,0.43105,False,0.0231,0.0417
IMG_5176,IMG_5185,5,0.39399,0.41511,False,0.0,0.0039
IMG_5278,IMG_5283,7,0.39405,0.39791,False,0.252,0.3108
IMG_5135,IMG_5153,5,0.3946,0.45488,False,0.0895,0.0874
IMG_5127,IMG_5166,5,0.41583,0.39472,False,0.0697,0.0802
IMG_5138,IMG_5165,5,0.40767,0.39473,False,0.0848,0.0584
IMG_5129,IMG_5175,5,0.39488,0.43691,False,0.0231,0.0032
IMG_5195,IMG_5198,5,0.41605,0.3949,False,0.2194,0.222
IMG_5161,IMG_5182,5,0.395,0.41376,False,0.0402,0.0625
IMG_5139,IMG_5175,5,0.41127,0.3954,False,0.0324,0.0263
IMG_5135,IMG_5168,5,0.4074,0.39548,False,0.14,0.1214
IMG_5181,IMG_5185,5,0.41984,0.39552,False,0.0,0.0
IMG_5134,IMG_5151,5,0.39579,0.41295,False,0.0431,0.0464
IMG_5148,IMG_5193,5,0.46145,0.39579,False,0.0587,0.0
IMG_5138,IMG_5182,5,0.3958,0.46754,False,0.0,0.049
IMG_5132,IMG_5173,5,0.39606,0.43528,False,0.0,0.0016
IMG_5145,IMG_5165,5,0.3961,0.50881,False,0.0315,0.1111
IMG_5172,IMG_5191,5,0.43684,0.39633,False,0.0042,0.0
IMG_5160,IMG_5194,5,0.39633,0.42295,False,0.0124,0.0463
IMG_5229,IMG_5230,6,0.48132,0.3966,False,0.3669,0.3559
IMG_5147,IMG_5159,5,0.49065,0.39661,False,0.1435,0.111
IMG_5155,IMG_5185,5,0.44702,0.39675,False,0.0745,0.0825
IMG_5164,IMG_5165,5,0.50456,0.39693,False,0.3375,0.1524
IMG_5151,IMG_5185,5,0.41353,0.39701,False,0.1307,0.1197
IMG_5128,IMG_5194,5,0.39742,0.43004,False,0.0,0.0
IMG_5278,IMG_5282,7,0.42544,0.3975,False,0.2032,0.3067
IMG_5182,IMG_5194,5,0.39761,0.46544,False,0.1204,0.1797
IMG_5156,IMG_5196,5,0.39793,0.40528,False,0.1786,0.1801
IMG_5158,IMG_5188,5,0.44513,0.39828,False,0.0126,0.0003
IMG_5128,IMG_5182,5,0.39836,0.40313,False,0.0,0.0
IMG_5176,IMG_5195,5,0.39836,0.41497,False,0.0074,0.0267
IMG_5128,IMG_5173,5,0.41709,0.39846,False,0.0,0.0028
IMG_5132,IMG_5193,5,0.3985,0.42925,False,0.0,0.0
IMG_5263,IMG_5266,8,0.42538,0.39859,False,0.195,0.2269
IMG_5132,IMG_5151,5,0.39867,0.40823,False,0.0,0.0338
IMG_5139,IMG_5174,5,0.41039,0.39886,False,0.0257,0.0364
IMG_5180,IMG_5188,5,0.40976,0.39886,False,0.0093,0.0125
IMG_5140,IMG_5187,5,0.43265,0.39886,False,0.0536,0.0712
IMG_5148,IMG_5160,5,0.53141,0.39896,False,0.1878,0.1567
IMG_5154,IMG_5185,5,0.45643,0.39928,False,0.0705,0.0914
IMG_5213,IMG_5219,6,0.45499,0.39933,False,0.1545,0.1755
IMG_5151,IMG_5199,5,0.42736,0.39938,False,0.0464,0.0248
IMG_5137,IMG_5185,5,0.3996,0.43503,False,0.0116,0.0497
IMG_5213,IMG_5215,6,0.39974,0.45992,False,0.0701,0.199
IMG_5134,IMG_5195,5,0.41812,0.39986,False,0.0,0.0034
IMG_5183,IMG_5190,5,0.40004,0.44587,False,0.0527,0.0641
IMG_5132,IMG_5197,5,0.41894,0.4001,False,0.0034,0.0011
IMG_5139,IMG_5176,5,0.41776,0.4003,False,0.0361,0.0272
IMG_5155,IMG_5193,5,0.50922,0.40032,False,0.0183,0.0006
IMG_5133,IMG_5193,5,0.40836,0.4005,False,0.0064,0.0
IMG_5142,IMG_5165,5,0.41766,0.40053,False,0.0505,0.1425
IMG_5188,IMG_5189,5,0.42819,0.40062,False,0.254,0.2069
IMG_5132,IMG_5182,5,0.43466,0.40082,False,0.0,0.0
IMG_5149,IMG_5159,5,0.54856,0.4009,False,0.1804,0.1302
IMG_5133,IMG_5136,5,0.42359,0.40093,False,0.0,0.0
IMG_5153,IMG_5185,5,0.45639,0.40115,False,0.1621,0.1335
IMG_5156,IMG_5193,5,0.52476,0.40145,False,0.0256,0.0216
IMG_5161,IMG_5189,5,0.40194,0.43636,False,0.1349,0.1899
IMG_5155,IMG_5184,5,0.42686,0.40209,False,0.0655,0.0958
IMG_5158,IMG_5196,5,0.40886,0.40242,False,0.1675,0.193
IMG_5129,IMG_5174,5,0.40243,0.41278,False,0.0,0.0
IMG_5128,IMG_5167,5,0.40826,0.40246,False,0.002,0.0
IMG_5253,IMG_5261,8,0.40937,0.40251,False,0.077,0.0684
IMG_5127,IMG_5175,5,0.40269,0.49745,False,0.0287,0.0918
IMG_5182,IMG_5195,5,0.40284,0.45979,False,0.0624,0.1183
IMG_5135,IMG_5173,5,0.40284,0.46941,False,0.0321,0.0724
IMG_5191,IMG_5193,5,0.50637,0.40286,False,0.2076,0.2079
IMG_5177,IMG_5185,5,0.40289,0.42882,False,0.0464,0.016
IMG_5144,IMG_5165,5,0.40295,0.49477,False,0.0679,0.1601
IMG_5128,IMG_5148,5,0.40303,0.41756,False,0.0106,0.028
IMG_5138,IMG_5186,5,0.40316,0.42538,False,0.0,0.0581
IMG_5130,IMG_5147,5,0.41844,0.40331,False,0.0218,0.0186
IMG_5138,IMG_5174,5,0.40332,0.42725,False,0.0017,0.0384
IMG_5131,IMG_5174,5,0.40335,0.44573,False,0.0,0.0073
IMG_5179,IMG_5189,5,0.40371,0.48025,False,0.0019,0.0
IMG_5136,IMG_5184,5,0.40391,0.42621,False,0.0292,0.0443
IMG_5212,IMG_5227,6,0.44144,0.40394,False,0.1566,0.154
IMG_5277,IMG_5281,7,0.50711,0.40399,False,0.2188,0.3121
IMG_5185,IMG_5190,5,0.40417,0.43376,False,0.1039,0.1075
IMG_5130,IMG_5150,5,0.47784,0.40418,False,0.0199,0.0295
IMG_5128,IMG_5147,5,0.44495,0.40421,False,0.0473,0.0153
IMG_5128,IMG_5150,5,0.40422,0.40509,False,0.01,0.029
IMG_5160,IMG_5187,5,0.47553,0.40431,False,0.0431,0.014
IMG_5279,IMG_5282,7,0.40433,0.43333,False,0.3231,0.3436
IMG_5154,IMG_5184,5,0.43978,0.40462,False,0.0475,0.1072
IMG_5187,IMG_5190,5,0.40467,0.4425,False,0.0566,0.1535
IMG_5143,IMG_5163,5,0.44259,0.40492,False,0.0473,0.0377
IMG_5288,IMG_5310,7,0.40493,0.42212,False,0.0353,0.0304
IMG_5135,IMG_5179,5,0.40522,0.47573,False,0.0,0.0113
IMG_5229,IMG_5232,6,0.4746,0.40525,False,0.4598,0.3331
IMG_5184,IMG_5190,5,0.40534,0.43699,False,0.1213,0.0986
IMG_5142,IMG_5168,5,0.40546,0.42308,False,0.0838,0.0707
IMG_5135,IMG_5174,5,0.40549,0.46546,False,0.0527,0.0658
IMG_5146,IMG_5195,5,0.40584,0.40691,False,0.0451,0.038
IMG_5128,IMG_5149,5,0.40629,0.40908,False,0.0235,0.0388
IMG_5132,IMG_5136,5,0.49037,0.40635,False,0.0011,0.0
IMG_5130,IMG_5173,5,0.45603,0.4065,False,0.0,0.0
IMG_5153,IMG_5184,5,0.43466,0.40652,False,0.1492,0.167
IMG_5129,IMG_5173,5,0.42849,0.40659,False,0.0,0.0
IMG_5139,IMG_5180,5,0.45772,0.40664,False,0.0495,0.0805
IMG_5144,IMG_5163,5,0.43316,0.40695,False,0.0357,0.0318
IMG_5182,IMG_5197,5,0.40697,0.46337,False,0.1226,0.1853
IMG_5157,IMG_5197,5,0.44305,0.40699,False,0.2074,0.2203
IMG_5135,IMG_5171,5,0.40705,0.45664,False,0.0449,0.1214
IMG_5131,IMG_5182,5,0.51053,0.40706,False,0.01,0.0
IMG_5129,IMG_5148,5,0.40711,0.42483,False,0.016,0.0297
IMG_5219,IMG_5221,6,0.46642,0.40726,False,0.062,0.0901
IMG_5177,IMG_5195,5,0.40734,0.42616,False,0.0258,0.0307
IMG_5148,IMG_5159,5,0.54212,0.40739,False,0.2377,0.1341
IMG_5159,IMG_5196,5,0.40743,0.43566,False,0.0952,0.1474
IMG_5142,IMG_5172,5,0.40745,0.4125,False,0.0098,0.0329
IMG_5148,IMG_5194,5,0.40825,0.40749,False,0.0,0.0
IMG_5279,IMG_5285,7,0.43763,0.40772,False,0.4016,0.3198
IMG_5263,IMG_5265,8,0.42022,0.40777,False,0.187,0.2119
IMG_5255,IMG_5260,8,0.4657,0.40778,False,0.128,0.1125
IMG_5210,IMG_5231,6,0.40779,0.44759,False,0.1751,0.173
IMG_5136,IMG_5177,5,0.43661,0.40785,False,0.0969,0.0867
IMG_5130,IMG_5149,5,0.47965,0.40818,False,0.0282,0.0445
IMG_5278,IMG_5290,7,0.46238,0.40829,False,0.1967,0.2584
IMG_5141,IMG_5172,5,0.5004,0.4083,False,0.0114,0.0544
IMG_5126,IMG_5178,5,0.4226,0.40837,False,0.0027,0.0703
IMG_5185,IMG_5189,5,0.45966,0.40847,False,0.1867,0.1392
IMG_5139,IMG_5185,5,0.40864,0.41354,False,0.0744,0.0797
IMG_5129,IMG_5150,5,0.40865,0.41292,False,0.0148,0.026
IMG_5168,IMG_5193,5,0.45744,0.40884,False,0.0009,0.0013
IMG_5138,IMG_5187,5,0.4445,0.40887,False,0.0723,0.0255
IMG_5228,IMG_5231,6,0.51948,0.40889,False,0.1246,0.4277
IMG_5148,IMG_5199,5,0.41876,0.40909,False,0.0243,0.0201
IMG_5126,IMG_5173,5,0.40919,0.48377,False,0.0454,0.1001
IMG_5306,IMG_5313,7,0.44279,0.40924,False,0.0632,0.0751
IMG_5171,IMG_5187,5,0.42201,0.40924,False,0.0456,0.0538
IMG_5251,IMG_5261,8,0.43657,0.40943,False,0.1085,0.0831
IMG_5132,IMG_5196,5,0.44486,0.40947,False,0.0211,0.0044
IMG_5135,IMG_5166,5,0.42314,0.40949,False,0.063,0.0847
IMG_5209,IMG_5212,6,0.44421,0.4095,False,0.2132,0.1463
IMG_5249,IMG_5271,8,0.40957,0.53848,False,0.0191,0.0714
IMG_5135,IMG_5170,5,0.40972,0.42303,False,0.1062,0.1308
IMG_5133,IMG_5173,5,0.40987,0.42667,False,0.0028,0.0018
IMG_5136,IMG_5187,5,0.45704,0.40989,False,0.0828,0.0171
IMG_5139,IMG_5173,5,0.41451,0.4101,False,0.0148,0.0395
IMG_5129,IMG_5193,5,0.41016,0.41691,False,0.027,0.0
IMG_5171,IMG_5184,5,0.46479,0.41021,False,0.0227,0.0592
IMG_5137,IMG_5181,5,0.47251,0.41024,False,0.1272,0.1025
IMG_5168,IMG_5192,5,0.4234,0.41065,False,0.0,0.0
IMG_5170,IMG_5187,5,0.41176,0.41082,False,0.0692,0.0718
IMG_5135,IMG_5184,5,0.41088,0.44875,False,0.0433,0.0722
IMG_5164,IMG_5188,5,0.47887,0.41098,False,0.1067,0.0215
IMG_5141,IMG_5164,5,0.41124,0.51182,False,0.0311,0.0033
IMG_5180,IMG_5186,5,0.41166,0.41822,False,0.0338,0.0243
IMG_5129,IMG_5147,5,0.46504,0.41167,False,0.0743,0.0179
IMG_5134,IMG_5175,5,0.41181,0.46833,False,0.0695,0.0369
IMG_5153,IMG_5199,5,0.46864,0.41217,False,0.0842,0.0709
IMG_5171,IMG_5185,5,0.42661,0.41221,False,0.0089,0.0441
IMG_5130,IMG_5174,5,0.42861,0.41222,False,0.0,0.0
IMG_5163,IMG_5165,5,0.50201,0.4124,False,0.3115,0.1452
IMG_5184,IMG_5189,5,0.46286,0.41252,False,0.1543,0.1239
IMG_5293,IMG_5313,7,0.6118,0.41259,False,0.1066,0.1374
IMG_5135,IMG_5169,5,0.41284,0.41584,False,0.1161,0.1207
IMG_5169,IMG_5187,5,0.41294,0.41505,False,0.0675,0.0726
IMG_5176,IMG_5184,5,0.43702,0.413,False,0.0,0.0153
IMG_5157,IMG_5188,5,0.46636,0.41301,False,0.0081,0.0026
IMG_5138,IMG_5184,5,0.41302,0.43396,False,0.034,0.0599
IMG_5133,IMG_5176,5,0.41305,0.4829,False,0.0617,0.0544
IMG_5149,IMG_5199,5,0.41322,0.42216,False,0.0156,0.0236
IMG_5132,IMG_5167,5,0.44193,0.41323,False,0.0,0.0
IMG_5133,IMG_5194,5,0.41358,0.41975,False,0.0,0.0
IMG_5141,IMG_5178,5,0.51076,0.4136,False,0.1108,0.0785
IMG_5254,IMG_5261,8,0.48463,0.41365,False,0.1533,0.0936
IMG_5288,IMG_5304,7,0.41372,0.4178,False,0.0353,0.042
IMG_5163,IMG_5188,5,0.45688,0.41382,False,0.089,0.0288
IMG_5133,IMG_5137,5,0.42765,0.41384,False,0.0,0.0
IMG_5151,IMG_5190,5,0.41385,0.41621,False,0.0734,0.0752
IMG_5129,IMG_5149,5,0.41387,0.41673,False,0.0357,0.0448
IMG_5143,IMG_5165,5,0.41395,0.49409,False,0.0818,0.1287
IMG_5170,IMG_5193,5,0.45416,0.41404,False,0.0,0.0064
IMG_5128,IMG_5176,5,0.41408,0.45927,False,0.0248,0.0165
IMG_5141,IMG_5181,5,0.49116,0.4141,False,0.1205,0.0445
IMG_5186,IMG_5190,5,0.41419,0.49686,False,0.0443,0.0499
IMG_5167,IMG_5192,5,0.44915,0.41431,False,0.0052,0.0012
IMG_5177,IMG_5184,5,0.41452,0.42677,False,0.03,0.0281
IMG_5142,IMG_5167,5,0.41459,0.41893,False,0.0691,0.0807
IMG_5137,IMG_5188,5,0.41479,0.49104,False,0.0,0.0432
IMG_5140,IMG_5181,5,0.45163,0.41484,False,0.0833,0.0625
IMG_5134,IMG_5182,5,0.49388,0.41501,False,0.0027,0.0
IMG_5180,IMG_5182,5,0.41501,0.42897,False,0.004,0.0
IMG_5212,IMG_5221,6,0.41509,0.42901,False,0.144,0.1707
IMG_5143,IMG_5164,5,0.45818,0.41519,False,0.0826,0.056
IMG_5126,IMG_5153,5,0.43675,0.41519,False,0.0778,0.0687
IMG_5126,IMG_5174,5,0.41519,0.48073,False,0.0689,0.0938
IMG_5141,IMG_5170,5,0.47175,0.4152,False,0.0268,0.0652
IMG_5278,IMG_5281,7,0.496,0.41525,False,0.4962,0.3081
IMG_5142,IMG_5181,5,0.43645,0.41528,False,0.0906,0.0584
IMG_5212,IMG_5228,6,0.47149,0.41546,False,0.0497,0.0753
IMG_5128,IMG_5177,5,0.43397,0.41567,False,0.0,0.0
IMG_5138,IMG_5175,5,0.41571,0.42422,False,0.0114,0.0394
IMG_5150,IMG_5199,5,0.41602,0.41775,False,0.0494,0.0417
IMG_5263,IMG_5264,8,0.42827,0.41606,False,0.1785,0.1823
IMG_5158,IMG_5189,5,0.41606,0.42272,False,0.0417,0.0191
IMG_5158,IMG_5193,5,0.55719,0.41636,False,0.1294,0.0308
IMG_5175,IMG_5198,5,0.5575,0.41643,False,0.1662,0.0773
IMG_5181,IMG_5190,5,0.4623,0.41646,False,0.0126,0.0036
IMG_5131,IMG_5136,5,0.53873,0.41657,False,0.1115,0.0
IMG_5263,IMG_5267,8,0.47354,0.41658,False,0.1944,0.2083
IMG_5130,IMG_5148,5,0.47656,0.41667,False,0.0298,0.0276
IMG_5127,IMG_5178,5,0.43059,0.41669,False,0.0,0.0715
IMG_5312,IMG_5313,7,0.42511,0.41676,False,0.0691,0.0707
IMG_5192,IMG_5193,5,0.47678,0.41686,False,0.1687,0.1996
IMG_5158,IMG_5190,5,0.41689,0.43077,False,0.0065,0.0101
IMG_5297,IMG_5314,7,0.55756,0.41693,False,0.0917,0.096
IMG_5147,IMG_5184,5,0.41724,0.44567,False,0.0589,0.1419
IMG_5209,IMG_5222,6,0.43055,0.41737,False,0.0,0.0017
IMG_5171,IMG_5193,5,0.45157,0.41743,False,0.0091,0.0119
IMG_5144,IMG_5164,5,0.4482,0.41746,False,0.0651,0.0485
IMG_5127,IMG_5179,5,0.41749,0.50699,False,0.0,0.0343
IMG_5138,IMG_5173,5,0.4175,0.43826,False,0.0,0.04
IMG_5132,IMG_5137,5,0.47367,0.41775,False,0.0,0.0
IMG_5167,IMG_5193,5,0.43273,0.41777,False,0.005,0.01
IMG_5153,IMG_5190,5,0.45016,0.41804,False,0.0739,0.0811
IMG_5255,IMG_5262,8,0.60218,0.41808,False,0.0877,0.0916
IMG_5130,IMG_5167,5,0.42987,0.41815,False,0.0,0.0
IMG_5136,IMG_5164,5,0.4183,0.4777,False,0.011,0.0499
IMG_5145,IMG_5163,5,0.41949,0.41846,False,0.0176,0.019
IMG_5178,IMG_5191,5,0.41911,0.48438,False,0.0045,0.0167
IMG_5150,IMG_5188,5,0.41938,0.45787,False,0.0371,0.0333
IMG_5145,IMG_5162,5,0.41949,0.47134,False,0.024,0.0357
IMG_5134,IMG_5174,5,0.4195,0.44638,False,0.0181,0.0
IMG_5130,IMG_5175,5,0.41957,0.43587,False,0.0039,0.0035
IMG_5146,IMG_5197,5,0.43926,0.41984,False,0.0393,0.017
IMG_5181,IMG_5188,5,0.41996,0.4284,False,0.0347,0.0333
IMG_5131,IMG_5167,5,0.52592,0.42011,False,0.0293,0.0
IMG_5297,IMG_5313,7,0.59268,0.42029,False,0.0963,0.1418
IMG_5249,IMG_5276,8,0.42046,0.56098,False,0.0087,0.044
IMG_5178,IMG_5187,5,0.42074,0.43262,False,0.0449,0.07
IMG_5277,IMG_5280,7,0.46471,0.42078,False,0.3048,0.2964
IMG_5252,IMG_5275,8,0.42081,0.64185,False,0.0307,0.0734
IMG_5149,IMG_5189,5,0.42084,0.44319,False,0.0062,0.0121
IMG_5299,IMG_5314,7,0.50975,0.42101,False,0.0572,0.0878
IMG_5127,IMG_5168,5,0.42138,0.43243,False,0.1011,0.1173
IMG_5174,IMG_5194,5,0.46349,0.42155,False,0.0661,0.0939
IMG_5126,IMG_5168,5,0.43959,0.42178,False,0.1057,0.1182
IMG_5169,IMG_5193,5,0.4634,0.42188,False,0.0002,0.0054
IMG_5163,IMG_5195,5,0.46328,0.4221,False,0.0123,0.0
IMG_5139,IMG_5188,5,0.42225,0.4615,False,0.0,0.0229
IMG_5236,IMG_5241,9,0.42521,0.42232,False,0.2151,0.1429
IMG_5171,IMG_5194,5,0.42256,0.43961,False,0.0078,0.0318
IMG_5174,IMG_5193,5,0.54064,0.42263,False,0.0417,0.0668
IMG_5141,IMG_5169,5,0.47244,0.42275,False,0.0508,0.0962
IMG_5169,IMG_5186,5,0.50087,0.4228,False,0.068,0.0425
IMG_5130,IMG_5194,5,0.4439,0.42282,False,0.0,0.0
IMG_5187,IMG_5189,5,0.46128,0.42285,False,0.1649,0.1777
IMG_5132,IMG_5146,5,0.42291,0.50292,False,0.0,0.0253
IMG_5191,IMG_5194,5,0.50678,0.42327,False,0.3194,0.2079
IMG_5179,IMG_5188,5,0.42348,0.48925,False,0.0622,0.0308
IMG_5148,IMG_5184,5,0.42351,0.46608,False,0.088,0.16
IMG_5173,IMG_5194,5,0.47635,0.4236,False,0.0592,0.0973
IMG_5188,IMG_5198,5,0.42371,0.48166,False,0.0053,0.0
IMG_5179,IMG_5190,5,0.42374,0.47694,False,0.006,0.0002
IMG_5182,IMG_5196,5,0.42382,0.5266,False,0.0139,0.1024
IMG_5279,IMG_5293,7,0.43238,0.42384,False,0.115,0.1028
IMG_5155,IMG_5194,5,0.45742,0.42411,False,0.0057,0.0088
IMG_5173,IMG_5198,5,0.58206,0.42432,False,0.1074,0.0786
IMG_5152,IMG_5185,5,0.48509,0.42438,False,0.0992,0.0642
IMG_5128,IMG_5136,5,0.45264,0.42442,False,0.0,0.0
IMG_5174,IMG_5198,5,0.56127,0.42456,False,0.093,0.0821
IMG_5161,IMG_5188,5,0.42462,0.43376,False,0.0105,0.0478
IMG_5138,IMG_5176,5,0.42483,0.42945,False,0.0585,0.0659
IMG_5136,IMG_5185,5,0.44225,0.42487,False,0.0701,0.0491
IMG_5164,IMG_5178,5,0.45813,0.4249,False,0.0247,0.0292
IMG_5235,IMG_5240,9,0.43415,0.42501,False,0.2056,0.1973
IMG_5129,IMG_5167,5,0.44518,0.42505,False,0.0,0.0
IMG_5170,IMG_5194,5,0.42538,0.43835,False,0.0123,0.0228
IMG_5213,IMG_5220,6,0.42542,0.43931,False,0.2491,0.2361
IMG_5137,IMG_5177,5,0.50032,0.42556,False,0.0561,0.0857
IMG_5162,IMG_5191,5,0.44774,0.42558,False,0.107,0.1036
IMG_5196,IMG_5198,5,0.43846,0.42577,False,0.2905,0.226
IMG_5175,IMG_5187,5,0.49729,0.42587,False,0.0563,0.1045
IMG_5136,IMG_5150,5,0.42594,0.45151,False,0.0086,0.0336
IMG_5127,IMG_5171,5,0.42607,0.49327,False,0.0272,0.162
IMG_5134,IMG_5167,5,0.45656,0.42608,False,0.018,0.0
IMG_5183,IMG_5189,5,0.4586,0.42614,False,0.1079,0.0855
IMG_5287,IMG_5313,7,0.50342,0.4265,False,0.0751,0.0931
IMG_5173,IMG_5193,5,0.54213,0.42657,False,0.0387,0.0702
IMG_5257,IMG_5259,8,0.42669,0.44812,False,0.0619,0.0643
IMG_5248,IMG_5259,8,0.49823,0.42674,False,0.0674,0.0174
IMG_5135,IMG_5175,5,0.42699,0.47593,False,0.0522,0.0758
IMG_5157,IMG_5196,5,0.42766,0.427,False,0.2233,0.2046
IMG_5304,IMG_5309,7,0.55579,0.42706,False,0.0922,0.0967
IMG_5140,IMG_5188,5,0.42723,0.49489,False,0.0131,0.0482
IMG_5179,IMG_5194,5,0.42741,0.51774,False,0.0116,0.1493
IMG_5132,IMG_5138,5,0.44343,0.42742,False,0.0,0.0
IMG_5159,IMG_5187,5,0.55066,0.42763,False,0.0819,0.0146
IMG_5298,IMG_5315,7,0.50349,0.42775,False,0.1073,0.0922
IMG_5170,IMG_5186,5,0.50016,0.42789,False,0.0653,0.0442
IMG_5298,IMG_5314,7,0.57506,0.42791,False,0.0676,0.0967
IMG_5311,IMG_5318,7,0.46991,0.42793,False,0.0471,0.0326
IMG_5140,IMG_5176,5,0.50666,0.42805,False,0.0568,0.0084
IMG_5134,IMG_5196,5,0.43349,0.42814,False,0.0,0.0056
IMG_5129,IMG_5177,5,0.46601,0.42821,False,0.0,0.0
IMG_5172,IMG_5187,5,0.44507,0.42825,False,0.0587,0.0443
IMG_5163,IMG_5178,5,0.43979,0.42829,False,0.0092,0.018
IMG_5178,IMG_5186,5,0.53716,0.42832,False,0.0799,0.0144
IMG_5131,IMG_5175,5,0.42835,0.46722,False,0.0155,0.0318
IMG_5145,IMG_5164,5,0.4367,0.42848,False,0.0405,0.0333
IMG_5133,IMG_5138,5,0.429,0.42865,False,0.0,0.0
IMG_5188,IMG_5193,5,0.46779,0.42875,False,0.0117,0.1303
IMG_5127,IMG_5170,5,0.42902,0.46036,False,0.0656,0.1378
IMG_5128,IMG_5146,5,0.42909,0.43195,False,0.033,0.033
IMG_5139,IMG_5163,5,0.42909,0.457,False,0.0047,0.0298
IMG_5180,IMG_5194,5,0.4659,0.42911,False,0.0822,0.0457
IMG_5131,IMG_5193,5,0.48797,0.42928,False,0.0,0.0
IMG_5228,IMG_5230,6,0.497,0.42936,False,0.1905,0.3972
IMG_5129,IMG_5182,5,0.43576,0.42949,False,0.0,0.0
IMG_5308,IMG_5314,7,0.7025,0.42958,False,0.0632,0.0445
IMG_5302,IMG_5310,7,0.44953,0.42961,False,0.0769,0.0566
IMG_5131,IMG_5137,5,0.50765,0.4297,False,0.0171,0.0
IMG_5152,IMG_5184,5,0.45606,0.42976,False,0.0855,0.0997
IMG_5140,IMG_5177,5,0.4892,0.42977,False,0.1051,0.014
IMG_5134,IMG_5194,5,0.42993,0.46106,False,0.0,0.0
IMG_5161,IMG_5199,5,0.48274,0.43034,False,0.1593,0.1393
IMG_5156,IMG_5189,5,0.47698,0.43067,False,0.0431,0.0194
IMG_5164,IMG_5195,5,0.45244,0.43074,False,0.014,0.0
IMG_5141,IMG_5187,5,0.48669,0.43098,False,0.0663,0.0441
IMG_5133,IMG_5177,5,0.43101,0.43768,False,0.0303,0.0299
IMG_5288,IMG_5317,7,0.48345,0.43106,False,0.0323,0.0273
IMG_5140,IMG_5179,5,0.45362,0.43106,False,0.0826,0.0814
IMG_5307,IMG_5313,7,0.47135,0.43117,False,0.0455,0.0607
IMG_5165,IMG_5180,5,0.49196,0.4316,False,0.1189,0.1453
IMG_5139,IMG_5191,5,0.47671,0.43173,False,0.0962,0.1026
IMG_5146,IMG_5196,5,0.43178,0.46674,False,0.035,0.057
IMG_5172,IMG_5193,5,0.49191,0.43187,False,0.0094,0.0035
IMG_5177,IMG_5190,5,0.43529,0.43192,False,0.014,0.0173
IMG_5212,IMG_5225,6,0.53805,0.43215,False,0.0258,0.0187
IMG_5279,IMG_5289,7,0.46625,0.43217,False,0.2905,0.2539
IMG_5135,IMG_5197,5,0.43217,0.47034,False,0.044,0.0539
IMG_5170,IMG_5188,5,0.46367,0.43253,False,0.1268,0.0831
IMG_5188,IMG_5194,5,0.43259,0.45799,False,0.1028,0.1762
IMG_5168,IMG_5194,5,0.43493,0.43263,False,0.0032,0.0176
IMG_5247,IMG_5255,8,0.43277,0.48608,False,0.0535,0.0596
IMG_5161,IMG_5194,5,0.44019,0.43278,False,0.1319,0.1512
IMG_5138,IMG_5185,5,0.44896,0.43296,False,0.0774,0.0668
IMG_5288,IMG_5308,7,0.43296,0.49359,False,0.0436,0.0682
IMG_5298,IMG_5313,7,0.54623,0.43303,False,0.139,0.159
IMG_5135,IMG_5172,5,0.43304,0.45515,False,0.0682,0.125
IMG_5154,IMG_5193,5,0.57067,0.43311,False,0.0163,0.0005
IMG_5144,IMG_5162,5,0.43316,0.45892,False,0.0306,0.048
IMG_5127,IMG_5169,5,0.43328,0.4538,False,0.0686,0.1255
IMG_5131,IMG_5190,5,0.43344,0.4996,False,0.0,0.0
IMG_5182,IMG_5193,5,0.43627,0.43366,False,0.1461,0.1625
IMG_5138,IMG_5163,5,0.43373,0.4849,False,0.0173,0.0491
IMG_5218,IMG_5219,6,0.43375,0.51115,False,0.0158,0.1635
IMG_5130,IMG_5158,5,0.43384,0.51731,False,0.0092,0.0469
IMG_5279,IMG_5283,7,0.45194,0.43388,False,0.4236,0.3438
IMG_5216,IMG_5218,6,0.43396,0.5855,False,0.0085,0.0437
IMG_5140,IMG_5180,5,0.54417,0.43399,False,0.11,0.0548
IMG_5151,IMG_5189,5,0.46164,0.43421,False,0.026,0.056
IMG_5162,IMG_5192,5,0.45183,0.43427,False,0.0959,0.0903
IMG_5154,IMG_5196,5,0.45811,0.4344,False,0.138,0.09
IMG_5209,IMG_5230,6,0.45498,0.43453,False,0.0675,0.0643
IMG_5141,IMG_5177,5,0.43461,0.43614,False,0.0126,0.0369
IMG_5278,IMG_5280,7,0.45787,0.43467,False,0.2709,0.3067
IMG_5169,IMG_5194,5,0.43476,0.44682,False,0.0124,0.0228
IMG_5297,IMG_5318,7,0.58236,0.43476,False,0.0339,0.0772
IMG_5135,IMG_5182,5,0.49927,0.43478,False,0.0812,0.0349
IMG_5279,IMG_5284,7,0.44374,0.43478,False,0.3581,0.3103
IMG_5210,IMG_5222,6,0.43482,0.49945,False,0.0087,0.0503
IMG_5127,IMG_5153,5,0.44377,0.43486,False,0.0595,0.0686
IMG_5305,IMG_5309,7,0.51287,0.43487,False,0.0883,0.0876
IMG_5162,IMG_5195,5,0.4672,0.43493,False,0.0104,0.0025
IMG_5177,IMG_5188,5,0.45035,0.43498,False,0.0709,0.0698
IMG_5177,IMG_5189,5,0.43511,0.46097,False,0.0336,0.0214
IMG_5171,IMG_5186,5,0.52909,0.43512,False,0.0661,0.0329
IMG_5156,IMG_5194,5,0.4725,0.43546,False,0.0531,0.045
IMG_5176,IMG_5197,5,0.43567,0.44131,False,0.0234,0.0556
IMG_5179,IMG_5185,5,0.43572,0.45566,False,0.0003,0.0
IMG_5175,IMG_5197,5,0.5339,0.43573,False,0.0808,0.1556
IMG_5138,IMG_5180,5,0.46493,0.43579,False,0.0664,0.0792
IMG_5153,IMG_5189,5,0.50866,0.4359,False,0.0439,0.0646
IMG_5255,IMG_5270,8,0.4361,0.51741,False,0.0459,0.1388
IMG_5130,IMG_5152,5,0.4503,0.43619,False,0.0537,0.0456
IMG_5137,IMG_5186,5,0.43619,0.43663,False,0.0,0.0488
IMG_5127,IMG_5192,5,0.43621,0.44757,False,0.0,0.0
IMG_5145,IMG_5166,5,0.43665,0.50517,False,0.0286,0.1275
IMG_5126,IMG_5179,5,0.43666,0.49861,False,0.0,0.0363
IMG_5142,IMG_5177,5,0.46913,0.43667,False,0.0055,0.0117
IMG_5135,IMG_5151,5,0.43687,0.4577,False,0.0463,0.0437
IMG_5128,IMG_5152,5,0.46627,0.43688,False,0.052,0.0474
IMG_5132,IMG_5176,5,0.43703,0.49171,False,0.0384,0.0444
IMG_5236,IMG_5240,9,0.43709,0.46186,False,0.2828,0.295
IMG_5288,IMG_5318,7,0.43709,0.51049,False,0.0703,0.0303
IMG_5160,IMG_5199,5,0.4928,0.4371,False,0.1199,0.2265
IMG_5161,IMG_5183,5,0.43719,0.45875,False,0.0462,0.0775
IMG_5131,IMG_5147,5,0.44594,0.43724,False,0.0122,0.0137
IMG_5139,IMG_5190,5,0.45019,0.43733,False,0.0,0.0
IMG_5133,IMG_5183,5,0.43742,0.43913,False,0.0,0.0
IMG_5176,IMG_5196,5,0.47253,0.43757,False,0.0085,0.0386
IMG_5175,IMG_5186,5,0.60436,0.43773,False,0.0179,0.0802
IMG_5128,IMG_5137,5,0.44391,0.43784,False,0.0,0.0
IMG_5192,IMG_5194,5,0.48017,0.43789,False,0.2736,0.2016
IMG_5126,IMG_5175,5,0.4379,0.49262,False,0.072,0.1049
IMG_5136,IMG_5165,5,0.4379,0.4457,False,0.0521,0.0467
IMG_5130,IMG_5168,5,0.43791,0.48428,False,0.0,0.0
IMG_5228,IMG_5232,6,0.50031,0.43801,False,0.1763,0.4168
IMG_5155,IMG_5189,5,0.50032,0.43804,False,0.0026,0.0094
IMG_5249,IMG_5260,8,0.45113,0.43822,False,0.1477,0.1295
IMG_5176,IMG_5188,5,0.48246,0.43841,False,0.0352,0.0563
IMG_5258,IMG_5273,8,0.43851,0.50285,False,0.084,0.1292
IMG_5279,IMG_5296,7,0.53527,0.43856,False,0.3065,0.2123
IMG_5131,IMG_5146,5,0.43883,0.46447,False,0.0,0.0298
IMG_5131,IMG_5194,5,0.43885,0.44834,False,0.0,0.0
IMG_5132,IMG_5149,5,0.43885,0.47982,False,0.0022,0.0262
IMG_5237,IMG_5241,9,0.44744,0.43889,False,0.2109,0.2132
IMG_5157,IMG_5189,5,0.43894,0.47549,False,0.0371,0.0187
IMG_5136,IMG_5174,5,0.43902,0.4476,False,0.0038,0.0528
IMG_5258,IMG_5275,8,0.43913,0.51988,False,0.1015,0.1023
IMG_5135,IMG_5191,5,0.45608,0.43919,False,0.0,0.0
IMG_5175,IMG_5199,5,0.55303,0.43919,False,0.0975,0.1106
IMG_5135,IMG_5192,5,0.45561,0.43922,False,0.0,0.0
IMG_5129,IMG_5146,5,0.45379,0.4395,False,0.0472,0.0437
IMG_5162,IMG_5178,5,0.43979,0.45302,False,0.0079,0.0287
IMG_5129,IMG_5152,5,0.48037,0.4398,False,0.0484,0.0497
IMG_5136,IMG_5149,5,0.43982,0.47641,False,0.0068,0.0303
IMG_5127,IMG_5191,5,0.43985,0.44812,False,0.0,0.0
IMG_5133,IMG_5150,5,0.43989,0.46776,False,0.0195,0.036
IMG_5159,IMG_5189,5,0.45579,0.43993,False,0.0,0.0105
IMG_5132,IMG_5148,5,0.44,0.48977,False,0.0,0.0228
IMG_5219,IMG_5224,6,0.44003,0.4878,False,0.1251,0.1306
IMG_5161,IMG_5185,5,0.45235,0.44013,False,0.0042,0.0141
IMG_5147,IMG_5185,5,0.44777,0.44029,False,0.0251,0.1354
IMG_5152,IMG_5190,5,0.48793,0.44035,False,0.0495,0.0783
IMG_5131,IMG_5189,5,0.4404,0.51721,False,0.0,0.0
IMG_5162,IMG_5180,5,0.44046,0.4655,False,0.1247,0.1222
IMG_5163,IMG_5180,5,0.44046,0.45149,False,0.1092,0.0806
IMG_5130,IMG_5136,5,0.45599,0.44047,False,0.0,0.0
IMG_5176,IMG_5190,5,0.48744,0.44069,False,0.0012,0.0144
IMG_5167,IMG_5190,5,0.49862,0.44076,False,0.0019,0.0
IMG_5162,IMG_5188,5,0.45688,0.44085,False,0.0446,0.0263
IMG_5249,IMG_5270,8,0.44099,0.5605,False,0.0053,0.0747
IMG_5131,IMG_5158,5,0.44105,0.56013,False,0.0,0.0415
IMG_5126,IMG_5171,5,0.44129,0.48278,False,0.0845,0.1619
IMG_5177,IMG_5197,5,0.44177,0.44438,False,0.0637,0.0735
IMG_5167,IMG_5194,5,0.46683,0.4418,False,0.0082,0.025
IMG_5143,IMG_5191,5,0.44195,0.46944,False,0.0257,0.073
IMG_5134,IMG_5173,5,0.44571,0.44215,False,0.0167,0.0
IMG_5132,IMG_5194,5,0.44222,0.44899,False,0.0,0.0
IMG_5287,IMG_5316,7,0.44222,0.49326,False,0.1224,0.0653
IMG_5156,IMG_5190,5,0.44376,0.44233,False,0.0182,0.0064
IMG_5140,IMG_5178,5,0.45252,0.44256,False,0.1429,0.0585
IMG_5143,IMG_5162,5,0.44259,0.45739,False,0.0411,0.0546
IMG_5126,IMG_5169,5,0.44763,0.44274,False,0.1303,0.1338
IMG_5134,IMG_5193,5,0.48283,0.4432,False,0.0142,0.0
IMG_5215,IMG_5222,6,0.44322,0.51432,False,0.0174,0.0498
IMG_5176,IMG_5199,5,0.45545,0.44333,False,0.0299,0.0192
IMG_5133,IMG_5148,5,0.44336,0.48255,False,0.0266,0.0312
IMG_5139,IMG_5189,5,0.45715,0.44344,False,0.0147,0.006
IMG_5171,IMG_5188,5,0.51221,0.44346,False,0.1208,0.0679
IMG_5255,IMG_5275,8,0.44346,0.50615,False,0.11,0.1234
IMG_5212,IMG_5223,6,0.51126,0.44347,False,0.0011,0.0316
IMG_5286,IMG_5315,7,0.44371,0.50638,False,0.0705,0.0633
IMG_5168,IMG_5187,5,0.44372,0.47299,False,0.0334,0.0792
IMG_5257,IMG_5275,8,0.44375,0.51646,False,0.1093,0.1198
IMG_5215,IMG_5218,6,0.44377,0.5986,False,0.0109,0.0636
IMG_5136,IMG_5175,5,0.44973,0.44383,False,0.0107,0.057
IMG_5132,IMG_5150,5,0.44401,0.47509,False,0.0,0.0213
IMG_5126,IMG_5170,5,0.44407,0.44957,False,0.1271,0.1465
IMG_5153,IMG_5177,5,0.44413,0.49,False,0.0791,0.0541
IMG_5161,IMG_5190,5,0.49823,0.44419,False,0.0947,0.1642
IMG_5161,IMG_5184,5,0.44776,0.44435,False,0.0116,0.0195
IMG_5151,IMG_5176,5,0.44456,0.47564,False,0.1182,0.0758
IMG_5293,IMG_5295,7,0.49424,0.44472,False,0.2123,0.1607
IMG_5135,IMG_5185,5,0.45197,0.44493,False,0.0846,0.0753
IMG_5129,IMG_5176,5,0.445,0.47053,False,0.0232,0.0139
IMG_5177,IMG_5186,5,0.44501,0.44607,False,0.0,0.0178
IMG_5131,IMG_5138,5,0.49242,0.44504,False,0.0841,0.0
IMG_5301,IMG_5312,7,0.44517,0.44867,False,0.1553,0.2831
IMG_5158,IMG_5187,5,0.51116,0.44548,False,0.0198,0.0276
IMG_5154,IMG_5194,5,0.51996,0.44554,False,0.0028,0.0078
IMG_5141,IMG_5176,5,0.44571,0.47143,False,0.0311,0.039
IMG_5148,IMG_5190,5,0.4458,0.47792,False,0.0063,0.0105
IMG_5167,IMG_5189,5,0.44581,0.46778,False,0.0057,0.0
IMG_5159,IMG_5193,5,0.51869,0.44597,False,0.0479,0.0484
IMG_5132,IMG_5147,5,0.44598,0.47576,False,0.0009,0.013
IMG_5219,IMG_5225,6,0.44608,0.45665,False,0.1354,0.1396
IMG_5132,IMG_5183,5,0.49794,0.44626,False,0.0,0.0
IMG_5133,IMG_5139,5,0.44727,0.44629,False,0.0,0.0
IMG_5137,IMG_5150,5,0.44634,0.46576,False,0.07,0.0569
IMG_5281,IMG_5293,7,0.51223,0.44649,False,0.1155,0.101
IMG_5145,IMG_5191,5,0.47352,0.4465,False,0.0218,0.046
IMG_5132,IMG_5177,5,0.45856,0.44653,False,0.0152,0.026
IMG_5142,IMG_5164,5,0.44656,0.51186,False,0.0119,0.0198
IMG_5286,IMG_5316,7,0.44668,0.53095,False,0.1618,0.0616
IMG_5177,IMG_5199,5,0.4703,0.44679,False,0.0431,0.0311
IMG_5287,IMG_5310,7,0.44688,0.48504,False,0.1189,0.0992
IMG_5219,IMG_5226,6,0.44693,0.47573,False,0.1081,0.1377
IMG_5212,IMG_5231,6,0.447,0.5232,False,0.0438,0.1208
IMG_5133,IMG_5185,5,0.48686,0.44703,False,0.0,0.0076
IMG_5126,IMG_5192,5,0.4618,0.44724,False,0.0,0.0
IMG_5132,IMG_5139,5,0.50234,0.44729,False,0.0,0.0
IMG_5225,IMG_5227,6,0.44746,0.6692,False,0.0043,0.0939
IMG_5130,IMG_5183,5,0.44756,0.46668,False,0.0,0.0
IMG_5134,IMG_5136,5,0.44757,0.45172,False,0.0045,0.0
IMG_5126,IMG_5191,5,0.45916,0.44759,False,0.0,0.0
IMG_5177,IMG_5196,5,0.48726,0.44771,False,0.0203,0.0447
IMG_5279,IMG_5290,7,0.48523,0.44788,False,0.3286,0.271
IMG_5179,IMG_5192,5,0.4479,0.52806,False,0.0166,0.0202
IMG_5210,IMG_5219,6,0.54652,0.44791,False,0.0258,0.0263
IMG_5169,IMG_5190,5,0.46149,0.44793,False,0.0,0.0
IMG_5136,IMG_5176,5,0.44971,0.44802,False,0.0698,0.0882
IMG_5300,IMG_5315,7,0.48208,0.44811,False,0.0728,0.049
IMG_5154,IMG_5190,5,0.44827,0.48085,False,0.0059,0.007
IMG_5148,IMG_5185,5,0.44828,0.4607,False,0.1261,0.1452
IMG_5142,IMG_5187,5,0.46038,0.44831,False,0.0543,0.0455
IMG_5214,IMG_5217,6,0.44838,0.63705,False,0.0,0.0101
IMG_5135,IMG_5177,5,0.48632,0.44842,False,0.1669,0.094
IMG_5128,IMG_5138,5,0.44844,0.45268,False,0.0,0.0
IMG_5157,IMG_5193,5,0.57507,0.44856,False,0.1338,0.0351
IMG_5181,IMG_5191,5,0.49914,0.44856,False,0.0215,0.0378
IMG_5166,IMG_5187,5,0.5425,0.4488,False,0.0112,0.0088
IMG_5159,IMG_5190,5,0.46115,0.4489,False,0.0521,0.0025
IMG_5287,IMG_5314,7,0.50166,0.44897,False,0.1025,0.0547
IMG_5133,IMG_5168,5,0.4492,0.47291,False,0.0,0.0
IMG_5176,IMG_5186,5,0.50098,0.44933,False,0.0003,0.0045
IMG_5191,IMG_5195,5,0.50993,0.44935,False,0.0832,0.057
IMG_5128,IMG_5184,5,0.44936,0.46598,False,0.0245,0.0136
IMG_5128,IMG_5183,5,0.46058,0.44941,False,0.0,0.0
IMG_5252,IMG_5270,8,0.44963,0.5299,False,0.0332,0.0613
IMG_5158,IMG_5194,5,0.50364,0.44971,False,0.1021,0.0201
IMG_5128,IMG_5158,5,0.44982,0.51809,False,0.0182,0.0583
IMG_5155,IMG_5190,5,0.45655,0.44988,False,0.0367,0.0051
IMG_5163,IMG_5193,5,0.5361,0.44994,False,0.0746,0.1075
IMG_5133,IMG_5184,5,0.44994,0.45204,False,0.0103,0.0158
IMG_5188,IMG_5195,5,0.45002,0.4778,False,0.1011,0.1201
IMG_5212,IMG_5219,6,0.58149,0.4501,False,0.0876,0.0247
IMG_5170,IMG_5184,5,0.46642,0.45024,False,0.0608,0.0797
IMG_5142,IMG_5143,5,0.48565,0.45036,False,0.0288,0.0436
IMG_5146,IMG_5185,5,0.53261,0.45045,False,0.0454,0.0787
IMG_5169,IMG_5188,5,0.45289,0.45045,False,0.1301,0.0959
IMG_5219,IMG_5223,6,0.45089,0.50653,False,0.1094,0.1367
IMG_5298,IMG_5316,7,0.45115,0.45718,False,0.0813,0.108
IMG_5141,IMG_5185,5,0.49924,0.45118,False,0.1125,0.0815
IMG_5142,IMG_5182,5,0.45134,0.52615,False,0.002,0.0367
IMG_5255,IMG_5272,8,0.45134,0.51349,False,0.0655,0.1589
IMG_5217,IMG_5219,6,0.45153,0.52462,False,0.0441,0.1367
IMG_5279,IMG_5281,7,0.53247,0.45153,False,0.442,0.3027
IMG_5188,IMG_5197,5,0.45157,0.4787,False,0.0531,0.0804
IMG_5288,IMG_5311,7,0.47491,0.45178,False,0.0631,0.0799
IMG_5170,IMG_5190,5,0.47466,0.45179,False,0.0,0.0
IMG_5172,IMG_5184,5,0.49759,0.45179,False,0.0223,0.0598
IMG_5129,IMG_5136,5,0.48637,0.45181,False,0.0,0.0
IMG_5170,IMG_5185,5,0.45211,0.45224,False,0.0538,0.061
IMG_5141,IMG_5184,5,0.53142,0.45237,False,0.1136,0.0834
IMG_5175,IMG_5184,5,0.53997,0.45238,False,0.0266,0.0782
IMG_5135,IMG_5196,5,0.46091,0.4524,False,0.0,0.0
IMG_5131,IMG_5183,5,0.56706,0.45242,False,0.0,0.0
IMG_5288,IMG_5300,7,0.45247,0.4725,False,0.0435,0.0513
IMG_5135,IMG_5193,5,0.56821,0.45249,False,0.0,0.0
IMG_5278,IMG_5315,7,0.45284,0.49342,False,0.1206,0.0647
IMG_5147,IMG_5190,5,0.453,0.45785,False,0.0348,0.0055
IMG_5127,IMG_5182,5,0.45307,0.4632,False,0.0913,0.0409
IMG_5281,IMG_5315,7,0.4531,0.53113,False,0.079,0.0668
IMG_5169,IMG_5185,5,0.45316,0.45672,False,0.0562,0.0524
IMG_5133,IMG_5149,5,0.45317,0.47253,False,0.026,0.0393
IMG_5137,IMG_5165,5,0.46641,0.4533,False,0.0544,0.0521
IMG_5222,IMG_5228,6,0.45332,0.56728,False,0.0245,0.144
IMG_5130,IMG_5137,5,0.47497,0.45334,False,0.0,0.0
IMG_5142,IMG_5145,5,0.5022,0.45334,False,0.0076,0.0605
IMG_5139,IMG_5145,5,0.45337,0.47481,False,0.0043,0.0278
IMG_5131,IMG_5177,5,0.55268,0.45345,False,0.0286,0.024
IMG_5128,IMG_5139,5,0.45346,0.47035,False,0.0,0.0
IMG_5249,IMG_5272,8,0.4535,0.57515,False,0.0,0.0667
IMG_5172,IMG_5185,5,0.48443,0.45371,False,0.0278,0.0451
IMG_5127,IMG_5195,5,0.48065,0.45387,False,0.0,0.0
IMG_5147,IMG_5198,5,0.54398,0.454,False,0.0108,0.0422
IMG_5136,IMG_5180,5,0.48909,0.45434,False,0.0354,0.0577
IMG_5175,IMG_5185,5,0.49623,0.45456,False,0.0401,0.0672
IMG_5172,IMG_5194,5,0.46459,0.45459,False,0.0117,0.0191
IMG_5169,IMG_5184,5,0.46734,0.45469,False,0.0636,0.0759
IMG_5172,IMG_5186,5,0.52907,0.45483,False,0.0544,0.0335
IMG_5286,IMG_5313,7,0.58283,0.45484,False,0.1494,0.1034
IMG_5139,IMG_5162,5,0.46808,0.45495,False,0.0306,0.0236
IMG_5182,IMG_5199,5,0.45496,0.5126,False,0.0959,0.0674
IMG_5258,IMG_5259,8,0.57415,0.45506,False,0.0505,0.0538
IMG_5306,IMG_5314,7,0.68392,0.4551,False,0.0894,0.059
IMG_5252,IMG_5259,8,0.53684,0.45526,False,0.0848,0.0956
IMG_5212,IMG_5224,6,0.50016,0.45527,False,0.0,0.0234
IMG_5136,IMG_5173,5,0.45531,0.45891,False,0.0,0.0546
IMG_5134,IMG_5177,5,0.50619,0.45532,False,0.0009,0.0168
IMG_5126,IMG_5140,5,0.5201,0.45539,False,0.0,0.0
IMG_5151,IMG_5177,5,0.4554,0.49279,False,0.0382,0.0604
IMG_5179,IMG_5184,5,0.46328,0.4554,False,0.0204,0.0
IMG_5161,IMG_5187,5,0.4804,0.45547,False,0.0059,0.0338
IMG_5146,IMG_5184,5,0.50352,0.4558,False,0.0901,0.0876
IMG_5168,IMG_5190,5,0.47058,0.456,False,0.0,0.0
IMG_5210,IMG_5223,6,0.45611,0.55473,False,0.0,0.0753
IMG_5156,IMG_5188,5,0.50956,0.45616,False,0.0837,0.0486
IMG_5130,IMG_5185,5,0.52231,0.45623,False,0.0,0.0
IMG_5166,IMG_5186,5,0.4672,0.45633,False,0.0094,0.0005
IMG_5174,IMG_5199,5,0.55685,0.45643,False,0.0727,0.1096
IMG_5127,IMG_5172,5,0.45647,0.49264,False,0.0382,0.1242
IMG_5175,IMG_5195,5,0.4634,0.4565,False,0.0242,0.0239
IMG_5141,IMG_5163,5,0.45653,0.54253,False,0.0281,0.0094
IMG_5164,IMG_5180,5,0.45664,0.46044,False,0.1124,0.1018
IMG_5227,IMG_5231,6,0.49923,0.45667,False,0.1546,0.3058
IMG_5135,IMG_5181,5,0.47514,0.45677,False,0.0437,0.0312
IMG_5138,IMG_5189,5,0.4568,0.46479,False,0.0112,0.0259
IMG_5150,IMG_5198,5,0.48005,0.45706,False,0.0553,0.0805
IMG_5210,IMG_5224,6,0.4571,0.56697,False,0.0,0.0424
IMG_5138,IMG_5191,5,0.47958,0.45723,False,0.0428,0.0489
IMG_5179,IMG_5191,5,0.45725,0.47376,False,0.0104,0.0228
IMG_5131,IMG_5152,5,0.45728,0.48342,False,0.0061,0.0464
IMG_5145,IMG_5193,5,0.56857,0.45728,False,0.0,0.0255
IMG_5139,IMG_5150,5,0.45738,0.48591,False,0.0139,0.024
IMG_5138,IMG_5190,5,0.48994,0.45761,False,0.0245,0.0223
IMG_5252,IMG_5272,8,0.45762,0.53847,False,0.0093,0.0606
IMG_5222,IMG_5227,6,0.4579,0.62272,False,0.0154,0.0745
IMG_5152,IMG_5198,5,0.55522,0.45808,False,0.0587,0.0607
IMG_5152,IMG_5189,5,0.53075,0.45809,False,0.1309,0.1212
IMG_5181,IMG_5182,5,0.48044,0.45811,False,0.008,0.007
IMG_5136,IMG_5147,5,0.45812,0.52176,False,0.0121,0.0141
IMG_5245,IMG_5276,8,0.46404,0.45824,False,0.1049,0.1518
IMG_5192,IMG_5195,5,0.48066,0.45825,False,0.106,0.1075
IMG_5257,IMG_5260,8,0.45826,0.47149,False,0.1286,0.127
IMG_5136,IMG_5189,5,0.50076,0.45839,False,0.0109,0.0449
IMG_5176,IMG_5182,5,0.50425,0.45876,False,0.0026,0.0617
IMG_5132,IMG_5158,5,0.45877,0.59876,False,0.0,0.0387
IMG_5256,IMG_5260,8,0.48309,0.45885,False,0.0826,0.0689
IMG_5181,IMG_5194,5,0.45976,0.45904,False,0.1301,0.0954
IMG_5218,IMG_5220,6,0.45906,0.54828,False,0.0251,0.1903
IMG_5126,IMG_5182,5,0.45944,0.48765,False,0.068,0.076
IMG_5210,IMG_5226,6,0.4595,0.5845,False,0.0,0.0433
IMG_5214,IMG_5229,6,0.59508,0.45952,False,0.1081,0.0434
IMG_5126,IMG_5150,5,0.47,0.45957,False,0.0493,0.0405
IMG_5171,IMG_5182,5,0.54585,0.45982,False,0.0744,0.0717
IMG_5180,IMG_5191,5,0.47382,0.45984,False,0.0302,0.036
IMG_5149,IMG_5198,5,0.49167,0.45992,False,0.0183,0.0562
IMG_5237,IMG_5240,9,0.46006,0.47325,False,0.2805,0.302
IMG_5172,IMG_5188,5,0.50625,0.46007,False,0.1031,0.0493
IMG_5164,IMG_5193,5,0.55945,0.46023,False,0.0548,0.0989
IMG_5171,IMG_5190,5,0.51428,0.46037,False,0.0,0.0
IMG_5140,IMG_5171,5,0.49769,0.46042,False,0.0278,0.0114
IMG_5134,IMG_5183,5,0.49339,0.46052,False,0.0,0.0
IMG_5139,IMG_5192,5,0.46063,0.46098,False,0.0804,0.1057
IMG_5149,IMG_5188,5,0.46068,0.49994,False,0.0255,0.0276
IMG_5128,IMG_5185,5,0.47527,0.46089,False,0.0,0.0071
IMG_5171,IMG_5197,5,0.46097,0.50187,False,0.0163,0.0785
IMG_5130,IMG_5171,5,0.46103,0.53504,False,0.0024,0.0014
IMG_5210,IMG_5232,6,0.46114,0.47544,False,0.1651,0.1581
IMG_5170,IMG_5198,5,0.46116,0.46845,False,0.012,0.0225
IMG_5210,IMG_5230,6,0.46123,0.46685,False,0.2237,0.1733
IMG_5130,IMG_5184,5,0.48667,0.46137,False,0.0,0.0046
IMG_5131,IMG_5178,5,0.46154,0.52844,False,0.0,0.0132
IMG_5137,IMG_5175,5,0.49336,0.46163,False,0.0524,0.0473
IMG_5173,IMG_5199,5,0.57754,0.4621,False,0.0687,0.1033
IMG_5137,IMG_5183,5,0.4624,0.5277,False,0.0,0.0551
IMG_5163,IMG_5179,5,0.50786,0.46248,False,0.0402,0.0527
IMG_5220,IMG_5222,6,0.46252,0.51856,False,0.1037,0.136
IMG_5247,IMG_5252,8,0.46253,0.46725,False,0.0446,0.0198
IMG_5135,IMG_5198,5,0.46268,0.48282,False,0.019,0.0307
IMG_5287,IMG_5317,7,0.46301,0.53286,False,0.0993,0.0607
IMG_5126,IMG_5147,5,0.52053,0.46308,False,0.0076,0.0365
IMG_5130,IMG_5138,5,0.47531,0.4632,False,0.0,0.0
IMG_5129,IMG_5185,5,0.46322,0.4696,False,0.0,0.0
IMG_5137,IMG_5164,5,0.46333,0.49575,False,0.0515,0.0594
IMG_5149,IMG_5192,5,0.46344,0.49656,False,0.0062,0.0012
IMG_5247,IMG_5262,8,0.49648,0.46364,False,0.0011,0.0148
IMG_5214,IMG_5228,6,0.60543,0.46386,False,0.0933,0.0362
IMG_5129,IMG_5158,5,0.46405,0.52265,False,0.0146,0.047
IMG_5299,IMG_5316,7,0.46406,0.5155,False,0.0384,0.0409
IMG_5214,IMG_5231,6,0.61174,0.46415,False,0.1427,0.0269
IMG_5168,IMG_5186,5,0.52367,0.46423,False,0.054,0.0585
IMG_5138,IMG_5192,5,0.46425,0.4659,False,0.0404,0.0487
IMG_5209,IMG_5225,6,0.49964,0.46426,False,0.0149,0.0201
IMG_5170,IMG_5197,5,0.46428,0.49184,False,0.0383,0.0764
IMG_5131,IMG_5139,5,0.49872,0.46429,False,0.0523,0.0
IMG_5127,IMG_5150,5,0.46433,0.47692,False,0.0723,0.0392
IMG_5165,IMG_5179,5,0.46451,0.4902,False,0.0881,0.169
IMG_5130,IMG_5170,5,0.46452,0.51188,False,0.0,0.0
IMG_5163,IMG_5196,5,0.5507,0.4646,False,0.0216,0.0
IMG_5134,IMG_5184,5,0.46469,0.4991,False,0.0459,0.0091
IMG_5287,IMG_5315,7,0.49978,0.46476,False,0.0453,0.0673
IMG_5128,IMG_5168,5,0.46486,0.46895,False,0.0,0.0
IMG_5134,IMG_5137,5,0.47936,0.46488,False,0.0,0.0
IMG_5141,IMG_5182,5,0.46504,0.48125,False,0.0288,0.0422
IMG_5137,IMG_5190,5,0.46507,0.49131,False,0.045,0.0052
IMG_5129,IMG_5137,5,0.46761,0.46531,False,0.0,0.0
IMG_5137,IMG_5176,5,0.50951,0.46543,False,0.0863,0.1047
IMG_5126,IMG_5149,5,0.48368,0.46547,False,0.0509,0.0451
IMG_5297,IMG_5316,7,0.46549,0.46954,False,0.0978,0.1031
IMG_5137,IMG_5174,5,0.47896,0.46562,False,0.0421,0.0436
IMG_5247,IMG_5259,8,0.46575,0.49211,False,0.0817,0.0671
IMG_5148,IMG_5198,5,0.48327,0.46603,False,0.0257,0.0461
IMG_5167,IMG_5186,5,0.50434,0.46609,False,0.0716,0.0818
IMG_5148,IMG_5192,5,0.46625,0.48395,False,0.0008,0.0
IMG_5157,IMG_5187,5,0.53369,0.46628,False,0.0274,0.0343
IMG_5246,IMG_5255,8,0.46629,0.53055,False,0.0449,0.0521
IMG_5147,IMG_5191,5,0.52238,0.46632,False,0.0052,0.0
IMG_5126,IMG_5177,5,0.50703,0.46642,False,0.1456,0.1023
IMG_5133,IMG_5146,5,0.46644,0.49563,False,0.0175,0.037
IMG_5256,IMG_5276,8,0.46648,0.60389,False,0.0276,0.1149
IMG_5138,IMG_5188,5,0.4665,0.486,False,0.032,0.047
IMG_5300,IMG_5314,7,0.54136,0.46661,False,0.0677,0.0683
IMG_5132,IMG_5166,5,0.49309,0.4667,False,0.0012,0.0027
IMG_5223,IMG_5228,6,0.46683,0.62381,False,0.0116,0.174
IMG_5137,IMG_5149,5,0.46687,0.49056,False,0.062,0.0517
IMG_5146,IMG_5193,5,0.54981,0.46703,False,0.0095,0.0
IMG_5171,IMG_5195,5,0.46708,0.50598,False,0.0,0.0
IMG_5136,IMG_5163,5,0.46714,0.50583,False,0.0205,0.0463
IMG_5127,IMG_5146,5,0.46719,0.5055,False,0.0555,0.1102
IMG_5288,IMG_5312,7,0.48654,0.46759,False,0.037,0.0526
IMG_5133,IMG_5171,5,0.46766,0.52711,False,0.0388,0.0241
IMG_5159,IMG_5194,5,0.46772,0.47959,False,0.0,0.0331
IMG_5178,IMG_5185,5,0.46774,0.47934,False,0.0232,0.0111
IMG_5168,IMG_5188,5,0.46774,0.4727,False,0.0957,0.098
IMG_5302,IMG_5312,7,0.59278,0.46779,False,0.1185,0.2944
IMG_5141,IMG_5167,5,0.47518,0.46779,False,0.0612,0.1318
IMG_5127,IMG_5148,5,0.4678,0.4955,False,0.0774,0.0469
IMG_5137,IMG_5189,5,0.51325,0.46793,False,0.0142,0.0119
IMG_5135,IMG_5189,5,0.468,0.48689,False,0.0,0.0
IMG_5215,IMG_5221,6,0.56957,0.46812,False,0.0511,0.0
IMG_5226,IMG_5228,6,0.4683,0.65342,False,0.0026,0.1434
IMG_5311,IMG_5315,7,0.54015,0.46845,False,0.0551,0.0565
IMG_5133,IMG_5147,5,0.49568,0.46851,False,0.0382,0.0218
IMG_5158,IMG_5199,5,0.50924,0.46884,False,0.151,0.1758
IMG_5187,IMG_5193,5,0.54866,0.46886,False,0.0542,0.136
IMG_5256,IMG_5271,8,0.46892,0.59986,False,0.0126,0.1326
IMG_5126,IMG_5172,5,0.46895,0.48179,False,0.079,0.1255
IMG_5143,IMG_5194,5,0.46905,0.49226,False,0.0145,0.0316
IMG_5133,IMG_5166,5,0.49672,0.46916,False,0.0056,0.0055
IMG_5247,IMG_5276,8,0.52097,0.46925,False,0.0499,0.0996
IMG_5146,IMG_5190,5,0.53526,0.46929,False,0.0178,0.0022
IMG_5166,IMG_5191,5,0.51126,0.46934,False,0.0305,0.0308
IMG_5136,IMG_5151,5,0.48423,0.46943,False,0.0384,0.0393
IMG_5154,IMG_5189,5,0.51168,0.46945,False,0.0,0.0066
IMG_5162,IMG_5193,5,0.5361,0.4697,False,0.1148,0.0904
IMG_5126,IMG_5195,5,0.46973,0.48003,False,0.0,0.0
IMG_5301,IMG_5310,7,0.46973,0.51594,False,0.0377,0.0594
IMG_5166,IMG_5193,5,0.46992,0.50884,False,0.0142,0.0167
IMG_5138,IMG_5150,5,0.46993,0.47732,False,0.0297,0.0413
IMG_5176,IMG_5189,5,0.50828,0.47005,False,0.0053,0.0166
IMG_5247,IMG_5257,8,0.47008,0.47877,False,0.0644,0.0753
IMG_5306,IMG_5318,7,0.74977,0.47025,False,0.0988,0.0407
IMG_5136,IMG_5188,5,0.47025,0.48271,False,0.0559,0.065
IMG_5277,IMG_5316,7,0.47032,0.52416,False,0.045,0.0495
IMG_5127,IMG_5176,5,0.47035,0.52015,False,0.0279,0.0929
IMG_5188,IMG_5196,5,0.47037,0.5432,False,0.0622,0.1069
IMG_5133,IMG_5190,5,0.50246,0.47048,False,0.0,0.0
IMG_5180,IMG_5192,5,0.48655,0.47049,False,0.04,0.0327
IMG_5170,IMG_5195,5,0.4705,0.49313,False,0.0,0.0
IMG_5287,IMG_5304,7,0.5526,0.47065,False,0.0782,0.111
IMG_5224,IMG_5228,6,0.47073,0.63583,False,0.0044,0.1375
IMG_5144,IMG_5191,5,0.48696,0.47076,False,0.0194,0.0607
IMG_5185,IMG_5193,5,0.55808,0.47078,False,0.1292,0.1383
IMG_5133,IMG_5170,5,0.47109,0.50117,False,0.0167,0.016
IMG_5147,IMG_5192,5,0.49073,0.47112,False,0.0021,0.0
IMG_5167,IMG_5187,5,0.47117,0.47694,False,0.033,0.1149
IMG_5248,IMG_5260,8,0.56646,0.4712,False,0.0378,0.1231
IMG_5140,IMG_5186,5,0.63368,0.47125,False,0.0627,0.1181
IMG_5140,IMG_5175,5,0.52139,0.47139,False,0.0285,0.0
IMG_5167,IMG_5185,5,0.47162,0.51772,False,0.1038,0.1104
IMG_5127,IMG_5181,5,0.47168,0.48376,False,0.0508,0.0624
IMG_5171,IMG_5198,5,0.48455,0.47171,False,0.01,0.0134
IMG_5137,IMG_5180,5,0.54984,0.47174,False,0.1246,0.0834
IMG_5281,IMG_5304,7,0.58417,0.4718,False,0.0703,0.0545
IMG_5129,IMG_5138,5,0.47189,0.47998,False,0.0,0.0
IMG_5141,IMG_5168,5,0.49485,0.4719,False,0.068,0.1069
IMG_5127,IMG_5177,5,0.47722,0.47199,False,0.1073,0.1074
IMG_5135,IMG_5190,5,0.47934,0.47202,False,0.0,0.0
IMG_5138,IMG_5145,5,0.47208,0.50495,False,0.0,0.0103
IMG_5150,IMG_5187,5,0.47208,0.47996,False,0.1444,0.1472
IMG_5183,IMG_5193,5,0.51604,0.47227,False,0.048,0.108
IMG_5151,IMG_5171,5,0.47236,0.47931,False,0.0579,0.0247
IMG_5184,IMG_5193,5,0.53903,0.47241,False,0.1407,0.1397
IMG_5175,IMG_5190,5,0.58894,0.47242,False,0.0216,0.0168
IMG_5259,IMG_5276,8,0.57539,0.47243,False,0.0834,0.132
IMG_5267,IMG_5271,8,0.72391,0.47244,False,0.023,0.0796
IMG_5130,IMG_5169,5,0.47244,0.51154,False,0.0,0.0
IMG_5142,IMG_5176,5,0.48239,0.47246,False,0.0184,0.0152
IMG_5164,IMG_5179,5,0.49604,0.47248,False,0.0648,0.0746
IMG_5279,IMG_5280,7,0.50741,0.47256,False,0.4659,0.3123
IMG_5181,IMG_5192,5,0.47278,0.47622,False,0.0306,0.0344
IMG_5212,IMG_5226,6,0.50906,0.4728,False,0.007,0.0177
IMG_5136,IMG_5145,5,0.47284,0.52897,False,0.0,0.0057
IMG_5153,IMG_5176,5,0.51157,0.47287,False,0.1054,0.0466
IMG_5172,IMG_5198,5,0.47288,0.48622,False,0.0003,0.0162
IMG_5163,IMG_5194,5,0.50333,0.47292,False,0.1209,0.1063
IMG_5139,IMG_5183,5,0.47294,0.51842,False,0.0195,0.0422
IMG_5183,IMG_5198,5,0.47295,0.52355,False,0.0642,0.0542
IMG_5186,IMG_5189,5,0.47297,0.47308,False,0.0845,0.0538
IMG_5141,IMG_5175,5,0.4802,0.47299,False,0.0184,0.0333
IMG_5227,IMG_5230,6,0.47299,0.47715,False,0.2642,0.3558
IMG_5164,IMG_5196,5,0.5398,0.47308,False,0.0207,0.002
IMG_5168,IMG_5198,5,0.53347,0.47311,False,0.0215,0.0276
IMG_5209,IMG_5223,6,0.48603,0.47321,False,0.0002,0.022
IMG_5277,IMG_5318,7,0.47321,0.64054,False,0.0576,0.0251
IMG_5129,IMG_5190,5,0.47336,0.49153,False,0.0,0.0
IMG_5260,IMG_5269,8,0.47343,0.48918,False,0.1349,0.1303
IMG_5138,IMG_5162,5,0.47345,0.48279,False,0.0393,0.0394
IMG_5142,IMG_5175,5,0.48185,0.47348,False,0.0166,0.0143
IMG_5126,IMG_5148,5,0.4735,0.47782,False,0.052,0.0461
IMG_5132,IMG_5185,5,0.50279,0.4736,False,0.0,0.0075
IMG_5140,IMG_5164,5,0.482,0.47362,False,0.0767,0.0495
IMG_5288,IMG_5309,7,0.47379,0.50371,False,0.0377,0.0531
IMG_5129,IMG_5139,5,0.47384,0.49705,False,0.0,0.0
IMG_5143,IMG_5193,5,0.54225,0.47384,False,0.0045,0.0398
IMG_5261,IMG_5271,8,0.65825,0.47386,False,0.039,0.0701
IMG_5214,IMG_5227,6,0.64705,0.47395,False,0.1423,0.0358
IMG_5182,IMG_5198,5,0.47401,0.48391,False,0.0678,0.056
IMG_5136,IMG_5190,5,0.48154,0.47419,False,0.0339,0.0345
IMG_5258,IMG_5260,8,0.61135,0.47426,False,0.1399,0.1379
IMG_5142,IMG_5186,5,0.54209,0.47428,False,0.0371,0.0973
IMG_5157,IMG_5190,5,0.47438,0.48423,False,0.0037,0.0109
IMG_5139,IMG_5143,5,0.47855,0.4744,False,0.0085,0.0135
IMG_5177,IMG_5182,5,0.52278,0.47462,False,0.0498,0.0791
IMG_5143,IMG_5192,5,0.47465,0.52846,False,0.0529,0.07
IMG_5164,IMG_5181,5,0.4957,0.47468,False,0.1143,0.0996
IMG_5129,IMG_5184,5,0.48581,0.47479,False,0.0217,0.0017
IMG_5223,IMG_5227,6,0.47488,0.67914,False,0.0059,0.1073
IMG_5167,IMG_5198,5,0.55438,0.475,False,0.0373,0.0326
IMG_5132,IMG_5152,5,0.47525,0.52141,False,0.0178,0.0447
IMG_5139,IMG_5193,5,0.57297,0.47544,False,0.0087,0.0406
IMG_5155,IMG_5199,5,0.47556,0.48684,False,0.1434,0.1761
IMG_5163,IMG_5181,5,0.47946,0.47563,False,0.0972,0.0738
IMG_5147,IMG_5189,5,0.49163,0.47577,False,0.0201,0.0155
IMG_5129,IMG_5183,5,0.49764,0.47587,False,0.0,0.0
IMG_5157,IMG_5194,5,0.52164,0.47605,False,0.0828,0.0285
IMG_5174,IMG_5190,5,0.59176,0.47611,False,0.0294,0.0063
IMG_5169,IMG_5189,5,0.47996,0.47612,False,0.0094,0.0
IMG_5131,IMG_5185,5,0.52279,0.47619,False,0.0144,0.0067
IMG_5169,IMG_5198,5,0.50055,0.47625,False,0.013,0.0184
IMG_5246,IMG_5252,8,0.48777,0.47629,False,0.0422,0.0289
IMG_5132,IMG_5181,5,0.47649,0.50808,False,0.0352,0.0542
IMG_5153,IMG_5171,5,0.53707,0.47651,False,0.1196,0.0633
IMG_5168,IMG_5189,5,0.47658,0.48321,False,0.0,0.0
IMG_5281,IMG_5313,7,0.4766,0.5234,False,0.0731,0.1088
IMG_5162,IMG_5196,5,0.55434,0.47672,False,0.0235,0.0075
IMG_5145,IMG_5194,5,0.50064,0.47684,False,0.0047,0.0174
IMG_5175,IMG_5188,5,0.58455,0.47693,False,0.0436,0.0616
IMG_5126,IMG_5181,5,0.49901,0.47696,False,0.0784,0.0555
IMG_5146,IMG_5191,5,0.58963,0.47696,False,0.0,0.0
IMG_5137,IMG_5173,5,0.48984,0.477,False,0.0306,0.0455
IMG_5133,IMG_5141,5,0.49611,0.47711,False,0.0,0.0
IMG_5226,IMG_5227,6,0.47718,0.70879,False,0.0,0.1037
IMG_5135,IMG_5183,5,0.50088,0.47722,False,0.0639,0.0393
IMG_5283,IMG_5316,7,0.47734,0.55817,False,0.1007,0.0632
IMG_5290,IMG_5313,7,0.52758,0.47737,False,0.068,0.0543
IMG_5307,IMG_5314,7,0.66941,0.47742,False,0.0757,0.0488
IMG_5141,IMG_5180,5,0.48565,0.47753,False,0.1263,0.073
IMG_5156,IMG_5199,5,0.48779,0.47756,False,0.1663,0.1605
IMG_5224,IMG_5227,6,0.47758,0.6912,False,0.0,0.1006
IMG_5142,IMG_5174,5,0.47761,0.48121,False,0.012,0.0195
IMG_5139,IMG_5149,5,0.47773,0.5139,False,0.0127,0.0241
IMG_5167,IMG_5188,5,0.48588,0.47775,False,0.0949,0.1281
IMG_5255,IMG_5263,8,0.6652,0.47781,False,0.0831,0.0897
IMG_5173,IMG_5190,5,0.61438,0.47808,False,0.0437,0.0068
IMG_5127,IMG_5149,5,0.47813,0.48293,False,0.0745,0.0449
IMG_5133,IMG_5169,5,0.47818,0.49934,False,0.0146,0.0176
IMG_5277,IMG_5314,7,0.49373,0.47834,False,0.1106,0.0361
IMG_5300,IMG_5313,7,0.54385,0.47836,False,0.0936,0.1443
IMG_5174,IMG_5197,5,0.53758,0.4784,False,0.0836,0.1507
IMG_5183,IMG_5194,5,0.47846,0.50325,False,0.1333,0.1413
IMG_5132,IMG_5184,5,0.4872,0.47854,False,0.0039,0.0159
IMG_5130,IMG_5190,5,0.5353,0.47854,False,0.042,0.0
IMG_5142,IMG_5180,5,0.52173,0.47859,False,0.0947,0.0695
IMG_5141,IMG_5150,5,0.53289,0.47865,False,0.0549,0.0066
IMG_5267,IMG_5276,8,0.65817,0.4787,False,0.0231,0.0652
IMG_5286,IMG_5314,7,0.57819,0.47882,False,0.1106,0.0622
IMG_5185,IMG_5195,5,0.47887,0.48674,False,0.1051,0.1017
IMG_5178,IMG_5194,5,0.47887,0.53703,False,0.0014,0.0972
IMG_5142,IMG_5144,5,0.51835,0.47887,False,0.063,0.0586
IMG_5148,IMG_5191,5,0.49707,0.47914,False,0.0,0.0
IMG_5139,IMG_5144,5,0.47924,0.48648,False,0.0203,0.0274
IMG_5169,IMG_5195,5,0.47939,0.49748,False,0.0,0.0
IMG_5296,IMG_5313,7,0.49297,0.47943,False,0.0742,0.136
IMG_5178,IMG_5184,5,0.49063,0.47953,False,0.0449,0.0178
IMG_5136,IMG_5191,5,0.5176,0.47955,False,0.0308,0.0222
IMG_5184,IMG_5198,5,0.47956,0.52179,False,0.1289,0.1757
IMG_5170,IMG_5189,5,0.49246,0.47969,False,0.0094,0.0
IMG_5172,IMG_5190,5,0.50363,0.4797,False,0.0,0.0
IMG_5175,IMG_5196,5,0.53365,0.47974,False,0.0338,0.0318
IMG_5183,IMG_5195,5,0.47978,0.50451,False,0.1056,0.1207
IMG_5245,IMG_5255,8,0.58203,0.47986,False,0.0304,0.0828
IMG_5278,IMG_5313,7,0.47989,0.48256,False,0.0705,0.0462
IMG_5130,IMG_5139,5,0.48405,0.48,False,0.0,0.0
IMG_5209,IMG_5221,6,0.48006,0.49302,False,0.002,0.0452
IMG_5167,IMG_5184,5,0.48009,0.51581,False,0.1139,0.1273
IMG_5146,IMG_5192,5,0.55838,0.48015,False,0.0,0.0
IMG_5134,IMG_5185,5,0.48016,0.49397,False,0.0039,0.0
IMG_5134,IMG_5138,5,0.48624,0.48017,False,0.0,0.0
IMG_5311,IMG_5316,7,0.48034,0.67295,False,0.0564,0.0701
IMG_5259,IMG_5271,8,0.59274,0.48042,False,0.0514,0.0754
IMG_5166,IMG_5185,5,0.55717,0.48061,False,0.0,0.0
IMG_5150,IMG_5192,5,0.48067,0.51432,False,0.0255,0.0131
IMG_5127,IMG_5147,5,0.51115,0.48072,False,0.0252,0.0364
IMG_5127,IMG_5198,5,0.49413,0.48073,False,0.0277,0.0327
IMG_5143,IMG_5166,5,0.48081,0.50169,False,0.0811,0.1022
IMG_5145,IMG_5192,5,0.48083,0.50429,False,0.0581,0.0434
IMG_5312,IMG_5314,7,0.64108,0.48088,False,0.0875,0.0579
IMG_5249,IMG_5255,8,0.48091,0.59665,False,0.0799,0.145
IMG_5162,IMG_5179,5,0.54231,0.48092,False,0.0519,0.0648
IMG_5227,IMG_5232,6,0.48098,0.48581,False,0.2177,0.2995
IMG_5141,IMG_5186,5,0.58486,0.48102,False,0.1494,0.1145
IMG_5187,IMG_5195,5,0.48112,0.50121,False,0.0877,0.101
IMG_5290,IMG_5316,7,0.48118,0.56695,False,0.1291,0.0646
IMG_5131,IMG_5184,5,0.5509,0.4812,False,0.0492,0.015
IMG_5132,IMG_5168,5,0.49878,0.48132,False,0.0,0.0
IMG_5166,IMG_5184,5,0.52188,0.48139,False,0.0,0.0023
IMG_5214,IMG_5230,6,0.66488,0.48147,False,0.1564,0.0379
IMG_5278,IMG_5314,7,0.6524,0.48148,False,0.1228,0.0478
IMG_5287,IMG_5305,7,0.5375,0.48158,False,0.0937,0.1124
IMG_5173,IMG_5197,5,0.55858,0.48158,False,0.0896,0.1673
IMG_5144,IMG_5193,5,0.58438,0.48173,False,0.0022,0.0335
IMG_5126,IMG_5146,5,0.48182,0.48815,False,0.0892,0.1284
IMG_5144,IMG_5166,5,0.48182,0.51182,False,0.0662,0.1475
IMG_5132,IMG_5142,5,0.53708,0.48183,False,0.0,0.0
IMG_5168,IMG_5185,5,0.48184,0.51436,False,0.0883,0.0769
IMG_5130,IMG_5154,5,0.48224,0.59302,False,0.0,0.0056
IMG_5136,IMG_5192,5,0.50044,0.48238,False,0.0265,0.0293
IMG_5209,IMG_5224,6,0.48254,0.48537,False,0.0,0.0249
IMG_5130,IMG_5156,5,0.48257,0.558,False,0.0,0.0
IMG_5302,IMG_5303,7,0.48267,0.57935,False,0.059,0.075
IMG_5132,IMG_5141,5,0.51634,0.48268,False,0.0,0.0
IMG_5219,IMG_5228,6,0.68875,0.48288,False,0.0261,0.1036
IMG_5136,IMG_5183,5,0.48289,0.51532,False,0.0316,0.0554
IMG_5164,IMG_5194,5,0.49188,0.48314,False,0.082,0.0954
IMG_5127,IMG_5193,5,0.53449,0.48316,False,0.0,0.0
IMG_5184,IMG_5195,5,0.48326,0.49087,False,0.127,0.1322
IMG_5135,IMG_5176,5,0.48328,0.49638,False,0.0553,0.0791
IMG_5246,IMG_5262,8,0.52263,0.48334,False,0.0028,0.0163
IMG_5158,IMG_5192,5,0.52251,0.48353,False,0.0481,0.0571
IMG_5137,IMG_5151,5,0.51388,0.48361,False,0.0885,0.0629
IMG_5210,IMG_5225,6,0.48361,0.54652,False,0.0,0.0498
IMG_5128,IMG_5190,5,0.48845,0.48372,False,0.0,0.0
IMG_5131,IMG_5166,5,0.50787,0.4838,False,0.011,0.0043
IMG_5245,IMG_5247,8,0.49191,0.48381,False,0.139,0.1566
IMG_5179,IMG_5193,5,0.48382,0.49652,False,0.0028,0.13
IMG_5126,IMG_5198,5,0.48384,0.48389,False,0.0178,0.0255
IMG_5257,IMG_5274,8,0.48396,0.52442,False,0.052,0.1532
IMG_5209,IMG_5226,6,0.48405,0.50295,False,0.0009,0.0276
IMG_5126,IMG_5184,5,0.48426,0.52658,False,0.0308,0.0543
IMG_5187,IMG_5198,5,0.48427,0.52014,False,0.0352,0.0537
IMG_5140,IMG_5169,5,0.53942,0.48436,False,0.1019,0.0436
IMG_5285,IMG_5314,7,0.48443,0.53813,False,0.1442,0.0615
IMG_5209,IMG_5219,6,0.61668,0.48446,False,0.0686,0.0
IMG_5308,IMG_5310,7,0.4846,0.50413,False,0.0425,0.0561
IMG_5162,IMG_5181,5,0.49223,0.48464,False,0.0905,0.0932
IMG_5142,IMG_5185,5,0.48799,0.48485,False,0.0803,0.073
IMG_5261,IMG_5276,8,0.63935,0.48488,False,0.0366,0.0252
IMG_5155,IMG_5188,5,0.53403,0.48502,False,0.0337,0.0198
IMG_5133,IMG_5142,5,0.50461,0.48505,False,0.0,0.0
IMG_5281,IMG_5305,7,0.54917,0.48513,False,0.0795,0.071
IMG_5171,IMG_5196,5,0.48514,0.56542,False,0.0,0.0073
IMG_5128,IMG_5171,5,0.48515,0.52034,False,0.0,0.0015
IMG_5247,IMG_5261,8,0.48518,0.4914,False,0.0713,0.0559
IMG_5159,IMG_5192,5,0.56409,0.4853,False,0.0166,0.0823
IMG_5142,IMG_5184,5,0.48563,0.48545,False,0.0678,0.0742
IMG_5258,IMG_5274,8,0.48553,0.53413,False,0.0552,0.1405
IMG_5299,IMG_5315,7,0.54089,0.4859,False,0.0746,0.0494
IMG_5132,IMG_5180,5,0.48591,0.49641,False,0.0366,0.0448
IMG_5214,IMG_5232,6,0.62223,0.48598,False,0.1272,0.027
IMG_5186,IMG_5194,5,0.48606,0.56117,False,0.0197,0.0823
IMG_5284,IMG_5315,7,0.48617,0.52445,False,0.0964,0.0607
IMG_5191,IMG_5196,5,0.58436,0.4863,False,0.0928,0.0377
IMG_5135,IMG_5194,5,0.51445,0.48632,False,0.0,0.0038
IMG_5142,IMG_5173,5,0.4865,0.4941,False,0.0071,0.0195
IMG_5134,IMG_5147,5,0.56253,0.48661,False,0.0797,0.017
IMG_5183,IMG_5197,5,0.48664,0.5076,False,0.1344,0.1845
IMG_5138,IMG_5149,5,0.4867,0.50303,False,0.0253,0.0382
IMG_5127,IMG_5140,5,0.58172,0.48675,False,0.0,0.0
IMG_5213,IMG_5221,6,0.48678,0.54062,False,0.0083,0.0494
IMG_5134,IMG_5150,5,0.50127,0.4868,False,0.027,0.0238
IMG_5165,IMG_5178,5,0.48769,0.48722,False,0.0243,0.2306
IMG_5285,IMG_5316,7,0.48726,0.57922,False,0.0868,0.0759
IMG_5246,IMG_5257,8,0.50116,0.48727,False,0.0735,0.0736
IMG_5146,IMG_5189,5,0.57818,0.48728,False,0.0579,0.0008
IMG_5310,IMG_5312,7,0.56233,0.48732,False,0.1014,0.0534
IMG_5154,IMG_5188,5,0.54273,0.48741,False,0.0159,0.0228
IMG_5131,IMG_5141,5,0.50992,0.48778,False,0.0,0.0
IMG_5289,IMG_5316,7,0.48783,0.56878,False,0.1249,0.0593
IMG_5133,IMG_5189,5,0.5196,0.48808,False,0.0024,0.0
IMG_5180,IMG_5183,5,0.50818,0.48811,False,0.0072,0.01
IMG_5252,IMG_5274,8,0.48812,0.56707,False,0.0041,0.067
IMG_5164,IMG_5176,5,0.54949,0.4882,False,0.1025,0.1165
IMG_5131,IMG_5168,5,0.58208,0.48824,False,0.0123,0.0
IMG_5264,IMG_5271,8,0.74449,0.48827,False,0.0303,0.0553
IMG_5247,IMG_5258,8,0.49315,0.48835,False,0.0598,0.0803
IMG_5260,IMG_5268,8,0.48839,0.51156,False,0.1382,0.1318
IMG_5171,IMG_5189,5,0.5371,0.48855,False,0.0052,0.0042
IMG_5128,IMG_5170,5,0.48861,0.49668,False,0.0,0.0
IMG_5135,IMG_5150,5,0.51072,0.48862,False,0.063,0.0561
IMG_5133,IMG_5180,5,0.53358,0.48876,False,0.0613,0.0448
IMG_5164,IMG_5187,5,0.52592,0.48881,False,0.0691,0.0498
IMG_5185,IMG_5198,5,0.48892,0.51977,False,0.0933,0.153
IMG_5299,IMG_5310,7,0.48907,0.55647,False,0.0602,0.0871
IMG_5134,IMG_5139,5,0.48918,0.49913,False,0.0,0.0
IMG_5134,IMG_5176,5,0.48922,0.50007,False,0.0372,0.0297
IMG_5253,IMG_5270,8,0.48924,0.63618,False,0.0113,0.0625
IMG_5286,IMG_5317,7,0.48924,0.53844,False,0.1561,0.0683
IMG_5283,IMG_5304,7,0.55851,0.48929,False,0.0693,0.048
IMG_5259,IMG_5270,8,0.57327,0.4894,False,0.0923,0.0743
IMG_5282,IMG_5310,7,0.48947,0.52223,False,0.0555,0.0843
IMG_5139,IMG_5160,5,0.48966,0.54559,False,0.0,0.0
IMG_5254,IMG_5259,8,0.48966,0.5476,False,0.0566,0.0535
IMG_5284,IMG_5304,7,0.54724,0.48972,False,0.0591,0.0446
IMG_5134,IMG_5190,5,0.48976,0.51646,False,0.0,0.0
IMG_5159,IMG_5199,5,0.48978,0.50022,False,0.1139,0.1396
IMG_5130,IMG_5160,5,0.51609,0.48987,False,0.0634,0.0692
IMG_5265,IMG_5271,8,0.75409,0.49002,False,0.0307,0.0936
IMG_5251,IMG_5273,8,0.49003,0.635,False,0.003,0.0557
IMG_5141,IMG_5143,5,0.5579,0.49003,False,0.0142,0.0546
IMG_5140,IMG_5167,5,0.5899,0.49016,False,0.0764,0.0717
IMG_5128,IMG_5160,5,0.54488,0.4907,False,0.0455,0.0846
IMG_5129,IMG_5168,5,0.50188,0.49075,False,0.0,0.0
IMG_5149,IMG_5191,5,0.49433,0.49083,False,0.0,0.0
IMG_5163,IMG_5187,5,0.50439,0.49094,False,0.0732,0.052
IMG_5151,IMG_5188,5,0.5,0.49094,False,0.0913,0.0929
IMG_5160,IMG_5191,5,0.62145,0.49108,False,0.0001,0.0294
IMG_5247,IMG_5268,8,0.49109,0.53712,False,0.0153,0.0369
IMG_5134,IMG_5149,5,0.51366,0.49114,False,0.0464,0.0365
IMG_5136,IMG_5160,5,0.49137,0.52744,False,0.0,0.0
IMG_5297,IMG_5317,7,0.49145,0.51121,False,0.1053,0.1223
IMG_5285,IMG_5310,7,0.49146,0.51402,False,0.0612,0.0778
IMG_5185,IMG_5197,5,0.49657,0.49168,False,0.1593,0.1357
IMG_5140,IMG_5185,5,0.54699,0.492,False,0.0643,0.0771
IMG_5178,IMG_5193,5,0.49207,0.51486,False,0.0,0.054
IMG_5140,IMG_5170,5,0.54358,0.49226,False,0.0928,0.0313
IMG_5162,IMG_5194,5,0.52033,0.49228,False,0.1274,0.0966
IMG_5281,IMG_5310,7,0.56961,0.4925,False,0.1178,0.0824
IMG_5216,IMG_5228,6,0.67237,0.49265,False,0.0228,0.0204
IMG_5225,IMG_5228,6,0.49268,0.61367,False,0.0,0.1408
IMG_5153,IMG_5188,5,0.5435,0.49275,False,0.1462,0.0755
IMG_5307,IMG_5318,7,0.73487,0.49285,False,0.0847,0.0376
IMG_5251,IMG_5272,8,0.4929,0.60833,False,0.01,0.0445
IMG_5259,IMG_5269,8,0.49295,0.53162,False,0.0869,0.1016
IMG_5280,IMG_5316,7,0.493,0.58593,False,0.095,0.0732
IMG_5144,IMG_5192,5,0.49301,0.52837,False,0.0402,0.0579
IMG_5128,IMG_5166,5,0.52043,0.49305,False,0.0,0.0
IMG_5142,IMG_5188,5,0.49308,0.53136,False,0.0157,0.0258
IMG_5163,IMG_5176,5,0.53056,0.49309,False,0.0932,0.1019
IMG_5298,IMG_5317,7,0.49313,0.49863,False,0.0923,0.1192
IMG_5257,IMG_5273,8,0.50406,0.49314,False,0.0784,0.1467
IMG_5219,IMG_5231,6,0.62455,0.49315,False,0.0335,0.1482
IMG_5182,IMG_5191,5,0.56826,0.4933,False,0.1024,0.0683
IMG_5174,IMG_5186,5,0.60634,0.49331,False,0.0172,0.0741
IMG_5135,IMG_5147,5,0.55618,0.49332,False,0.0145,0.0441
IMG_5158,IMG_5191,5,0.55003,0.49342,False,0.0638,0.0174
IMG_5171,IMG_5199,5,0.49349,0.49701,False,0.0022,0.0262
IMG_5212,IMG_5217,6,0.5664,0.49382,False,0.0113,0.0811
IMG_5168,IMG_5184,5,0.49389,0.51237,False,0.0778,0.0976
IMG_5134,IMG_5168,5,0.51115,0.49399,False,0.0024,0.0
IMG_5298,IMG_5318,7,0.51103,0.49415,False,0.0455,0.0794
IMG_5247,IMG_5269,8,0.49419,0.54029,False,0.0286,0.0409
IMG_5182,IMG_5192,5,0.53634,0.49473,False,0.0718,0.0669
IMG_5140,IMG_5184,5,0.57403,0.49489,False,0.0537,0.0895
IMG_5135,IMG_5149,5,0.52454,0.49494,False,0.0632,0.0606
IMG_5188,IMG_5199,5,0.49502,0.50975,False,0.0197,0.0121
IMG_5184,IMG_5197,5,0.49508,0.49553,False,0.1823,0.1672
IMG_5130,IMG_5157,5,0.4951,0.57399,False,0.0168,0.0463
IMG_5157,IMG_5199,5,0.52792,0.4951,False,0.1875,0.2234
IMG_5215,IMG_5224,6,0.4952,0.53117,False,0.0131,0.0239
IMG_5251,IMG_5270,8,0.49547,0.60559,False,0.0095,0.0541
IMG_5175,IMG_5182,5,0.54344,0.49556,False,0.0592,0.1023
IMG_5277,IMG_5315,7,0.54496,0.49559,False,0.0324,0.0488
IMG_5152,IMG_5163,5,0.58048,0.4956,False,0.0147,0.0
IMG_5280,IMG_5304,7,0.57919,0.49561,False,0.0556,0.0452
IMG_5130,IMG_5155,5,0.49579,0.56677,False,0.0,0.0141
IMG_5148,IMG_5189,5,0.49819,0.49581,False,0.0044,0.0139
IMG_5141,IMG_5162,5,0.49582,0.54086,False,0.0,0.0077
IMG_5145,IMG_5188,5,0.55274,0.49587,False,0.034,0.0166
IMG_5141,IMG_5151,5,0.59734,0.49589,False,0.0599,0.0006
IMG_5187,IMG_5197,5,0.49589,0.50427,False,0.0976,0.1569
IMG_5138,IMG_5151,5,0.53229,0.49592,False,0.0599,0.0376
IMG_5254,IMG_5256,8,0.49593,0.70713,False,0.0258,0.1729
IMG_5128,IMG_5169,5,0.49603,0.4961,False,0.0,0.0
IMG_5308,IMG_5318,7,0.76799,0.49617,False,0.0923,0.0424
IMG_5141,IMG_5145,5,0.57336,0.49626,False,0.0058,0.0647
IMG_5259,IMG_5265,8,0.5249,0.4963,False,0.0892,0.0676
IMG_5259,IMG_5264,8,0.51911,0.49635,False,0.0861,0.0674
IMG_5192,IMG_5196,5,0.55628,0.49635,False,0.0845,0.0705
IMG_5130,IMG_5189,5,0.55782,0.49637,False,0.0316,0.0056
IMG_5140,IMG_5168,5,0.5803,0.49644,False,0.128,0.0584
IMG_5246,IMG_5258,8,0.52396,0.49654,False,0.0675,0.0788
IMG_5170,IMG_5199,5,0.49654,0.5007,False,0.0227,0.0316
IMG_5140,IMG_5189,5,0.5876,0.49655,False,0.0,0.0
IMG_5191,IMG_5197,5,0.58344,0.49657,False,0.1306,0.0789
IMG_5129,IMG_5160,5,0.56578,0.49659,False,0.0468,0.0702
IMG_5137,IMG_5147,5,0.49661,0.53587,False,0.0365,0.0339
IMG_5127,IMG_5184,5,0.49686,0.50524,False,0.0602,0.0634
IMG_5262,IMG_5276,8,0.56447,0.49712,False,0.0381,0.0719
IMG_5284,IMG_5316,7,0.49719,0.55427,False,0.1036,0.0584
IMG_5139,IMG_5161,5,0.4972,0.51559,False,0.0,0.0
IMG_5134,IMG_5141,5,0.55337,0.49726,False,0.0,0.0
IMG_5289,IMG_5313,7,0.52286,0.49744,False,0.0534,0.0408
IMG_5219,IMG_5229,6,0.55583,0.49755,False,0.044,0.1199
IMG_5285,IMG_5304,7,0.5383,0.49756,False,0.0542,0.0543
IMG_5132,IMG_5190,5,0.52418,0.49756,False,0.0,0.0
IMG_5137,IMG_5191,5,0.55107,0.49773,False,0.009,0.0644
IMG_5247,IMG_5271,8,0.60106,0.49775,False,0.071,0.0781
IMG_5212,IMG_5230,6,0.49789,0.54331,False,0.1076,0.1246
IMG_5128,IMG_5141,5,0.51563,0.4979,False,0.0,0.0
IMG_5255,IMG_5274,8,0.49793,0.56339,False,0.0494,0.1702
IMG_5152,IMG_5164,5,0.57214,0.49796,False,0.0295,0.0
IMG_5156,IMG_5187,5,0.57224,0.49814,False,0.1367,0.0696
IMG_5135,IMG_5187,5,0.53251,0.49822,False,0.0322,0.0385
IMG_5127,IMG_5194,5,0.49835,0.50703,False,0.0,0.0085
IMG_5146,IMG_5194,5,0.49845,0.50107,False,0.0201,0.008
IMG_5151,IMG_5170,5,0.49852,0.51848,False,0.0126,0.0064
IMG_5131,IMG_5176,5,0.53173,0.49857,False,0.0323,0.0397
IMG_5184,IMG_5194,5,0.49857,0.50467,False,0.1147,0.1261
IMG_5174,IMG_5188,5,0.58391,0.49878,False,0.0397,0.0438
IMG_5146,IMG_5198,5,0.53414,0.49884,False,0.0,0.0152
IMG_5130,IMG_5159,5,0.49894,0.54208,False,0.0047,0.0282
IMG_5246,IMG_5261,8,0.499,0.52292,False,0.0888,0.0729
IMG_5138,IMG_5193,5,0.57708,0.4991,False,0.0,0.0284
IMG_5168,IMG_5195,5,0.49922,0.50901,False,0.0,0.0
IMG_5173,IMG_5186,5,0.6303,0.49924,False,0.0174,0.0688
IMG_5174,IMG_5187,5,0.49927,0.50019,False,0.0552,0.0996
IMG_5142,IMG_5163,5,0.49937,0.54234,False,0.0115,0.0268
IMG_5136,IMG_5152,5,0.49949,0.53747,False,0.0452,0.0687
IMG_5170,IMG_5182,5,0.57197,0.49951,False,0.1131,0.0785
IMG_5252,IMG_5260,8,0.52925,0.4996,False,0.0721,0.0725
IMG_5151,IMG_5169,5,0.49979,0.52129,False,0.0155,0.0177
IMG_5187,IMG_5194,5,0.50652,0.49985,False,0.0582,0.1169
IMG_5295,IMG_5310,7,0.49992,0.56364,False,0.0524,0.0486
IMG_5131,IMG_5142,5,0.55501,0.49996,False,0.0,0.0
IMG_5300,IMG_5316,7,0.54086,0.50004,False,0.0622,0.0487
IMG_5133,IMG_5181,5,0.5001,0.50364,False,0.0691,0.0657
IMG_5266,IMG_5271,8,0.74137,0.50017,False,0.0308,0.0984
IMG_5134,IMG_5148,5,0.50462,0.50027,False,0.0316,0.0291
IMG_5249,IMG_5274,8,0.50029,0.61986,False,0.0,0.0709
IMG_5212,IMG_5232,6,0.50047,0.55196,False,0.0522,0.1128
IMG_5259,IMG_5266,8,0.54898,0.50052,False,0.1102,0.0683
IMG_5132,IMG_5178,5,0.50054,0.51069,False,0.0011,0.0178
IMG_5137,IMG_5192,5,0.53877,0.50054,False,0.0019,0.0588
IMG_5222,IMG_5230,6,0.50067,0.61077,False,0.02,0.0656
IMG_5283,IMG_5305,7,0.53703,0.50075,False,0.0689,0.0668
IMG_5181,IMG_5183,5,0.50079,0.51757,False,0.0324,0.0378
IMG_5259,IMG_5262,8,0.56434,0.50083,False,0.2616,0.1391
IMG_5126,IMG_5197,5,0.50085,0.54657,False,0.0518,0.0896
IMG_5245,IMG_5259,8,0.50087,0.56216,False,0.0637,0.0371
IMG_5282,IMG_5314,7,0.5009,0.55307,False,0.1077,0.0603
IMG_5178,IMG_5192,5,0.50097,0.53586,False,0.0054,0.0141
IMG_5144,IMG_5194,5,0.51413,0.50123,False,0.0104,0.0259
IMG_5169,IMG_5197,5,0.50126,0.53002,False,0.0392,0.0755
IMG_5215,IMG_5225,6,0.50222,0.50131,False,0.035,0.0338
IMG_5127,IMG_5196,5,0.54529,0.50141,False,0.0,0.0
IMG_5297,IMG_5304,7,0.69836,0.50143,False,0.0223,0.075
IMG_5127,IMG_5185,5,0.53819,0.50145,False,0.1015,0.067
IMG_5128,IMG_5189,5,0.51094,0.50146,False,0.0083,0.0118
IMG_5215,IMG_5228,6,0.73321,0.50152,False,0.0363,0.0256
IMG_5286,IMG_5310,7,0.50153,0.50208,False,0.0794,0.1123
IMG_5215,IMG_5226,6,0.50155,0.51906,False,0.0239,0.0379
IMG_5253,IMG_5273,8,0.50156,0.67036,False,0.0036,0.0607
IMG_5183,IMG_5196,5,0.50158,0.57117,False,0.0612,0.1303
IMG_5126,IMG_5176,5,0.50171,0.51453,False,0.0737,0.0921
IMG_5213,IMG_5227,6,0.70712,0.50187,False,0.0463,0.0098
IMG_5178,IMG_5190,5,0.50393,0.50194,False,0.0209,0.048
IMG_5143,IMG_5188,5,0.51721,0.50201,False,0.0362,0.0121
IMG_5282,IMG_5304,7,0.52944,0.50201,False,0.0521,0.0491
IMG_5247,IMG_5254,8,0.61644,0.50201,False,0.0127,0.0
IMG_5163,IMG_5190,5,0.56368,0.50216,False,0.1067,0.0632
IMG_5129,IMG_5189,5,0.50218,0.50942,False,0.0,0.0125
IMG_5135,IMG_5140,5,0.55953,0.50224,False,0.0,0.0015
IMG_5220,IMG_5221,6,0.52969,0.50238,False,0.0742,0.0967
IMG_5135,IMG_5180,5,0.52264,0.50243,False,0.0297,0.0311
IMG_5175,IMG_5189,5,0.61232,0.50248,False,0.0303,0.0277
IMG_5141,IMG_5188,5,0.50254,0.50656,False,0.0213,0.0252
IMG_5141,IMG_5149,5,0.55122,0.5027,False,0.0349,0.0001
IMG_5286,IMG_5304,7,0.61729,0.50272,False,0.0856,0.0854
IMG_5212,IMG_5215,6,0.63329,0.50295,False,0.0575,0.0058
IMG_5141,IMG_5191,5,0.50296,0.52811,False,0.016,0.0257
IMG_5126,IMG_5183,5,0.50296,0.5439,False,0.0778,0.0499
IMG_5169,IMG_5182,5,0.57304,0.503,False,0.1122,0.0833
IMG_5185,IMG_5196,5,0.50301,0.55378,False,0.0625,0.0836
IMG_5164,IMG_5182,5,0.61865,0.50302,False,0.0444,0.0144
IMG_5262,IMG_5271,8,0.57325,0.50314,False,0.035,0.0725
IMG_5172,IMG_5182,5,0.60436,0.50321,False,0.067,0.052
IMG_5160,IMG_5192,5,0.59179,0.50322,False,0.0358,0.0665
IMG_5185,IMG_5194,5,0.51435,0.50326,False,0.104,0.121
IMG_5284,IMG_5305,7,0.52506,0.50326,False,0.0576,0.0447
IMG_5254,IMG_5276,8,0.50337,0.53782,False,0.0302,0.0252
IMG_5288,IMG_5303,7,0.5477,0.50342,False,0.0529,0.0497
IMG_5261,IMG_5270,8,0.63898,0.50345,False,0.0426,0.0708
IMG_5130,IMG_5172,5,0.50347,0.54185,False,0.0,0.0
IMG_5299,IMG_5317,7,0.50347,0.55736,False,0.0439,0.0602
IMG_5287,IMG_5318,7,0.50357,0.59856,False,0.0574,0.0262
IMG_5296,IMG_5314,7,0.59479,0.50366,False,0.1223,0.0606
IMG_5159,IMG_5191,5,0.59332,0.50373,False,0.0064,0.0401
IMG_5136,IMG_5162,5,0.5045,0.50377,False,0.0354,0.0291
IMG_5176,IMG_5183,5,0.50486,0.50378,False,0.0614,0.0959
IMG_5171,IMG_5183,5,0.54665,0.50386,False,0.1455,0.1303
IMG_5245,IMG_5270,8,0.52306,0.50393,False,0.1503,0.1778
IMG_5131,IMG_5157,5,0.50405,0.61651,False,0.0,0.0416
IMG_5140,IMG_5162,5,0.57078,0.50417,False,0.0879,0.0492
IMG_5138,IMG_5160,5,0.5042,0.54812,False,0.0035,0.0
IMG_5141,IMG_5173,5,0.56488,0.50427,False,0.0081,0.0402
IMG_5130,IMG_5166,5,0.54025,0.50436,False,0.0009,0.0
IMG_5162,IMG_5187,5,0.50439,0.52042,False,0.0384,0.0483
IMG_5256,IMG_5270,8,0.50454,0.62474,False,0.0627,0.1419
IMG_5164,IMG_5177,5,0.55867,0.5046,False,0.1151,0.1004
IMG_5220,IMG_5225,6,0.53361,0.50462,False,0.0747,0.1232
IMG_5187,IMG_5196,5,0.50471,0.56785,False,0.0503,0.0772
IMG_5166,IMG_5190,5,0.59848,0.50475,False,0.0356,0.0066
IMG_5166,IMG_5182,5,0.50476,0.51831,False,0.0179,0.012
IMG_5141,IMG_5174,5,0.56292,0.50478,False,0.0135,0.0407
IMG_5286,IMG_5318,7,0.50489,0.62648,False,0.0773,0.0278
IMG_5137,IMG_5160,5,0.50494,0.54126,False,0.0,0.0
IMG_5138,IMG_5183,5,0.50509,0.53006,False,0.0265,0.0483
IMG_5133,IMG_5179,5,0.50518,0.52954,False,0.0146,0.0655
IMG_5245,IMG_5271,8,0.51632,0.50521,False,0.0858,0.1648
IMG_5174,IMG_5189,5,0.61366,0.50527,False,0.0321,0.0185
IMG_5215,IMG_5223,6,0.50529,0.54937,False,0.0134,0.0393
IMG_5136,IMG_5146,5,0.52949,0.50531,False,0.0841,0.0443
IMG_5172,IMG_5197,5,0.50537,0.51384,False,0.0269,0.065
IMG_5140,IMG_5163,5,0.53762,0.50559,False,0.0765,0.0488
IMG_5162,IMG_5190,5,0.55282,0.50568,False,0.0422,0.0376
IMG_5302,IMG_5304,7,0.60631,0.50597,False,0.0887,0.0485
IMG_5249,IMG_5273,8,0.50598,0.58986,False,0.005,0.077
IMG_5283,IMG_5310,7,0.50598,0.50691,False,0.0647,0.0955
IMG_5140,IMG_5143,5,0.50608,0.52689,False,0.1204,0.0896
IMG_5163,IMG_5182,5,0.59668,0.50609,False,0.036,0.0253
IMG_5280,IMG_5318,7,0.50609,0.71173,False,0.0517,0.0273
IMG_5184,IMG_5196,5,0.50623,0.55789,False,0.0635,0.1176
IMG_5150,IMG_5180,5,0.53258,0.50627,False,0.1022,0.065
IMG_5139,IMG_5151,5,0.52467,0.50639,False,0.029,0.0228
IMG_5178,IMG_5189,5,0.54025,0.50659,False,0.0035,0.0512
IMG_5126,IMG_5193,5,0.57222,0.50661,False,0.001,0.004
IMG_5216,IMG_5227,6,0.69407,0.50661,False,0.0501,0.0247
IMG_5138,IMG_5143,5,0.5183,0.50697,False,0.0,0.0016
IMG_5131,IMG_5154,5,0.50698,0.62981,False,0.0,0.0079
IMG_5139,IMG_5147,5,0.50699,0.55989,False,0.0,0.0008
IMG_5247,IMG_5273,8,0.58115,0.50704,False,0.1066,0.0639
IMG_5298,IMG_5304,7,0.68827,0.50744,False,0.0399,0.0798
IMG_5187,IMG_5192,5,0.50744,0.54092,False,0.0004,0.0042
IMG_5153,IMG_5175,5,0.61061,0.50767,False,0.1309,0.019
IMG_5128,IMG_5154,5,0.50769,0.59388,False,0.0,0.0041
IMG_5185,IMG_5191,5,0.53996,0.50769,False,0.0488,0.0282
IMG_5173,IMG_5189,5,0.63847,0.50769,False,0.0433,0.0189
IMG_5132,IMG_5169,5,0.53112,0.50769,False,0.0,0.0155
IMG_5172,IMG_5189,5,0.52827,0.50772,False,0.009,0.0
IMG_5161,IMG_5186,5,0.56162,0.50774,False,0.0,0.0125
IMG_5133,IMG_5172,5,0.50774,0.53225,False,0.0037,0.012
IMG_5284,IMG_5310,7,0.51691,0.50789,False,0.0604,0.0579
IMG_5173,IMG_5188,5,0.61061,0.50811,False,0.0225,0.046
IMG_5135,IMG_5148,5,0.51418,0.50815,False,0.0649,0.0609
IMG_5222,IMG_5231,6,0.50819,0.57545,False,0.0239,0.079
IMG_5127,IMG_5180,5,0.50828,0.52603,False,0.0557,0.0565
IMG_5164,IMG_5190,5,0.55367,0.50831,False,0.1099,0.0527
IMG_5173,IMG_5187,5,0.52323,0.50835,False,0.0363,0.0996
IMG_5135,IMG_5199,5,0.51795,0.50842,False,0.0303,0.0318
IMG_5215,IMG_5227,6,0.75344,0.5085,False,0.0769,0.0308
IMG_5150,IMG_5191,5,0.51141,0.50852,False,0.0,0.0023
IMG_5140,IMG_5172,5,0.52728,0.50853,False,0.0224,0.0014
IMG_5147,IMG_5164,5,0.57754,0.50866,False,0.0106,0.0
IMG_5192,IMG_5197,5,0.55496,0.50867,False,0.146,0.1081
IMG_5139,IMG_5194,5,0.52688,0.50871,False,0.0522,0.0583
IMG_5251,IMG_5276,8,0.50871,0.55094,False,0.0158,0.0149
IMG_5214,IMG_5222,6,0.50879,0.55164,False,0.0,0.0252
IMG_5128,IMG_5142,5,0.52422,0.50897,False,0.0,0.0
IMG_5255,IMG_5265,8,0.52978,0.50897,False,0.1355,0.1679
IMG_5163,IMG_5177,5,0.53786,0.50899,False,0.0965,0.0749
IMG_5154,IMG_5199,5,0.54222,0.50899,False,0.133,0.1827
IMG_5216,IMG_5221,6,0.55475,0.50904,False,0.0264,0.0
IMG_5150,IMG_5181,5,0.50915,0.5274,False,0.0883,0.1019
IMG_5280,IMG_5305,7,0.5544,0.50917,False,0.0539,0.0624
IMG_5253,IMG_5272,8,0.5092,0.64269,False,0.0122,0.0519
IMG_5259,IMG_5267,8,0.53781,0.50922,False,0.1036,0.0764
IMG_5138,IMG_5147,5,0.50934,0.54857,False,0.0086,0.017
IMG_5279,IMG_5313,7,0.54062,0.50937,False,0.0829,0.0348
IMG_5251,IMG_5271,8,0.50937,0.56597,False,0.0366,0.0338
IMG_5296,IMG_5315,7,0.50941,0.53125,False,0.0767,0.0339
IMG_5216,IMG_5222,6,0.50952,0.54893,False,0.016,0.0437
IMG_5220,IMG_5228,6,0.70942,0.50954,False,0.0091,0.1117
IMG_5132,IMG_5170,5,0.52354,0.5096,False,0.0,0.0137
IMG_5132,IMG_5154,5,0.50962,0.66847,False,0.0,0.0095
IMG_5136,IMG_5153,5,0.5618,0.50963,False,0.0327,0.0149
IMG_5153,IMG_5170,5,0.50964,0.51568,False,0.0964,0.0565
IMG_5165,IMG_5181,5,0.52669,0.50968,False,0.1587,0.1763
IMG_5135,IMG_5146,5,0.50972,0.51709,False,0.0938,0.1414
IMG_5302,IMG_5305,7,0.56437,0.50987,False,0.0878,0.0512
IMG_5180,IMG_5195,5,0.56942,0.50988,False,0.1098,0.1159
IMG_5185,IMG_5192,5,0.50997,0.51463,False,0.0128,0.0104
IMG_5167,IMG_5195,5,0.52233,0.51012,False,0.0,0.0
IMG_5279,IMG_5314,7,0.53786,0.51018,False,0.124,0.0471
IMG_5131,IMG_5180,5,0.55811,0.51019,False,0.0389,0.0465
IMG_5260,IMG_5264,8,0.51038,0.53933,False,0.0658,0.1159
IMG_5151,IMG_5175,5,0.54756,0.5104,False,0.0516,0.0117
IMG_5156,IMG_5191,5,0.60108,0.51045,False,0.0026,0.0
IMG_5132,IMG_5156,5,0.51052,0.63209,False,0.0,0.0118
IMG_5141,IMG_5189,5,0.57673,0.51053,False,0.009,0.0
IMG_5210,IMG_5215,6,0.60046,0.51064,False,0.0136,0.0
IMG_5277,IMG_5304,7,0.60715,0.51078,False,0.0643,0.1108
IMG_5140,IMG_5191,5,0.59501,0.5108,False,0.0609,0.0062
IMG_5283,IMG_5315,7,0.51082,0.52838,False,0.0788,0.0677
IMG_5128,IMG_5156,5,0.51086,0.55887,False,0.0,0.0023
IMG_5150,IMG_5164,5,0.55293,0.51095,False,0.0,0.0
IMG_5297,IMG_5309,7,0.511,0.61802,False,0.0748,0.0998
IMG_5127,IMG_5199,5,0.54008,0.51102,False,0.039,0.0379
IMG_5162,IMG_5176,5,0.53056,0.51104,False,0.094,0.0855
IMG_5160,IMG_5186,5,0.56081,0.51107,False,0.0685,0.0658
IMG_5245,IMG_5246,8,0.51115,0.53897,False,0.1629,0.206
IMG_5166,IMG_5189,5,0.5348,0.51121,False,0.0033,0.0068
IMG_5285,IMG_5305,7,0.51744,0.51123,False,0.0687,0.0652
IMG_5162,IMG_5189,5,0.51129,0.51944,False,0.072,0.0467
IMG_5286,IMG_5305,7,0.59795,0.51132,False,0.0956,0.1087
IMG_5264,IMG_5276,8,0.67768,0.5114,False,0.0226,0.0335
IMG_5172,IMG_5195,5,0.51141,0.5175,False,0.0,0.0
IMG_5259,IMG_5272,8,0.59434,0.51143,False,0.0953,0.0992
IMG_5184,IMG_5191,5,0.58187,0.51147,False,0.057,0.0327
IMG_5127,IMG_5197,5,0.51157,0.52036,False,0.0409,0.0611
IMG_5172,IMG_5199,5,0.53692,0.51176,False,0.0121,0.0243
IMG_5265,IMG_5270,8,0.75125,0.51188,False,0.0285,0.0983
IMG_5285,IMG_5317,7,0.51194,0.62093,False,0.0808,0.0642
IMG_5137,IMG_5163,5,0.51196,0.52398,False,0.0546,0.0608
IMG_5255,IMG_5266,8,0.55537,0.51215,False,0.1315,0.1575
IMG_5170,IMG_5196,5,0.51223,0.55444,False,0.0,0.0004
IMG_5133,IMG_5178,5,0.54876,0.51227,False,0.0114,0.0203
IMG_5128,IMG_5157,5,0.51236,0.57477,False,0.021,0.0565
IMG_5128,IMG_5180,5,0.54807,0.51245,False,0.0552,0.0418
IMG_5149,IMG_5187,5,0.5127,0.5223,False,0.0917,0.0914
IMG_5135,IMG_5186,5,0.51273,0.56372,False,0.0,0.0545
IMG_5131,IMG_5156,5,0.51287,0.59351,False,0.0,0.0096
IMG_5282,IMG_5305,7,0.51291,0.5148,False,0.0597,0.0626
IMG_5151,IMG_5187,5,0.5547,0.51292,False,0.1722,0.2257
IMG_5297,IMG_5305,7,0.7271,0.51297,False,0.0249,0.103
IMG_5213,IMG_5229,6,0.5222,0.51317,False,0.0779,0.1004
IMG_5277,IMG_5317,7,0.51328,0.56387,False,0.0627,0.0477
IMG_5265,IMG_5276,8,0.68903,0.51335,False,0.0241,0.0486
IMG_5247,IMG_5272,8,0.59005,0.51336,False,0.0748,0.0696
IMG_5140,IMG_5174,5,0.51342,0.53013,False,0.0264,0.0
IMG_5280,IMG_5310,7,0.52557,0.5135,False,0.0776,0.1027
IMG_5279,IMG_5315,7,0.51357,0.52324,False,0.0756,0.0707
IMG_5133,IMG_5158,5,0.5137,0.59218,False,0.0,0.042
IMG_5150,IMG_5176,5,0.51396,0.52315,False,0.0591,0.0585
IMG_5214,IMG_5218,6,0.51398,0.62244,False,0.0152,0.0179
IMG_5136,IMG_5161,5,0.52789,0.51403,False,0.0,0.0155
IMG_5259,IMG_5268,8,0.51413,0.54441,False,0.0809,0.0984
IMG_5134,IMG_5146,5,0.54437,0.51415,False,0.0676,0.0376
IMG_5135,IMG_5188,5,0.51416,0.53195,False,0.0095,0.003
IMG_5295,IMG_5314,7,0.54393,0.51424,False,0.0398,0.0182
IMG_5179,IMG_5182,5,0.54797,0.51445,False,0.0449,0.0041
IMG_5142,IMG_5189,5,0.53755,0.51447,False,0.0419,0.0
IMG_5246,IMG_5259,8,0.51456,0.53733,False,0.0675,0.0721
IMG_5131,IMG_5169,5,0.61111,0.51458,False,0.0,0.0101
IMG_5139,IMG_5195,5,0.51476,0.52103,False,0.0126,0.0323
IMG_5152,IMG_5188,5,0.57072,0.51485,False,0.1376,0.0956
IMG_5212,IMG_5213,6,0.56985,0.51486,False,0.0318,0.0415
IMG_5141,IMG_5192,5,0.51487,0.53154,False,0.0103,0.028
IMG_5132,IMG_5189,5,0.52776,0.51502,False,0.0082,0.0
IMG_5127,IMG_5183,5,0.51504,0.51893,False,0.0376,0.0346
IMG_5133,IMG_5152,5,0.53015,0.51539,False,0.053,0.0495
IMG_5130,IMG_5141,5,0.54233,0.51553,False,0.0,0.0
IMG_5246,IMG_5276,8,0.54638,0.51558,False,0.0424,0.0889
IMG_5147,IMG_5163,5,0.55962,0.51563,False,0.0003,0.0
IMG_5128,IMG_5181,5,0.51575,0.52751,False,0.0247,0.03
IMG_5245,IMG_5274,8,0.5347,0.5158,False,0.1116,0.1283
IMG_5247,IMG_5270,8,0.56438,0.51589,False,0.0431,0.088
IMG_5245,IMG_5272,8,0.51598,0.53689,False,0.1376,0.1545
IMG_5260,IMG_5265,8,0.51609,0.53851,False,0.0968,0.1368
IMG_5140,IMG_5183,5,0.51615,0.60381,False,0.0381,0.1022
IMG_5259,IMG_5261,8,0.54359,0.51619,False,0.3567,0.2442
IMG_5164,IMG_5175,5,0.607,0.51632,False,0.1497,0.149
IMG_5297,IMG_5310,7,0.61197,0.51635,False,0.0426,0.091
IMG_5131,IMG_5170,5,0.60407,0.51653,False,0.0,0.0098
IMG_5255,IMG_5264,8,0.52924,0.517,False,0.1341,0.1593
IMG_5166,IMG_5192,5,0.56816,0.51708,False,0.0451,0.0283
IMG_5282,IMG_5316,7,0.51711,0.59351,False,0.0902,0.0695
IMG_5259,IMG_5275,8,0.6347,0.51714,False,0.0804,0.0645
IMG_5144,IMG_5188,5,0.52659,0.51738,False,0.0476,0.0165
IMG_5136,IMG_5159,5,0.52903,0.51743,False,0.0249,0.0073
IMG_5148,IMG_5176,5,0.51745,0.54084,False,0.0587,0.0474
IMG_5138,IMG_5161,5,0.51754,0.52978,False,0.0,0.0189
IMG_5150,IMG_5163,5,0.53686,0.51783,False,0.0,0.0
IMG_5126,IMG_5194,5,0.5179,0.53062,False,0.0105,0.0229
IMG_5163,IMG_5189,5,0.53764,0.51799,False,0.1279,0.0824
IMG_5146,IMG_5199,5,0.51805,0.52481,False,0.0034,0.0043
IMG_5129,IMG_5169,5,0.53334,0.51812,False,0.0,0.0
IMG_5255,IMG_5273,8,0.51813,0.53227,False,0.0819,0.1559
IMG_5129,IMG_5170,5,0.5259,0.51819,False,0.0,0.0
IMG_5252,IMG_5255,8,0.57648,0.5182,False,0.2126,0.2042
IMG_5295,IMG_5313,7,0.69593,0.51821,False,0.072,0.0343
IMG_5247,IMG_5274,8,0.61313,0.51823,False,0.0924,0.0517
IMG_5128,IMG_5179,5,0.51825,0.5536,False,0.0114,0.0492
IMG_5298,IMG_5310,7,0.58744,0.5184,False,0.0517,0.0871
IMG_5298,IMG_5305,7,0.71455,0.5185,False,0.031,0.1061
IMG_5153,IMG_5169,5,0.5368,0.5185,False,0.0962,0.0645
IMG_5184,IMG_5192,5,0.55146,0.51853,False,0.0273,0.0172
IMG_5163,IMG_5175,5,0.58704,0.51873,False,0.1223,0.1072
IMG_5136,IMG_5195,5,0.5189,0.51936,False,0.0491,0.0505
IMG_5134,IMG_5166,5,0.56079,0.51907,False,0.0,0.0
IMG_5145,IMG_5187,5,0.51909,0.52162,False,0.0067,0.0009
IMG_5210,IMG_5214,6,0.65461,0.51914,False,0.1189,0.0741
IMG_5177,IMG_5183,5,0.52417,0.51916,False,0.1251,0.1301
IMG_5137,IMG_5146,5,0.57455,0.51929,False,0.0744,0.0738
IMG_5223,IMG_5230,6,0.5195,0.66756,False,0.0042,0.0683
IMG_5254,IMG_5255,8,0.51956,0.59478,False,0.0368,0.15
IMG_5290,IMG_5314,7,0.51956,0.52028,False,0.088,0.0458
IMG_5178,IMG_5188,5,0.53312,0.5196,False,0.0801,0.1686
IMG_5134,IMG_5189,5,0.51962,0.53427,False,0.0,0.0
IMG_5150,IMG_5171,5,0.55592,0.51975,False,0.0188,0.0
IMG_5136,IMG_5143,5,0.51988,0.5329,False,0.0,0.0
IMG_5283,IMG_5314,7,0.54297,0.51989,False,0.1105,0.065
IMG_5130,IMG_5180,5,0.58114,0.5199,False,0.0728,0.0438
IMG_5140,IMG_5190,5,0.5327,0.52002,False,0.0,0.0
IMG_5132,IMG_5171,5,0.52006,0.53566,False,0.0077,0.0194
IMG_5130,IMG_5142,5,0.55078,0.52014,False,0.0,0.0
IMG_5180,IMG_5198,5,0.61082,0.5203,False,0.0855,0.0763
IMG_5284,IMG_5314,7,0.56408,0.52036,False,0.0834,0.0613
IMG_5138,IMG_5144,5,0.52139,0.52038,False,0.0,0.0139
IMG_5283,IMG_5317,7,0.52046,0.60056,False,0.1067,0.0625
IMG_5132,IMG_5157,5,0.52048,0.65517,False,0.0,0.0395
IMG_5126,IMG_5180,5,0.54025,0.52048,False,0.0563,0.0474
IMG_5134,IMG_5169,5,0.5361,0.5205,False,0.007,0.0109
IMG_5247,IMG_5260,8,0.5206,0.52768,False,0.0485,0.0452
IMG_5281,IMG_5314,7,0.56182,0.52062,False,0.11,0.0638
IMG_5129,IMG_5166,5,0.54827,0.52082,False,0.0,0.0
IMG_5153,IMG_5172,5,0.52567,0.52087,False,0.1194,0.0767
IMG_5145,IMG_5178,5,0.57119,0.52094,False,0.2094,0.136
IMG_5256,IMG_5275,8,0.52094,0.60528,False,0.1398,0.1779
IMG_5289,IMG_5314,7,0.53947,0.521,False,0.0633,0.0333
IMG_5156,IMG_5192,5,0.57321,0.52122,False,0.0,0.0109
IMG_5220,IMG_5231,6,0.64601,0.52123,False,0.0672,0.1912
IMG_5165,IMG_5191,5,0.52124,0.5271,False,0.0317,0.0581
IMG_5157,IMG_5192,5,0.54083,0.52125,False,0.0387,0.041
IMG_5136,IMG_5193,5,0.61182,0.52183,False,0.0,0.0379
IMG_5137,IMG_5162,5,0.55381,0.52193,False,0.0466,0.0485
IMG_5141,IMG_5144,5,0.59266,0.52202,False,0.0459,0.0638
IMG_5186,IMG_5193,5,0.52204,0.52944,False,0.0959,0.1106
IMG_5266,IMG_5270,8,0.73936,0.52204,False,0.0379,0.1075
IMG_5134,IMG_5170,5,0.52969,0.52221,False,0.007,0.0088
IMG_5134,IMG_5152,5,0.58282,0.5224,False,0.0644,0.0559
IMG_5129,IMG_5171,5,0.52243,0.54081,False,0.0,0.0008
IMG_5252,IMG_5273,8,0.52247,0.56656,False,0.0327,0.0698
IMG_5250,IMG_5259,8,0.52279,0.56466,False,0.0421,0.0422
IMG_5245,IMG_5273,8,0.52284,0.53476,False,0.144,0.1467
IMG_5250,IMG_5270,8,0.52285,0.61825,False,0.0148,0.0622
IMG_5147,IMG_5162,5,0.55962,0.52291,False,0.0003,0.0
IMG_5126,IMG_5185,5,0.52559,0.52291,False,0.0578,0.0542
IMG_5278,IMG_5316,7,0.65224,0.52292,False,0.0824,0.0594
IMG_5296,IMG_5316,7,0.52297,0.55581,False,0.0456,0.0287
IMG_5151,IMG_5162,5,0.52308,0.56017,False,0.0,0.0
IMG_5151,IMG_5163,5,0.52308,0.5491,False,0.0,0.0
IMG_5290,IMG_5304,7,0.60635,0.52312,False,0.0806,0.0882
IMG_5300,IMG_5317,7,0.58297,0.52333,False,0.0786,0.0594
IMG_5266,IMG_5276,8,0.67468,0.52338,False,0.0299,0.0426
IMG_5132,IMG_5179,5,0.52343,0.53053,False,0.0062,0.054
IMG_5174,IMG_5185,5,0.52344,0.54203,False,0.0293,0.084
IMG_5249,IMG_5257,8,0.52344,0.52873,False,0.138,0.2073
IMG_5153,IMG_5187,5,0.60347,0.52347,False,0.1901,0.156
IMG_5164,IMG_5189,5,0.52893,0.52353,False,0.1369,0.0716
IMG_5147,IMG_5171,5,0.6085,0.52354,False,0.0799,0.0
IMG_5186,IMG_5195,5,0.52361,0.55146,False,0.0873,0.1216
IMG_5296,IMG_5310,7,0.59298,0.52362,False,0.061,0.0756
IMG_5151,IMG_5172,5,0.53238,0.52368,False,0.0279,0.0108
IMG_5132,IMG_5155,5,0.52376,0.64052,False,0.0,0.0257
IMG_5308,IMG_5315,7,0.54209,0.52382,False,0.0498,0.0545
IMG_5137,IMG_5153,5,0.59021,0.52386,False,0.0582,0.0185
IMG_5295,IMG_5315,7,0.65596,0.52394,False,0.0546,0.0151
IMG_5131,IMG_5181,5,0.56907,0.524,False,0.0107,0.057
IMG_5253,IMG_5271,8,0.524,0.60074,False,0.0334,0.0474
IMG_5128,IMG_5155,5,0.52416,0.56764,False,0.0,0.0166
IMG_5136,IMG_5144,5,0.52418,0.54725,False,0.0,0.0078
IMG_5288,IMG_5301,7,0.52425,0.60365,False,0.0434,0.0661
IMG_5290,IMG_5317,7,0.52426,0.60616,False,0.1391,0.0913
IMG_5277,IMG_5305,7,0.62901,0.52427,False,0.0737,0.0979
IMG_5220,IMG_5226,6,0.5422,0.52436,False,0.0575,0.1211
IMG_5155,IMG_5187,5,0.59543,0.52437,False,0.0911,0.0374
IMG_5254,IMG_5272,8,0.52445,0.59505,False,0.0175,0.0646
IMG_5150,IMG_5166,5,0.56533,0.52472,False,0.0016,0.0
IMG_5290,IMG_5318,7,0.52488,0.64899,False,0.0524,0.0185
IMG_5296,IMG_5304,7,0.60816,0.52495,False,0.0986,0.0477
IMG_5138,IMG_5195,5,0.53846,0.52505,False,0.0422,0.0616
IMG_5136,IMG_5158,5,0.56448,0.52515,False,0.0075,0.0006
IMG_5261,IMG_5272,8,0.65961,0.52522,False,0.0486,0.0337
IMG_5149,IMG_5164,5,0.57347,0.52528,False,0.0,0.0
IMG_5216,IMG_5229,6,0.57053,0.52541,False,0.0423,0.0468
IMG_5280,IMG_5314,7,0.52546,0.54733,False,0.097,0.0605
IMG_5283,IMG_5313,7,0.5534,0.52549,False,0.0903,0.0969
IMG_5246,IMG_5268,8,0.52551,0.57307,False,0.0244,0.0479
IMG_5219,IMG_5232,6,0.65,0.52563,False,0.0426,0.1383
IMG_5150,IMG_5162,5,0.53686,0.52564,False,0.0,0.0
IMG_5164,IMG_5197,5,0.59002,0.52569,False,0.0312,0.0219
IMG_5136,IMG_5148,5,0.52576,0.54006,False,0.0078,0.022
IMG_5149,IMG_5171,5,0.56945,0.52576,False,0.0178,0.0
IMG_5173,IMG_5185,5,0.52603,0.54966,False,0.011,0.08
IMG_5255,IMG_5261,8,0.54646,0.52606,False,0.0773,0.0381
IMG_5131,IMG_5155,5,0.52614,0.60196,False,0.0,0.0233
IMG_5147,IMG_5176,5,0.56809,0.52618,False,0.1002,0.0505
IMG_5128,IMG_5172,5,0.5262,0.52686,False,0.0,0.0
IMG_5129,IMG_5141,5,0.53894,0.5262,False,0.0,0.0
IMG_5250,IMG_5273,8,0.5263,0.65013,False,0.008,0.068
IMG_5134,IMG_5171,5,0.52633,0.54792,False,0.0211,0.0095
IMG_5128,IMG_5159,5,0.52642,0.54288,False,0.0012,0.037
IMG_5247,IMG_5251,8,0.60812,0.52663,False,0.0083,0.0
IMG_5142,IMG_5191,5,0.54874,0.52665,False,0.0864,0.06
IMG_5132,IMG_5159,5,0.52674,0.62227,False,0.0,0.0173
IMG_5130,IMG_5161,5,0.52675,0.52818,False,0.0198,0.0288
IMG_5139,IMG_5198,5,0.55216,0.52686,False,0.0,0.0
IMG_5129,IMG_5154,5,0.52689,0.6003,False,0.0,0.0043
IMG_5129,IMG_5157,5,0.52695,0.57936,False,0.0173,0.0464
IMG_5143,IMG_5178,5,0.61778,0.52702,False,0.2289,0.1234
IMG_5154,IMG_5187,5,0.60699,0.52705,False,0.0565,0.0442
IMG_5140,IMG_5173,5,0.53284,0.52721,False,0.0335,0.0
IMG_5149,IMG_5176,5,0.52738,0.52887,False,0.054,0.0503
IMG_5223,IMG_5231,6,0.52741,0.63231,False,0.0025,0.0705
IMG_5131,IMG_5159,5,0.52751,0.58356,False,0.0,0.021
IMG_5220,IMG_5229,6,0.53983,0.52768,False,0.042,0.1065
IMG_5126,IMG_5196,5,0.5352,0.52771,False,0.0,0.0
IMG_5255,IMG_5268,8,0.5989,0.52777,False,0.0926,0.1256
IMG_5219,IMG_5230,6,0.68672,0.52788,False,0.0433,0.0917
IMG_5151,IMG_5167,5,0.52815,0.58686,False,0.0124,0.0252
IMG_5140,IMG_5182,5,0.52827,0.54581,False,0.0118,0.0668
IMG_5163,IMG_5197,5,0.56762,0.52829,False,0.0351,0.0189
IMG_5212,IMG_5214,6,0.69632,0.52834,False,0.0372,0.0913
IMG_5169,IMG_5199,5,0.52844,0.53786,False,0.0238,0.0278
IMG_5127,IMG_5190,5,0.5671,0.52857,False,0.0209,0.0
IMG_5158,IMG_5163,5,0.5286,0.53938,False,0.0,0.0
IMG_5146,IMG_5164,5,0.57807,0.52862,False,0.0,0.0
IMG_5210,IMG_5213,6,0.58638,0.52875,False,0.0248,0.0204
IMG_5131,IMG_5160,5,0.5471,0.52884,False,0.0076,0.0646
IMG_5137,IMG_5195,5,0.5289,0.5356,False,0.0018,0.032
IMG_5128,IMG_5161,5,0.54835,0.52895,False,0.0081,0.0344
IMG_5178,IMG_5182,5,0.58423,0.52906,False,0.1021,0.0784
IMG_5293,IMG_5314,7,0.52911,0.54232,False,0.1276,0.1725
IMG_5162,IMG_5177,5,0.53786,0.52913,False,0.0947,0.0805
IMG_5167,IMG_5196,5,0.60681,0.5292,False,0.0,0.0025
IMG_5277,IMG_5310,7,0.5749,0.52924,False,0.0948,0.0954
IMG_5260,IMG_5267,8,0.52935,0.55256,False,0.0809,0.1145
IMG_5221,IMG_5228,6,0.52942,0.58878,False,0.1402,0.2248
IMG_5126,IMG_5199,5,0.52942,0.53739,False,0.0328,0.0417
IMG_5172,IMG_5196,5,0.52955,0.57765,False,0.0,0.0
IMG_5160,IMG_5198,5,0.645,0.52971,False,0.152,0.235
IMG_5224,IMG_5231,6,0.52978,0.64421,False,0.0073,0.0767
IMG_5166,IMG_5188,5,0.5703,0.52984,False,0.0406,0.0448
IMG_5280,IMG_5315,7,0.52996,0.55615,False,0.0925,0.0742
IMG_5215,IMG_5229,6,0.61693,0.52999,False,0.0631,0.058
IMG_5142,IMG_5192,5,0.53211,0.53001,False,0.0682,0.0663
IMG_5138,IMG_5194,5,0.53042,0.53266,False,0.0305,0.0591
IMG_5254,IMG_5273,8,0.53042,0.62198,False,0.0093,0.0753
IMG_5141,IMG_5146,5,0.64997,0.53067,False,0.1038,0.0056
IMG_5151,IMG_5180,5,0.60566,0.53083,False,0.0758,0.0383
IMG_5179,IMG_5195,5,0.53085,0.58882,False,0.0,0.0404
IMG_5289,IMG_5317,7,0.5309,0.60781,False,0.1332,0.0845
IMG_5249,IMG_5258,8,0.53093,0.54829,False,0.1514,0.2278
IMG_5143,IMG_5187,5,0.56702,0.53095,False,0.0,0.0
IMG_5168,IMG_5197,5,0.53423,0.53118,False,0.0445,0.0766
IMG_5129,IMG_5156,5,0.5316,0.56569,False,0.0,0.0
IMG_5255,IMG_5269,8,0.57884,0.53173,False,0.0762,0.1211
IMG_5162,IMG_5182,5,0.59668,0.53184,False,0.0333,0.014
IMG_5151,IMG_5168,5,0.53189,0.58018,False,0.004,0.011
IMG_5247,IMG_5253,8,0.61423,0.53193,False,0.0025,0.0025
IMG_5284,IMG_5313,7,0.55652,0.53195,False,0.1071,0.0975
IMG_5168,IMG_5196,5,0.58532,0.53199,False,0.0,0.0
IMG_5166,IMG_5194,5,0.57772,0.53201,False,0.0317,0.0089
IMG_5149,IMG_5181,5,0.53219,0.55915,False,0.0736,0.0885
IMG_5149,IMG_5163,5,0.55738,0.53219,False,0.0,0.0
IMG_5247,IMG_5263,8,0.57978,0.53225,False,0.0205,0.0086
IMG_5249,IMG_5275,8,0.53247,0.65808,False,0.0305,0.0896
IMG_5147,IMG_5188,5,0.53254,0.53265,False,0.0159,0.0263
IMG_5138,IMG_5146,5,0.58291,0.53258,False,0.0847,0.027
IMG_5299,IMG_5318,7,0.56742,0.53283,False,0.041,0.0298
IMG_5250,IMG_5272,8,0.53283,0.62291,False,0.0154,0.0561
IMG_5293,IMG_5317,7,0.53284,0.62869,False,0.1042,0.1167
IMG_5225,IMG_5229,6,0.53293,0.62157,False,0.0457,0.1313
IMG_5156,IMG_5164,5,0.55837,0.53296,False,0.0,0.0
IMG_5246,IMG_5269,8,0.53303,0.57732,False,0.0407,0.0492
IMG_5220,IMG_5224,6,0.53314,0.53641,False,0.0681,0.1182
IMG_5129,IMG_5161,5,0.56523,0.53325,False,0.0102,0.0369
IMG_5142,IMG_5190,5,0.54441,0.53331,False,0.0,0.0
IMG_5296,IMG_5305,7,0.5717,0.53337,False,0.0943,0.0567
IMG_5156,IMG_5163,5,0.56927,0.53345,False,0.0,0.0
IMG_5159,IMG_5186,5,0.64097,0.53368,False,0.0248,0.039
IMG_5255,IMG_5267,8,0.55793,0.53378,False,0.2089,0.1715
IMG_5150,IMG_5177,5,0.53388,0.53664,False,0.0058,0.0392
IMG_5246,IMG_5254,8,0.6227,0.53419,False,0.0162,0.0061
IMG_5253,IMG_5276,8,0.53419,0.58636,False,0.0172,0.0193
IMG_5146,IMG_5163,5,0.57969,0.53429,False,0.0,0.0
IMG_5129,IMG_5179,5,0.53444,0.58023,False,0.0181,0.0498
IMG_5143,IMG_5190,5,0.55221,0.53445,False,0.0185,0.0118
IMG_5216,IMG_5225,6,0.58132,0.53452,False,0.0694,0.029
IMG_5146,IMG_5176,5,0.53463,0.55171,False,0.0865,0.0934
IMG_5260,IMG_5261,8,0.53475,0.55815,False,0.0829,0.1957
IMG_5129,IMG_5181,5,0.5348,0.553,False,0.017,0.0265
IMG_5167,IMG_5197,5,0.55733,0.53503,False,0.0603,0.088
IMG_5148,IMG_5188,5,0.53521,0.55268,False,0.0278,0.0223
IMG_5134,IMG_5142,5,0.56201,0.53522,False,0.0,0.0
IMG_5209,IMG_5218,6,0.66638,0.53528,False,0.0289,0.0043
IMG_5164,IMG_5174,5,0.60336,0.5355,False,0.1198,0.1435
IMG_5191,IMG_5198,5,0.60747,0.53554,False,0.1138,0.1024
IMG_5164,IMG_5173,5,0.61075,0.53559,False,0.0877,0.152
IMG_5138,IMG_5153,5,0.60956,0.5356,False,0.0446,0.0238
IMG_5130,IMG_5181,5,0.5475,0.53568,False,0.0299,0.0287
IMG_5187,IMG_5191,5,0.53802,0.53579,False,0.0051,0.0019
IMG_5295,IMG_5304,7,0.59781,0.53598,False,0.0733,0.031
IMG_5288,IMG_5306,7,0.536,0.55018,False,0.0545,0.0523
IMG_5280,IMG_5317,7,0.53608,0.62827,False,0.0993,0.0681
IMG_5254,IMG_5270,8,0.53608,0.59147,False,0.0168,0.0798
IMG_5254,IMG_5271,8,0.53612,0.55272,False,0.0533,0.0601
IMG_5183,IMG_5199,5,0.53623,0.55211,False,0.1034,0.0832
IMG_5137,IMG_5161,5,0.53625,0.54119,False,0.0,0.0068
IMG_5128,IMG_5178,5,0.56342,0.53629,False,0.0,0.0
IMG_5210,IMG_5217,6,0.53633,0.60923,False,0.0,0.0522
IMG_5141,IMG_5190,5,0.59168,0.53641,False,0.0,0.0
IMG_5289,IMG_5304,7,0.61532,0.53649,False,0.0796,0.0797
IMG_5290,IMG_5305,7,0.58256,0.53652,False,0.0869,0.1013
IMG_5141,IMG_5153,5,0.67437,0.53659,False,0.0675,0.0033
IMG_5129,IMG_5142,5,0.5476,0.53667,False,0.0,0.0
IMG_5155,IMG_5191,5,0.62356,0.53673,False,0.0,0.0
IMG_5284,IMG_5317,7,0.53695,0.59726,False,0.1007,0.0564
IMG_5142,IMG_5162,5,0.53703,0.54063,False,0.0146,0.0197
IMG_5131,IMG_5187,5,0.53712,0.57154,False,0.0,0.0
IMG_5181,IMG_5195,5,0.55458,0.53716,False,0.0708,0.0626
IMG_5136,IMG_5156,5,0.5679,0.53719,False,0.0687,0.041
IMG_5129,IMG_5180,5,0.56572,0.53729,False,0.0541,0.0475
IMG_5148,IMG_5177,5,0.53736,0.55483,False,0.0065,0.0327
IMG_5146,IMG_5177,5,0.53737,0.56523,False,0.1076,0.083
IMG_5160,IMG_5163,5,0.67192,0.5375,False,0.0,0.0
IMG_5219,IMG_5227,6,0.70459,0.53766,False,0.0395,0.0826
IMG_5158,IMG_5162,5,0.53783,0.5972,False,0.0,0.0
IMG_5306,IMG_5315,7,0.54411,0.53791,False,0.0414,0.05
IMG_5163,IMG_5174,5,0.58347,0.53793,False,0.1029,0.1107
IMG_5158,IMG_5164,5,0.53796,0.5392,False,0.0,0.0
IMG_5126,IMG_5189,5,0.53801,0.56462,False,0.0068,0.0016
IMG_5136,IMG_5198,5,0.53809,0.56797,False,0.0,0.0
IMG_5163,IMG_5173,5,0.59149,0.53821,False,0.0874,0.1209
IMG_5148,IMG_5164,5,0.56108,0.53823,False,0.0,0.0
IMG_5289,IMG_5318,7,0.53828,0.66912,False,0.053,0.0179
IMG_5148,IMG_5171,5,0.55941,0.53831,False,0.0209,0.0
IMG_5259,IMG_5273,8,0.58362,0.53834,False,0.0974,0.0962
IMG_5214,IMG_5225,6,0.57965,0.53839,False,0.0242,0.0162
IMG_5140,IMG_5145,5,0.54038,0.53849,False,0.0963,0.0969
IMG_5142,IMG_5150,5,0.54154,0.53855,False,0.0,0.0
IMG_5183,IMG_5191,5,0.59587,0.53856,False,0.0469,0.032
IMG_5174,IMG_5195,5,0.53946,0.53864,False,0.0285,0.0114
IMG_5290,IMG_5315,7,0.54006,0.53864,False,0.0625,0.0536
IMG_5126,IMG_5152,5,0.56478,0.53877,False,0.0653,0.0662
IMG_5160,IMG_5164,5,0.69533,0.53896,False,0.0,0.0
IMG_5158,IMG_5198,5,0.53905,0.54853,False,0.1832,0.195
IMG_5149,IMG_5180,5,0.55757,0.53916,False,0.0852,0.057
IMG_5137,IMG_5159,5,0.55198,0.53919,False,0.0403,0.0097
IMG_5215,IMG_5231,6,0.68952,0.53927,False,0.0897,0.0056
IMG_5137,IMG_5158,5,0.57539,0.53927,False,0.0242,0.0022
IMG_5155,IMG_5164,5,0.5712,0.53927,False,0.0,0.0
IMG_5285,IMG_5313,7,0.58907,0.53928,False,0.0863,0.0705
IMG_5183,IMG_5192,5,0.56402,0.53938,False,0.0467,0.037
IMG_5145,IMG_5190,5,0.59917,0.53946,False,0.0332,0.0109
IMG_5168,IMG_5199,5,0.56139,0.53947,False,0.0319,0.0337
IMG_5138,IMG_5159,5,0.57446,0.53949,False,0.0472,0.013
IMG_5139,IMG_5159,5,0.56299,0.53954,False,0.0393,0.0079
IMG_5157,IMG_5191,5,0.56848,0.53964,False,0.0554,0.0156
IMG_5149,IMG_5162,5,0.55738,0.53972,False,0.0,0.0
IMG_5137,IMG_5193,5,0.65297,0.53974,False,0.0,0.0242
IMG_5155,IMG_5163,5,0.58187,0.53978,False,0.0,0.0
IMG_5250,IMG_5260,8,0.53993,0.60913,False,0.0498,0.17
IMG_5174,IMG_5184,5,0.54534,0.53998,False,0.0185,0.0909
IMG_5137,IMG_5152,5,0.54001,0.55169,False,0.0132,0.0888
IMG_5147,IMG_5177,5,0.58138,0.5401,False,0.0366,0.0323
IMG_5260,IMG_5266,8,0.5402,0.54263,False,0.1409,0.1466
IMG_5282,IMG_5317,7,0.54046,0.63541,False,0.0852,0.0676
IMG_5289,IMG_5315,7,0.55275,0.54057,False,0.0603,0.0467
IMG_5174,IMG_5196,5,0.54065,0.55946,False,0.0381,0.0198
IMG_5151,IMG_5164,5,0.54072,0.54286,False,0.0,0.0
IMG_5132,IMG_5172,5,0.56157,0.54073,False,0.0,0.01
IMG_5136,IMG_5197,5,0.54077,0.56749,False,0.007,0.0296
IMG_5175,IMG_5183,5,0.56731,0.54113,False,0.1221,0.0748
IMG_5288,IMG_5307,7,0.5412,0.55389,False,0.0556,0.0603
IMG_5251,IMG_5274,8,0.54129,0.63234,False,0.0051,0.0468
IMG_5216,IMG_5217,6,0.54131,0.59976,False,0.0,0.0333
IMG_5165,IMG_5176,5,0.57691,0.54132,False,0.1213,0.1158
IMG_5248,IMG_5276,8,0.54156,0.56694,False,0.0083,0.0492
IMG_5173,IMG_5195,5,0.54157,0.54385,False,0.0415,0.0122
IMG_5278,IMG_5304,7,0.70913,0.54169,False,0.1118,0.0731
IMG_5262,IMG_5270,8,0.55156,0.54169,False,0.0581,0.0789
IMG_5222,IMG_5232,6,0.54179,0.60809,False,0.0557,0.1026
IMG_5164,IMG_5183,5,0.60234,0.5418,False,0.0373,0.0119
IMG_5296,IMG_5318,7,0.54185,0.65094,False,0.1182,0.038
IMG_5151,IMG_5166,5,0.62126,0.54194,False,0.012,0.0081
IMG_5167,IMG_5199,5,0.58502,0.54211,False,0.049,0.0416
IMG_5256,IMG_5262,8,0.58927,0.54219,False,0.0493,0.0681
IMG_5144,IMG_5178,5,0.6213,0.54235,False,0.2398,0.1514
IMG_5290,IMG_5310,7,0.54295,0.54244,False,0.1208,0.1229
IMG_5133,IMG_5188,5,0.56438,0.54248,False,0.0,0.0
IMG_5149,IMG_5177,5,0.54766,0.54253,False,0.0043,0.0334
IMG_5131,IMG_5171,5,0.60063,0.54265,False,0.0,0.0206
IMG_5133,IMG_5187,5,0.60078,0.54274,False,0.0,0.0
IMG_5307,IMG_5310,7,0.55126,0.54324,False,0.0582,0.0593
IMG_5127,IMG_5189,5,0.55056,0.54337,False,0.0,0.0011
IMG_5246,IMG_5263,8,0.59122,0.54354,False,0.0339,0.0119
IMG_5136,IMG_5155,5,0.5703,0.54363,False,0.0632,0.0393
IMG_5131,IMG_5161,5,0.54366,0.57166,False,0.0105,0.0149
IMG_5170,IMG_5183,5,0.57309,0.5437,False,0.1959,0.1089
IMG_5134,IMG_5180,5,0.58182,0.54381,False,0.0488,0.0498
IMG_5213,IMG_5228,6,0.70052,0.54384,False,0.0541,0.0076
IMG_5283,IMG_5318,7,0.54384,0.68423,False,0.0653,0.0271
IMG_5287,IMG_5311,7,0.59091,0.54394,False,0.2092,0.1449
IMG_5141,IMG_5183,5,0.55172,0.54397,False,0.0536,0.059
IMG_5146,IMG_5188,5,0.61823,0.54408,False,0.0705,0.0266
IMG_5132,IMG_5160,5,0.54415,0.56758,False,0.0142,0.062
IMG_5139,IMG_5153,5,0.60107,0.54446,False,0.0382,0.0216
IMG_5216,IMG_5231,6,0.65248,0.54451,False,0.0694,0.0081
IMG_5289,IMG_5305,7,0.59071,0.54468,False,0.0898,0.0927
IMG_5256,IMG_5272,8,0.54485,0.62288,False,0.0565,0.159
IMG_5129,IMG_5155,5,0.5449,0.57453,False,0.0055,0.0136
IMG_5148,IMG_5162,5,0.54494,0.55257,False,0.0,0.0
IMG_5148,IMG_5163,5,0.54494,0.54516,False,0.0,0.0
IMG_5304,IMG_5311,7,0.62317,0.54514,False,0.0351,0.0511
IMG_5192,IMG_5198,5,0.5791,0.54514,False,0.1352,0.1425
IMG_5138,IMG_5198,5,0.57356,0.54514,False,0.0,0.0
IMG_5129,IMG_5188,5,0.54518,0.56508,False,0.0,0.0
IMG_5260,IMG_5262,8,0.55666,0.5452,False,0.1059,0.1629
IMG_5210,IMG_5220,6,0.57208,0.54528,False,0.0,0.0298
IMG_5150,IMG_5186,5,0.54529,0.57923,False,0.0343,0.0992
IMG_5127,IMG_5158,5,0.54533,0.62149,False,0.0997,0.1365
IMG_5262,IMG_5272,8,0.5768,0.54545,False,0.0545,0.0637
IMG_5139,IMG_5146,5,0.58456,0.54552,False,0.0452,0.0066
IMG_5151,IMG_5191,5,0.58931,0.54574,False,0.0,0.0
IMG_5150,IMG_5175,5,0.54589,0.56264,False,0.0199,0.0
IMG_5163,IMG_5183,5,0.58145,0.54593,False,0.034,0.0192
IMG_5212,IMG_5218,6,0.63882,0.54602,False,0.0294,0.0997
IMG_5212,IMG_5220,6,0.60686,0.54617,False,0.0259,0.0545
IMG_5251,IMG_5259,8,0.54626,0.56662,False,0.044,0.0547
IMG_5299,IMG_5304,7,0.57314,0.54634,False,0.0312,0.0713
IMG_5141,IMG_5159,5,0.63803,0.54636,False,0.0592,0.0
IMG_5136,IMG_5154,5,0.60805,0.54644,False,0.0695,0.0436
IMG_5252,IMG_5256,8,0.67273,0.54656,False,0.2015,0.1622
IMG_5259,IMG_5274,8,0.62079,0.54659,False,0.0972,0.0702
IMG_5129,IMG_5159,5,0.54667,0.54788,False,0.0042,0.0289
IMG_5172,IMG_5183,5,0.60558,0.54674,False,0.1533,0.082
IMG_5130,IMG_5178,5,0.5963,0.54685,False,0.0,0.0
IMG_5220,IMG_5223,6,0.54688,0.55535,False,0.0611,0.1212
IMG_5155,IMG_5192,5,0.59521,0.54688,False,0.0,0.0069
IMG_5181,IMG_5198,5,0.59448,0.54689,False,0.043,0.0278
IMG_5162,IMG_5175,5,0.58704,0.54705,False,0.1082,0.1117
IMG_5165,IMG_5189,5,0.54722,0.55829,False,0.0038,0.0233
IMG_5289,IMG_5310,7,0.55162,0.54726,False,0.1122,0.1112
IMG_5247,IMG_5267,8,0.54977,0.54739,False,0.0354,0.0439
IMG_5169,IMG_5183,5,0.57416,0.54746,False,0.2058,0.1286
IMG_5144,IMG_5187,5,0.57423,0.54752,False,0.0024,0.0
IMG_5131,IMG_5179,5,0.57362,0.54758,False,0.0116,0.0634
IMG_5179,IMG_5183,5,0.54766,0.57473,False,0.0499,0.0303
IMG_5173,IMG_5184,5,0.56579,0.54768,False,0.0074,0.0856
IMG_5131,IMG_5172,5,0.64055,0.54768,False,0.0,0.0073
IMG_5138,IMG_5158,5,0.6045,0.54777,False,0.0208,0.0072
IMG_5141,IMG_5147,5,0.5758,0.54779,False,0.0111,0.0
IMG_5129,IMG_5172,5,0.56356,0.54792,False,0.0,0.0
IMG_5157,IMG_5163,5,0.54821,0.58963,False,0.0,0.0
IMG_5146,IMG_5162,5,0.59628,0.54832,False,0.0,0.0
IMG_5146,IMG_5171,5,0.57186,0.54833,False,0.0898,0.037
IMG_5248,IMG_5271,8,0.6222,0.54839,False,0.0195,0.0698
IMG_5250,IMG_5271,8,0.5485,0.58067,False,0.045,0.0505
IMG_5295,IMG_5305,7,0.5918,0.54851,False,0.063,0.0338
IMG_5185,IMG_5199,5,0.559,0.54853,False,0.1195,0.1202
IMG_5126,IMG_5158,5,0.54853,0.60259,False,0.1088,0.1315
IMG_5253,IMG_5259,8,0.54855,0.56798,False,0.0516,0.0656
IMG_5152,IMG_5187,5,0.6222,0.54861,False,0.122,0.1327
IMG_5187,IMG_5199,5,0.55496,0.5487,False,0.0621,0.0752
IMG_5149,IMG_5166,5,0.57785,0.54877,False,0.0,0.0
IMG_5139,IMG_5158,5,0.58657,0.54889,False,0.0134,0.0034
IMG_5279,IMG_5300,7,0.62121,0.5492,False,0.1573,0.1526
IMG_5148,IMG_5175,5,0.54928,0.5798,False,0.0214,0.0
IMG_5145,IMG_5175,5,0.63398,0.54937,False,0.1347,0.0775
IMG_5139,IMG_5197,5,0.54949,0.58037,False,0.0198,0.0243
IMG_5278,IMG_5300,7,0.70059,0.5496,False,0.17,0.1267
IMG_5285,IMG_5315,7,0.56853,0.54966,False,0.0593,0.0816
IMG_5209,IMG_5217,6,0.63119,0.54967,False,0.0079,0.0026
IMG_5250,IMG_5255,8,0.54973,0.61768,False,0.0526,0.1359
IMG_5312,IMG_5315,7,0.56142,0.54988,False,0.0562,0.0736
IMG_5247,IMG_5265,8,0.55,0.58641,False,0.0631,0.0611
IMG_5126,IMG_5190,5,0.55454,0.55011,False,0.0095,0.0009
IMG_5139,IMG_5152,5,0.55029,0.57287,False,0.0184,0.0311
IMG_5213,IMG_5231,6,0.63367,0.55034,False,0.0529,0.0575
IMG_5281,IMG_5316,7,0.55044,0.56078,False,0.0775,0.0622
IMG_5310,IMG_5311,7,0.62799,0.55048,False,0.0519,0.069
IMG_5184,IMG_5199,5,0.55068,0.55054,False,0.156,0.1447
IMG_5134,IMG_5181,5,0.55054,0.55811,False,0.0226,0.0451
IMG_5261,IMG_5273,8,0.64915,0.55054,False,0.0318,0.0447
IMG_5152,IMG_5162,5,0.55064,0.55715,False,0.0129,0.0
IMG_5144,IMG_5190,5,0.57967,0.55072,False,0.0207,0.0108
IMG_5186,IMG_5197,5,0.55085,0.55597,False,0.0963,0.1894
IMG_5134,IMG_5179,5,0.55085,0.58243,False,0.0773,0.0759
IMG_5151,IMG_5192,5,0.55887,0.55091,False,0.0043,0.0072
IMG_5151,IMG_5181,5,0.57986,0.55101,False,0.1103,0.0924
IMG_5247,IMG_5250,8,0.66042,0.5511,False,0.0099,0.0155
IMG_5154,IMG_5191,5,0.63615,0.55134,False,0.0,0.0
IMG_5304,IMG_5312,7,0.55137,0.70521,False,0.0322,0.0376
IMG_5158,IMG_5186,5,0.62286,0.55139,False,0.0176,0.0734
IMG_5145,IMG_5195,5,0.55139,0.56518,False,0.0049,0.0004
IMG_5137,IMG_5156,5,0.5897,0.55146,False,0.0511,0.0482
IMG_5215,IMG_5217,6,0.55146,0.61262,False,0.0047,0.0298
IMG_5138,IMG_5152,5,0.55148,0.56361,False,0.044,0.066
IMG_5140,IMG_5193,5,0.68327,0.55149,False,0.0868,0.0
IMG_5263,IMG_5271,8,0.69082,0.55157,False,0.028,0.146
IMG_5245,IMG_5275,8,0.55164,0.5575,False,0.097,0.1089
IMG_5309,IMG_5318,7,0.66813,0.55173,False,0.0462,0.0249
IMG_5130,IMG_5188,5,0.60195,0.55177,False,0.0,0.0
IMG_5209,IMG_5215,6,0.67531,0.55202,False,0.0574,0.0
IMG_5246,IMG_5273,8,0.60844,0.55207,False,0.0934,0.1021
IMG_5151,IMG_5174,5,0.55212,0.60424,False,0.0451,0.0054
IMG_5127,IMG_5187,5,0.60935,0.55224,False,0.0171,0.0472
IMG_5280,IMG_5313,7,0.56584,0.55224,False,0.0792,0.0761
IMG_5169,IMG_5196,5,0.55237,0.55945,False,0.0,0.0
IMG_5133,IMG_5145,5,0.56778,0.5524,False,0.0,0.0268
IMG_5279,IMG_5316,7,0.59596,0.5526,False,0.0702,0.0555
IMG_5140,IMG_5144,5,0.55277,0.56418,False,0.1378,0.1272
IMG_5261,IMG_5274,8,0.68624,0.5528,False,0.0399,0.0223
IMG_5246,IMG_5271,8,0.62782,0.55285,False,0.0459,0.0909
IMG_5130,IMG_5179,5,0.55285,0.56315,False,0.0,0.0471
IMG_5281,IMG_5303,7,0.66871,0.55285,False,0.0836,0.0837
IMG_5250,IMG_5276,8,0.55288,0.56594,False,0.0235,0.033
IMG_5226,IMG_5231,6,0.55297,0.66177,False,0.0007,0.0852
IMG_5165,IMG_5190,5,0.61004,0.55307,False,0.0227,0.0259
IMG_5247,IMG_5264,8,0.55318,0.58403,False,0.058,0.0561
IMG_5134,IMG_5172,5,0.56428,0.55322,False,0.0032,0.0061
IMG_5132,IMG_5161,5,0.55328,0.61024,False,0.0054,0.0181
IMG_5159,IMG_5164,5,0.60941,0.55338,False,0.0,0.0
IMG_5220,IMG_5232,6,0.67037,0.55349,False,0.0581,0.1803
IMG_5141,IMG_5194,5,0.55365,0.60864,False,0.0362,0.0449
IMG_5159,IMG_5163,5,0.5863,0.55365,False,0.0,0.0
IMG_5295,IMG_5316,7,0.5736,0.55366,False,0.0203,0.0227
IMG_5212,IMG_5216,6,0.64341,0.55392,False,0.0391,0.0118
IMG_5141,IMG_5158,5,0.66455,0.55393,False,0.0208,0.0
IMG_5253,IMG_5274,8,0.55395,0.66963,False,0.0061,0.0534
IMG_5140,IMG_5150,5,0.55407,0.62048,False,0.0,0.0091
IMG_5137,IMG_5148,5,0.55697,0.55412,False,0.0668,0.0406
IMG_5278,IMG_5310,7,0.64272,0.55416,False,0.1344,0.1017
IMG_5293,IMG_5316,7,0.55416,0.59248,False,0.0962,0.109
IMG_5287,IMG_5308,7,0.55438,0.58599,False,0.0539,0.0972
IMG_5254,IMG_5274,8,0.55489,0.61977,False,0.0113,0.0673
IMG_5128,IMG_5188,5,0.55499,0.55645,False,0.0,0.0
IMG_5278,IMG_5311,7,0.72768,0.55512,False,0.1649,0.1489
IMG_5282,IMG_5313,7,0.62087,0.55515,False,0.0854,0.0831
IMG_5294,IMG_5313,7,0.70985,0.55518,False,0.0616,0.1861
IMG_5225,IMG_5231,6,0.55527,0.62143,False,0.0075,0.0878
IMG_5216,IMG_5226,6,0.58613,0.55529,False,0.0572,0.033
IMG_5136,IMG_5194,5,0.56674,0.55535,False,0.0322,0.0678
IMG_5285,IMG_5311,7,0.613,0.55542,False,0.1966,0.1459
IMG_5220,IMG_5230,6,0.70768,0.55544,False,0.0365,0.129
IMG_5247,IMG_5256,8,0.55547,0.5722,False,0.0422,0.0455
IMG_5297,IMG_5308,7,0.55556,0.61678,False,0.134,0.1659
IMG_5145,IMG_5186,5,0.60383,0.5556,False,0.0675,0.0
IMG_5260,IMG_5276,8,0.6224,0.55562,False,0.1288,0.1095
IMG_5278,IMG_5305,7,0.71799,0.55562,False,0.0937,0.0987
IMG_5150,IMG_5179,5,0.55576,0.56586,False,0.0539,0.0943
IMG_5249,IMG_5256,8,0.56154,0.55584,False,0.1202,0.147
IMG_5162,IMG_5197,5,0.56762,0.55585,False,0.0393,0.0186
IMG_5165,IMG_5187,5,0.55591,0.55671,False,0.0,0.0042
IMG_5246,IMG_5260,8,0.55614,0.56264,False,0.0485,0.0423
IMG_5259,IMG_5263,8,0.64407,0.55629,False,0.1423,0.1154
IMG_5269,IMG_5276,8,0.62923,0.5564,False,0.0626,0.0464
IMG_5142,IMG_5151,5,0.60607,0.55646,False,0.0138,0.0
IMG_5287,IMG_5300,7,0.57409,0.5565,False,0.1287,0.1882
IMG_5141,IMG_5160,5,0.5819,0.55658,False,0.0,0.0
IMG_5214,IMG_5226,6,0.56866,0.55664,False,0.0024,0.0197
IMG_5305,IMG_5311,7,0.65813,0.55664,False,0.0362,0.0679
IMG_5210,IMG_5216,6,0.60692,0.55686,False,0.0148,0.0
IMG_5186,IMG_5191,5,0.64469,0.55696,False,0.0053,0.0041
IMG_5141,IMG_5161,5,0.68253,0.55718,False,0.0,0.0
IMG_5299,IMG_5305,7,0.75807,0.55728,False,0.0381,0.0949
IMG_5253,IMG_5260,8,0.55747,0.61229,False,0.0511,0.1414
IMG_5161,IMG_5198,5,0.64206,0.55767,False,0.2162,0.1757
IMG_5191,IMG_5199,5,0.60325,0.55783,False,0.0836,0.0733
IMG_5307,IMG_5315,7,0.56563,0.55783,False,0.0371,0.0618
IMG_5137,IMG_5155,5,0.59606,0.55791,False,0.0904,0.0589
IMG_5173,IMG_5196,5,0.55806,0.56361,False,0.0511,0.0214
IMG_5246,IMG_5272,8,0.61668,0.5582,False,0.0632,0.0988
IMG_5215,IMG_5230,6,0.75151,0.55827,False,0.093,0.028
IMG_5130,IMG_5187,5,0.64124,0.55827,False,0.0048,0.0
IMG_5143,IMG_5195,5,0.55837,0.58912,False,0.0046,0.0037
IMG_5149,IMG_5175,5,0.55856,0.56819,False,0.0189,0.0
IMG_5127,IMG_5152,5,0.56134,0.55871,False,0.0582,0.0584
IMG_5133,IMG_5156,5,0.55878,0.62489,False,0.0,0.0103
IMG_5160,IMG_5180,5,0.57826,0.55878,False,0.0052,0.1304
IMG_5137,IMG_5197,5,0.55883,0.58092,False,0.0,0.0189
IMG_5150,IMG_5178,5,0.59314,0.55884,False,0.074,0.0139
IMG_5165,IMG_5193,5,0.55896,0.56249,False,0.0151,0.0439
IMG_5142,IMG_5183,5,0.55911,0.58837,False,0.0196,0.0445
IMG_5143,IMG_5189,5,0.5597,0.55914,False,0.0098,0.0045
IMG_5143,IMG_5175,5,0.68191,0.55914,False,0.1913,0.108
IMG_5268,IMG_5276,8,0.60633,0.55924,False,0.0674,0.0293
IMG_5300,IMG_5310,7,0.55941,0.59259,False,0.0441,0.0599
IMG_5223,IMG_5232,6,0.55955,0.66494,False,0.0162,0.1027
IMG_5126,IMG_5186,5,0.5597,0.62856,False,0.0,0.0404
IMG_5133,IMG_5154,5,0.5597,0.66135,False,0.0,0.0119
IMG_5150,IMG_5170,5,0.5826,0.55979,False,0.0,0.0
IMG_5136,IMG_5157,5,0.59395,0.55982,False,0.012,0.0061
IMG_5142,IMG_5149,5,0.55993,0.5634,False,0.0,0.0
IMG_5128,IMG_5187,5,0.59481,0.56004,False,0.0,0.0
IMG_5131,IMG_5188,5,0.56007,0.57165,False,0.0,0.0
IMG_5221,IMG_5229,6,0.67509,0.56016,False,0.3301,0.153
IMG_5214,IMG_5221,6,0.61433,0.56022,False,0.0208,0.0
IMG_5263,IMG_5276,8,0.70562,0.5603,False,0.0279,0.0623
IMG_5147,IMG_5187,5,0.58201,0.56047,False,0.0457,0.0642
IMG_5128,IMG_5144,5,0.56057,0.58675,False,0.0,0.0066
IMG_5165,IMG_5177,5,0.57874,0.56057,False,0.1694,0.1575
IMG_5247,IMG_5275,8,0.62985,0.56062,False,0.1265,0.1089
IMG_5164,IMG_5199,5,0.61934,0.56063,False,0.0419,0.0246
IMG_5133,IMG_5160,5,0.59192,0.56065,False,0.0463,0.0646
IMG_5180,IMG_5196,5,0.65864,0.5607,False,0.053,0.1169
IMG_5137,IMG_5154,5,0.63073,0.56072,False,0.1345,0.061
IMG_5150,IMG_5172,5,0.61516,0.56072,False,0.0,0.0
IMG_5312,IMG_5318,7,0.70362,0.56095,False,0.0863,0.0554
IMG_5287,IMG_5312,7,0.60982,0.56095,False,0.0496,0.0688
IMG_5309,IMG_5314,7,0.60407,0.56128,False,0.063,0.0469
IMG_5245,IMG_5261,8,0.56131,0.5771,False,0.013,0.0
IMG_5298,IMG_5309,7,0.56131,0.63793,False,0.1119,0.1239
IMG_5284,IMG_5311,7,0.684,0.56144,False,0.2496,0.106
IMG_5285,IMG_5300,7,0.58801,0.56144,False,0.0904,0.1516
IMG_5163,IMG_5199,5,0.59664,0.56154,False,0.0576,0.0263
IMG_5217,IMG_5220,6,0.56272,0.56158,False,0.0664,0.155
IMG_5168,IMG_5182,5,0.60177,0.5616,False,0.1386,0.0865
IMG_5138,IMG_5156,5,0.61294,0.56161,False,0.072,0.0304
IMG_5154,IMG_5192,5,0.60896,0.56176,False,0.0,0.0061
IMG_5279,IMG_5311,7,0.65346,0.56186,False,0.1973,0.1759
IMG_5145,IMG_5182,5,0.61671,0.56196,False,0.0573,0.0024
IMG_5216,IMG_5230,6,0.7123,0.56225,False,0.1104,0.035
IMG_5134,IMG_5188,5,0.56246,0.58953,False,0.0,0.0
IMG_5137,IMG_5145,5,0.57407,0.56257,False,0.0051,0.0069
IMG_5287,IMG_5309,7,0.5628,0.59726,False,0.0902,0.1069
IMG_5126,IMG_5160,5,0.6125,0.56286,False,0.029,0.0837
IMG_5280,IMG_5311,7,0.6628,0.56291,False,0.2208,0.1837
IMG_5286,IMG_5311,7,0.67534,0.56344,False,0.265,0.1495
IMG_5180,IMG_5197,5,0.60301,0.56351,False,0.0528,0.1291
IMG_5147,IMG_5170,5,0.63249,0.56357,False,0.0147,0.0012
IMG_5246,IMG_5251,8,0.61441,0.56357,False,0.0143,0.0007
IMG_5145,IMG_5189,5,0.60396,0.56358,False,0.0149,0.0069
IMG_5284,IMG_5318,7,0.56358,0.68324,False,0.062,0.0335
IMG_5134,IMG_5178,5,0.59728,0.5636,False,0.0423,0.012
IMG_5220,IMG_5227,6,0.71809,0.5636,False,0.0184,0.0907
IMG_5245,IMG_5265,8,0.59521,0.56361,False,0.0246,0.0321
IMG_5129,IMG_5178,5,0.58122,0.56362,False,0.0,0.0
IMG_5215,IMG_5232,6,0.7145,0.56368,False,0.0993,0.0108
IMG_5145,IMG_5174,5,0.63305,0.56369,False,0.1275,0.0648
IMG_5282,IMG_5315,7,0.59863,0.56388,False,0.0466,0.0712
IMG_5262,IMG_5273,8,0.56394,0.57247,False,0.047,0.0576
IMG_5260,IMG_5271,8,0.62844,0.56421,False,0.1061,0.1747
IMG_5141,IMG_5152,5,0.62198,0.56425,False,0.0263,0.0131
IMG_5269,IMG_5271,8,0.64904,0.56426,False,0.0499,0.0738
IMG_5280,IMG_5303,7,0.70111,0.5643,False,0.0726,0.0869
IMG_5179,IMG_5197,5,0.56437,0.64527,False,0.0034,0.0506
IMG_5153,IMG_5180,5,0.68015,0.56437,False,0.0364,0.0057
IMG_5150,IMG_5169,5,0.58369,0.56444,False,0.0,0.0
IMG_5278,IMG_5317,7,0.70219,0.56449,False,0.0818,0.0584
IMG_5128,IMG_5163,5,0.62811,0.56466,False,0.0035,0.0
IMG_5261,IMG_5275,8,0.69876,0.5647,False,0.054,0.0
IMG_5144,IMG_5195,5,0.56489,0.58928,False,0.0035,0.0025
IMG_5147,IMG_5172,5,0.66411,0.56495,False,0.0383,0.0
IMG_5147,IMG_5175,5,0.60566,0.56522,False,0.075,0.0
IMG_5141,IMG_5156,5,0.6762,0.56525,False,0.0502,0.0
IMG_5128,IMG_5164,5,0.65133,0.56525,False,0.0026,0.0
IMG_5132,IMG_5187,5,0.60119,0.56536,False,0.0,0.0
IMG_5132,IMG_5145,5,0.64432,0.56537,False,0.0,0.0282
IMG_5131,IMG_5145,5,0.65009,0.56537,False,0.0,0.0112
IMG_5147,IMG_5181,5,0.56563,0.60547,False,0.072,0.0933
IMG_5245,IMG_5266,8,0.58393,0.56565,False,0.0198,0.0254
IMG_5162,IMG_5173,5,0.59149,0.56565,False,0.0723,0.1095
IMG_5214,IMG_5224,6,0.56569,0.56873,False,0.0,0.0144
IMG_5149,IMG_5170,5,0.59629,0.5658,False,0.0,0.0
IMG_5141,IMG_5148,5,0.63988,0.56581,False,0.0398,0.0
IMG_5293,IMG_5315,7,0.63056,0.56592,False,0.1926,0.1169
IMG_5296,IMG_5317,7,0.56594,0.58892,False,0.0289,0.0324
IMG_5246,IMG_5250,8,0.66736,0.56594,False,0.0161,0.0202
IMG_5137,IMG_5143,5,0.61993,0.56606,False,0.0093,0.0002
IMG_5296,IMG_5303,7,0.56608,0.60248,False,0.0428,0.083
IMG_5162,IMG_5174,5,0.58347,0.56609,False,0.0809,0.0977
IMG_5217,IMG_5221,6,0.56625,0.58199,False,0.0429,0.2081
IMG_5277,IMG_5308,7,0.56627,0.61706,False,0.1222,0.1301
IMG_5134,IMG_5158,5,0.56642,0.60353,False,0.0,0.0389
IMG_5139,IMG_5156,5,0.60074,0.56652,False,0.0318,0.0098
IMG_5186,IMG_5192,5,0.61395,0.56658,False,0.0,0.0115
IMG_5146,IMG_5187,5,0.66945,0.56674,False,0.1321,0.0605
IMG_5281,IMG_5311,7,0.71291,0.56682,False,0.1726,0.1394
IMG_5149,IMG_5172,5,0.62888,0.56689,False,0.0,0.0
IMG_5161,IMG_5191,5,0.67535,0.56692,False,0.2033,0.1073
IMG_5167,IMG_5182,5,0.59106,0.56694,False,0.1668,0.1191
IMG_5216,IMG_5232,6,0.6733,0.56696,False,0.0573,0.0134
IMG_5138,IMG_5148,5,0.57453,0.56707,False,0.0279,0.0272
IMG_5295,IMG_5309,7,0.56708,0.70054,False,0.0285,0.0803
IMG_5162,IMG_5183,5,0.58145,0.5671,False,0.0197,0.0123
IMG_5216,IMG_5224,6,0.57822,0.56728,False,0.0285,0.0201
IMG_5188,IMG_5192,5,0.57712,0.5673,False,0.0,0.0
IMG_5217,IMG_5229,6,0.60009,0.56732,False,0.0142,0.0475
IMG_5186,IMG_5199,5,0.56736,0.60834,False,0.0583,0.2167
IMG_5268,IMG_5271,8,0.63048,0.56745,False,0.0618,0.0498
IMG_5153,IMG_5168,5,0.56749,0.57739,False,0.0557,0.0559
IMG_5137,IMG_5198,5,0.56751,0.58568,False,0.0,0.0
IMG_5293,IMG_5304,7,0.63419,0.56763,False,0.1165,0.0533
IMG_5139,IMG_5148,5,0.56772,0.57902,False,0.0134,0.017
IMG_5143,IMG_5186,5,0.62514,0.56785,False,0.056,0.0
IMG_5140,IMG_5192,5,0.57504,0.56796,False,0.0676,0.0037
IMG_5147,IMG_5169,5,0.63347,0.56803,False,0.0174,0.0019
IMG_5149,IMG_5179,5,0.56834,0.59508,False,0.0454,0.0821
IMG_5128,IMG_5145,5,0.57218,0.5684,False,0.0,0.0075
IMG_5210,IMG_5221,6,0.60429,0.56848,False,0.1967,0.1794
IMG_5283,IMG_5311,7,0.66316,0.56851,False,0.2484,0.1555
IMG_5188,IMG_5191,5,0.60904,0.56858,False,0.0189,0.0037
IMG_5246,IMG_5253,8,0.63423,0.56871,False,0.008,0.0104
IMG_5285,IMG_5308,7,0.56877,0.59768,False,0.0421,0.0927
IMG_5132,IMG_5188,5,0.5737,0.56882,False,0.0,0.0
IMG_5127,IMG_5156,5,0.56883,0.63524,False,0.0769,0.1373
IMG_5138,IMG_5155,5,0.61701,0.56884,False,0.0746,0.0284
IMG_5126,IMG_5164,5,0.61659,0.56894,False,0.0498,0.0011
IMG_5192,IMG_5199,5,0.57497,0.56911,False,0.099,0.0996
IMG_5213,IMG_5230,6,0.69669,0.56919,False,0.0593,0.0533
IMG_5145,IMG_5177,5,0.56926,0.60599,False,0.0,0.0636
IMG_5254,IMG_5257,8,0.56934,0.6818,False,0.0454,0.2871
IMG_5126,IMG_5187,5,0.59705,0.56948,False,0.0613,0.0777
IMG_5301,IMG_5314,7,0.67949,0.5697,False,0.0703,0.0594
IMG_5217,IMG_5222,6,0.56978,0.65074,False,0.0459,0.0518
IMG_5145,IMG_5173,5,0.65783,0.56995,False,0.1317,0.0602
IMG_5284,IMG_5300,7,0.66356,0.57002,False,0.2179,0.2153
IMG_5280,IMG_5300,7,0.63766,0.57014,False,0.1529,0.1871
IMG_5149,IMG_5169,5,0.59738,0.57038,False,0.0,0.0
IMG_5262,IMG_5274,8,0.60174,0.57043,False,0.0426,0.0637
IMG_5251,IMG_5255,8,0.57045,0.61132,False,0.0653,0.1361
IMG_5151,IMG_5179,5,0.57055,0.58737,False,0.0423,0.0858
IMG_5246,IMG_5267,8,0.57057,0.57743,False,0.0435,0.0437
IMG_5127,IMG_5186,5,0.57063,0.61449,False,0.0109,0.0485
IMG_5143,IMG_5182,5,0.61853,0.57064,False,0.0401,0.0
IMG_5186,IMG_5198,5,0.57067,0.57964,False,0.0725,0.2187
IMG_5157,IMG_5164,5,0.57069,0.58937,False,0.0,0.0
IMG_5246,IMG_5265,8,0.5707,0.61717,False,0.0605,0.0624
IMG_5246,IMG_5270,8,0.59194,0.57087,False,0.0714,0.1197
IMG_5214,IMG_5223,6,0.57115,0.5871,False,0.0,0.024
IMG_5141,IMG_5155,5,0.68124,0.5712,False,0.0703,0.0047
IMG_5279,IMG_5304,7,0.70544,0.57123,False,0.0625,0.0734
IMG_5277,IMG_5303,7,0.59442,0.57129,False,0.0887,0.0689
IMG_5246,IMG_5274,8,0.6401,0.57131,False,0.0553,0.0858
IMG_5248,IMG_5270,8,0.64164,0.57135,False,0.0041,0.0871
IMG_5138,IMG_5154,5,0.65355,0.57167,False,0.0956,0.0385
IMG_5164,IMG_5186,5,0.71426,0.57174,False,0.0293,0.0317
IMG_5133,IMG_5155,5,0.5719,0.63329,False,0.0058,0.0261
IMG_5254,IMG_5275,8,0.57191,0.72655,False,0.016,0.1166
IMG_5126,IMG_5163,5,0.59541,0.57192,False,0.0479,0.0068
IMG_5245,IMG_5262,8,0.57211,0.62612,False,0.0,0.0
IMG_5128,IMG_5143,5,0.57215,0.60402,False,0.0,0.0035
IMG_5221,IMG_5227,6,0.57228,0.63912,False,0.0741,0.175
IMG_5269,IMG_5270,8,0.60677,0.57234,False,0.0642,0.0649
IMG_5179,IMG_5198,5,0.57245,0.59697,False,0.0806,0.0409
IMG_5294,IMG_5304,7,0.6729,0.57249,False,0.0591,0.0392
IMG_5154,IMG_5164,5,0.60105,0.57251,False,0.0,0.0
IMG_5284,IMG_5303,7,0.70091,0.57254,False,0.1113,0.0718
IMG_5156,IMG_5162,5,0.5727,0.58524,False,0.0,0.0
IMG_5165,IMG_5188,5,0.58307,0.57274,False,0.0217,0.0213
IMG_5157,IMG_5186,5,0.64939,0.57284,False,0.0223,0.0958
IMG_5295,IMG_5303,7,0.57291,0.59033,False,0.0473,0.052
IMG_5154,IMG_5163,5,0.61202,0.57299,False,0.0,0.0
IMG_5283,IMG_5303,7,0.68764,0.57299,False,0.1016,0.0866
IMG_5163,IMG_5186,5,0.69141,0.57318,False,0.0295,0.0307
IMG_5222,IMG_5229,6,0.57318,0.57637,False,0.1044,0.1472
IMG_5137,IMG_5194,5,0.60431,0.57331,False,0.0051,0.0482
IMG_5129,IMG_5187,5,0.5889,0.57336,False,0.0,0.0
IMG_5151,IMG_5173,5,0.57338,0.61547,False,0.0645,0.0074
IMG_5138,IMG_5197,5,0.57343,0.58625,False,0.0073,0.0174
IMG_5139,IMG_5196,5,0.60274,0.57371,False,0.0314,0.0423
IMG_5262,IMG_5268,8,0.57388,0.60966,False,0.0229,0.0309
IMG_5143,IMG_5174,5,0.68098,0.57391,False,0.2153,0.0979
IMG_5142,IMG_5193,5,0.64385,0.57397,False,0.0679,0.047
IMG_5144,IMG_5189,5,0.58107,0.57399,False,0.0099,0.005
IMG_5224,IMG_5232,6,0.57399,0.67684,False,0.0237,0.111
IMG_5141,IMG_5154,5,0.71703,0.574,False,0.106,0.0134
IMG_5285,IMG_5312,7,0.61871,0.57403,False,0.0517,0.0676
IMG_5294,IMG_5314,7,0.58619,0.57414,False,0.0569,0.1422
IMG_5245,IMG_5252,8,0.5742,0.61459,False,0.0,0.0101
IMG_5165,IMG_5182,5,0.63231,0.57433,False,0.0188,0.0067
IMG_5213,IMG_5232,6,0.66103,0.57451,False,0.0558,0.0446
IMG_5133,IMG_5157,5,0.57474,0.64855,False,0.001,0.0427
IMG_5277,IMG_5311,7,0.60753,0.57477,False,0.1807,0.1534
IMG_5142,IMG_5160,5,0.57478,0.60999,False,0.0,0.0
IMG_5127,IMG_5154,5,0.57478,0.67387,False,0.0437,0.0629
IMG_5260,IMG_5270,8,0.60586,0.57491,False,0.1204,0.1835
IMG_5297,IMG_5311,7,0.57621,0.57501,False,0.1723,0.1778
IMG_5286,IMG_5300,7,0.6599,0.57503,False,0.1983,0.2347
IMG_5248,IMG_5257,8,0.69233,0.57513,False,0.1399,0.176
IMG_5146,IMG_5180,5,0.67538,0.57522,False,0.0197,0.0306
IMG_5137,IMG_5157,5,0.60514,0.57522,False,0.0299,0.0083
IMG_5134,IMG_5160,5,0.66223,0.57523,False,0.0409,0.0627
IMG_5133,IMG_5159,5,0.57547,0.61555,False,0.0,0.0201
IMG_5139,IMG_5199,5,0.57559,0.59135,False,0.0,0.0
IMG_5139,IMG_5155,5,0.607,0.57561,False,0.0381,0.0242
IMG_5297,IMG_5300,7,0.57564,0.59262,False,0.1684,0.1881
IMG_5251,IMG_5275,8,0.57569,0.7442,False,0.0054,0.1086
IMG_5129,IMG_5144,5,0.57579,0.61231,False,0.0001,0.0091
IMG_5159,IMG_5198,5,0.62559,0.57584,False,0.1527,0.175
IMG_5144,IMG_5175,5,0.68908,0.57585,False,0.1616,0.0889
IMG_5141,IMG_5193,5,0.60012,0.57606,False,0.078,0.0254
IMG_5305,IMG_5312,7,0.57609,0.72894,False,0.0508,0.0515
IMG_5166,IMG_5195,5,0.64337,0.57616,False,0.0516,0.0181
IMG_5165,IMG_5192,5,0.57651,0.57621,False,0.0432,0.0518
IMG_5130,IMG_5145,5,0.60909,0.57625,False,0.0004,0.0069
IMG_5145,IMG_5198,5,0.59537,0.5764,False,0.0418,0.0416
IMG_5278,IMG_5312,7,0.72893,0.57655,False,0.0863,0.0834
IMG_5153,IMG_5167,5,0.57671,0.58406,False,0.0456,0.0624
IMG_5146,IMG_5166,5,0.65797,0.57678,False,0.0107,0.0
IMG_5268,IMG_5270,8,0.59002,0.57679,False,0.0664,0.0401
IMG_5299,IMG_5308,7,0.57685,0.62757,False,0.1471,0.1704
IMG_5153,IMG_5191,5,0.65919,0.57705,False,0.0011,0.0
IMG_5251,IMG_5260,8,0.57729,0.61103,False,0.0621,0.1621
IMG_5281,IMG_5318,7,0.57735,0.68509,False,0.1136,0.0301
IMG_5254,IMG_5258,8,0.57773,0.70132,False,0.0352,0.3069
IMG_5308,IMG_5316,7,0.70193,0.57776,False,0.062,0.0651
IMG_5218,IMG_5231,6,0.72999,0.57798,False,0.0273,0.1855
IMG_5145,IMG_5184,5,0.57809,0.60372,False,0.0163,0.0
IMG_5138,IMG_5196,5,0.62514,0.57809,False,0.0431,0.0734
IMG_5262,IMG_5275,8,0.62309,0.57815,False,0.0237,0.0028
IMG_5245,IMG_5260,8,0.57816,0.64852,False,0.052,0.0597
IMG_5151,IMG_5178,5,0.62126,0.57831,False,0.1464,0.024
IMG_5148,IMG_5170,5,0.58609,0.57834,False,0.0,0.0
IMG_5283,IMG_5300,7,0.64197,0.57835,False,0.179,0.2336
IMG_5247,IMG_5266,8,0.57841,0.59581,False,0.0719,0.0631
IMG_5245,IMG_5264,8,0.6155,0.57849,False,0.0226,0.0308
IMG_5139,IMG_5154,5,0.64176,0.57849,False,0.0557,0.0329
IMG_5142,IMG_5161,5,0.62629,0.57856,False,0.0,0.0056
IMG_5160,IMG_5162,5,0.67192,0.57871,False,0.0,0.0
IMG_5288,IMG_5302,7,0.57893,0.65373,False,0.0309,0.0463
IMG_5128,IMG_5140,5,0.5791,0.61575,False,0.0,0.0
IMG_5130,IMG_5163,5,0.67349,0.57931,False,0.0252,0.0
IMG_5277,IMG_5300,7,0.58571,0.57933,False,0.1163,0.144
IMG_5284,IMG_5312,7,0.69634,0.57934,False,0.0805,0.0824
IMG_5253,IMG_5255,8,0.57935,0.62931,False,0.0447,0.1345
IMG_5250,IMG_5274,8,0.57948,0.64845,False,0.0103,0.0554
IMG_5245,IMG_5248,8,0.79034,0.57958,False,0.0,0.0232
IMG_5180,IMG_5199,5,0.62698,0.57963,False,0.0958,0.0798
IMG_5135,IMG_5152,5,0.60822,0.57965,False,0.0732,0.0704
IMG_5148,IMG_5172,5,0.61865,0.57976,False,0.0,0.0
IMG_5166,IMG_5198,5,0.6766,0.57987,False,0.0276,0.0065
IMG_5143,IMG_5173,5,0.70573,0.57995,False,0.2156,0.089
IMG_5130,IMG_5164,5,0.6969,0.58016,False,0.0216,0.0
IMG_5137,IMG_5144,5,0.62252,0.58017,False,0.0214,0.0098
IMG_5133,IMG_5143,5,0.61136,0.5803,False,0.0,0.0295
IMG_5281,IMG_5300,7,0.68619,0.58037,False,0.1648,0.2364
IMG_5126,IMG_5156,5,0.58049,0.6181,False,0.1054,0.1675
IMG_5286,IMG_5312,7,0.69564,0.58054,False,0.0739,0.0715
IMG_5140,IMG_5149,5,0.58062,0.65161,False,0.0,0.0097
IMG_5295,IMG_5308,7,0.58065,0.68889,False,0.0394,0.1072
IMG_5166,IMG_5183,5,0.61419,0.58075,False,0.015,0.021
IMG_5293,IMG_5305,7,0.65166,0.58076,False,0.0956,0.0467
IMG_5282,IMG_5308,7,0.58104,0.62547,False,0.0413,0.1017
IMG_5127,IMG_5160,5,0.6,0.58107,False,0.0518,0.0935
IMG_5155,IMG_5162,5,0.58108,0.59107,False,0.0,0.0
IMG_5280,IMG_5312,7,0.66778,0.58115,False,0.0697,0.072
IMG_5209,IMG_5220,6,0.64234,0.58117,False,0.0218,0.0
IMG_5221,IMG_5231,6,0.63852,0.58117,False,0.1504,0.2214
IMG_5312,IMG_5317,7,0.7263,0.5812,False,0.1021,0.0642
IMG_5149,IMG_5186,5,0.58132,0.62124,False,0.0242,0.0672
IMG_5164,IMG_5171,5,0.60259,0.58137,False,0.0415,0.0217
IMG_5127,IMG_5155,5,0.58137,0.64269,False,0.0596,0.0674
IMG_5140,IMG_5161,5,0.58137,0.63137,False,0.0,0.0
IMG_5148,IMG_5187,5,0.59208,0.58157,False,0.1097,0.0831
IMG_5301,IMG_5305,7,0.58195,0.59684,False,0.0511,0.0506
IMG_5279,IMG_5310,7,0.65276,0.58207,False,0.0913,0.106
IMG_5138,IMG_5157,5,0.63417,0.58231,False,0.0244,0.0112
IMG_5248,IMG_5272,8,0.65971,0.58238,False,0.005,0.0602
IMG_5153,IMG_5166,5,0.69889,0.5825,False,0.0,0.0032
IMG_5300,IMG_5318,7,0.6551,0.58264,False,0.0503,0.0404
IMG_5165,IMG_5175,5,0.63057,0.58271,False,0.0882,0.1074
IMG_5148,IMG_5169,5,0.58718,0.58278,False,0.0,0.0
IMG_5131,IMG_5144,5,0.70717,0.58301,False,0.0,0.008
IMG_5140,IMG_5194,5,0.64111,0.58301,False,0.0961,0.0075
IMG_5162,IMG_5171,5,0.58307,0.60757,False,0.0129,0.0194
IMG_5163,IMG_5171,5,0.58307,0.58519,False,0.021,0.0153
IMG_5139,IMG_5157,5,0.61632,0.58307,False,0.0173,0.0067
IMG_5146,IMG_5175,5,0.58322,0.59113,False,0.0711,0.0204
IMG_5267,IMG_5268,8,0.58322,0.64005,False,0.1014,0.1766
IMG_5145,IMG_5185,5,0.58324,0.59718,False,0.0051,0.0
IMG_5282,IMG_5311,7,0.6236,0.58328,False,0.2196,0.1587
IMG_5281,IMG_5312,7,0.71488,0.58338,False,0.1451,0.0673
IMG_5145,IMG_5197,5,0.58347,0.61737,False,0.012,0.006
IMG_5126,IMG_5188,5,0.58394,0.60831,False,0.0263,0.018
IMG_5178,IMG_5195,5,0.58396,0.59604,False,0.013,0.075
IMG_5157,IMG_5162,5,0.584,0.64611,False,0.0,0.0
IMG_5246,IMG_5256,8,0.5842,0.60842,False,0.0507,0.0525
IMG_5178,IMG_5183,5,0.58444,0.59055,False,0.0754,0.0873
IMG_5142,IMG_5147,5,0.58452,0.60867,False,0.0,0.0
IMG_5126,IMG_5154,5,0.58457,0.65657,False,0.0476,0.0763
IMG_5161,IMG_5192,5,0.64982,0.58476,False,0.1924,0.1225
IMG_5294,IMG_5305,7,0.68953,0.58487,False,0.0364,0.031
IMG_5279,IMG_5312,7,0.64683,0.58489,False,0.0711,0.0983
IMG_5152,IMG_5191,5,0.69836,0.58498,False,0.0209,0.0
IMG_5153,IMG_5192,5,0.63032,0.58503,False,0.0,0.0087
IMG_5165,IMG_5194,5,0.58785,0.58515,False,0.0336,0.0324
IMG_5312,IMG_5316,7,0.68353,0.58521,False,0.1148,0.0695
IMG_5299,IMG_5311,7,0.61615,0.58525,False,0.1783,0.1475
IMG_5144,IMG_5186,5,0.63724,0.58525,False,0.0566,0.0
IMG_5279,IMG_5305,7,0.71997,0.58526,False,0.0605,0.0888
IMG_5133,IMG_5144,5,0.62415,0.58533,False,0.0,0.0197
IMG_5147,IMG_5180,5,0.59434,0.58546,False,0.0466,0.0725
IMG_5129,IMG_5145,5,0.58553,0.59361,False,0.0,0.01
IMG_5149,IMG_5178,5,0.60623,0.58558,False,0.0668,0.0107
IMG_5150,IMG_5165,5,0.58833,0.58574,False,0.0,0.0
IMG_5153,IMG_5181,5,0.6553,0.58576,False,0.0545,0.0262
IMG_5136,IMG_5196,5,0.58956,0.58595,False,0.0455,0.0688
IMG_5190,IMG_5191,5,0.63395,0.58599,False,0.0622,0.038
IMG_5132,IMG_5143,5,0.68779,0.586,False,0.0,0.0313
IMG_5283,IMG_5312,7,0.67448,0.58603,False,0.0736,0.0783
IMG_5141,IMG_5195,5,0.59411,0.58618,False,0.1238,0.0499
IMG_5217,IMG_5231,6,0.6979,0.58622,False,0.0193,0.1752
IMG_5129,IMG_5143,5,0.58629,0.62893,False,0.0,0.0039
IMG_5159,IMG_5162,5,0.5863,0.61009,False,0.0,0.0
IMG_5127,IMG_5159,5,0.58645,0.6408,False,0.0437,0.1264
IMG_5216,IMG_5223,6,0.59041,0.58657,False,0.0367,0.0356
IMG_5142,IMG_5195,5,0.60226,0.58658,False,0.0857,0.0525
IMG_5131,IMG_5186,5,0.5867,0.65937,False,0.0467,0.0211
IMG_5256,IMG_5274,8,0.58671,0.67262,False,0.0604,0.2152
IMG_5144,IMG_5182,5,0.64202,0.58697,False,0.0533,0.0001
IMG_5290,IMG_5311,7,0.66909,0.58711,False,0.176,0.1625
IMG_5174,IMG_5182,5,0.64045,0.58721,False,0.053,0.1032
IMG_5297,IMG_5303,7,0.69926,0.58743,False,0.095,0.1221
IMG_5305,IMG_5308,7,0.58749,0.64021,False,0.053,0.0611
IMG_5299,IMG_5300,7,0.5964,0.58764,False,0.3547,0.3108
IMG_5127,IMG_5188,5,0.59648,0.58808,False,0.0041,0.0062
IMG_5160,IMG_5181,5,0.63688,0.58817,False,0.0,0.0884
IMG_5179,IMG_5199,5,0.58827,0.65907,False,0.0054,0.0289
IMG_5181,IMG_5196,5,0.64354,0.58833,False,0.0377,0.0594
IMG_5146,IMG_5170,5,0.59133,0.58837,False,0.0507,0.0115
IMG_5294,IMG_5309,7,0.58845,0.73627,False,0.0401,0.0401
IMG_5279,IMG_5318,7,0.58845,0.67429,False,0.0892,0.034
IMG_5141,IMG_5157,5,0.69429,0.58863,False,0.0272,0.0
IMG_5301,IMG_5304,7,0.61954,0.58869,False,0.0642,0.0372
IMG_5181,IMG_5197,5,0.58873,0.59166,False,0.0358,0.0904
IMG_5248,IMG_5255,8,0.5888,0.59104,False,0.1098,0.1896
IMG_5158,IMG_5176,5,0.58907,0.66264,False,0.0,0.0
IMG_5246,IMG_5264,8,0.58925,0.61471,False,0.0541,0.0572
IMG_5146,IMG_5172,5,0.62125,0.58927,False,0.0778,0.0185
IMG_5293,IMG_5310,7,0.62461,0.58942,False,0.0802,0.0506
IMG_5161,IMG_5180,5,0.5896,0.60521,False,0.0252,0.0126
IMG_5277,IMG_5309,7,0.58983,0.6368,False,0.1023,0.1158
IMG_5290,IMG_5300,7,0.64138,0.58984,False,0.1221,0.2054
IMG_5256,IMG_5265,8,0.59002,0.6042,False,0.1665,0.1875
IMG_5297,IMG_5312,7,0.61984,0.59041,False,0.1285,0.1128
IMG_5143,IMG_5197,5,0.59071,0.63915,False,0.0142,0.0093
IMG_5152,IMG_5192,5,0.66703,0.59075,False,0.0156,0.0067
IMG_5144,IMG_5174,5,0.68805,0.59075,False,0.1652,0.081
IMG_5144,IMG_5197,5,0.59096,0.64171,False,0.012,0.0078
IMG_5223,IMG_5229,6,0.591,0.63351,False,0.0769,0.192
IMG_5282,IMG_5300,7,0.60038,0.59103,False,0.134,0.2079
IMG_5247,IMG_5249,8,0.59121,0.63034,False,0.0366,0.0467
IMG_5129,IMG_5163,5,0.64469,0.59134,False,0.0,0.0
IMG_5147,IMG_5166,5,0.59151,0.5939,False,0.0031,0.0041
IMG_5263,IMG_5270,8,0.6636,0.59156,False,0.0514,0.1442
IMG_5137,IMG_5196,5,0.59159,0.60207,False,0.0048,0.046
IMG_5133,IMG_5140,5,0.65061,0.59174,False,0.0,0.0
IMG_5267,IMG_5272,8,0.7134,0.59178,False,0.049,0.0603
IMG_5301,IMG_5315,7,0.59188,0.64524,False,0.042,0.0795
IMG_5142,IMG_5146,5,0.65863,0.59188,False,0.0375,0.0026
IMG_5285,IMG_5303,7,0.67886,0.5919,False,0.0869,0.0666
IMG_5254,IMG_5260,8,0.62647,0.59205,False,0.0527,0.1534
IMG_5146,IMG_5169,5,0.59214,0.59303,False,0.0537,0.0216
IMG_5129,IMG_5164,5,0.66788,0.59221,False,0.0,0.0
IMG_5285,IMG_5318,7,0.59225,0.70252,False,0.0607,0.0248
IMG_5135,IMG_5158,5,0.59229,0.63796,False,0.1603,0.1178
IMG_5190,IMG_5192,5,0.60415,0.59251,False,0.0194,0.0243
IMG_5167,IMG_5183,5,0.59272,0.61063,False,0.1116,0.1331
IMG_5299,IMG_5309,7,0.59273,0.64946,False,0.1103,0.1404
IMG_5158,IMG_5180,5,0.65118,0.59316,False,0.0558,0.0972
IMG_5152,IMG_5180,5,0.63851,0.59328,False,0.0204,0.0437
IMG_5126,IMG_5155,5,0.59329,0.62566,False,0.0707,0.0774
IMG_5224,IMG_5229,6,0.59343,0.64519,False,0.0581,0.134
IMG_5226,IMG_5229,6,0.59346,0.66267,False,0.0361,0.142
IMG_5281,IMG_5317,7,0.59353,0.60274,False,0.0702,0.0548
IMG_5298,IMG_5303,7,0.68402,0.59359,False,0.127,0.1162
IMG_5277,IMG_5312,7,0.61839,0.5936,False,0.0727,0.0948
IMG_5279,IMG_5317,7,0.64612,0.59386,False,0.081,0.0451
IMG_5263,IMG_5272,8,0.69986,0.59394,False,0.053,0.0932
IMG_5146,IMG_5181,5,0.64508,0.59411,False,0.0535,0.0764
IMG_5132,IMG_5140,5,0.709,0.59418,False,0.0,0.0
IMG_5267,IMG_5270,8,0.72148,0.59431,False,0.0343,0.0872
IMG_5298,IMG_5311,7,0.61991,0.59436,False,0.1917,0.172
IMG_5134,IMG_5187,5,0.6066,0.5944,False,0.0,0.0
IMG_5248,IMG_5258,8,0.70811,0.59468,False,0.1407,0.1948
IMG_5129,IMG_5140,5,0.59469,0.64187,False,0.0,0.0
IMG_5298,IMG_5308,7,0.59478,0.63619,False,0.1582,0.1859
IMG_5152,IMG_5176,5,0.60549,0.5948,False,0.0605,0.1367
IMG_5245,IMG_5257,8,0.62418,0.59481,False,0.0445,0.0783
IMG_5269,IMG_5272,8,0.63047,0.59484,False,0.0538,0.0423
IMG_5209,IMG_5216,6,0.67181,0.59493,False,0.0367,0.0077
IMG_5226,IMG_5232,6,0.59494,0.6944,False,0.0128,0.1223
IMG_5130,IMG_5144,5,0.5959,0.59499,False,0.0,0.006
IMG_5301,IMG_5303,7,0.59508,0.67761,False,0.0572,0.1003
IMG_5138,IMG_5199,5,0.60032,0.59509,False,0.0,0.0
IMG_5135,IMG_5160,5,0.64343,0.59519,False,0.0328,0.0738
IMG_5210,IMG_5218,6,0.62103,0.59525,False,0.0177,0.069
IMG_5162,IMG_5199,5,0.59664,0.59526,False,0.048,0.0377
IMG_5126,IMG_5162,5,0.59541,0.59788,False,0.0049,0.0008
IMG_5224,IMG_5230,6,0.59546,0.67949,False,0.0072,0.0699
IMG_5256,IMG_5264,8,0.59567,0.61685,False,0.1509,0.1656
IMG_5250,IMG_5257,8,0.59573,0.70584,False,0.0483,0.1976
IMG_5301,IMG_5318,7,0.74526,0.59579,False,0.11,0.0611
IMG_5295,IMG_5317,7,0.59945,0.59581,False,0.0344,0.0326
IMG_5256,IMG_5263,8,0.74014,0.59608,False,0.0918,0.1079
IMG_5260,IMG_5272,8,0.63273,0.59628,False,0.1039,0.1204
IMG_5136,IMG_5199,5,0.60724,0.59663,False,0.0,0.0
IMG_5142,IMG_5153,5,0.68308,0.59669,False,0.0391,0.0
IMG_5141,IMG_5197,5,0.62888,0.59669,False,0.0914,0.0671
IMG_5144,IMG_5173,5,0.7124,0.59673,False,0.1657,0.0782
IMG_5173,IMG_5182,5,0.64318,0.597,False,0.0315,0.1054
IMG_5126,IMG_5145,5,0.59706,0.60597,False,0.0,0.0
IMG_5260,IMG_5275,8,0.68077,0.59723,False,0.07,0.0599
IMG_5246,IMG_5266,8,0.59732,0.62635,False,0.0652,0.0646
IMG_5225,IMG_5232,6,0.59748,0.65407,False,0.0151,0.1196
IMG_5267,IMG_5275,8,0.70903,0.59748,False,0.052,0.0047
IMG_5278,IMG_5308,7,0.68158,0.5975,False,0.2135,0.1275
IMG_5253,IMG_5275,8,0.59778,0.75446,False,0.001,0.1145
IMG_5126,IMG_5159,5,0.59783,0.62226,False,0.0401,0.1234
IMG_5245,IMG_5267,8,0.6015,0.59789,False,0.0093,0.0314
IMG_5264,IMG_5272,8,0.73369,0.59792,False,0.047,0.0346
IMG_5248,IMG_5273,8,0.7192,0.59814,False,0.0,0.0687
IMG_5258,IMG_5262,8,0.59824,0.65164,False,0.0397,0.0738
IMG_5132,IMG_5144,5,0.70065,0.59826,False,0.0,0.0191
IMG_5142,IMG_5194,5,0.59841,0.60668,False,0.1096,0.084
IMG_5294,IMG_5315,7,0.71853,0.59844,False,0.0871,0.1001
IMG_5290,IMG_5303,7,0.78368,0.59856,False,0.1086,0.1089
IMG_5164,IMG_5167,5,0.68444,0.59867,False,0.0845,0.0091
IMG_5164,IMG_5185,5,0.6385,0.59875,False,0.0775,0.0469
IMG_5268,IMG_5272,8,0.61149,0.59876,False,0.0524,0.0284
IMG_5146,IMG_5167,5,0.59887,0.65324,False,0.0124,0.0061
IMG_5134,IMG_5145,5,0.6025,0.59931,False,0.0183,0.0522
IMG_5132,IMG_5186,5,0.59936,0.65132,False,0.0469,0.0221
IMG_5153,IMG_5162,5,0.59936,0.66937,False,0.0,0.0
IMG_5306,IMG_5310,7,0.59957,0.61844,False,0.059,0.0641
IMG_5127,IMG_5164,5,0.67528,0.5999,False,0.1012,0.0018
IMG_5289,IMG_5311,7,0.68767,0.59991,False,0.1465,0.1459
IMG_5152,IMG_5171,5,0.64868,0.59994,False,0.0892,0.054
IMG_5264,IMG_5268,8,0.60005,0.63189,False,0.1201,0.1667
IMG_5144,IMG_5198,5,0.60107,0.60028,False,0.0442,0.0463
IMG_5252,IMG_5268,8,0.60039,0.61141,False,0.0917,0.0834
IMG_5295,IMG_5300,7,0.60057,0.65318,False,0.1268,0.1535
IMG_5260,IMG_5263,8,0.63568,0.60064,False,0.1718,0.1611
IMG_5163,IMG_5185,5,0.61663,0.60082,False,0.0851,0.0607
IMG_5165,IMG_5173,5,0.63687,0.60083,False,0.0469,0.0958
IMG_5282,IMG_5303,7,0.68268,0.60095,False,0.0846,0.0682
IMG_5294,IMG_5310,7,0.6568,0.60121,False,0.0377,0.0368
IMG_5282,IMG_5312,7,0.63205,0.60122,False,0.0472,0.0646
IMG_5217,IMG_5228,6,0.80814,0.60144,False,0.018,0.0772
IMG_5153,IMG_5174,5,0.61412,0.60148,False,0.1147,0.0192
IMG_5131,IMG_5143,5,0.69582,0.60149,False,0.0,0.0141
IMG_5143,IMG_5198,5,0.602,0.60161,False,0.0427,0.0381
IMG_5165,IMG_5174,5,0.62717,0.60162,False,0.0659,0.0965
IMG_5142,IMG_5159,5,0.6467,0.60169,False,0.0231,0.0
IMG_5163,IMG_5167,5,0.66292,0.6018,False,0.0447,0.0034
IMG_5157,IMG_5198,5,0.60206,0.60491,False,0.2141,0.2171
IMG_5178,IMG_5198,5,0.62557,0.6021,False,0.0316,0.0013
IMG_5308,IMG_5317,7,0.74032,0.60223,False,0.0442,0.0695
IMG_5285,IMG_5309,7,0.60241,0.61705,False,0.0906,0.0908
IMG_5150,IMG_5167,5,0.60258,0.6247,False,0.0,0.0156
IMG_5257,IMG_5261,8,0.62546,0.60259,False,0.0373,0.0596
IMG_5279,IMG_5308,7,0.60259,0.60416,False,0.1375,0.1259
IMG_5164,IMG_5184,5,0.66161,0.60262,False,0.075,0.0515
IMG_5127,IMG_5163,5,0.65363,0.60271,False,0.0848,0.0074
IMG_5245,IMG_5263,8,0.60275,0.6756,False,0.0032,0.0
IMG_5127,IMG_5157,5,0.60279,0.67582,False,0.0837,0.1286
IMG_5156,IMG_5186,5,0.67007,0.60292,False,0.0158,0.0897
IMG_5151,IMG_5165,5,0.62501,0.60293,False,0.0,0.0066
IMG_5156,IMG_5198,5,0.61078,0.60308,False,0.1738,0.1451
IMG_5168,IMG_5183,5,0.60309,0.60586,False,0.1304,0.114
IMG_5128,IMG_5162,5,0.62811,0.60325,False,0.0,0.0
IMG_5289,IMG_5300,7,0.66085,0.6033,False,0.1098,0.1904
IMG_5309,IMG_5316,7,0.60344,0.67776,False,0.098,0.059
IMG_5250,IMG_5258,8,0.60352,0.72539,False,0.0398,0.2174
IMG_5256,IMG_5261,8,0.6036,0.61894,False,0.0369,0.0433
IMG_5284,IMG_5308,7,0.64408,0.60362,False,0.0799,0.1022
IMG_5133,IMG_5161,5,0.6054,0.60373,False,0.0016,0.0178
IMG_5264,IMG_5270,8,0.74252,0.60378,False,0.0305,0.0562
IMG_5293,IMG_5308,7,0.60387,0.67222,False,0.0749,0.0551
IMG_5261,IMG_5268,8,0.60418,0.66071,False,0.0463,0.0832
IMG_5164,IMG_5169,5,0.63957,0.60425,False,0.0444,0.0136
IMG_5299,IMG_5312,7,0.63021,0.60453,False,0.1013,0.1132
IMG_5163,IMG_5184,5,0.63932,0.6048,False,0.0814,0.0649
IMG_5266,IMG_5268,8,0.60489,0.6443,False,0.1551,0.1737
IMG_5162,IMG_5186,5,0.69141,0.60498,False,0.0551,0.0423
IMG_5280,IMG_5308,7,0.61847,0.60514,False,0.0917,0.1134
IMG_5154,IMG_5198,5,0.60528,0.63532,False,0.1286,0.1934
IMG_5145,IMG_5199,5,0.60536,0.63461,False,0.0035,0.0066
IMG_5286,IMG_5308,7,0.64017,0.60551,False,0.0904,0.0979
IMG_5153,IMG_5163,5,0.60561,0.65363,False,0.0,0.0
IMG_5246,IMG_5249,8,0.60574,0.65987,False,0.0286,0.0407
IMG_5148,IMG_5180,5,0.64931,0.60581,False,0.108,0.0612
IMG_5246,IMG_5275,8,0.65461,0.60587,False,0.0937,0.093
IMG_5148,IMG_5167,5,0.60604,0.64377,False,0.0,0.0113
IMG_5161,IMG_5179,5,0.72082,0.60606,False,0.0116,0.0164
IMG_5245,IMG_5256,8,0.64149,0.60606,False,0.0365,0.0863
IMG_5290,IMG_5312,7,0.66982,0.60629,False,0.0766,0.0674
IMG_5307,IMG_5316,7,0.66884,0.6063,False,0.0738,0.0738
IMG_5140,IMG_5195,5,0.60639,0.62891,False,0.0204,0.0069
IMG_5265,IMG_5268,8,0.60652,0.63938,False,0.142,0.1724
IMG_5256,IMG_5266,8,0.61642,0.60662,False,0.2012,0.1833
IMG_5217,IMG_5232,6,0.73425,0.60706,False,0.0197,0.2052
IMG_5252,IMG_5269,8,0.60708,0.61747,False,0.0864,0.0728
IMG_5181,IMG_5199,5,0.61362,0.6071,False,0.0352,0.028
IMG_5186,IMG_5196,5,0.6073,0.61847,False,0.0917,0.1086
IMG_5278,IMG_5303,7,0.67061,0.6074,False,0.0568,0.0907
IMG_5126,IMG_5157,5,0.60763,0.65715,False,0.0922,0.1199
IMG_5282,IMG_5309,7,0.60784,0.64004,False,0.0877,0.1181
IMG_5163,IMG_5169,5,0.61897,0.6079,False,0.0219,0.0061
IMG_5147,IMG_5165,5,0.60802,0.65467,False,0.0055,0.003
IMG_5213,IMG_5225,6,0.68572,0.60807,False,0.0326,0.0276
IMG_5306,IMG_5316,7,0.68337,0.6081,False,0.086,0.0627
IMG_5245,IMG_5258,8,0.61803,0.60819,False,0.0428,0.0802
IMG_5309,IMG_5313,7,0.62624,0.60835,False,0.0726,0.0429
IMG_5130,IMG_5143,5,0.6084,0.61154,False,0.0,0.0033
IMG_5162,IMG_5198,5,0.60842,0.64353,False,0.061,0.0404
IMG_5163,IMG_5198,5,0.60842,0.60962,False,0.0758,0.028
IMG_5252,IMG_5257,8,0.63432,0.60858,False,0.2528,0.2945
IMG_5221,IMG_5232,6,0.64836,0.60872,False,0.214,0.2535
IMG_5149,IMG_5165,5,0.60878,0.60968,False,0.0,0.0
IMG_5264,IMG_5275,8,0.72793,0.60879,False,0.0599,0.0
IMG_5164,IMG_5198,5,0.63132,0.60879,False,0.0636,0.0273
IMG_5281,IMG_5308,7,0.66714,0.6088,False,0.1866,0.0965
IMG_5218,IMG_5232,6,0.76908,0.60892,False,0.025,0.2183
IMG_5143,IMG_5185,5,0.63052,0.60925,False,0.0,0.0
IMG_5145,IMG_5181,5,0.60926,0.65368,False,0.0673,0.147
IMG_5152,IMG_5181,5,0.60944,0.6146,False,0.0427,0.0823
IMG_5298,IMG_5312,7,0.65648,0.61002,False,0.0781,0.1146
IMG_5142,IMG_5158,5,0.67301,0.61002,False,0.0002,0.0
IMG_5145,IMG_5176,5,0.62095,0.61012,False,0.0209,0.0408
IMG_5162,IMG_5172,5,0.61021,0.65597,False,0.0031,0.0159
IMG_5163,IMG_5172,5,0.61021,0.63358,False,0.0102,0.0101
IMG_5256,IMG_5269,8,0.63487,0.61035,False,0.1175,0.1208
IMG_5304,IMG_5318,7,0.61285,0.61036,False,0.0561,0.0208
IMG_5296,IMG_5311,7,0.74758,0.61036,False,0.1201,0.1934
IMG_5298,IMG_5300,7,0.61482,0.6105,False,0.225,0.2167
IMG_5287,IMG_5303,7,0.71796,0.61053,False,0.1231,0.0747
IMG_5283,IMG_5308,7,0.62252,0.61064,False,0.0761,0.1087
IMG_5164,IMG_5170,5,0.64377,0.61073,False,0.0475,0.0176
IMG_5131,IMG_5140,5,0.65655,0.6108,False,0.0,0.0
IMG_5267,IMG_5274,8,0.74399,0.61082,False,0.0363,0.0627
IMG_5286,IMG_5303,7,0.7659,0.61117,False,0.1841,0.082
IMG_5164,IMG_5168,5,0.67792,0.61122,False,0.0585,0.0156
IMG_5295,IMG_5311,7,0.61138,0.6467,False,0.0877,0.2069
IMG_5151,IMG_5186,5,0.62857,0.61181,False,0.0651,0.0703
IMG_5148,IMG_5166,5,0.662,0.61193,False,0.0,0.0
IMG_5265,IMG_5272,8,0.7438,0.61198,False,0.0457,0.0516
IMG_5304,IMG_5306,7,0.61201,0.629,False,0.0501,0.0603
IMG_5304,IMG_5307,7,0.64529,0.61222,False,0.057,0.0529
IMG_5155,IMG_5198,5,0.62407,0.61226,False,0.1814,0.2018
IMG_5256,IMG_5273,8,0.61264,0.6414,False,0.1002,0.1631
IMG_5152,IMG_5177,5,0.63028,0.61268,False,0.1335,0.1172
IMG_5153,IMG_5173,5,0.63543,0.61268,False,0.1176,0.0223
IMG_5135,IMG_5156,5,0.61273,0.64586,False,0.1187,0.154
IMG_5150,IMG_5168,5,0.61274,0.62184,False,0.0,0.0016
IMG_5217,IMG_5230,6,0.76369,0.61283,False,0.0155,0.1601
IMG_5301,IMG_5313,7,0.6275,0.61293,False,0.0614,0.0533
IMG_5143,IMG_5199,5,0.61294,0.65791,False,0.0074,0.0169
IMG_5289,IMG_5303,7,0.78241,0.61297,False,0.1136,0.0938
IMG_5251,IMG_5257,8,0.61309,0.69765,False,0.0701,0.2234
IMG_5143,IMG_5177,5,0.6172,0.61317,False,0.0322,0.1045
IMG_5158,IMG_5175,5,0.6134,0.69888,False,0.0,0.0303
IMG_5248,IMG_5275,8,0.61354,0.66236,False,0.0088,0.0754
IMG_5218,IMG_5230,6,0.79609,0.61371,False,0.0339,0.2133
IMG_5221,IMG_5230,6,0.6278,0.61382,False,0.18,0.2529
IMG_5144,IMG_5199,5,0.61383,0.65878,False,0.0047,0.0126
IMG_5268,IMG_5273,8,0.6141,0.62571,False,0.0401,0.0285
IMG_5163,IMG_5170,5,0.62317,0.61418,False,0.0246,0.0091
IMG_5158,IMG_5177,5,0.61419,0.67868,False,0.0077,0.002
IMG_5148,IMG_5179,5,0.61426,0.66062,False,0.0491,0.078
IMG_5137,IMG_5199,5,0.63344,0.61432,False,0.0,0.0
IMG_5134,IMG_5161,5,0.66586,0.61447,False,0.0125,0.0196
IMG_5163,IMG_5168,5,0.65685,0.61455,False,0.0294,0.0079
IMG_5265,IMG_5275,8,0.74014,0.61462,False,0.07,0.0053
IMG_5160,IMG_5166,5,0.61467,0.63181,False,0.0,0.0
IMG_5189,IMG_5191,5,0.64901,0.61468,False,0.1062,0.0335
IMG_5145,IMG_5180,5,0.61486,0.62966,False,0.1008,0.1344
IMG_5305,IMG_5315,7,0.61502,0.71174,False,0.0727,0.0522
IMG_5160,IMG_5179,5,0.71501,0.61509,False,0.0026,0.0513
IMG_5264,IMG_5274,8,0.76425,0.61513,False,0.034,0.0289
IMG_5153,IMG_5164,5,0.61517,0.64838,False,0.0,0.0
IMG_5213,IMG_5222,6,0.61529,0.62315,False,0.0049,0.0351
IMG_5159,IMG_5180,5,0.63828,0.61536,False,0.0173,0.0889
IMG_5145,IMG_5196,5,0.64019,0.61545,False,0.0085,0.0
IMG_5126,IMG_5161,5,0.63369,0.61551,False,0.0,0.0003
IMG_5143,IMG_5184,5,0.62472,0.61574,False,0.0087,0.0
IMG_5146,IMG_5178,5,0.69093,0.61578,False,0.0423,0.0323
IMG_5145,IMG_5183,5,0.61593,0.62473,False,0.0278,0.0085
IMG_5147,IMG_5179,5,0.616,0.64122,False,0.0327,0.0862
IMG_5148,IMG_5168,5,0.61623,0.64047,False,0.0,0.0
IMG_5126,IMG_5143,5,0.64481,0.61631,False,0.0,0.0
IMG_5143,IMG_5176,5,0.66859,0.61633,False,0.0954,0.066
IMG_5286,IMG_5309,7,0.63688,0.61637,False,0.1292,0.1158
IMG_5154,IMG_5162,5,0.61638,0.62484,False,0.0,0.0
IMG_5149,IMG_5167,5,0.61641,0.63088,False,0.0,0.014
IMG_5146,IMG_5168,5,0.61649,0.65042,False,0.024,0.0107
IMG_5304,IMG_5308,7,0.62371,0.61651,False,0.0805,0.0452
IMG_5281,IMG_5309,7,0.69901,0.61658,False,0.2132,0.1317
IMG_5162,IMG_5185,5,0.61663,0.63024,False,0.0411,0.0452
IMG_5294,IMG_5308,7,0.61666,0.71975,False,0.074,0.0535
IMG_5264,IMG_5269,8,0.61671,0.65762,False,0.1205,0.1492
IMG_5135,IMG_5164,5,0.65587,0.61683,False,0.0629,0.01
IMG_5256,IMG_5268,8,0.6559,0.61701,False,0.1198,0.1048
IMG_5131,IMG_5164,5,0.7457,0.61706,False,0.0,0.0
IMG_5152,IMG_5166,5,0.63135,0.61718,False,0.0352,0.0192
IMG_5131,IMG_5163,5,0.72351,0.6172,False,0.0,0.0
IMG_5134,IMG_5144,5,0.64324,0.61721,False,0.0187,0.0398
IMG_5153,IMG_5178,5,0.69571,0.6173,False,0.0767,0.0048
IMG_5178,IMG_5197,5,0.61745,0.65494,False,0.0028,0.0552
IMG_5267,IMG_5273,8,0.71769,0.61762,False,0.0445,0.0608
IMG_5189,IMG_5192,5,0.61776,0.6205,False,0.0419,0.0222
IMG_5159,IMG_5179,5,0.69716,0.6178,False,0.0,0.0483
IMG_5263,IMG_5274,8,0.71926,0.61782,False,0.0418,0.0953
IMG_5209,IMG_5214,6,0.69955,0.61783,False,0.0807,0.0775
IMG_5218,IMG_5229,6,0.62976,0.61814,False,0.0186,0.0611
IMG_5309,IMG_5315,7,0.62232,0.61827,False,0.0574,0.054
IMG_5250,IMG_5275,8,0.61848,0.74697,False,0.0128,0.099
IMG_5130,IMG_5162,5,0.67349,0.61871,False,0.0,0.0
IMG_5289,IMG_5312,7,0.6897,0.61885,False,0.0723,0.0602
IMG_5284,IMG_5309,7,0.65688,0.61889,False,0.2021,0.1458
IMG_5162,IMG_5169,5,0.61897,0.63097,False,0.0109,0.013
IMG_5226,IMG_5230,6,0.61901,0.69706,False,0.0037,0.0779
IMG_5260,IMG_5273,8,0.61908,0.62347,False,0.1032,0.1165
IMG_5135,IMG_5154,5,0.61954,0.68492,False,0.0675,0.086
IMG_5135,IMG_5163,5,0.63462,0.61979,False,0.0462,0.0144
IMG_5179,IMG_5196,5,0.62008,0.6407,False,0.0013,0.0349
IMG_5140,IMG_5147,5,0.62012,0.69791,False,0.0,0.0
IMG_5258,IMG_5269,8,0.6202,0.63806,False,0.0962,0.1033
IMG_5156,IMG_5180,5,0.67455,0.62025,False,0.049,0.0849
IMG_5251,IMG_5258,8,0.62038,0.71713,False,0.0591,0.2463
IMG_5293,IMG_5309,7,0.62039,0.69882,False,0.0433,0.039
IMG_5263,IMG_5273,8,0.68144,0.62049,False,0.0564,0.092
IMG_5294,IMG_5303,7,0.68897,0.62056,False,0.0553,0.0646
IMG_5278,IMG_5318,7,0.62124,0.64583,False,0.0987,0.0354
IMG_5258,IMG_5261,8,0.65023,0.62127,False,0.028,0.0576
IMG_5225,IMG_5230,6,0.62129,0.65684,False,0.0073,0.0754
IMG_5159,IMG_5181,5,0.62156,0.6457,False,0.0,0.0809
IMG_5269,IMG_5273,8,0.63155,0.62156,False,0.0566,0.0429
IMG_5145,IMG_5179,5,0.62175,0.63727,False,0.1665,0.1593
IMG_5127,IMG_5145,5,0.62181,0.62371,False,0.0,0.0
IMG_5133,IMG_5186,5,0.62193,0.63118,False,0.0557,0.0218
IMG_5280,IMG_5309,7,0.64855,0.62217,False,0.1689,0.129
IMG_5142,IMG_5198,5,0.63941,0.62231,False,0.0,0.0
IMG_5290,IMG_5308,7,0.62239,0.62942,False,0.0744,0.1135
IMG_5158,IMG_5179,5,0.62241,0.62247,False,0.0,0.0332
IMG_5264,IMG_5273,8,0.73838,0.623,False,0.0369,0.0394
IMG_5162,IMG_5170,5,0.62317,0.63806,False,0.0136,0.0166
IMG_5266,IMG_5272,8,0.7306,0.62318,False,0.0521,0.053
IMG_5148,IMG_5181,5,0.6233,0.62555,False,0.0895,0.0842
IMG_5310,IMG_5315,7,0.62334,0.68256,False,0.1109,0.0616
IMG_5293,IMG_5300,7,0.62336,0.62645,False,0.1103,0.1111
IMG_5282,IMG_5318,7,0.62347,0.71752,False,0.0419,0.0234
IMG_5283,IMG_5309,7,0.63936,0.62352,False,0.1593,0.1259
IMG_5293,IMG_5303,7,0.65607,0.6236,False,0.0769,0.0727
IMG_5142,IMG_5156,5,0.68486,0.62363,False,0.0086,0.0
IMG_5160,IMG_5171,5,0.70174,0.62378,False,0.0016,0.0008
IMG_5165,IMG_5183,5,0.62388,0.63639,False,0.0136,0.0125
IMG_5245,IMG_5249,8,0.62404,0.73121,False,0.0,0.006
IMG_5158,IMG_5181,5,0.63247,0.6242,False,0.0775,0.0643
IMG_5144,IMG_5177,5,0.62434,0.62893,False,0.0138,0.0861
IMG_5135,IMG_5145,5,0.62436,0.64186,False,0.0,0.0
IMG_5153,IMG_5179,5,0.64446,0.62445,False,0.0146,0.0233
IMG_5142,IMG_5152,5,0.62688,0.62453,False,0.0074,0.0049
IMG_5130,IMG_5140,5,0.63255,0.62466,False,0.0,0.0
IMG_5266,IMG_5275,8,0.72499,0.62466,False,0.06,0.008
IMG_5141,IMG_5198,5,0.63112,0.62467,False,0.0,0.0
IMG_5294,IMG_5316,7,0.63987,0.62471,False,0.1056,0.1148
IMG_5160,IMG_5176,5,0.66277,0.62475,False,0.0006,0.0
IMG_5135,IMG_5155,5,0.62513,0.65296,False,0.0759,0.0827
IMG_5153,IMG_5186,5,0.69125,0.62524,False,0.045,0.1361
IMG_5305,IMG_5318,7,0.69531,0.62528,False,0.0605,0.0248
IMG_5128,IMG_5186,5,0.62533,0.65005,False,0.0561,0.0239
IMG_5134,IMG_5154,5,0.62535,0.67772,False,0.0006,0.0074
IMG_5140,IMG_5197,5,0.6254,0.68196,False,0.0812,0.0223
IMG_5257,IMG_5268,8,0.64453,0.62541,False,0.1054,0.0918
IMG_5296,IMG_5312,7,0.75018,0.62567,False,0.1041,0.0741
IMG_5147,IMG_5168,5,0.66071,0.62569,False,0.0061,0.0042
IMG_5257,IMG_5269,8,0.62575,0.62889,False,0.0936,0.0928
IMG_5127,IMG_5161,5,0.62575,0.63451,False,0.0,0.0007
IMG_5247,IMG_5248,8,0.62919,0.62577,False,0.0345,0.0525
IMG_5265,IMG_5269,8,0.62599,0.66248,False,0.1438,0.1569
IMG_5140,IMG_5198,5,0.6261,0.6394,False,0.0,0.0
IMG_5149,IMG_5168,5,0.6265,0.62787,False,0.0,0.0006
IMG_5144,IMG_5185,5,0.64007,0.62661,False,0.0,0.0
IMG_5142,IMG_5148,5,0.64861,0.62685,False,0.0,0.0
IMG_5162,IMG_5167,5,0.66292,0.62704,False,0.0368,0.0118
IMG_5267,IMG_5269,8,0.62727,0.66741,False,0.0971,0.1567
IMG_5296,IMG_5300,7,0.7214,0.62735,False,0.0943,0.1933
IMG_5161,IMG_5165,5,0.63818,0.62758,False,0.0212,0.0142
IMG_5146,IMG_5179,5,0.64337,0.62759,False,0.0,0.0671
IMG_5165,IMG_5171,5,0.62779,0.63999,False,0.0488,0.1205
IMG_5152,IMG_5175,5,0.6622,0.628,False,0.1163,0.0401
IMG_5134,IMG_5159,5,0.64394,0.62809,False,0.007,0.0174
IMG_5252,IMG_5258,8,0.64373,0.62811,False,0.2702,0.2724
IMG_5134,IMG_5156,5,0.62827,0.64216,False,0.0,0.0087
IMG_5307,IMG_5317,7,0.70716,0.62828,False,0.0564,0.0774
IMG_5155,IMG_5180,5,0.68394,0.6284,False,0.0713,0.0725
IMG_5253,IMG_5257,8,0.62845,0.71898,False,0.0586,0.2435
IMG_5155,IMG_5186,5,0.68812,0.62846,False,0.0189,0.1378
IMG_5248,IMG_5274,8,0.71128,0.62874,False,0.0002,0.0611
IMG_5304,IMG_5315,7,0.62875,0.69681,False,0.089,0.0523
IMG_5218,IMG_5228,6,0.84817,0.62879,False,0.0433,0.0722
IMG_5218,IMG_5221,6,0.62879,0.62997,False,0.0228,0.2324
IMG_5147,IMG_5167,5,0.64731,0.62896,False,0.0155,0.0163
IMG_5140,IMG_5151,5,0.62898,0.64358,False,0.0086,0.0116
IMG_5134,IMG_5157,5,0.62915,0.66018,False,0.0019,0.0406
IMG_5166,IMG_5196,5,0.72879,0.62922,False,0.0633,0.0262
IMG_5127,IMG_5162,5,0.65363,0.62925,False,0.0263,0.0015
IMG_5218,IMG_5227,6,0.84485,0.62965,False,0.0401,0.0702
IMG_5164,IMG_5172,5,0.63023,0.62979,False,0.0271,0.0162
IMG_5293,IMG_5311,7,0.644,0.62984,False,0.0767,0.078
IMG_5133,IMG_5164,5,0.7267,0.62985,False,0.0207,0.0
IMG_5265,IMG_5274,8,0.77441,0.62994,False,0.035,0.0537
IMG_5133,IMG_5163,5,0.7036,0.62999,False,0.0204,0.0
IMG_5156,IMG_5176,5,0.63005,0.68185,False,0.0673,0.1199
IMG_5269,IMG_5274,8,0.68306,0.63008,False,0.06,0.0399
IMG_5143,IMG_5180,5,0.66054,0.63019,False,0.1265,0.142
IMG_5129,IMG_5186,5,0.63019,0.66562,False,0.0596,0.0074
IMG_5213,IMG_5226,6,0.69619,0.63032,False,0.0042,0.0367
IMG_5135,IMG_5159,5,0.63047,0.65595,False,0.0652,0.1334
IMG_5142,IMG_5155,5,0.68994,0.6305,False,0.0272,0.0
IMG_5129,IMG_5162,5,0.64469,0.63076,False,0.0,0.0
IMG_5154,IMG_5186,5,0.70903,0.63118,False,0.0154,0.1447
IMG_5260,IMG_5274,8,0.65704,0.63127,False,0.1045,0.0932
IMG_5134,IMG_5143,5,0.63128,0.63524,False,0.0241,0.0507
IMG_5147,IMG_5178,5,0.65008,0.63129,False,0.1084,0.0098
IMG_5144,IMG_5176,5,0.6741,0.63169,False,0.0466,0.0506
IMG_5174,IMG_5183,5,0.64073,0.63202,False,0.1022,0.07
IMG_5257,IMG_5262,8,0.65774,0.63213,False,0.0434,0.0758
IMG_5154,IMG_5176,5,0.63222,0.72004,False,0.1041,0.0769
IMG_5126,IMG_5165,5,0.63469,0.63222,False,0.0358,0.076
IMG_5158,IMG_5171,5,0.6323,0.66387,False,0.0,0.0044
IMG_5299,IMG_5303,7,0.72423,0.63232,False,0.1208,0.1074
IMG_5278,IMG_5309,7,0.71375,0.63264,False,0.1903,0.174
IMG_5134,IMG_5140,5,0.63279,0.64539,False,0.0,0.0
IMG_5143,IMG_5183,5,0.64603,0.63308,False,0.024,0.0055
IMG_5144,IMG_5184,5,0.63517,0.63308,False,0.0141,0.0
IMG_5126,IMG_5144,5,0.65326,0.63319,False,0.0,0.0
IMG_5142,IMG_5154,5,0.7257,0.63332,False,0.0495,0.0077
IMG_5152,IMG_5165,5,0.6334,0.67135,False,0.0226,0.0044
IMG_5162,IMG_5184,5,0.63932,0.63382,False,0.0601,0.0505
IMG_5268,IMG_5274,8,0.66487,0.63389,False,0.0428,0.0258
IMG_5250,IMG_5256,8,0.63393,0.73244,False,0.0216,0.1545
IMG_5145,IMG_5167,5,0.63463,0.63394,False,0.0526,0.0775
IMG_5306,IMG_5317,7,0.72297,0.63395,False,0.0633,0.0676
IMG_5268,IMG_5275,8,0.67798,0.634,False,0.0328,0.0142
IMG_5217,IMG_5225,6,0.63435,0.63425,False,0.0303,0.0538
IMG_5161,IMG_5163,5,0.67131,0.63428,False,0.0583,0.0059
IMG_5256,IMG_5267,8,0.63458,0.63543,False,0.1457,0.1545
IMG_5135,IMG_5162,5,0.63462,0.6457,False,0.0161,0.0096
IMG_5258,IMG_5268,8,0.6388,0.63468,False,0.1043,0.0996
IMG_5127,IMG_5143,5,0.66893,0.63489,False,0.0,0.0
IMG_5245,IMG_5268,8,0.63544,0.64927,False,0.1198,0.0887
IMG_5165,IMG_5195,5,0.651,0.63567,False,0.0025,0.0043
IMG_5262,IMG_5269,8,0.63589,0.64339,False,0.0357,0.0348
IMG_5305,IMG_5307,7,0.67234,0.63592,False,0.0409,0.0639
IMG_5161,IMG_5181,5,0.6552,0.63651,False,0.022,0.0179
IMG_5253,IMG_5258,8,0.63662,0.73854,False,0.0502,0.2417
IMG_5249,IMG_5269,8,0.63666,0.64248,False,0.1171,0.1124
IMG_5294,IMG_5300,7,0.63666,0.67908,False,0.0485,0.1302
IMG_5293,IMG_5318,7,0.63686,0.69714,False,0.0541,0.0952
IMG_5249,IMG_5268,8,0.65199,0.63687,False,0.1065,0.1014
IMG_5145,IMG_5169,5,0.63691,0.6561,False,0.0279,0.0653
IMG_5142,IMG_5197,5,0.637,0.64727,False,0.0913,0.0718
IMG_5146,IMG_5165,5,0.65915,0.63715,False,0.0,0.0
IMG_5265,IMG_5273,8,0.74779,0.63739,False,0.0452,0.0606
IMG_5166,IMG_5197,5,0.67838,0.63746,False,0.0106,0.0022
IMG_5279,IMG_5303,7,0.67755,0.63797,False,0.0694,0.0819
IMG_5257,IMG_5267,8,0.67126,0.63829,False,0.1902,0.2086
IMG_5303,IMG_5311,7,0.63844,0.64216,False,0.0506,0.0818
IMG_5143,IMG_5196,5,0.64731,0.63847,False,0.0093,0.0022
IMG_5269,IMG_5275,8,0.70041,0.63865,False,0.047,0.0233
IMG_5287,IMG_5301,7,0.63875,0.69798,False,0.0756,0.1024
IMG_5152,IMG_5170,5,0.67737,0.63875,False,0.1026,0.0338
IMG_5132,IMG_5164,5,0.79045,0.63879,False,0.0138,0.0
IMG_5152,IMG_5179,5,0.63883,0.65304,False,0.0281,0.0885
IMG_5162,IMG_5168,5,0.65685,0.63894,False,0.0201,0.0152
IMG_5132,IMG_5163,5,0.76762,0.63911,False,0.016,0.0
IMG_5156,IMG_5177,5,0.63918,0.69518,False,0.1363,0.1381
IMG_5295,IMG_5312,7,0.63938,0.66454,False,0.0483,0.0506
IMG_5147,IMG_5186,5,0.6395,0.66104,False,0.0309,0.0418
IMG_5305,IMG_5306,7,0.64106,0.63955,False,0.0517,0.0681
IMG_5160,IMG_5177,5,0.67033,0.63963,False,0.0004,0.0
IMG_5144,IMG_5196,5,0.6473,0.63966,False,0.0085,0.0005
IMG_5145,IMG_5170,5,0.64029,0.65435,False,0.0426,0.073
IMG_5143,IMG_5179,5,0.66613,0.64045,False,0.2207,0.1627
IMG_5263,IMG_5275,8,0.7602,0.64053,False,0.0657,0.0132
IMG_5266,IMG_5274,8,0.76117,0.64072,False,0.039,0.0533
IMG_5152,IMG_5169,5,0.67852,0.64117,False,0.1071,0.0428
IMG_5173,IMG_5183,5,0.64348,0.64126,False,0.0787,0.0778
IMG_5178,IMG_5199,5,0.64127,0.66638,False,0.0,0.0163
IMG_5140,IMG_5160,5,0.64132,0.65676,False,0.0,0.0
IMG_5287,IMG_5306,7,0.65841,0.64142,False,0.0685,0.0856
IMG_5134,IMG_5155,5,0.64156,0.6508,False,0.0135,0.0236
IMG_5289,IMG_5308,7,0.6418,0.64221,False,0.0716,0.1098
IMG_5165,IMG_5186,5,0.72068,0.64216,False,0.0099,0.0
IMG_5213,IMG_5224,6,0.68673,0.6422,False,0.0072,0.0256
IMG_5217,IMG_5227,6,0.81026,0.64234,False,0.0168,0.0731
IMG_5310,IMG_5313,7,0.66416,0.64241,False,0.0249,0.0374
IMG_5144,IMG_5180,5,0.6629,0.64269,False,0.1331,0.1459
IMG_5155,IMG_5176,5,0.64306,0.68956,False,0.1265,0.0907
IMG_5128,IMG_5165,5,0.65325,0.64331,False,0.0,0.0028
IMG_5310,IMG_5318,7,0.694,0.64342,False,0.0622,0.0206
IMG_5156,IMG_5179,5,0.68121,0.64357,False,0.0038,0.0603
IMG_5245,IMG_5269,8,0.66509,0.64377,False,0.1058,0.0934
IMG_5145,IMG_5171,5,0.64382,0.64437,False,0.06,0.0588
IMG_5294,IMG_5311,7,0.64392,0.67745,False,0.0973,0.0639
IMG_5217,IMG_5224,6,0.64419,0.67126,False,0.0284,0.0517
IMG_5161,IMG_5164,5,0.66008,0.6442,False,0.0507,0.0012
IMG_5309,IMG_5317,7,0.64437,0.70875,False,0.1318,0.06
IMG_5142,IMG_5157,5,0.70275,0.64455,False,0.0087,0.0
IMG_5152,IMG_5172,5,0.71045,0.64468,False,0.0968,0.0353
IMG_5143,IMG_5167,5,0.68177,0.6447,False,0.0773,0.0716
IMG_5154,IMG_5177,5,0.64506,0.73364,False,0.0478,0.0661
IMG_5152,IMG_5178,5,0.68104,0.64551,False,0.093,0.073
IMG_5261,IMG_5269,8,0.64568,0.6834,False,0.0707,0.0897
IMG_5166,IMG_5199,5,0.70574,0.64616,False,0.0101,0.0002
IMG_5287,IMG_5307,7,0.66211,0.64633,False,0.0794,0.0884
IMG_5145,IMG_5151,5,0.64636,0.69654,False,0.0242,0.0
IMG_5248,IMG_5268,8,0.81012,0.64696,False,0.1195,0.1408
IMG_5159,IMG_5176,5,0.64703,0.68328,False,0.0,0.0
IMG_5161,IMG_5166,5,0.64758,0.68847,False,0.0218,0.0068
IMG_5156,IMG_5181,5,0.652,0.64768,False,0.0752,0.0891
IMG_5258,IMG_5267,8,0.69727,0.64773,False,0.1927,0.2065
IMG_5300,IMG_5304,7,0.80519,0.64785,False,0.0416,0.0456
IMG_5304,IMG_5316,7,0.64803,0.75955,False,0.06,0.0562
IMG_5134,IMG_5186,5,0.64808,0.68466,False,0.1,0.0152
IMG_5279,IMG_5309,7,0.65718,0.64824,False,0.1916,0.1864
IMG_5266,IMG_5273,8,0.73525,0.64841,False,0.0445,0.0656
IMG_5178,IMG_5196,5,0.6732,0.64864,False,0.0125,0.092
IMG_5266,IMG_5269,8,0.64868,0.66717,False,0.1525,0.1609
IMG_5278,IMG_5306,7,0.78171,0.64869,False,0.2344,0.1037
IMG_5145,IMG_5168,5,0.6489,0.6505,False,0.0282,0.0855
IMG_5157,IMG_5180,5,0.68069,0.64909,False,0.0543,0.1118
IMG_5144,IMG_5183,5,0.65397,0.64928,False,0.0315,0.0075
IMG_5135,IMG_5157,5,0.64928,0.69137,False,0.1271,0.1204
IMG_5142,IMG_5196,5,0.69014,0.64936,False,0.0999,0.0665
IMG_5150,IMG_5174,5,0.6495,0.64985,False,0.0156,0.0
IMG_5145,IMG_5172,5,0.64959,0.68128,False,0.0394,0.068
IMG_5157,IMG_5176,5,0.64972,0.7178,False,0.0,0.0
IMG_5130,IMG_5186,5,0.66782,0.64981,False,0.0215,0.0108
IMG_5148,IMG_5178,5,0.66491,0.65001,False,0.0701,0.0102
IMG_5293,IMG_5312,7,0.65637,0.65025,False,0.0752,0.0915
IMG_5159,IMG_5165,5,0.67228,0.65064,False,0.0,0.0
IMG_5290,IMG_5309,7,0.6606,0.65068,False,0.1241,0.1216
IMG_5152,IMG_5186,5,0.68348,0.65111,False,0.0753,0.0535
IMG_5251,IMG_5256,8,0.65113,0.72219,False,0.0257,0.1769
IMG_5135,IMG_5161,5,0.6712,0.65134,False,0.0,0.0008
IMG_5296,IMG_5309,7,0.73021,0.65136,False,0.1622,0.1226
IMG_5145,IMG_5152,5,0.70091,0.65139,False,0.0544,0.0
IMG_5285,IMG_5306,7,0.67021,0.65171,False,0.0506,0.0692
IMG_5155,IMG_5177,5,0.65172,0.70274,False,0.0623,0.0733
IMG_5127,IMG_5144,5,0.67873,0.65201,False,0.0,0.0
IMG_5296,IMG_5308,7,0.70233,0.65212,False,0.1628,0.1186
IMG_5161,IMG_5162,5,0.6806,0.65215,False,0.049,0.009
IMG_5150,IMG_5173,5,0.65227,0.65707,False,0.0285,0.0
IMG_5246,IMG_5248,8,0.65628,0.6527,False,0.0248,0.044
IMG_5165,IMG_5185,5,0.65277,0.66625,False,0.0,0.0
IMG_5148,IMG_5174,5,0.65296,0.66804,False,0.017,0.0
IMG_5248,IMG_5269,8,0.7909,0.65305,False,0.1098,0.1238
IMG_5141,IMG_5196,5,0.68191,0.65313,False,0.1333,0.0747
IMG_5135,IMG_5143,5,0.67187,0.65318,False,0.0,0.0
IMG_5147,IMG_5174,5,0.70589,0.65331,False,0.0714,0.0
IMG_5131,IMG_5162,5,0.72351,0.65342,False,0.0,0.0
IMG_5141,IMG_5199,5,0.65507,0.65344,False,0.0,0.0
IMG_5279,IMG_5306,7,0.70076,0.65348,False,0.1553,0.1047
IMG_5165,IMG_5172,5,0.65348,0.68825,False,0.0413,0.0988
IMG_5143,IMG_5171,5,0.69173,0.65392,False,0.1224,0.0676
IMG_5155,IMG_5179,5,0.69448,0.65409,False,0.027,0.0739
IMG_5144,IMG_5179,5,0.66716,0.65438,False,0.2071,0.1717
IMG_5254,IMG_5268,8,0.78836,0.65546,False,0.0912,0.1118
IMG_5155,IMG_5181,5,0.66004,0.65563,False,0.1014,0.0927
IMG_5148,IMG_5173,5,0.65573,0.67577,False,0.0303,0.0
IMG_5149,IMG_5174,5,0.66266,0.65574,False,0.0146,0.0
IMG_5303,IMG_5308,7,0.65578,0.66451,False,0.0464,0.0688
IMG_5145,IMG_5160,5,0.78643,0.65592,False,0.0264,0.0
IMG_5143,IMG_5181,5,0.65612,0.65725,False,0.1047,0.1603
IMG_5157,IMG_5179,5,0.685,0.65612,False,0.0,0.0401
IMG_5277,IMG_5301,7,0.65635,0.73278,False,0.0968,0.2019
IMG_5142,IMG_5199,5,0.66313,0.65672,False,0.0,0.0
IMG_5159,IMG_5177,5,0.6568,0.69874,False,0.0,0.0
IMG_5217,IMG_5226,6,0.65693,0.65986,False,0.0229,0.0555
IMG_5140,IMG_5159,5,0.65937,0.65698,False,0.0152,0.0013
IMG_5160,IMG_5178,5,0.7467,0.65704,False,0.0316,0.0
IMG_5278,IMG_5307,7,0.79016,0.65736,False,0.2488,0.1124
IMG_5154,IMG_5180,5,0.71578,0.65748,False,0.1165,0.0657
IMG_5304,IMG_5314,7,0.6576,0.69862,False,0.0764,0.0534
IMG_5295,IMG_5301,7,0.65774,0.80218,False,0.0117,0.1717
IMG_5285,IMG_5307,7,0.67729,0.65795,False,0.0608,0.0735
IMG_5284,IMG_5306,7,0.74677,0.65826,False,0.0599,0.0756
IMG_5158,IMG_5165,5,0.71046,0.65886,False,0.0,0.0
IMG_5130,IMG_5165,5,0.69392,0.65905,False,0.0036,0.0026
IMG_5160,IMG_5165,5,0.68681,0.65908,False,0.0,0.0
IMG_5297,IMG_5307,7,0.65934,0.67706,False,0.1452,0.1607
IMG_5257,IMG_5264,8,0.69431,0.65936,False,0.1792,0.1384
IMG_5294,IMG_5317,7,0.65947,0.66041,False,0.0953,0.1264
IMG_5280,IMG_5306,7,0.71962,0.65948,False,0.1011,0.086
IMG_5144,IMG_5181,5,0.66002,0.67137,False,0.1141,0.1618
IMG_5165,IMG_5169,5,0.66037,0.6637,False,0.074,0.1188
IMG_5310,IMG_5314,7,0.66042,0.67409,False,0.0691,0.0896
IMG_5300,IMG_5305,7,0.82419,0.66045,False,0.0318,0.0622
IMG_5286,IMG_5306,7,0.74429,0.66082,False,0.1123,0.0797
IMG_5165,IMG_5167,5,0.70057,0.66093,False,0.1506,0.1071
IMG_5147,IMG_5173,5,0.7085,0.66099,False,0.1021,0.0
IMG_5158,IMG_5170,5,0.66111,0.70358,False,0.0,0.0045
IMG_5143,IMG_5168,5,0.69637,0.66124,False,0.0719,0.0918
IMG_5302,IMG_5313,7,0.68865,0.66129,False,0.0709,0.0556
IMG_5289,IMG_5309,7,0.67567,0.66157,False,0.0969,0.1011
IMG_5144,IMG_5167,5,0.69154,0.66169,False,0.0846,0.0619
IMG_5305,IMG_5313,7,0.66178,0.68553,False,0.025,0.0538
IMG_5213,IMG_5223,6,0.70099,0.66196,False,0.0043,0.0393
IMG_5297,IMG_5306,7,0.66207,0.6734,False,0.1242,0.1604
IMG_5157,IMG_5181,5,0.66214,0.67981,False,0.0593,0.074
IMG_5158,IMG_5169,5,0.66227,0.70707,False,0.0,0.0037
IMG_5143,IMG_5160,5,0.78445,0.66227,False,0.0059,0.0
IMG_5285,IMG_5301,7,0.66239,0.71303,False,0.0611,0.14
IMG_5160,IMG_5175,5,0.70438,0.66259,False,0.0,0.0219
IMG_5217,IMG_5223,6,0.66281,0.69199,False,0.0238,0.0444
IMG_5305,IMG_5314,7,0.66309,0.71348,False,0.1059,0.069
IMG_5149,IMG_5173,5,0.66544,0.66313,False,0.0276,0.0
IMG_5154,IMG_5179,5,0.67921,0.66341,False,0.0554,0.0766
IMG_5295,IMG_5318,7,0.68936,0.66349,False,0.0129,0.0023
IMG_5279,IMG_5307,7,0.71102,0.66358,False,0.173,0.1079
IMG_5160,IMG_5170,5,0.7233,0.66374,False,0.0026,0.0021
IMG_5127,IMG_5165,5,0.69074,0.66381,False,0.0733,0.0915
IMG_5284,IMG_5307,7,0.75232,0.66394,False,0.0992,0.0869
IMG_5263,IMG_5268,8,0.67624,0.66395,False,0.0333,0.0278
IMG_5140,IMG_5152,5,0.66452,0.70773,False,0.0034,0.012
IMG_5299,IMG_5301,7,0.66454,0.74423,False,0.1105,0.1316
IMG_5281,IMG_5306,7,0.76748,0.66455,False,0.2464,0.0734
IMG_5165,IMG_5170,5,0.66458,0.67121,False,0.0598,0.111
IMG_5298,IMG_5301,7,0.66471,0.74483,False,0.1323,0.1407
IMG_5143,IMG_5170,5,0.68809,0.66492,False,0.0959,0.0822
IMG_5304,IMG_5313,7,0.6651,0.67078,False,0.025,0.0482
IMG_5146,IMG_5186,5,0.72796,0.66539,False,0.1176,0.0172
IMG_5148,IMG_5165,5,0.66541,0.67253,False,0.0,0.0
IMG_5280,IMG_5307,7,0.727,0.66543,False,0.1129,0.0875
IMG_5134,IMG_5164,5,0.71451,0.66559,False,0.0,0.0
IMG_5283,IMG_5306,7,0.72505,0.6656,False,0.0867,0.0858
IMG_5134,IMG_5163,5,0.69172,0.66571,False,0.0,0.0
IMG_5286,IMG_5307,7,0.74779,0.66584,False,0.1233,0.0827
IMG_5160,IMG_5172,5,0.75392,0.66598,False,0.0,0.0011
IMG_5145,IMG_5146,5,0.69243,0.66609,False,0.0,0.0
IMG_5133,IMG_5162,5,0.7036,0.66618,False,0.0,0.0
IMG_5158,IMG_5178,5,0.66622,0.69626,False,0.0,0.0054
IMG_5143,IMG_5169,5,0.68472,0.6663,False,0.0751,0.0765
IMG_5257,IMG_5265,8,0.69716,0.66667,False,0.1944,0.1929
IMG_5253,IMG_5256,8,0.66674,0.74758,False,0.0099,0.1573
IMG_5287,IMG_5302,7,0.66744,0.74628,False,0.0603,0.0891
IMG_5159,IMG_5166,5,0.66771,0.69277,False,0.0,0.0
IMG_5160,IMG_5169,5,0.72417,0.6678,False,0.0019,0.0014
IMG_5140,IMG_5158,5,0.66837,0.66859,False,0.0,0.0
IMG_5258,IMG_5264,8,0.72032,0.66842,False,0.1683,0.1414
IMG_5277,IMG_5306,7,0.66882,0.67083,False,0.1184,0.1122
IMG_5154,IMG_5175,5,0.66901,0.75924,False,0.0446,0.0191
IMG_5281,IMG_5307,7,0.77572,0.66913,False,0.2634,0.0818
IMG_5303,IMG_5315,7,0.66928,0.78145,False,0.0535,0.0386
IMG_5156,IMG_5171,5,0.66942,0.67807,False,0.0604,0.0952
IMG_5165,IMG_5184,5,0.673,0.66962,False,0.0,0.0009
IMG_5129,IMG_5165,5,0.67021,0.67109,False,0.0,0.0012
IMG_5135,IMG_5144,5,0.68096,0.67033,False,0.0,0.0
IMG_5144,IMG_5171,5,0.69849,0.67053,False,0.0863,0.0507
IMG_5295,IMG_5302,7,0.67057,0.84856,False,0.0215,0.1067
IMG_5148,IMG_5186,5,0.67063,0.68235,False,0.0256,0.0558
IMG_5156,IMG_5175,5,0.67065,0.72135,False,0.0669,0.0817
IMG_5283,IMG_5307,7,0.73082,0.67097,False,0.0994,0.0893
IMG_5253,IMG_5268,8,0.76569,0.67099,False,0.0875,0.118
IMG_5156,IMG_5165,5,0.71138,0.67178,False,0.0,0.0
IMG_5157,IMG_5177,5,0.67219,0.7335,False,0.0075,0.0034
IMG_5143,IMG_5146,5,0.69378,0.67221,False,0.0,0.0
IMG_5165,IMG_5168,5,0.69644,0.67236,False,0.1016,0.1013
IMG_5154,IMG_5171,5,0.67262,0.71671,False,0.0483,0.0429
IMG_5282,IMG_5301,7,0.67265,0.73926,False,0.058,0.1493
IMG_5140,IMG_5148,5,0.67271,0.71779,False,0.0,0.0028
IMG_5140,IMG_5196,5,0.67274,0.67956,False,0.0581,0.0184
IMG_5144,IMG_5152,5,0.72831,0.67302,False,0.0513,0.0
IMG_5135,IMG_5165,5,0.67354,0.6799,False,0.0583,0.0746
IMG_5302,IMG_5318,7,0.74688,0.67429,False,0.0825,0.0704
IMG_5277,IMG_5307,7,0.67459,0.67731,False,0.1373,0.1234
IMG_5132,IMG_5162,5,0.76762,0.67471,False,0.0,0.0
IMG_5158,IMG_5166,5,0.70437,0.67504,False,0.0,0.0
IMG_5146,IMG_5174,5,0.67516,0.67843,False,0.0766,0.0142
IMG_5161,IMG_5176,5,0.67914,0.67524,False,0.0317,0.009
IMG_5209,IMG_5213,6,0.67534,0.68505,False,0.037,0.014
IMG_5245,IMG_5254,8,0.76466,0.67587,False,0.0068,0.0037
IMG_5157,IMG_5175,5,0.67588,0.75446,False,0.0003,0.0333
IMG_5258,IMG_5265,8,0.72318,0.67592,False,0.1909,0.1857
IMG_5161,IMG_5171,5,0.7206,0.67683,False,0.0,0.0
IMG_5294,IMG_5312,7,0.67704,0.69634,False,0.1146,0.0712
IMG_5218,IMG_5222,6,0.67724,0.6946,False,0.0025,0.0497
IMG_5146,IMG_5173,5,0.67743,0.68565,False,0.0672,0.017
IMG_5303,IMG_5307,7,0.67752,0.70504,False,0.066,0.0738
IMG_5218,IMG_5225,6,0.73626,0.67776,False,0.0154,0.0524
IMG_5155,IMG_5165,5,0.71226,0.67815,False,0.0,0.0
IMG_5144,IMG_5168,5,0.70555,0.67822,False,0.0777,0.0744
IMG_5144,IMG_5160,5,0.81087,0.67837,False,0.0117,0.0
IMG_5140,IMG_5153,5,0.70252,0.67892,False,0.0245,0.0124
IMG_5301,IMG_5316,7,0.67894,0.69698,False,0.049,0.0678
IMG_5299,IMG_5306,7,0.67999,0.68088,False,0.1191,0.1348
IMG_5282,IMG_5306,7,0.68305,0.68002,False,0.0426,0.078
IMG_5297,IMG_5301,7,0.68074,0.72498,False,0.0925,0.118
IMG_5257,IMG_5266,8,0.691,0.68076,False,0.1873,0.1864
IMG_5154,IMG_5165,5,0.75105,0.68095,False,0.0,0.0
IMG_5156,IMG_5166,5,0.70673,0.68153,False,0.0166,0.0
IMG_5251,IMG_5268,8,0.77996,0.68156,False,0.1139,0.1219
IMG_5302,IMG_5316,7,0.68161,0.82714,False,0.0473,0.0768
IMG_5165,IMG_5198,5,0.6836,0.68161,False,0.0265,0.0251
IMG_5144,IMG_5170,5,0.69635,0.68186,False,0.0792,0.063
IMG_5303,IMG_5312,7,0.68191,0.70593,False,0.0963,0.0718
IMG_5302,IMG_5314,7,0.68222,0.70725,False,0.0509,0.0611
IMG_5155,IMG_5171,5,0.68232,0.68551,False,0.0711,0.0412
IMG_5304,IMG_5317,7,0.6827,0.79962,False,0.0704,0.0824
IMG_5145,IMG_5158,5,0.68468,0.68281,False,0.0,0.0
IMG_5290,IMG_5306,7,0.7225,0.68282,False,0.0853,0.0967
IMG_5145,IMG_5153,5,0.68294,0.74739,False,0.0168,0.0
IMG_5143,IMG_5152,5,0.71057,0.683,False,0.0422,0.0
IMG_5144,IMG_5169,5,0.69293,0.68313,False,0.0616,0.0642
IMG_5159,IMG_5171,5,0.68662,0.68338,False,0.0,0.001
IMG_5155,IMG_5175,5,0.68391,0.72921,False,0.0614,0.022
IMG_5158,IMG_5167,5,0.68425,0.77091,False,0.0,0.0073
IMG_5257,IMG_5263,8,0.70251,0.68454,False,0.0836,0.104
IMG_5299,IMG_5307,7,0.68498,0.68777,False,0.1565,0.1634
IMG_5154,IMG_5181,5,0.69319,0.68538,False,0.1893,0.0866
IMG_5254,IMG_5269,8,0.77081,0.68559,False,0.104,0.1257
IMG_5282,IMG_5307,7,0.68946,0.68578,False,0.0538,0.0803
IMG_5140,IMG_5146,5,0.70238,0.68579,False,0.0218,0.0052
IMG_5295,IMG_5306,7,0.68592,0.74341,False,0.0581,0.0863
IMG_5165,IMG_5197,5,0.68601,0.69626,False,0.0105,0.0111
IMG_5145,IMG_5147,5,0.68607,0.69388,False,0.0554,0.0
IMG_5159,IMG_5175,5,0.6867,0.7203,False,0.0,0.018
IMG_5295,IMG_5307,7,0.68732,0.7492,False,0.0371,0.0772
IMG_5144,IMG_5146,5,0.69284,0.68751,False,0.0,0.0
IMG_5140,IMG_5199,5,0.68782,0.69857,False,0.0,0.0
IMG_5155,IMG_5166,5,0.70817,0.68851,False,0.0084,0.0
IMG_5165,IMG_5196,5,0.73595,0.68863,False,0.006,0.0016
IMG_5294,IMG_5301,7,0.68923,0.83523,False,0.0612,0.0603
IMG_5145,IMG_5150,5,0.68958,0.69245,False,0.0051,0.0
IMG_5290,IMG_5307,7,0.73096,0.68964,False,0.0895,0.0872
IMG_5245,IMG_5251,8,0.7563,0.68976,False,0.0,0.0061
IMG_5253,IMG_5269,8,0.75076,0.68993,False,0.0991,0.1134
IMG_5258,IMG_5266,8,0.71701,0.68995,False,0.1976,0.1893
IMG_5294,IMG_5302,7,0.69064,0.88493,False,0.036,0.0474
IMG_5143,IMG_5158,5,0.69413,0.6914,False,0.0,0.0
IMG_5161,IMG_5177,5,0.69583,0.69146,False,0.0209,0.0148
IMG_5156,IMG_5170,5,0.69165,0.7181,False,0.0488,0.0615
IMG_5134,IMG_5162,5,0.69172,0.70195,False,0.0,0.0
IMG_5143,IMG_5172,5,0.6975,0.69175,False,0.0854,0.0778
IMG_5157,IMG_5171,5,0.69248,0.71834,False,0.0,0.0058
IMG_5131,IMG_5165,5,0.75756,0.69248,False,0.0128,0.0103
IMG_5158,IMG_5168,5,0.6925,0.76567,False,0.0,0.0035
IMG_5293,IMG_5301,7,0.6925,0.79108,False,0.1012,0.0689
IMG_5156,IMG_5169,5,0.69256,0.72289,False,0.0517,0.07
IMG_5298,IMG_5306,7,0.70088,0.6926,False,0.1392,0.1609
IMG_5298,IMG_5302,7,0.69303,0.78453,False,0.112,0.1103
IMG_5145,IMG_5161,5,0.78669,0.69342,False,0.0206,0.0099
IMG_5157,IMG_5165,5,0.73985,0.69342,False,0.0,0.0
IMG_5143,IMG_5151,5,0.69359,0.70218,False,0.0043,0.0
IMG_5140,IMG_5156,5,0.69498,0.69382,False,0.002,0.0
IMG_5158,IMG_5172,5,0.69423,0.70711,False,0.0001,0.0029
IMG_5145,IMG_5148,5,0.69459,0.71603,False,0.003,0.0
IMG_5277,IMG_5302,7,0.69482,0.78688,False,0.0798,0.1315
IMG_5289,IMG_5306,7,0.7422,0.69582,False,0.0828,0.0933
IMG_5154,IMG_5170,5,0.69644,0.75674,False,0.0129,0.0182
IMG_5298,IMG_5307,7,0.70005,0.69649,False,0.1872,0.1739
IMG_5143,IMG_5150,5,0.73637,0.69662,False,0.0,0.0
IMG_5154,IMG_5169,5,0.6974,0.76143,False,0.0153,0.0279
IMG_5299,IMG_5302,7,0.6975,0.79977,False,0.1208,0.1288
IMG_5140,IMG_5157,5,0.69769,0.70147,False,0.0043,0.0009
IMG_5153,IMG_5165,5,0.70261,0.69777,False,0.0,0.0022
IMG_5143,IMG_5147,5,0.71523,0.69788,False,0.0265,0.0
IMG_5144,IMG_5151,5,0.69811,0.71725,False,0.0118,0.0
IMG_5303,IMG_5318,7,0.71815,0.69829,False,0.0737,0.0277
IMG_5263,IMG_5269,8,0.73071,0.69842,False,0.0513,0.0369
IMG_5311,IMG_5317,7,0.73918,0.69847,False,0.0686,0.0825
IMG_5303,IMG_5306,7,0.699,0.72429,False,0.0696,0.0779
IMG_5152,IMG_5168,5,0.70866,0.7001,False,0.0865,0.0358
IMG_5152,IMG_5167,5,0.70019,0.7075,False,0.0868,0.0467
IMG_5310,IMG_5316,7,0.7007,0.74647,False,0.1038,0.0884
IMG_5143,IMG_5161,5,0.79188,0.70244,False,0.0232,0.0118
IMG_5289,IMG_5307,7,0.75037,0.70245,False,0.0873,0.085
IMG_5245,IMG_5250,8,0.79971,0.70289,False,0.0052,0.0041
IMG_5156,IMG_5167,5,0.70297,0.78247,False,0.0233,0.061
IMG_5279,IMG_5301,7,0.70394,0.72841,False,0.1394,0.228
IMG_5258,IMG_5263,8,0.70884,0.704,False,0.0913,0.1103
IMG_5144,IMG_5158,5,0.71201,0.70421,False,0.0,0.0
IMG_5218,IMG_5226,6,0.76571,0.70428,False,0.0105,0.0532
IMG_5155,IMG_5170,5,0.70435,0.72553,False,0.0272,0.0175
IMG_5144,IMG_5172,5,0.70506,0.70865,False,0.0565,0.0591
IMG_5133,IMG_5165,5,0.73026,0.70521,False,0.0077,0.0094
IMG_5145,IMG_5149,5,0.70529,0.70523,False,0.0051,0.0
IMG_5155,IMG_5169,5,0.70525,0.73039,False,0.0296,0.0266
IMG_5140,IMG_5155,5,0.7055,0.70624,False,0.0184,0.0102
IMG_5165,IMG_5199,5,0.71352,0.70581,False,0.0092,0.017
IMG_5251,IMG_5269,8,0.7624,0.7062,False,0.1294,0.1323
IMG_5250,IMG_5268,8,0.82562,0.70662,False,0.075,0.1286
IMG_5293,IMG_5306,7,0.70664,0.72429,False,0.1181,0.0718
IMG_5285,IMG_5302,7,0.70757,0.76725,False,0.0631,0.1077
IMG_5145,IMG_5159,5,0.76765,0.70791,False,0.0046,0.0
IMG_5296,IMG_5306,7,0.80276,0.70876,False,0.1753,0.1127
IMG_5161,IMG_5178,5,0.75879,0.70906,False,0.0118,0.0339
IMG_5159,IMG_5170,5,0.70912,0.72324,False,0.0,0.0006
IMG_5140,IMG_5154,5,0.73617,0.70919,False,0.0324,0.0174
IMG_5143,IMG_5149,5,0.75227,0.70962,False,0.0,0.0
IMG_5159,IMG_5169,5,0.71004,0.72704,False,0.0,0.0004
IMG_5154,IMG_5167,5,0.71045,0.82138,False,0.0,0.0198
IMG_5250,IMG_5269,8,0.80905,0.7109,False,0.0953,0.1436
IMG_5144,IMG_5150,5,0.74014,0.71102,False,0.0,0.0
IMG_5161,IMG_5175,5,0.71113,0.71119,False,0.0758,0.0165
IMG_5143,IMG_5153,5,0.71168,0.75619,False,0.0017,0.0
IMG_5283,IMG_5301,7,0.71172,0.72359,False,0.1162,0.1673
IMG_5293,IMG_5307,7,0.71211,0.73226,False,0.1036,0.0716
IMG_5280,IMG_5301,7,0.71212,0.71966,False,0.132,0.1658
IMG_5144,IMG_5147,5,0.72048,0.71219,False,0.0327,0.0
IMG_5156,IMG_5178,5,0.7135,0.71227,False,0.0621,0.0703
IMG_5296,IMG_5307,7,0.8109,0.7124,False,0.1717,0.1039
IMG_5305,IMG_5316,7,0.71278,0.77446,False,0.0984,0.0654
IMG_5282,IMG_5302,7,0.71286,0.7892,False,0.0676,0.1336
IMG_5132,IMG_5165,5,0.79691,0.71349,False,0.0026,0.0032
IMG_5144,IMG_5161,5,0.81307,0.71461,False,0.0207,0.0107
IMG_5155,IMG_5167,5,0.71522,0.78969,False,0.0002,0.0143
IMG_5218,IMG_5224,6,0.75135,0.71549,False,0.0025,0.0502
IMG_5143,IMG_5159,5,0.76697,0.71574,False,0.0,0.0
IMG_5159,IMG_5178,5,0.73013,0.71625,False,0.0238,0.0
IMG_5161,IMG_5170,5,0.74604,0.71648,False,0.0,0.0
IMG_5284,IMG_5301,7,0.73236,0.71744,False,0.1435,0.1591
IMG_5286,IMG_5301,7,0.72263,0.71758,False,0.1037,0.114
IMG_5302,IMG_5317,7,0.71787,0.85672,False,0.0575,0.0749
IMG_5301,IMG_5317,7,0.71825,0.72123,False,0.0494,0.0612
IMG_5144,IMG_5153,5,0.71834,0.77253,False,0.0075,0.0
IMG_5156,IMG_5168,5,0.71853,0.78006,False,0.0268,0.0564
IMG_5156,IMG_5172,5,0.72257,0.71856,False,0.0564,0.0607
IMG_5278,IMG_5301,7,0.77724,0.71866,False,0.2851,0.2287
IMG_5290,IMG_5301,7,0.71885,0.74586,False,0.0979,0.1489
IMG_5281,IMG_5301,7,0.76243,0.71965,False,0.2437,0.1472
IMG_5155,IMG_5178,5,0.72664,0.71979,False,0.1067,0.0269
IMG_5161,IMG_5169,5,0.74706,0.71988,False,0.0,0.0
IMG_5161,IMG_5172,5,0.77808,0.72021,False,0.0006,0.0
IMG_5157,IMG_5170,5,0.72027,0.75815,False,0.0002,0.0065
IMG_5248,IMG_5256,8,0.72048,0.72067,False,0.1161,0.1201
IMG_5143,IMG_5148,5,0.74148,0.72063,False,0.0,0.0
IMG_5154,IMG_5166,5,0.7466,0.72069,False,0.0211,0.0
IMG_5159,IMG_5167,5,0.72078,0.79001,False,0.0,0.0019
IMG_5302,IMG_5315,7,0.72094,0.76894,False,0.0623,0.073
IMG_5245,IMG_5253,8,0.73664,0.72099,False,0.0,0.0072
IMG_5158,IMG_5174,5,0.72137,0.79116,False,0.0,0.0235
IMG_5157,IMG_5169,5,0.72138,0.76184,False,0.0001,0.0054
IMG_5134,IMG_5165,5,0.72165,0.74097,False,0.0,0.0
IMG_5294,IMG_5306,7,0.72244,0.77324,False,0.1253,0.0479
IMG_5294,IMG_5307,7,0.72256,0.77999,False,0.1048,0.0497
IMG_5152,IMG_5174,5,0.73785,0.72314,False,0.1028,0.0298
IMG_5303,IMG_5309,7,0.86026,0.72332,False,0.0835,0.0682
IMG_5145,IMG_5156,5,0.75233,0.72359,False,0.0,0.0
IMG_5144,IMG_5149,5,0.75632,0.72411,False,0.0,0.0
IMG_5297,IMG_5302,7,0.72423,0.76476,False,0.0766,0.0874
IMG_5158,IMG_5173,5,0.72433,0.80107,False,0.0,0.0207
IMG_5154,IMG_5168,5,0.72442,0.81876,False,0.0004,0.0172
IMG_5293,IMG_5302,7,0.72506,0.84949,False,0.0651,0.0418
IMG_5155,IMG_5172,5,0.73518,0.72581,False,0.0466,0.023
IMG_5160,IMG_5168,5,0.74964,0.72592,False,0.0023,0.0018
IMG_5159,IMG_5172,5,0.74013,0.72608,False,0.0,0.0001
IMG_5157,IMG_5178,5,0.72635,0.75104,False,0.0,0.0074
IMG_5294,IMG_5318,7,0.73031,0.72757,False,0.0719,0.0679
IMG_5303,IMG_5316,7,0.7276,0.84309,False,0.1174,0.0368
IMG_5154,IMG_5172,5,0.72794,0.75744,False,0.0291,0.0246
IMG_5143,IMG_5156,5,0.75081,0.72808,False,0.0,0.0
IMG_5157,IMG_5166,5,0.73383,0.72825,False,0.0,0.0
IMG_5144,IMG_5159,5,0.79244,0.72967,False,0.0,0.0
IMG_5160,IMG_5167,5,0.73323,0.72998,False,0.0077,0.0041
IMG_5155,IMG_5168,5,0.73106,0.78745,False,0.0099,0.0164
IMG_5154,IMG_5178,5,0.7312,0.75078,False,0.1299,0.0241
IMG_5145,IMG_5155,5,0.76563,0.73228,False,0.0003,0.0
IMG_5303,IMG_5313,7,0.73441,0.76302,False,0.0368,0.0438
IMG_5144,IMG_5148,5,0.74539,0.73523,False,0.0,0.0
IMG_5152,IMG_5173,5,0.74081,0.73526,False,0.0932,0.0332
IMG_5159,IMG_5168,5,0.73617,0.78542,False,0.0,0.0
IMG_5218,IMG_5223,6,0.77209,0.73642,False,0.0037,0.0523
IMG_5143,IMG_5155,5,0.76405,0.7366,False,0.0,0.0
IMG_5289,IMG_5301,7,0.73724,0.75806,False,0.0975,0.1378
IMG_5145,IMG_5157,5,0.74767,0.73952,False,0.0,0.0
IMG_5286,IMG_5302,7,0.74051,0.7651,False,0.0851,0.0987
IMG_5157,IMG_5167,5,0.74116,0.82513,False,0.0,0.0097
IMG_5310,IMG_5317,7,0.74291,0.78589,False,0.1157,0.113
IMG_5283,IMG_5302,7,0.74398,0.77255,False,0.1145,0.1509
IMG_5300,IMG_5303,7,0.78543,0.74599,False,0.092,0.09
IMG_5144,IMG_5156,5,0.77687,0.74673,False,0.0,0.0
IMG_5143,IMG_5157,5,0.75664,0.74802,False,0.0,0.0
IMG_5145,IMG_5154,5,0.74824,0.7589,False,0.0,0.0
IMG_5303,IMG_5314,7,0.74892,0.78898,False,0.0923,0.0451
IMG_5143,IMG_5154,5,0.74951,0.76408,False,0.0,0.0
IMG_5157,IMG_5168,5,0.75091,0.82031,False,0.0,0.0059
IMG_5160,IMG_5174,5,0.80197,0.75269,False,0.0,0.0168
IMG_5157,IMG_5172,5,0.75307,0.76123,False,0.0003,0.0046
IMG_5305,IMG_5317,7,0.75311,0.81453,False,0.1086,0.0956
IMG_5280,IMG_5302,7,0.75354,0.77194,False,0.1231,0.1421
IMG_5144,IMG_5155,5,0.79017,0.75548,False,0.0,0.0
IMG_5296,IMG_5301,7,0.79694,0.75987,False,0.1704,0.122
IMG_5144,IMG_5157,5,0.77495,0.76094,False,0.0,0.0
IMG_5284,IMG_5302,7,0.76124,0.76839,False,0.149,0.169
IMG_5160,IMG_5173,5,0.80445,0.7613,False,0.0061,0.014
IMG_5279,IMG_5302,7,0.76243,0.80127,False,0.1486,0.1939
IMG_5161,IMG_5167,5,0.76256,0.78396,False,0.0008,0.0
IMG_5281,IMG_5302,7,0.80392,0.76471,False,0.1731,0.1239
IMG_5290,IMG_5302,7,0.76573,0.80089,False,0.0751,0.1036
IMG_5156,IMG_5174,5,0.76892,0.80836,False,0.0611,0.0805
IMG_5303,IMG_5317,7,0.76944,0.88338,False,0.1417,0.0543
IMG_5154,IMG_5174,5,0.7699,0.84684,False,0.0428,0.0149
IMG_5156,IMG_5173,5,0.77143,0.81523,False,0.0432,0.0892
IMG_5154,IMG_5173,5,0.77253,0.85397,False,0.0476,0.0173
IMG_5144,IMG_5154,5,0.77355,0.78176,False,0.0,0.0
IMG_5161,IMG_5168,5,0.77506,0.77854,False,0.0,0.0
IMG_5289,IMG_5302,7,0.78069,0.81137,False,0.0743,0.0914
IMG_5155,IMG_5174,5,0.78203,0.81589,False,0.0605,0.0177
IMG_5157,IMG_5174,5,0.78308,0.84621,False,0.0,0.0267
IMG_5155,IMG_5173,5,0.78453,0.82258,False,0.0629,0.0205
IMG_5278,IMG_5302,7,0.81864,0.78487,False,0.2099,0.1684
IMG_5159,IMG_5174,5,0.78567,0.81158,False,0.0,0.0125
IMG_5157,IMG_5173,5,0.78599,0.85571,False,0.0,0.0235
IMG_5159,IMG_5173,5,0.7882,0.82082,False,0.0,0.0107
IMG_5296,IMG_5302,7,0.83491,0.79721,False,0.1427,0.1131
IMG_5161,IMG_5174,5,0.81514,0.80381,False,0.0742,0.002
IMG_5161,IMG_5173,5,0.81789,0.81393,False,0.0888,0.0031
