cluster_id,device_key,cluster_size,splits_present,is_crossing,split,stem,date,time
0,FAMILY:ts_compact,1,test,False,test,IMG20241118101346,20241118,101346
1,FAMILY:ts_compact,1,train,False,train,IMG20241118101423,20241118,101423
2,FAMILY:ts_compact,2,train|valid,True,valid,IMG20241118101616,20241118,101616
2,FAMILY:ts_compact,2,train|valid,True,train,IMG20241118101626,20241118,101626
3,FAMILY:ts_compact,1,train,False,train,IMG20241118101758,20241118,101758
4,FAMILY:ts_compact,1,train,False,train,IMG20241118101811,20241118,101811
5,FAMILY:ts_compact,2,train|valid,True,valid,IMG20241118101929,20241118,101929
5,FAMILY:ts_compact,2,train|valid,True,train,IMG20241118101936,20241118,101936
6,FAMILY:ts_compact,1,valid,False,valid,IMG20241118102139,20241118,102139
7,FAMILY:ts_compact,1,train,False,train,IMG20241118102153,20241118,102153
8,FAMILY:ts_compact,1,valid,False,valid,IMG20241118102222,20241118,102222
9,FAMILY:ts_compact,1,train,False,train,IMG20241118102250,20241118,102250
10,FAMILY:ts_compact,1,test,False,test,IMG20241118102634,20241118,102634
11,FAMILY:ts_compact,1,train,False,train,IMG20241118102657,20241118,102657
12,FAMILY:ts_compact,1,train,False,train,IMG20241118102837,20241118,102837
13,FAMILY:ts_compact,1,train,False,train,IMG20241118102854,20241118,102854
14,FAMILY:ts_compact,1,test,False,test,IMG20241118155549,20241118,155549
15,FAMILY:ts_compact,2,train,False,train,IMG20241118155746,20241118,155746
15,FAMILY:ts_compact,2,train,False,train,IMG20241118155756,20241118,155756
16,FAMILY:ts_compact,2,train|valid,True,valid,IMG20241118160018,20241118,160018
16,FAMILY:ts_compact,2,train|valid,True,train,IMG20241118160025,20241118,160025
17,FAMILY:ts_compact,1,valid,False,valid,IMG20241118160143,20241118,160143
18,FAMILY:ts_compact,1,train,False,train,IMG20241118160216,20241118,160216
19,FAMILY:ts_compact,1,train,False,train,IMG20241118160541,20241118,160541
20,FAMILY:ts_compact,1,train,False,train,IMG20241118160725,20241118,160725
21,FAMILY:ts_compact,1,valid,False,valid,IMG20241118160737,20241118,160737
22,FAMILY:ts_compact,1,train,False,train,IMG20241118160824,20241118,160824
23,FAMILY:ts_compact,1,train,False,train,IMG20241118160837,20241118,160837
24,FAMILY:ts_compact,1,train,False,train,IMG20241118160924,20241118,160924
25,FAMILY:ts_compact,1,train,False,train,IMG20241118160937,20241118,160937
26,FAMILY:ts_compact,1,test,False,test,IMG20241118161125,20241118,161125
27,FAMILY:ts_compact,1,train,False,train,IMG20241118161139,20241118,161139
28,FAMILY:ts_compact,2,train,False,train,IMG20241118161210,20241118,161210
28,FAMILY:ts_compact,2,train,False,train,IMG20241118161219,20241118,161219
29,FAMILY:ts_compact,2,train,False,train,IMG20241118161324,20241118,161324
29,FAMILY:ts_compact,2,train,False,train,IMG20241118161331,20241118,161331
30,FAMILY:ts_compact,2,train|valid,True,valid,IMG20241118161413,20241118,161413
30,FAMILY:ts_compact,2,train|valid,True,train,IMG20241118161421,20241118,161421
31,FAMILY:ts_compact,1,train,False,train,IMG20241118161459,20241118,161459
32,FAMILY:ts_compact,1,train,False,train,IMG20241118161514,20241118,161514
33,FAMILY:ts_compact,1,test,False,test,IMG20241118161536,20241118,161536
34,FAMILY:ts_compact,1,train,False,train,IMG20241118161548,20241118,161548
35,FAMILY:ts_compact,2,train|valid,True,train,IMG20241118161624,20241118,161624
35,FAMILY:ts_compact,2,train|valid,True,valid,IMG20241118161632,20241118,161632
36,FAMILY:ts_compact,2,train,False,train,IMG20241118161711,20241118,161711
36,FAMILY:ts_compact,2,train,False,train,IMG20241118161717,20241118,161717
37,FAMILY:ts_compact,2,train|valid,True,train,IMG20241118161841,20241118,161841
37,FAMILY:ts_compact,2,train|valid,True,valid,IMG20241118161851,20241118,161851
38,FAMILY:ts_compact,1,train,False,train,IMG20241118161943,20241118,161943
39,FAMILY:ts_compact_sub,1,train,False,train,IMG20241118160515_01,20241118,160515
40,ONEPLUS_NORD,1,train,False,train,IMG20240219113638,20240219,113638
41,ONEPLUS_NORD,1,train,False,train,IMG20240219113649,20240219,113649
42,ONEPLUS_NORD,1,train,False,train,IMG20240219113715,20240219,113715
43,ONEPLUS_NORD,1,train,False,train,IMG20240219113726,20240219,113726
44,ONEPLUS_NORD,1,train,False,train,IMG20240219113745,20240219,113745
45,ONEPLUS_NORD,1,train,False,train,IMG20240219113811,20240219,113811
46,ONEPLUS_NORD,2,train,False,train,IMG20240219113827,20240219,113827
46,ONEPLUS_NORD,2,train,False,train,IMG20240219113831,20240219,113831
47,ONEPLUS_NORD,1,train,False,train,IMG20240219113846,20240219,113846
48,ONEPLUS_NORD,1,train,False,train,IMG20240219113926,20240219,113926
49,ONEPLUS_NORD,1,train,False,train,IMG20240219114019,20240219,114019
50,ONEPLUS_NORD,3,train,False,train,IMG20240219114129,20240219,114129
50,ONEPLUS_NORD,3,train,False,train,IMG20240219114134,20240219,114134
50,ONEPLUS_NORD,3,train,False,train,IMG20240219114137,20240219,114137
51,ONEPLUS_NORD,1,train,False,train,IMG20240219114212,20240219,114212
52,ONEPLUS_NORD,1,train,False,train,IMG20240219114248,20240219,114248
53,ONEPLUS_NORD,2,train,False,train,IMG20240219114301,20240219,114301
53,ONEPLUS_NORD,2,train,False,train,IMG20240219114308,20240219,114308
54,ONEPLUS_NORD,1,train,False,train,IMG20240219114447,20240219,114447
55,ONEPLUS_NORD,1,train,False,train,IMG20240219114504,20240219,114504
56,ONEPLUS_NORD,1,train,False,train,IMG20240219114702,20240219,114702
57,ONEPLUS_NORD,1,train,False,train,IMG20240219114753,20240219,114753
58,ONEPLUS_NORD,1,train,False,train,IMG20240219114836,20240219,114836
59,ONEPLUS_NORD,1,train,False,train,IMG20240219114926,20240219,114926
60,ONEPLUS_NORD,1,train,False,train,IMG20240219114955,20240219,114955
61,ONEPLUS_NORD,1,train,False,train,IMG20240219115229,20240219,115229
62,ONEPLUS_NORD,1,train,False,train,IMG20240219115245,20240219,115245
63,ONEPLUS_NORD,1,train,False,train,IMG20240219115331,20240219,115331
64,ONEPLUS_NORD,1,train,False,train,IMG20240219115446,20240219,115446
65,ONEPLUS_NORD,1,train,False,train,IMG20240219120243,20240219,120243
66,ONEPLUS_NORD,1,train,False,train,IMG20240219120257,20240219,120257
67,ONEPLUS_NORD,2,train,False,train,IMG20240219120325,20240219,120325
67,ONEPLUS_NORD,2,train,False,train,IMG20240219120330,20240219,120330
68,ONEPLUS_NORD,1,train,False,train,IMG20240220114456,20240220,114456
69,ONEPLUS_NORD,1,train,False,train,IMG20240220114517,20240220,114517
70,ONEPLUS_NORD,3,train,False,train,IMG20240220114530,20240220,114530
70,ONEPLUS_NORD,3,train,False,train,IMG20240220114538,20240220,114538
70,ONEPLUS_NORD,3,train,False,train,IMG20240220114548,20240220,114548
71,ONEPLUS_NORD,1,train,False,train,IMG20240220114626,20240220,114626
72,ONEPLUS_NORD,1,train,False,train,IMG20240220114727,20240220,114727
73,ONEPLUS_NORD,1,train,False,train,IMG20240220114741,20240220,114741
74,ONEPLUS_NORD,1,train,False,train,IMG20240220114804,20240220,114804
75,ONEPLUS_NORD,1,train,False,train,IMG20240220115011,20240220,115011
76,ONEPLUS_NORD,3,train,False,train,IMG20240220115056,20240220,115056
76,ONEPLUS_NORD,3,train,False,train,IMG20240220115100,20240220,115100
76,ONEPLUS_NORD,3,train,False,train,IMG20240220115109,20240220,115109
77,ONEPLUS_NORD,1,train,False,train,IMG20240220115220,20240220,115220
78,ONEPLUS_NORD,1,train,False,train,IMG20240220115236,20240220,115236
79,ONEPLUS_NORD,2,train,False,train,IMG20240220115305,20240220,115305
79,ONEPLUS_NORD,2,train,False,train,IMG20240220115311,20240220,115311
80,ONEPLUS_NORD,1,train,False,train,IMG20240220115326,20240220,115326
81,ONEPLUS_NORD,2,train,False,train,IMG20240220115423,20240220,115423
81,ONEPLUS_NORD,2,train,False,train,IMG20240220115433,20240220,115433
82,ONEPLUS_NORD,1,train,False,train,IMG20240220115509,20240220,115509
83,ONEPLUS_NORD,1,train,False,train,IMG20240220115520,20240220,115520
84,ONEPLUS_NORD,1,train,False,train,IMG20240220115613,20240220,115613
85,ONEPLUS_NORD,1,train,False,train,IMG20240220115628,20240220,115628
86,ONEPLUS_NORD,1,train,False,train,IMG20240220115659,20240220,115659
87,ONEPLUS_NORD,1,train,False,train,IMG20240220115710,20240220,115710
88,ONEPLUS_NORD,1,train,False,train,IMG20240220115805,20240220,115805
89,ONEPLUS_NORD,1,train,False,train,IMG20240220115829,20240220,115829
90,ONEPLUS_NORD,2,train,False,train,IMG20240220115854,20240220,115854
90,ONEPLUS_NORD,2,train,False,train,IMG20240220115900,20240220,115900
91,ONEPLUS_NORD,1,train,False,train,IMG20240220115915,20240220,115915
92,ONEPLUS_NORD,1,train,False,train,IMG20240220120021,20240220,120021
93,ONEPLUS_NORD,1,train,False,train,IMG20240220120113,20240220,120113
94,ONEPLUS_NORD,3,train,False,train,IMG20240220120321,20240220,120321
94,ONEPLUS_NORD,3,train,False,train,IMG20240220120325,20240220,120325
94,ONEPLUS_NORD,3,train,False,train,IMG20240220120328,20240220,120328
95,ONEPLUS_NORD,2,train,False,train,IMG20240220120353,20240220,120353
95,ONEPLUS_NORD,2,train,False,train,IMG20240220120402,20240220,120402
96,ONEPLUS_NORD,1,train,False,train,IMG20240220120432,20240220,120432
97,ONEPLUS_NORD,1,train,False,train,IMG20240220120453,20240220,120453
98,ONEPLUS_NORD,1,train,False,train,IMG20240220120525,20240220,120525
99,ONEPLUS_NORD,1,train,False,train,IMG20240220120634,20240220,120634
100,ONEPLUS_NORD,2,train,False,train,IMG20240220120706,20240220,120706
100,ONEPLUS_NORD,2,train,False,train,IMG20240220120712,20240220,120712
101,ONEPLUS_NORD,2,train,False,train,IMG20240220120801,20240220,120801
101,ONEPLUS_NORD,2,train,False,train,IMG20240220120808,20240220,120808
102,ONEPLUS_NORD,2,train,False,train,IMG20240220120856,20240220,120856
102,ONEPLUS_NORD,2,train,False,train,IMG20240220120900,20240220,120900
103,ONEPLUS_NORD,1,train,False,train,IMG20240220121103,20240220,121103
104,ONEPLUS_NORD,1,train,False,train,IMG20240220121114,20240220,121114
105,ONEPLUS_NORD,1,train,False,train,IMG20240220121138,20240220,121138
106,ONEPLUS_NORD,1,train,False,train,IMG20240220121238,20240220,121238
107,ONEPLUS_NORD,1,train,False,train,IMG20240220121249,20240220,121249
108,ONEPLUS_NORD,3,train,False,train,IMG20240220121305,20240220,121305
108,ONEPLUS_NORD,3,train,False,train,IMG20240220121315,20240220,121315
108,ONEPLUS_NORD,3,train,False,train,IMG20240220121322,20240220,121322
109,ONEPLUS_NORD,1,train,False,train,IMG20240220121349,20240220,121349
110,ONEPLUS_NORD,2,train,False,train,IMG20240220121408,20240220,121408
110,ONEPLUS_NORD,2,train,False,train,IMG20240220121412,20240220,121412
111,ONEPLUS_NORD,1,train,False,train,IMG20240220121429,20240220,121429
112,ONEPLUS_NORD,1,train,False,train,IMG20240220121458,20240220,121458
113,ONEPLUS_NORD,1,train,False,train,IMG20240220121511,20240220,121511
114,ONEPLUS_NORD,1,train,False,train,IMG20240220121528,20240220,121528
115,ONEPLUS_NORD,1,train,False,train,IMG20240220121541,20240220,121541
116,ONEPLUS_NORD,1,train,False,train,IMG20240220121605,20240220,121605
117,ONEPLUS_NORD,1,train,False,train,IMG20240220121621,20240220,121621
118,ONEPLUS_NORD,2,train,False,train,IMG20240220121641,20240220,121641
118,ONEPLUS_NORD,2,train,False,train,IMG20240220121646,20240220,121646
119,ONEPLUS_NORD,1,train,False,train,IMG20240220121703,20240220,121703
120,ONEPLUS_NORD,3,train,False,train,IMG20240220121750,20240220,121750
120,ONEPLUS_NORD,3,train,False,train,IMG20240220121756,20240220,121756
120,ONEPLUS_NORD,3,train,False,train,IMG20240220121800,20240220,121800
121,ONEPLUS_NORD,1,train,False,train,IMG20240220122108,20240220,122108
122,ONEPLUS_NORD,1,train,False,train,IMG20240220122124,20240220,122124
123,ONEPLUS_NORD,3,train,False,train,IMG20240220122137,20240220,122137
123,ONEPLUS_NORD,3,train,False,train,IMG20240220122146,20240220,122146
123,ONEPLUS_NORD,3,train,False,train,IMG20240220122153,20240220,122153
124,ONEPLUS_NORD,1,train,False,train,IMG20240220122219,20240220,122219
125,ONEPLUS_NORD,2,train,False,train,IMG20240220122231,20240220,122231
125,ONEPLUS_NORD,2,train,False,train,IMG20240220122236,20240220,122236
126,ONEPLUS_NORD,1,train,False,train,IMG20240220122259,20240220,122259
127,ONEPLUS_NORD,3,train,False,train,IMG20240220122320,20240220,122320
127,ONEPLUS_NORD,3,train,False,train,IMG20240220122323,20240220,122323
127,ONEPLUS_NORD,3,train,False,train,IMG20240220122330,20240220,122330
128,ONEPLUS_NORD,1,valid,False,valid,IMG20240228122809,20240228,122809
129,ONEPLUS_NORD,1,valid,False,valid,IMG20240228122902,20240228,122902
130,ONEPLUS_NORD,3,valid,False,valid,IMG20240228122949,20240228,122949
130,ONEPLUS_NORD,3,valid,False,valid,IMG20240228122955,20240228,122955
130,ONEPLUS_NORD,3,valid,False,valid,IMG20240228123001,20240228,123001
131,ONEPLUS_NORD,1,train,False,train,IMG20240228123032,20240228,123032
132,ONEPLUS_NORD,1,valid,False,valid,IMG20240228123115,20240228,123115
133,ONEPLUS_NORD,1,valid,False,valid,IMG20240228123131,20240228,123131
134,ONEPLUS_NORD,1,valid,False,valid,IMG20240228123218,20240228,123218
135,ONEPLUS_NORD,2,valid,False,valid,IMG20240228123246,20240228,123246
135,ONEPLUS_NORD,2,valid,False,valid,IMG20240228123253,20240228,123253
136,ONEPLUS_NORD,2,valid,False,valid,IMG20240228123322,20240228,123322
136,ONEPLUS_NORD,2,valid,False,valid,IMG20240228123330,20240228,123330
137,ONEPLUS_NORD,2,valid,False,valid,IMG20240228123402,20240228,123402
137,ONEPLUS_NORD,2,valid,False,valid,IMG20240228123408,20240228,123408
138,ONEPLUS_NORD,2,valid,False,valid,IMG20240228123449,20240228,123449
138,ONEPLUS_NORD,2,valid,False,valid,IMG20240228123455,20240228,123455
139,ONEPLUS_NORD,2,valid,False,valid,IMG20240228123512,20240228,123512
139,ONEPLUS_NORD,2,valid,False,valid,IMG20240228123522,20240228,123522
140,ONEPLUS_NORD,2,valid,False,valid,IMG20240228123605,20240228,123605
140,ONEPLUS_NORD,2,valid,False,valid,IMG20240228123614,20240228,123614
141,ONEPLUS_NORD,1,train,False,train,IMG20240228123642,20240228,123642
142,ONEPLUS_NORD,1,valid,False,valid,IMG20240228123708,20240228,123708
143,ONEPLUS_NORD,1,train,False,train,IMG20240228123723,20240228,123723
144,ONEPLUS_NORD,1,valid,False,valid,IMG20240228123750,20240228,123750
145,ONEPLUS_NORD,1,valid,False,valid,IMG20240228123816,20240228,123816
146,ONEPLUS_NORD,1,valid,False,valid,IMG20240228123839,20240228,123839
147,ONEPLUS_NORD,1,valid,False,valid,IMG20240228124228,20240228,124228
148,ONEPLUS_NORD,1,valid,False,valid,IMG20240228124247,20240228,124247
149,ONEPLUS_NORD,1,valid,False,valid,IMG20240228124330,20240228,124330
150,ONEPLUS_NORD,1,valid,False,valid,IMG20240228124357,20240228,124357
151,ONEPLUS_NORD,1,valid,False,valid,IMG20240228124412,20240228,124412
152,ONEPLUS_NORD,3,train|valid,True,valid,IMG20240228124440,20240228,124440
152,ONEPLUS_NORD,3,train|valid,True,train,IMG20240228124445,20240228,124445
152,ONEPLUS_NORD,3,train|valid,True,train,IMG20240228124453,20240228,124453
153,ONEPLUS_NORD,1,valid,False,valid,IMG20240228124555,20240228,124555
154,ONEPLUS_NORD,1,valid,False,valid,IMG20240228124606,20240228,124606
155,ONEPLUS_NORD,2,valid,False,valid,IMG20240228124711,20240228,124711
155,ONEPLUS_NORD,2,valid,False,valid,IMG20240228124718,20240228,124718
156,ONEPLUS_NORD,1,valid,False,valid,IMG20240228124759,20240228,124759
157,ONEPLUS_NORD,1,valid,False,valid,IMG20240228124816,20240228,124816
158,ONEPLUS_NORD,1,valid,False,valid,IMG20240228124844,20240228,124844
159,ONEPLUS_NORD,2,valid,False,valid,IMG20240228124919,20240228,124919
159,ONEPLUS_NORD,2,valid,False,valid,IMG20240228124925,20240228,124925
160,ONEPLUS_NORD,3,valid,False,valid,IMG20240228125011,20240228,125011
160,ONEPLUS_NORD,3,valid,False,valid,IMG20240228125017,20240228,125017
160,ONEPLUS_NORD,3,valid,False,valid,IMG20240228125025,20240228,125025
161,ONEPLUS_NORD,1,valid,False,valid,IMG20240228125228,20240228,125228
162,ONEPLUS_NORD,1,valid,False,valid,IMG20240228125312,20240228,125312
163,ONEPLUS_NORD,1,valid,False,valid,IMG20240228125354,20240228,125354
164,ONEPLUS_NORD,1,valid,False,valid,IMG20240228125428,20240228,125428
165,ONEPLUS_NORD,2,test|train,True,train,IMG20240228125647,20240228,125647
165,ONEPLUS_NORD,2,test|train,True,test,IMG20240228125654,20240228,125654
166,ONEPLUS_NORD,1,train,False,train,IMG20240228125705,20240228,125705
167,ONEPLUS_NORD,3,test|valid,True,test,IMG20240228125738,20240228,125738
167,ONEPLUS_NORD,3,test|valid,True,test,IMG20240228125746,20240228,125746
167,ONEPLUS_NORD,3,test|valid,True,valid,IMG20240228125752,20240228,125752
168,ONEPLUS_NORD,1,test,False,test,IMG20240228125809,20240228,125809
169,ONEPLUS_NORD,1,valid,False,valid,IMG20240228125831,20240228,125831
170,ONEPLUS_NORD,1,valid,False,valid,IMG20240228125846,20240228,125846
171,ONEPLUS_NORD,3,test|valid,True,valid,IMG20240228130031,20240228,130031
171,ONEPLUS_NORD,3,test|valid,True,valid,IMG20240228130036,20240228,130036
171,ONEPLUS_NORD,3,test|valid,True,test,IMG20240228130041,20240228,130041
172,ONEPLUS_NORD,1,valid,False,valid,IMG20240228130254,20240228,130254
173,ONEPLUS_NORD,1,valid,False,valid,IMG20240228130308,20240228,130308
174,ONEPLUS_NORD,2,test,False,test,IMG20240228130337,20240228,130337
174,ONEPLUS_NORD,2,test,False,test,IMG20240228130343,20240228,130343
175,ONEPLUS_NORD,1,valid,False,valid,IMG20240228130425,20240228,130425
176,ONEPLUS_NORD,2,test|valid,True,test,IMG20240228130509,20240228,130509
176,ONEPLUS_NORD,2,test|valid,True,valid,IMG20240228130517,20240228,130517
177,ONEPLUS_NORD,2,train|valid,True,valid,IMG20240228130615,20240228,130615
177,ONEPLUS_NORD,2,train|valid,True,train,IMG20240228130624,20240228,130624
178,ONEPLUS_NORD,2,train,False,train,IMG20240228130635,20240228,130635
178,ONEPLUS_NORD,2,train,False,train,IMG20240228130639,20240228,130639
179,ONEPLUS_NORD,2,train,False,train,IMG20240228130701,20240228,130701
179,ONEPLUS_NORD,2,train,False,train,IMG20240228130706,20240228,130706
180,ONEPLUS_NORD,1,train,False,train,IMG20240228130819,20240228,130819
181,ONEPLUS_NORD,2,train,False,train,IMG20240228130858,20240228,130858
181,ONEPLUS_NORD,2,train,False,train,IMG20240228130905,20240228,130905
182,ONEPLUS_NORD,2,train,False,train,IMG20240228130943,20240228,130943
182,ONEPLUS_NORD,2,train,False,train,IMG20240228130950,20240228,130950
183,ONEPLUS_NORD,1,train,False,train,IMG20240228131006,20240228,131006
184,ONEPLUS_NORD,1,train,False,train,IMG20240228131034,20240228,131034
185,ONEPLUS_NORD,3,train|valid,True,valid,IMG20240228131243,20240228,131243
185,ONEPLUS_NORD,3,train|valid,True,valid,IMG20240228131252,20240228,131252
185,ONEPLUS_NORD,3,train|valid,True,train,IMG20240228131259,20240228,131259
186,ONEPLUS_NORD,1,train,False,train,IMG20240228131317,20240228,131317
187,ONEPLUS_NORD,1,train,False,train,IMG20240228131341,20240228,131341
188,ONEPLUS_NORD,2,train|valid,True,train,IMG20240228131414,20240228,131414
188,ONEPLUS_NORD,2,train|valid,True,valid,IMG20240228131420,20240228,131420
189,ONEPLUS_NORD,1,valid,False,valid,IMG20240228131521,20240228,131521
190,ONEPLUS_NORD,1,valid,False,valid,IMG20240228131534,20240228,131534
191,ONEPLUS_NORD,1,test,False,test,IMG20240228131602,20240228,131602
192,ONEPLUS_NORD,1,train,False,train,IMG20240228131634,20240228,131634
193,ONEPLUS_NORD,1,train,False,train,IMG20240228131658,20240228,131658
194,ONEPLUS_NORD,1,valid,False,valid,IMG20240228131717,20240228,131717
195,ONEPLUS_NORD,1,train,False,train,IMG20240228131739_01,20240228,131739
196,ONEPLUS_NORD,1,train,False,train,IMG20240228131753,20240228,131753
197,ONEPLUS_NORD,1,valid,False,valid,IMG20240228131832,20240228,131832
198,ONEPLUS_NORD,1,train,False,train,IMG20240228131843,20240228,131843
199,ONEPLUS_NORD,2,valid,False,valid,IMG20240228131859,20240228,131859
199,ONEPLUS_NORD,2,valid,False,valid,IMG20240228131905,20240228,131905
200,ONEPLUS_NORD,1,train,False,train,IMG20240228131921_01,20240228,131921
201,ONEPLUS_NORD,1,train,False,train,IMG20240228132001_01,20240228,132001
202,ONEPLUS_NORD,1,train,False,train,IMG20240228132045,20240228,132045
203,ONEPLUS_NORD,1,train,False,train,IMG20240228132127,20240228,132127
204,ONEPLUS_NORD,1,valid,False,valid,IMG20240228132302,20240228,132302
205,ONEPLUS_NORD,1,train,False,train,IMG20240228132319,20240228,132319
206,ONEPLUS_NORD,3,train,False,train,IMG20240228132335,20240228,132335
206,ONEPLUS_NORD,3,train,False,train,IMG20240228132345,20240228,132345
206,ONEPLUS_NORD,3,train,False,train,IMG20240228132354,20240228,132354
207,ONEPLUS_NORD,2,valid,False,valid,IMG20240228132440,20240228,132440
207,ONEPLUS_NORD,2,valid,False,valid,IMG20240228132445,20240228,132445
208,ONEPLUS_NORD,1,train,False,train,IMG20240228132456,20240228,132456
209,ONEPLUS_NORD,2,train,False,train,IMG20240228132524,20240228,132524
209,ONEPLUS_NORD,2,train,False,train,IMG20240228132533,20240228,132533
210,ONEPLUS_NORD,1,train,False,train,IMG20240228132544,20240228,132544
211,ONEPLUS_NORD,2,train,False,train,IMG20240228132559,20240228,132559
211,ONEPLUS_NORD,2,train,False,train,IMG20240228132605_01,20240228,132605
212,ONEPLUS_NORD,1,train,False,train,IMG20240228132621,20240228,132621
213,ONEPLUS_NORD,2,test|valid,True,valid,IMG20240228132725,20240228,132725
213,ONEPLUS_NORD,2,test|valid,True,test,IMG20240228132732,20240228,132732
214,ONEPLUS_NORD,1,valid,False,valid,IMG20240228132838,20240228,132838
215,ONEPLUS_NORD,1,train,False,train,IMG20240228132855,20240228,132855
216,ONEPLUS_NORD,1,train,False,train,IMG20240228132906,20240228,132906
217,ONEPLUS_NORD,1,train,False,train,IMG20240228132935,20240228,132935
218,ONEPLUS_NORD,2,test|train,True,train,IMG20240228133008,20240228,133008
218,ONEPLUS_NORD,2,test|train,True,test,IMG20240228133018,20240228,133018
219,ONEPLUS_NORD,1,test,False,test,IMG20240228133029,20240228,133029
220,ONEPLUS_NORD,1,train,False,train,IMG20240228133058,20240228,133058
221,ONEPLUS_NORD,1,train,False,train,IMG20240228133110_01,20240228,133110
222,ONEPLUS_NORD,1,valid,False,valid,IMG20240228133137,20240228,133137
223,ONEPLUS_NORD,1,train,False,train,IMG20240228133155,20240228,133155
224,ONEPLUS_NORD,1,train,False,train,IMG20240228133207,20240228,133207
225,ONEPLUS_NORD,1,train,False,train,IMG20240228133659_01,20240228,133659
226,ONEPLUS_NORD,1,train,False,train,IMG20240228133740_01,20240228,133740
227,ONEPLUS_NORD,1,train,False,train,IMG20240228133759,20240228,133759
228,ONEPLUS_NORD,1,train,False,train,IMG20240228133815,20240228,133815
229,ONEPLUS_NORD,2,train,False,train,IMG20240228133855,20240228,133855
229,ONEPLUS_NORD,2,train,False,train,IMG20240228133904,20240228,133904
230,ONEPLUS_NORD,1,train,False,train,IMG20240228133928,20240228,133928
231,ONEPLUS_NORD,2,train,False,train,IMG20240228133955,20240228,133955
231,ONEPLUS_NORD,2,train,False,train,IMG20240228134000,20240228,134000
232,ONEPLUS_NORD,3,train,False,train,IMG20240228134128,20240228,134128
232,ONEPLUS_NORD,3,train,False,train,IMG20240228134136,20240228,134136
232,ONEPLUS_NORD,3,train,False,train,IMG20240228134144,20240228,134144
233,ONEPLUS_NORD,2,train,False,train,IMG20240228135156,20240228,135156
233,ONEPLUS_NORD,2,train,False,train,IMG20240228135201,20240228,135201
234,ONEPLUS_NORD,3,train,False,train,IMG20240228135335,20240228,135335
234,ONEPLUS_NORD,3,train,False,train,IMG20240228135342,20240228,135342
234,ONEPLUS_NORD,3,train,False,train,IMG20240228135348,20240228,135348
235,ONEPLUS_NORD,1,train,False,train,IMG20240228135418,20240228,135418
236,ONEPLUS_NORD,3,train,False,train,IMG20240228135459,20240228,135459
236,ONEPLUS_NORD,3,train,False,train,IMG20240228135507,20240228,135507
236,ONEPLUS_NORD,3,train,False,train,IMG20240228135513,20240228,135513
237,ONEPLUS_NORD,1,train,False,train,IMG20240228135553,20240228,135553
238,ONEPLUS_NORD,2,train,False,train,IMG20240228142057,20240228,142057
238,ONEPLUS_NORD,2,train,False,train,IMG20240228142107,20240228,142107
239,ONEPLUS_NORD,2,test|train,True,train,IMG20240228142129,20240228,142129
239,ONEPLUS_NORD,2,test|train,True,test,IMG20240228142135,20240228,142135
240,ONEPLUS_NORD,1,train,False,train,IMG20240228142159,20240228,142159
241,ONEPLUS_NORD,1,train,False,train,IMG20240228142222,20240228,142222
242,ONEPLUS_NORD,1,train,False,train,IMG20240228142237,20240228,142237
243,ONEPLUS_NORD,1,train,False,train,IMG20240228142259,20240228,142259
244,ONEPLUS_NORD,1,test,False,test,IMG20240228142313,20240228,142313
245,ONEPLUS_NORD,4,train,False,train,IMG20240228142340,20240228,142340
245,ONEPLUS_NORD,4,train,False,train,IMG20240228142346,20240228,142346
245,ONEPLUS_NORD,4,train,False,train,IMG20240228142356,20240228,142356
245,ONEPLUS_NORD,4,train,False,train,IMG20240228142403,20240228,142403
246,ONEPLUS_NORD,2,train,False,train,IMG20240228142427,20240228,142427
246,ONEPLUS_NORD,2,train,False,train,IMG20240228142434,20240228,142434
247,ONEPLUS_NORD,3,test,False,test,IMG20240303105743,20240303,105743
247,ONEPLUS_NORD,3,test,False,test,IMG20240303105750,20240303,105750
247,ONEPLUS_NORD,3,test,False,test,IMG20240303105800,20240303,105800
248,ONEPLUS_NORD,2,test,False,test,IMG20240303105812,20240303,105812
248,ONEPLUS_NORD,2,test,False,test,IMG20240303105820,20240303,105820
249,ONEPLUS_NORD,1,test,False,test,IMG20240303105838,20240303,105838
250,ONEPLUS_NORD,1,test,False,test,IMG20240303105852,20240303,105852
251,ONEPLUS_NORD,1,test,False,test,IMG20240303105921,20240303,105921
252,ONEPLUS_NORD,2,test,False,test,IMG20240303105934,20240303,105934
252,ONEPLUS_NORD,2,test,False,test,IMG20240303105939,20240303,105939
253,ONEPLUS_NORD,2,test|valid,True,test,IMG20240303110007,20240303,110007
253,ONEPLUS_NORD,2,test|valid,True,valid,IMG20240303110013,20240303,110013
254,ONEPLUS_NORD,2,test,False,test,IMG20240303110030,20240303,110030
254,ONEPLUS_NORD,2,test,False,test,IMG20240303110037,20240303,110037
255,ONEPLUS_NORD,1,test,False,test,IMG20240303110054,20240303,110054
256,ONEPLUS_NORD,1,valid,False,valid,IMG20240303110112,20240303,110112
257,ONEPLUS_NORD,1,test,False,test,IMG20240303110129,20240303,110129
258,ONEPLUS_NORD,1,valid,False,valid,IMG20240303110140,20240303,110140
259,ONEPLUS_NORD,1,test,False,test,IMG20240303110158,20240303,110158
260,ONEPLUS_NORD,1,test,False,test,IMG20240303110214,20240303,110214
261,ONEPLUS_NORD,1,test,False,test,IMG20240303110236,20240303,110236
262,ONEPLUS_NORD,1,test,False,test,IMG20240303110252,20240303,110252
263,ONEPLUS_NORD,3,test|valid,True,valid,IMG20240303110322,20240303,110322
263,ONEPLUS_NORD,3,test|valid,True,test,IMG20240303110327,20240303,110327
263,ONEPLUS_NORD,3,test|valid,True,test,IMG20240303110336,20240303,110336
264,ONEPLUS_NORD,3,test,False,test,IMG20240303110406,20240303,110406
264,ONEPLUS_NORD,3,test,False,test,IMG20240303110414,20240303,110414
264,ONEPLUS_NORD,3,test,False,test,IMG20240303110422,20240303,110422
265,ONEPLUS_NORD,3,test|valid,True,valid,IMG20240303110505,20240303,110505
265,ONEPLUS_NORD,3,test|valid,True,valid,IMG20240303110510,20240303,110510
265,ONEPLUS_NORD,3,test|valid,True,test,IMG20240303110517,20240303,110517
266,ONEPLUS_NORD,2,test|valid,True,valid,IMG20240303110616,20240303,110616
266,ONEPLUS_NORD,2,test|valid,True,test,IMG20240303110620,20240303,110620
267,ONEPLUS_NORD,1,test,False,test,IMG20240303110638,20240303,110638
268,ONEPLUS_NORD,3,test,False,test,IMG20240303110723,20240303,110723
268,ONEPLUS_NORD,3,test,False,test,IMG20240303110728,20240303,110728
268,ONEPLUS_NORD,3,test,False,test,IMG20240303110734,20240303,110734
269,ONEPLUS_NORD,1,test,False,test,IMG20240303110821,20240303,110821
270,ONEPLUS_NORD,1,test,False,test,IMG20240303110835,20240303,110835
271,ONEPLUS_NORD,1,test,False,test,IMG20240303110947,20240303,110947
272,ONEPLUS_NORD,3,test|valid,True,test,IMG20240303111006,20240303,111006
272,ONEPLUS_NORD,3,test|valid,True,valid,IMG20240303111013,20240303,111013
272,ONEPLUS_NORD,3,test|valid,True,valid,IMG20240303111020,20240303,111020
273,ONEPLUS_NORD,3,test|valid,True,test,IMG20240303111039,20240303,111039
273,ONEPLUS_NORD,3,test|valid,True,test,IMG20240303111042,20240303,111042
273,ONEPLUS_NORD,3,test|valid,True,valid,IMG20240303111050,20240303,111050
274,ONEPLUS_NORD,3,test|valid,True,test,IMG20240303111124,20240303,111124
274,ONEPLUS_NORD,3,test|valid,True,valid,IMG20240303111129,20240303,111129
274,ONEPLUS_NORD,3,test|valid,True,test,IMG20240303111139,20240303,111139
275,ONEPLUS_NORD,2,test,False,test,IMG20240303111152,20240303,111152
275,ONEPLUS_NORD,2,test,False,test,IMG20240303111159,20240303,111159
276,ONEPLUS_NORD,2,test,False,test,IMG20240303111224,20240303,111224
276,ONEPLUS_NORD,2,test,False,test,IMG20240303111228,20240303,111228
277,ONEPLUS_NORD,5,test,False,test,IMG20240303111243,20240303,111243
277,ONEPLUS_NORD,5,test,False,test,IMG20240303111248,20240303,111248
277,ONEPLUS_NORD,5,test,False,test,IMG20240303111258,20240303,111258
277,ONEPLUS_NORD,5,test,False,test,IMG20240303111302,20240303,111302
277,ONEPLUS_NORD,5,test,False,test,IMG20240303111312,20240303,111312
278,ONEPLUS_NORD,2,test,False,test,IMG20240303111325,20240303,111325
278,ONEPLUS_NORD,2,test,False,test,IMG20240303111332,20240303,111332
279,ONEPLUS_NORD,3,test|valid,True,valid,IMG20240303111610,20240303,111610
279,ONEPLUS_NORD,3,test|valid,True,test,IMG20240303111615,20240303,111615
279,ONEPLUS_NORD,3,test|valid,True,valid,IMG20240303111619,20240303,111619
280,ONEPLUS_NORD,2,test|valid,True,valid,IMG20240303111639,20240303,111639
280,ONEPLUS_NORD,2,test|valid,True,test,IMG20240303111645,20240303,111645
281,ONEPLUS_NORD,3,test,False,test,IMG20240303111705,20240303,111705
281,ONEPLUS_NORD,3,test,False,test,IMG20240303111709,20240303,111709
281,ONEPLUS_NORD,3,test,False,test,IMG20240303111716,20240303,111716
282,ONEPLUS_NORD,2,test,False,test,IMG20240303111738,20240303,111738
282,ONEPLUS_NORD,2,test,False,test,IMG20240303111744,20240303,111744
283,ONEPLUS_NORD,4,test,False,test,IMG20240303111804,20240303,111804
283,ONEPLUS_NORD,4,test,False,test,IMG20240303111808,20240303,111808
283,ONEPLUS_NORD,4,test,False,test,IMG20240303111815,20240303,111815
283,ONEPLUS_NORD,4,test,False,test,IMG20240303111821,20240303,111821
284,ONEPLUS_NORD,4,test,False,test,IMG20240303111838,20240303,111838
284,ONEPLUS_NORD,4,test,False,test,IMG20240303111843,20240303,111843
284,ONEPLUS_NORD,4,test,False,test,IMG20240303111847,20240303,111847
284,ONEPLUS_NORD,4,test,False,test,IMG20240303111850,20240303,111850
285,ONEPLUS_NORD,4,test|valid,True,valid,IMG20240303111914,20240303,111914
285,ONEPLUS_NORD,4,test|valid,True,test,IMG20240303111919,20240303,111919
285,ONEPLUS_NORD,4,test|valid,True,valid,IMG20240303111923,20240303,111923
285,ONEPLUS_NORD,4,test|valid,True,test,IMG20240303111929,20240303,111929
286,ONEPLUS_NORD,2,train,False,train,IMG20240417115028,20240417,115028
286,ONEPLUS_NORD,2,train,False,train,IMG20240417115035,20240417,115035
287,ONEPLUS_NORD,1,train,False,train,IMG20240417115059,20240417,115059
288,ONEPLUS_NORD,1,test,False,test,IMG20240417115121,20240417,115121
289,ONEPLUS_NORD,2,test|train,True,test,IMG20240417115151,20240417,115151
289,ONEPLUS_NORD,2,test|train,True,train,IMG20240417115201,20240417,115201
290,ONEPLUS_NORD,2,train|valid,True,valid,IMG20240417115339,20240417,115339
290,ONEPLUS_NORD,2,train|valid,True,train,IMG20240417115347,20240417,115347
291,ONEPLUS_NORD,1,valid,False,valid,IMG20240417115406,20240417,115406
292,ONEPLUS_NORD,1,train,False,train,IMG20240417115517,20240417,115517
293,ONEPLUS_NORD,2,train,False,train,IMG20240417115534,20240417,115534
293,ONEPLUS_NORD,2,train,False,train,IMG20240417115542,20240417,115542
294,ONEPLUS_NORD,1,train,False,train,IMG20240417115614,20240417,115614
295,ONEPLUS_NORD,1,train,False,train,IMG20240417115728,20240417,115728
296,ONEPLUS_NORD,2,train|valid,True,train,IMG20240417120332,20240417,120332
296,ONEPLUS_NORD,2,train|valid,True,valid,IMG20240417120340,20240417,120340
297,ONEPLUS_NORD,1,train,False,train,IMG20240417120351,20240417,120351
298,ONEPLUS_NORD,2,train|valid,True,train,IMG20240417120415,20240417,120415
298,ONEPLUS_NORD,2,train|valid,True,valid,IMG20240417120425,20240417,120425
299,ONEPLUS_NORD,2,train,False,train,IMG20240417120447,20240417,120447
299,ONEPLUS_NORD,2,train,False,train,IMG20240417120455,20240417,120455
300,REDMI,4,train,False,train,IMG_20240219_113620,20240219,113620
300,REDMI,4,train,False,train,IMG_20240219_113626,20240219,113626
300,REDMI,4,train,False,train,IMG_20240219_113631,20240219,113631
300,REDMI,4,train,False,train,IMG_20240219_113639,20240219,113639
301,REDMI,3,train,False,train,IMG_20240219_113711,20240219,113711
301,REDMI,3,train,False,train,IMG_20240219_113715,20240219,113715
301,REDMI,3,train,False,train,IMG_20240219_113719,20240219,113719
302,REDMI,2,train,False,train,IMG_20240219_113730,20240219,113730
302,REDMI,2,train,False,train,IMG_20240219_113739,20240219,113739
303,REDMI,1,train,False,train,IMG_20240219_113808,20240219,113808
304,REDMI,1,train,False,train,IMG_20240219_113819,20240219,113819
305,REDMI,1,train,False,train,IMG_20240219_113837,20240219,113837
306,REDMI,4,train,False,train,IMG_20240219_113917,20240219,113917
306,REDMI,4,train,False,train,IMG_20240219_113922,20240219,113922
306,REDMI,4,train,False,train,IMG_20240219_113931,20240219,113931
306,REDMI,4,train,False,train,IMG_20240219_113936,20240219,113936
307,REDMI,3,train,False,train,IMG_20240219_114005,20240219,114005
307,REDMI,3,train,False,train,IMG_20240219_114012,20240219,114012
307,REDMI,3,train,False,train,IMG_20240219_114018,20240219,114018
308,REDMI,2,train,False,train,IMG_20240219_114133,20240219,114133
308,REDMI,2,train,False,train,IMG_20240219_114140,20240219,114140
309,REDMI,2,train,False,train,IMG_20240219_114209,20240219,114209
309,REDMI,2,train,False,train,IMG_20240219_114214,20240219,114214
310,REDMI,3,train,False,train,IMG_20240219_114241,20240219,114241
310,REDMI,3,train,False,train,IMG_20240219_114244,20240219,114244
310,REDMI,3,train,False,train,IMG_20240219_114253,20240219,114253
311,REDMI,3,train,False,train,IMG_20240219_114442,20240219,114442
311,REDMI,3,train,False,train,IMG_20240219_114447,20240219,114447
311,REDMI,3,train,False,train,IMG_20240219_114451,20240219,114451
312,REDMI,1,train,False,train,IMG_20240219_114614,20240219,114614
313,REDMI,3,train,False,train,IMG_20240219_114643,20240219,114643
313,REDMI,3,train,False,train,IMG_20240219_114646,20240219,114646
313,REDMI,3,train,False,train,IMG_20240219_114652,20240219,114652
314,REDMI,2,train,False,train,IMG_20240219_114741,20240219,114741
314,REDMI,2,train,False,train,IMG_20240219_114745,20240219,114745
315,REDMI,4,train,False,train,IMG_20240219_114814,20240219,114814
315,REDMI,4,train,False,train,IMG_20240219_114818,20240219,114818
315,REDMI,4,train,False,train,IMG_20240219_114822,20240219,114822
315,REDMI,4,train,False,train,IMG_20240219_114826,20240219,114826
316,REDMI,3,train,False,train,IMG_20240219_114906,20240219,114906
316,REDMI,3,train,False,train,IMG_20240219_114911,20240219,114911
316,REDMI,3,train,False,train,IMG_20240219_114918,20240219,114918
317,REDMI,3,train,False,train,IMG_20240219_114958,20240219,114958
317,REDMI,3,train,False,train,IMG_20240219_115004,20240219,115004
317,REDMI,3,train,False,train,IMG_20240219_115010,20240219,115010
318,REDMI,3,train,False,train,IMG_20240219_115215,20240219,115215
318,REDMI,3,train,False,train,IMG_20240219_115220,20240219,115220
318,REDMI,3,train,False,train,IMG_20240219_115224,20240219,115224
319,REDMI,1,train,False,train,IMG_20240219_115257,20240219,115257
320,REDMI,3,train,False,train,IMG_20240219_115336,20240219,115336
320,REDMI,3,train,False,train,IMG_20240219_115342,20240219,115342
320,REDMI,3,train,False,train,IMG_20240219_115347,20240219,115347
321,REDMI,2,train,False,train,IMG_20240219_115433,20240219,115433
321,REDMI,2,train,False,train,IMG_20240219_115438,20240219,115438
322,REDMI,1,train,False,train,IMG_20240219_115455,20240219,115455
323,REDMI,2,train,False,train,IMG_20240219_115811,20240219,115811
323,REDMI,2,train,False,train,IMG_20240219_115821,20240219,115821
324,REDMI,3,train,False,train,IMG_20240219_115933,20240219,115933
324,REDMI,3,train,False,train,IMG_20240219_115941,20240219,115941
324,REDMI,3,train,False,train,IMG_20240219_115948,20240219,115948
325,REDMI,4,train,False,train,IMG_20240219_120158,20240219,120158
325,REDMI,4,train,False,train,IMG_20240219_120205,20240219,120205
325,REDMI,4,train,False,train,IMG_20240219_120209,20240219,120209
325,REDMI,4,train,False,train,IMG_20240219_120213,20240219,120213
326,REDMI,2,train,False,train,IMG_20240219_120248,20240219,120248
326,REDMI,2,train,False,train,IMG_20240219_120254,20240219,120254
327,REDMI,1,train,False,train,IMG_20240219_120311,20240219,120311
328,REDMI,6,train,False,train,IMG_20240220_114159,20240220,114159
328,REDMI,6,train,False,train,IMG_20240220_114205,20240220,114205
328,REDMI,6,train,False,train,IMG_20240220_114213,20240220,114213
328,REDMI,6,train,False,train,IMG_20240220_114220,20240220,114220
328,REDMI,6,train,False,train,IMG_20240220_114230,20240220,114230
328,REDMI,6,train,False,train,IMG_20240220_114237,20240220,114237
329,REDMI,4,train,False,train,IMG_20240220_114312,20240220,114312
329,REDMI,4,train,False,train,IMG_20240220_114318,20240220,114318
329,REDMI,4,train,False,train,IMG_20240220_114326,20240220,114326
329,REDMI,4,train,False,train,IMG_20240220_114332,20240220,114332
330,REDMI,2,train,False,train,IMG_20240220_114533,20240220,114533
330,REDMI,2,train,False,train,IMG_20240220_114541,20240220,114541
331,REDMI,1,train,False,train,IMG_20240220_114554,20240220,114554
332,REDMI,3,train,False,train,IMG_20240220_114617,20240220,114617
332,REDMI,3,train,False,train,IMG_20240220_114621,20240220,114621
332,REDMI,3,train,False,train,IMG_20240220_114627,20240220,114627
333,REDMI,2,train,False,train,IMG_20240220_114642,20240220,114642
333,REDMI,2,train,False,train,IMG_20240220_114647,20240220,114647
334,REDMI,5,train,False,train,IMG_20240220_114725,20240220,114725
334,REDMI,5,train,False,train,IMG_20240220_114731,20240220,114731
334,REDMI,5,train,False,train,IMG_20240220_114740,20240220,114740
334,REDMI,5,train,False,train,IMG_20240220_114746,20240220,114746
334,REDMI,5,train,False,train,IMG_20240220_114750,20240220,114750
335,REDMI,4,train,False,train,IMG_20240220_114919,20240220,114919
335,REDMI,4,train,False,train,IMG_20240220_114924,20240220,114924
335,REDMI,4,train,False,train,IMG_20240220_114930,20240220,114930
335,REDMI,4,train,False,train,IMG_20240220_114936,20240220,114936
336,REDMI,3,train,False,train,IMG_20240220_115006,20240220,115006
336,REDMI,3,train,False,train,IMG_20240220_115016,20240220,115016
336,REDMI,3,train,False,train,IMG_20240220_115021,20240220,115021
337,REDMI,3,train,False,train,IMG_20240220_115044,20240220,115044
337,REDMI,3,train,False,train,IMG_20240220_115047,20240220,115047
337,REDMI,3,train,False,train,IMG_20240220_115051,20240220,115051
338,REDMI,4,train,False,train,IMG_20240220_115120,20240220,115120
338,REDMI,4,train,False,train,IMG_20240220_115123,20240220,115123
338,REDMI,4,train,False,train,IMG_20240220_115127,20240220,115127
338,REDMI,4,train,False,train,IMG_20240220_115132,20240220,115132
339,REDMI,4,train,False,train,IMG_20240220_115211,20240220,115211
339,REDMI,4,train,False,train,IMG_20240220_115215,20240220,115215
339,REDMI,4,train,False,train,IMG_20240220_115224,20240220,115224
339,REDMI,4,train,False,train,IMG_20240220_115229,20240220,115229
340,REDMI,1,train,False,train,IMG_20240220_115304,20240220,115304
341,REDMI,3,train,False,train,IMG_20240220_115315,20240220,115315
341,REDMI,3,train,False,train,IMG_20240220_115316,20240220,115316
341,REDMI,3,train,False,train,IMG_20240220_115321,20240220,115321
342,REDMI,1,train,False,train,IMG_20240220_115333,20240220,115333
343,REDMI,4,train,False,train,IMG_20240220_115414,20240220,115414
343,REDMI,4,train,False,train,IMG_20240220_115418,20240220,115418
343,REDMI,4,train,False,train,IMG_20240220_115427,20240220,115427
343,REDMI,4,train,False,train,IMG_20240220_115430,20240220,115430
344,REDMI,2,train,False,train,IMG_20240220_115458,20240220,115458
344,REDMI,2,train,False,train,IMG_20240220_115502,20240220,115502
345,REDMI,3,train,False,train,IMG_20240220_115527,20240220,115527
345,REDMI,3,train,False,train,IMG_20240220_115533,20240220,115533
345,REDMI,3,train,False,train,IMG_20240220_115539,20240220,115539
346,REDMI,3,train,False,train,IMG_20240220_115618,20240220,115618
346,REDMI,3,train,False,train,IMG_20240220_115622,20240220,115622
346,REDMI,3,train,False,train,IMG_20240220_115625,20240220,115625
347,REDMI,1,train,False,train,IMG_20240220_115715,20240220,115715
348,REDMI,2,train,False,train,IMG_20240220_115747,20240220,115747
348,REDMI,2,train,False,train,IMG_20240220_115756,20240220,115756
349,REDMI,4,train,False,train,IMG_20240220_115849,20240220,115849
349,REDMI,4,train,False,train,IMG_20240220_115857,20240220,115857
349,REDMI,4,train,False,train,IMG_20240220_115903,20240220,115903
349,REDMI,4,train,False,train,IMG_20240220_115909,20240220,115909
350,REDMI,2,train,False,train,IMG_20240220_115924,20240220,115924
350,REDMI,2,train,False,train,IMG_20240220_115930,20240220,115930
351,REDMI,1,train,False,train,IMG_20240220_115942,20240220,115942
352,REDMI,1,train,False,train,IMG_20240220_120015,20240220,120015
353,REDMI,1,train,False,train,IMG_20240220_120029,20240220,120029
354,REDMI,1,train,False,train,IMG_20240220_120103,20240220,120103
355,REDMI,2,train,False,train,IMG_20240220_120146,20240220,120146
355,REDMI,2,train,False,train,IMG_20240220_120154,20240220,120154
356,REDMI,1,train,False,train,IMG_20240220_120248,20240220,120248
357,REDMI,2,train,False,train,IMG_20240220_120308,20240220,120308
357,REDMI,2,train,False,train,IMG_20240220_120314,20240220,120314
358,REDMI,3,train,False,train,IMG_20240220_120346,20240220,120346
358,REDMI,3,train,False,train,IMG_20240220_120351,20240220,120351
358,REDMI,3,train,False,train,IMG_20240220_120357,20240220,120357
359,REDMI,2,train,False,train,IMG_20240220_120413,20240220,120413
359,REDMI,2,train,False,train,IMG_20240220_120420,20240220,120420
360,REDMI,4,train,False,train,IMG_20240220_120501,20240220,120501
360,REDMI,4,train,False,train,IMG_20240220_120505,20240220,120505
360,REDMI,4,train,False,train,IMG_20240220_120508,20240220,120508
360,REDMI,4,train,False,train,IMG_20240220_120515,20240220,120515
361,REDMI,2,train,False,train,IMG_20240220_120532,20240220,120532
361,REDMI,2,train,False,train,IMG_20240220_120539,20240220,120539
362,REDMI,3,train,False,train,IMG_20240220_120903,20240220,120903
362,REDMI,3,train,False,train,IMG_20240220_120907,20240220,120907
362,REDMI,3,train,False,train,IMG_20240220_120913,20240220,120913
363,REDMI,2,train,False,train,IMG_20240220_121114,20240220,121114
363,REDMI,2,train,False,train,IMG_20240220_121119,20240220,121119
364,REDMI,4,train,False,train,IMG_20240220_121133,20240220,121133
364,REDMI,4,train,False,train,IMG_20240220_121143,20240220,121143
364,REDMI,4,train,False,train,IMG_20240220_121153,20240220,121153
364,REDMI,4,train,False,train,IMG_20240220_121201,20240220,121201
365,REDMI,1,train,False,train,IMG_20240220_121228,20240220,121228
366,REDMI,2,train,False,train,IMG_20240220_121242,20240220,121242
366,REDMI,2,train,False,train,IMG_20240220_121252,20240220,121252
367,REDMI,1,train,False,train,IMG_20240220_121303,20240220,121303
368,REDMI,5,train,False,train,IMG_20240220_121322,20240220,121322
368,REDMI,5,train,False,train,IMG_20240220_121328,20240220,121328
368,REDMI,5,train,False,train,IMG_20240220_121334,20240220,121334
368,REDMI,5,train,False,train,IMG_20240220_121340,20240220,121340
368,REDMI,5,train,False,train,IMG_20240220_121346,20240220,121346
369,REDMI,5,train,False,train,IMG_20240220_121359,20240220,121359
369,REDMI,5,train,False,train,IMG_20240220_121405,20240220,121405
369,REDMI,5,train,False,train,IMG_20240220_121409,20240220,121409
369,REDMI,5,train,False,train,IMG_20240220_121416,20240220,121416
369,REDMI,5,train,False,train,IMG_20240220_121422,20240220,121422
370,REDMI,4,train,False,train,IMG_20240220_121455,20240220,121455
370,REDMI,4,train,False,train,IMG_20240220_121500,20240220,121500
370,REDMI,4,train,False,train,IMG_20240220_121506,20240220,121506
370,REDMI,4,train,False,train,IMG_20240220_121512,20240220,121512
371,REDMI,1,train,False,train,IMG_20240220_121525,20240220,121525
372,REDMI,1,train,False,train,IMG_20240220_121536,20240220,121536
373,REDMI,2,train,False,train,IMG_20240220_121603,20240220,121603
373,REDMI,2,train,False,train,IMG_20240220_121611,20240220,121611
374,REDMI,2,train,False,train,IMG_20240220_121628,20240220,121628
374,REDMI,2,train,False,train,IMG_20240220_121637,20240220,121637
375,REDMI,2,train,False,train,IMG_20240220_121656,20240220,121656
375,REDMI,2,train,False,train,IMG_20240220_121702,20240220,121702
376,REDMI,1,train,False,train,IMG_20240220_121746,20240220,121746
377,REDMI,1,train,False,train,IMG_20240220_121809,20240220,121809
378,REDMI,3,train,False,train,IMG_20240220_121907,20240220,121907
378,REDMI,3,train,False,train,IMG_20240220_121913,20240220,121913
378,REDMI,3,train,False,train,IMG_20240220_121918,20240220,121918
379,REDMI,4,train,False,train,IMG_20240220_121939,20240220,121939
379,REDMI,4,train,False,train,IMG_20240220_121944,20240220,121944
379,REDMI,4,train,False,train,IMG_20240220_121951,20240220,121951
379,REDMI,4,train,False,train,IMG_20240220_121957,20240220,121957
380,REDMI,5,train,False,train,IMG_20240220_122012,20240220,122012
380,REDMI,5,train,False,train,IMG_20240220_122017,20240220,122017
380,REDMI,5,train,False,train,IMG_20240220_122022,20240220,122022
380,REDMI,5,train,False,train,IMG_20240220_122028,20240220,122028
380,REDMI,5,train,False,train,IMG_20240220_122035,20240220,122035
381,REDMI,10,train,False,train,IMG_20240220_131426,20240220,131426
381,REDMI,10,train,False,train,IMG_20240220_131431,20240220,131431
381,REDMI,10,train,False,train,IMG_20240220_131436,20240220,131436
381,REDMI,10,train,False,train,IMG_20240220_131443,20240220,131443
381,REDMI,10,train,False,train,IMG_20240220_131451,20240220,131451
381,REDMI,10,train,False,train,IMG_20240220_131456,20240220,131456
381,REDMI,10,train,False,train,IMG_20240220_131503,20240220,131503
381,REDMI,10,train,False,train,IMG_20240220_131506,20240220,131506
381,REDMI,10,train,False,train,IMG_20240220_131513,20240220,131513
381,REDMI,10,train,False,train,IMG_20240220_131522,20240220,131522
382,REDMI,5,train,False,train,IMG_20240220_131548,20240220,131548
382,REDMI,5,train,False,train,IMG_20240220_131552,20240220,131552
382,REDMI,5,train,False,train,IMG_20240220_131559,20240220,131559
382,REDMI,5,train,False,train,IMG_20240220_131606,20240220,131606
382,REDMI,5,train,False,train,IMG_20240220_131610,20240220,131610
383,REDMI,1,train,False,train,IMG_20240220_131638,20240220,131638
384,REDMI,1,train,False,train,IMG_20240220_131654,20240220,131654
385,REDMI,3,train,False,train,IMG_20240220_131734,20240220,131734
385,REDMI,3,train,False,train,IMG_20240220_131738,20240220,131738
385,REDMI,3,train,False,train,IMG_20240220_131745,20240220,131745
386,REDMI,5,train,False,train,IMG_20240220_131827,20240220,131827
386,REDMI,5,train,False,train,IMG_20240220_131832,20240220,131832
386,REDMI,5,train,False,train,IMG_20240220_131840,20240220,131840
386,REDMI,5,train,False,train,IMG_20240220_131847,20240220,131847
386,REDMI,5,train,False,train,IMG_20240220_131851,20240220,131851
387,REDMI,2,train,False,train,IMG_20240220_131908,20240220,131908
387,REDMI,2,train,False,train,IMG_20240220_131918,20240220,131918
388,REDMI,5,train,False,train,IMG_20240220_131946,20240220,131946
388,REDMI,5,train,False,train,IMG_20240220_131951,20240220,131951
388,REDMI,5,train,False,train,IMG_20240220_131954,20240220,131954
388,REDMI,5,train,False,train,IMG_20240220_131958,20240220,131958
388,REDMI,5,train,False,train,IMG_20240220_132006,20240220,132006
389,REDMI,1,train,False,train,IMG_20240220_132018,20240220,132018
390,REDMI,7,train,False,train,IMG_20240220_132036,20240220,132036
390,REDMI,7,train,False,train,IMG_20240220_132039,20240220,132039
390,REDMI,7,train,False,train,IMG_20240220_132043,20240220,132043
390,REDMI,7,train,False,train,IMG_20240220_132047,20240220,132047
390,REDMI,7,train,False,train,IMG_20240220_132056,20240220,132056
390,REDMI,7,train,False,train,IMG_20240220_132059,20240220,132059
390,REDMI,7,train,False,train,IMG_20240220_132104,20240220,132104
391,REDMI,2,train,False,train,IMG_20240220_132120,20240220,132120
391,REDMI,2,train,False,train,IMG_20240220_132126,20240220,132126
392,REDMI,1,train,False,train,IMG_20240220_132242,20240220,132242
393,REDMI,2,train,False,train,IMG_20240220_132303,20240220,132303
393,REDMI,2,train,False,train,IMG_20240220_132310,20240220,132310
394,REDMI,1,train,False,train,IMG_20240220_132322,20240220,132322
395,REDMI,2,train,False,train,IMG_20240220_132334,20240220,132334
395,REDMI,2,train,False,train,IMG_20240220_132340,20240220,132340
396,REDMI,6,train,False,train,IMG_20240220_132359,20240220,132359
396,REDMI,6,train,False,train,IMG_20240220_132403,20240220,132403
396,REDMI,6,train,False,train,IMG_20240220_132408,20240220,132408
396,REDMI,6,train,False,train,IMG_20240220_132414,20240220,132414
396,REDMI,6,train,False,train,IMG_20240220_132419,20240220,132419
396,REDMI,6,train,False,train,IMG_20240220_132422,20240220,132422
397,REDMI,2,train,False,train,IMG_20240220_132439,20240220,132439
397,REDMI,2,train,False,train,IMG_20240220_132444,20240220,132444
398,REDMI,1,train,False,train,IMG_20240220_132456,20240220,132456
399,REDMI,3,train,False,train,IMG_20240220_132508,20240220,132508
399,REDMI,3,train,False,train,IMG_20240220_132516,20240220,132516
399,REDMI,3,train,False,train,IMG_20240220_132521,20240220,132521
400,REDMI,2,train,False,train,IMG_20240220_132541,20240220,132541
400,REDMI,2,train,False,train,IMG_20240220_132547,20240220,132547
401,REDMI,2,train,False,train,IMG_20240220_132601,20240220,132601
401,REDMI,2,train,False,train,IMG_20240220_132607,20240220,132607
402,REDMI,2,train,False,train,IMG_20240220_132618,20240220,132618
402,REDMI,2,train,False,train,IMG_20240220_132626,20240220,132626
403,REDMI,3,train,False,train,IMG_20240220_132638,20240220,132638
403,REDMI,3,train,False,train,IMG_20240220_132642,20240220,132642
403,REDMI,3,train,False,train,IMG_20240220_132648,20240220,132648
404,REDMI,2,train,False,train,IMG_20240220_132702,20240220,132702
404,REDMI,2,train,False,train,IMG_20240220_132712,20240220,132712
405,REDMI,1,train,False,train,IMG_20240220_132728,20240220,132728
406,REDMI,1,train,False,train,IMG_20240220_132740,20240220,132740
407,REDMI,7,train,False,train,IMG_20240220_132834,20240220,132834
407,REDMI,7,train,False,train,IMG_20240220_132840,20240220,132840
407,REDMI,7,train,False,train,IMG_20240220_132844,20240220,132844
407,REDMI,7,train,False,train,IMG_20240220_132849,20240220,132849
407,REDMI,7,train,False,train,IMG_20240220_132854,20240220,132854
407,REDMI,7,train,False,train,IMG_20240220_132900,20240220,132900
407,REDMI,7,train,False,train,IMG_20240220_132908,20240220,132908
408,REDMI,1,train,False,train,IMG_20240220_132923,20240220,132923
409,REDMI,4,train,False,train,IMG_20240220_132943,20240220,132943
409,REDMI,4,train,False,train,IMG_20240220_132948,20240220,132948
409,REDMI,4,train,False,train,IMG_20240220_132952,20240220,132952
409,REDMI,4,train,False,train,IMG_20240220_133000,20240220,133000
410,REDMI,2,train,False,train,IMG_20240220_133020,20240220,133020
410,REDMI,2,train,False,train,IMG_20240220_133024,20240220,133024
411,REDMI,2,train,False,train,IMG_20240220_133046,20240220,133046
411,REDMI,2,train,False,train,IMG_20240220_133052,20240220,133052
412,REDMI,2,train,False,train,IMG_20240220_133110,20240220,133110
412,REDMI,2,train,False,train,IMG_20240220_133117,20240220,133117
413,REDMI,1,train,False,train,IMG_20240220_133130,20240220,133130
414,REDMI,1,train,False,train,IMG_20240220_133258,20240220,133258
415,REDMI,3,train,False,train,IMG_20240220_133321,20240220,133321
415,REDMI,3,train,False,train,IMG_20240220_133330,20240220,133330
415,REDMI,3,train,False,train,IMG_20240220_133336,20240220,133336
416,REDMI,2,train,False,train,IMG_20240220_133352,20240220,133352
416,REDMI,2,train,False,train,IMG_20240220_133400,20240220,133400
417,REDMI,1,train,False,train,IMG_20240220_133411,20240220,133411
418,REDMI,5,train,False,train,IMG_20240220_134008,20240220,134008
418,REDMI,5,train,False,train,IMG_20240220_134012,20240220,134012
418,REDMI,5,train,False,train,IMG_20240220_134015,20240220,134015
418,REDMI,5,train,False,train,IMG_20240220_134020,20240220,134020
418,REDMI,5,train,False,train,IMG_20240220_134025,20240220,134025
419,REDMI,3,train,False,train,IMG_20240220_134041,20240220,134041
419,REDMI,3,train,False,train,IMG_20240220_134050,20240220,134050
419,REDMI,3,train,False,train,IMG_20240220_134055,20240220,134055
420,REDMI,1,train,False,train,IMG_20240220_134114,20240220,134114
421,REDMI,4,train,False,train,IMG_20240220_134137,20240220,134137
421,REDMI,4,train,False,train,IMG_20240220_134141,20240220,134141
421,REDMI,4,train,False,train,IMG_20240220_134146,20240220,134146
421,REDMI,4,train,False,train,IMG_20240220_134155,20240220,134155
422,REDMI,2,train,False,train,IMG_20240220_134224,20240220,134224
422,REDMI,2,train,False,train,IMG_20240220_134228,20240220,134228
423,REDMI,4,train,False,train,IMG_20240220_134320,20240220,134320
423,REDMI,4,train,False,train,IMG_20240220_134324,20240220,134324
423,REDMI,4,train,False,train,IMG_20240220_134334,20240220,134334
423,REDMI,4,train,False,train,IMG_20240220_134339,20240220,134339
424,REDMI,3,train,False,train,IMG_20240220_134404,20240220,134404
424,REDMI,3,train,False,train,IMG_20240220_134409,20240220,134409
424,REDMI,3,train,False,train,IMG_20240220_134416,20240220,134416
425,REDMI,2,train,False,train,IMG_20240220_134428,20240220,134428
425,REDMI,2,train,False,train,IMG_20240220_134436,20240220,134436
426,REDMI,1,train,False,train,IMG_20240220_134453,20240220,134453
427,REDMI,1,train,False,train,IMG_20240220_134510,20240220,134510
428,REDMI,3,train,False,train,IMG_20240220_134526,20240220,134526
428,REDMI,3,train,False,train,IMG_20240220_134533,20240220,134533
428,REDMI,3,train,False,train,IMG_20240220_134541,20240220,134541
429,REDMI,3,train,False,train,IMG_20240220_134610,20240220,134610
429,REDMI,3,train,False,train,IMG_20240220_134615,20240220,134615
429,REDMI,3,train,False,train,IMG_20240220_134623,20240220,134623
430,REDMI,1,train,False,train,IMG_20240220_134653,20240220,134653
431,REDMI,3,train,False,train,IMG_20240220_134719,20240220,134719
431,REDMI,3,train,False,train,IMG_20240220_134725,20240220,134725
431,REDMI,3,train,False,train,IMG_20240220_134732,20240220,134732
432,REDMI,3,train,False,train,IMG_20240220_134757,20240220,134757
432,REDMI,3,train,False,train,IMG_20240220_134801,20240220,134801
432,REDMI,3,train,False,train,IMG_20240220_134807,20240220,134807
433,REDMI,1,train,False,train,IMG_20240220_134820,20240220,134820
434,REDMI,4,train,False,train,IMG_20240220_134842,20240220,134842
434,REDMI,4,train,False,train,IMG_20240220_134846,20240220,134846
434,REDMI,4,train,False,train,IMG_20240220_134850,20240220,134850
434,REDMI,4,train,False,train,IMG_20240220_134857,20240220,134857
435,REDMI,1,train,False,train,IMG_20240220_134925,20240220,134925
436,REDMI,1,train,False,train,IMG_20240220_134936,20240220,134936
437,REDMI,1,train,False,train,IMG_20240220_134947,20240220,134947
438,REDMI,1,train,False,train,IMG_20240220_135005,20240220,135005
439,REDMI,2,train,False,train,IMG_20240220_135037,20240220,135037
439,REDMI,2,train,False,train,IMG_20240220_135042,20240220,135042
440,REDMI,3,train,False,train,IMG_20240220_135221,20240220,135221
440,REDMI,3,train,False,train,IMG_20240220_135229,20240220,135229
440,REDMI,3,train,False,train,IMG_20240220_135235,20240220,135235
441,REDMI,6,train,False,train,IMG_20240220_135301,20240220,135301
441,REDMI,6,train,False,train,IMG_20240220_135306,20240220,135306
441,REDMI,6,train,False,train,IMG_20240220_135309,20240220,135309
441,REDMI,6,train,False,train,IMG_20240220_135316,20240220,135316
441,REDMI,6,train,False,train,IMG_20240220_135322,20240220,135322
441,REDMI,6,train,False,train,IMG_20240220_135332,20240220,135332
442,REDMI,7,train,False,train,IMG_20240220_135401,20240220,135401
442,REDMI,7,train,False,train,IMG_20240220_135410,20240220,135410
442,REDMI,7,train,False,train,IMG_20240220_135417,20240220,135417
442,REDMI,7,train,False,train,IMG_20240220_135420,20240220,135420
442,REDMI,7,train,False,train,IMG_20240220_135428,20240220,135428
442,REDMI,7,train,False,train,IMG_20240220_135431,20240220,135431
442,REDMI,7,train,False,train,IMG_20240220_135437,20240220,135437
443,REDMI,7,train,False,train,IMG_20240220_135448,20240220,135448
443,REDMI,7,train,False,train,IMG_20240220_135451,20240220,135451
443,REDMI,7,train,False,train,IMG_20240220_135458,20240220,135458
443,REDMI,7,train,False,train,IMG_20240220_135503,20240220,135503
443,REDMI,7,train,False,train,IMG_20240220_135507,20240220,135507
443,REDMI,7,train,False,train,IMG_20240220_135512,20240220,135512
443,REDMI,7,train,False,train,IMG_20240220_135522,20240220,135522
444,REDMI,3,train,False,train,IMG_20240220_135537,20240220,135537
444,REDMI,3,train,False,train,IMG_20240220_135540,20240220,135540
444,REDMI,3,train,False,train,IMG_20240220_135545,20240220,135545
445,REDMI,1,train,False,train,IMG_20240220_135557,20240220,135557
446,REDMI,1,train,False,train,IMG_20240220_135608,20240220,135608
447,REDMI,1,train,False,train,IMG_20240220_135627,20240220,135627
448,REDMI,2,train,False,train,IMG_20240220_135718,20240220,135718
448,REDMI,2,train,False,train,IMG_20240220_135723,20240220,135723
449,REDMI,2,train,False,train,IMG_20240220_135735,20240220,135735
449,REDMI,2,train,False,train,IMG_20240220_135738,20240220,135738
450,REDMI,2,train,False,train,IMG_20240220_135752,20240220,135752
450,REDMI,2,train,False,train,IMG_20240220_135755,20240220,135755
451,REDMI,1,train,False,train,IMG_20240220_135806,20240220,135806
452,REDMI,5,train,False,train,IMG_20240220_135817,20240220,135817
452,REDMI,5,train,False,train,IMG_20240220_135821,20240220,135821
452,REDMI,5,train,False,train,IMG_20240220_135827,20240220,135827
452,REDMI,5,train,False,train,IMG_20240220_135834,20240220,135834
452,REDMI,5,train,False,train,IMG_20240220_135838,20240220,135838
453,REDMI,1,test,False,test,IMG_20240228_122819,20240228,122819
454,REDMI,2,test|valid,True,test,IMG_20240228_122853,20240228,122853
454,REDMI,2,test|valid,True,valid,IMG_20240228_122859,20240228,122859
455,REDMI,6,test|valid,True,test,IMG_20240228_122950,20240228,122950
455,REDMI,6,test|valid,True,test,IMG_20240228_122954,20240228,122954
455,REDMI,6,test|valid,True,valid,IMG_20240228_123002,20240228,123002
455,REDMI,6,test|valid,True,test,IMG_20240228_123007,20240228,123007
455,REDMI,6,test|valid,True,test,IMG_20240228_123015,20240228,123015
455,REDMI,6,test|valid,True,test,IMG_20240228_123023,20240228,123023
456,REDMI,1,valid,False,valid,IMG_20240228_123051,20240228,123051
457,REDMI,1,test,False,test,IMG_20240228_123102,20240228,123102
458,REDMI,1,test,False,test,IMG_20240228_123116,20240228,123116
459,REDMI,1,valid,False,valid,IMG_20240228_123132,20240228,123132
460,REDMI,5,test|valid,True,valid,IMG_20240228_123209,20240228,123209
460,REDMI,5,test|valid,True,test,IMG_20240228_123219,20240228,123219
460,REDMI,5,test|valid,True,test,IMG_20240228_123225,20240228,123225
460,REDMI,5,test|valid,True,test,IMG_20240228_123232,20240228,123232
460,REDMI,5,test|valid,True,valid,IMG_20240228_123240,20240228,123240
461,REDMI,4,test,False,test,IMG_20240228_123301,20240228,123301
461,REDMI,4,test,False,test,IMG_20240228_123305,20240228,123305
461,REDMI,4,test,False,test,IMG_20240228_123315,20240228,123315
461,REDMI,4,test,False,test,IMG_20240228_123320,20240228,123320
462,REDMI,2,test,False,test,IMG_20240228_123331,20240228,123331
462,REDMI,2,test,False,test,IMG_20240228_123336,20240228,123336
463,REDMI,1,test,False,test,IMG_20240228_123348,20240228,123348
464,REDMI,3,test,False,test,IMG_20240228_123449,20240228,123449
464,REDMI,3,test,False,test,IMG_20240228_123455,20240228,123455
464,REDMI,3,test,False,test,IMG_20240228_123505,20240228,123505
465,REDMI,4,test|train|valid,True,valid,IMG_20240228_123516,20240228,123516
465,REDMI,4,test|train|valid,True,test,IMG_20240228_123521,20240228,123521
465,REDMI,4,test|train|valid,True,train,IMG_20240228_123529,20240228,123529
465,REDMI,4,test|train|valid,True,valid,IMG_20240228_123533,20240228,123533
466,REDMI,1,train,False,train,IMG_20240228_123603,20240228,123603
467,REDMI,2,train,False,train,IMG_20240228_123622,20240228,123622
467,REDMI,2,train,False,train,IMG_20240228_123627,20240228,123627
468,REDMI,2,train|valid,True,train,IMG_20240228_123641,20240228,123641
468,REDMI,2,train|valid,True,valid,IMG_20240228_123649,20240228,123649
469,REDMI,1,train,False,train,IMG_20240228_123700,20240228,123700
470,REDMI,2,test|train,True,train,IMG_20240228_123716,20240228,123716
470,REDMI,2,test|train,True,test,IMG_20240228_123720,20240228,123720
471,REDMI,1,test,False,test,IMG_20240228_123733,20240228,123733
472,REDMI,1,train,False,train,IMG_20240228_123744,20240228,123744
473,REDMI,5,test|train,True,train,IMG_20240228_123818,20240228,123818
473,REDMI,5,test|train,True,test,IMG_20240228_123822,20240228,123822
473,REDMI,5,test|train,True,train,IMG_20240228_123831,20240228,123831
473,REDMI,5,test|train,True,train,IMG_20240228_123838,20240228,123838
473,REDMI,5,test|train,True,train,IMG_20240228_123845,20240228,123845
474,REDMI,1,train,False,train,IMG_20240228_123901,20240228,123901
475,REDMI,2,test|train,True,train,IMG_20240228_123921,20240228,123921
475,REDMI,2,test|train,True,test,IMG_20240228_123928,20240228,123928
476,REDMI,1,train,False,train,IMG_20240228_124134,20240228,124134
477,REDMI,2,train|valid,True,valid,IMG_20240228_124227,20240228,124227
477,REDMI,2,train|valid,True,train,IMG_20240228_124237,20240228,124237
478,REDMI,3,train|valid,True,train,IMG_20240228_124254,20240228,124254
478,REDMI,3,train|valid,True,train,IMG_20240228_124302,20240228,124302
478,REDMI,3,train|valid,True,valid,IMG_20240228_124311,20240228,124311
479,REDMI,1,valid,False,valid,IMG_20240228_124323,20240228,124323
480,REDMI,1,train,False,train,IMG_20240228_124341,20240228,124341
481,REDMI,3,train,False,train,IMG_20240228_124357,20240228,124357
481,REDMI,3,train,False,train,IMG_20240228_124406,20240228,124406
481,REDMI,3,train,False,train,IMG_20240228_124415,20240228,124415
482,REDMI,1,train,False,train,IMG_20240228_124433,20240228,124433
483,REDMI,2,train|valid,True,train,IMG_20240228_124449,20240228,124449
483,REDMI,2,train|valid,True,valid,IMG_20240228_124455,20240228,124455
484,REDMI,2,train,False,train,IMG_20240228_124512,20240228,124512
484,REDMI,2,train,False,train,IMG_20240228_124520,20240228,124520
485,REDMI,1,train,False,train,IMG_20240228_124540,20240228,124540
486,REDMI,1,train,False,train,IMG_20240228_124553,20240228,124553
487,REDMI,1,train,False,train,IMG_20240228_124619,20240228,124619
488,REDMI,1,train,False,train,IMG_20240228_124709,20240228,124709
489,REDMI,1,test,False,test,IMG_20240228_124721,20240228,124721
490,REDMI,2,train,False,train,IMG_20240228_124750,20240228,124750
490,REDMI,2,train,False,train,IMG_20240228_124754,20240228,124754
491,REDMI,2,train|valid,True,train,IMG_20240228_124806,20240228,124806
491,REDMI,2,train|valid,True,valid,IMG_20240228_124809,20240228,124809
492,REDMI,8,test|train,True,test,IMG_20240228_124846,20240228,124846
492,REDMI,8,test|train,True,train,IMG_20240228_124856,20240228,124856
492,REDMI,8,test|train,True,train,IMG_20240228_124904,20240228,124904
492,REDMI,8,test|train,True,train,IMG_20240228_124911,20240228,124911
492,REDMI,8,test|train,True,train,IMG_20240228_124921,20240228,124921
492,REDMI,8,test|train,True,train,IMG_20240228_124930,20240228,124930
492,REDMI,8,test|train,True,train,IMG_20240228_124938,20240228,124938
492,REDMI,8,test|train,True,train,IMG_20240228_124946,20240228,124946
493,REDMI,1,train,False,train,IMG_20240228_125010,20240228,125010
494,REDMI,1,valid,False,valid,IMG_20240228_125031,20240228,125031
495,REDMI,6,train,False,train,IMG_20240228_125619,20240228,125619
495,REDMI,6,train,False,train,IMG_20240228_125628,20240228,125628
495,REDMI,6,train,False,train,IMG_20240228_125632,20240228,125632
495,REDMI,6,train,False,train,IMG_20240228_125641,20240228,125641
495,REDMI,6,train,False,train,IMG_20240228_125646,20240228,125646
495,REDMI,6,train,False,train,IMG_20240228_125656,20240228,125656
496,REDMI,1,train,False,train,IMG_20240228_125719,20240228,125719
497,REDMI,2,train,False,train,IMG_20240228_125748,20240228,125748
497,REDMI,2,train,False,train,IMG_20240228_125752,20240228,125752
498,REDMI,1,train,False,train,IMG_20240228_125837,20240228,125837
499,REDMI,4,train|valid,True,train,IMG_20240228_125848,20240228,125848
499,REDMI,4,train|valid,True,train,IMG_20240228_125854,20240228,125854
499,REDMI,4,train|valid,True,valid,IMG_20240228_125903,20240228,125903
499,REDMI,4,train|valid,True,train,IMG_20240228_125906,20240228,125906
500,REDMI,1,train,False,train,IMG_20240228_130024,20240228,130024
501,REDMI,2,train|valid,True,train,IMG_20240228_130042,20240228,130042
501,REDMI,2,train|valid,True,valid,IMG_20240228_130051,20240228,130051
502,REDMI,1,train,False,train,IMG_20240228_130230,20240228,130230
503,REDMI,2,train,False,train,IMG_20240228_130257,20240228,130257
503,REDMI,2,train,False,train,IMG_20240228_130306,20240228,130306
504,REDMI,1,train,False,train,IMG_20240228_130319,20240228,130319
505,REDMI,1,train,False,train,IMG_20240228_130348,20240228,130348
506,REDMI,2,train,False,train,IMG_20240228_130431,20240228,130431
506,REDMI,2,train,False,train,IMG_20240228_130435,20240228,130435
507,REDMI,3,train|valid,True,valid,IMG_20240228_130509,20240228,130509
507,REDMI,3,train|valid,True,train,IMG_20240228_130516,20240228,130516
507,REDMI,3,train|valid,True,valid,IMG_20240228_130525,20240228,130525
508,REDMI,1,valid,False,valid,IMG_20240228_130615,20240228,130615
509,REDMI,1,valid,False,valid,IMG_20240228_130630,20240228,130630
510,REDMI,2,valid,False,valid,IMG_20240228_130656,20240228,130656
510,REDMI,2,valid,False,valid,IMG_20240228_130705,20240228,130705
511,REDMI,1,valid,False,valid,IMG_20240228_130813,20240228,130813
512,REDMI,1,valid,False,valid,IMG_20240228_130906,20240228,130906
513,REDMI,4,train|valid,True,valid,IMG_20240228_131005,20240228,131005
513,REDMI,4,train|valid,True,valid,IMG_20240228_131008,20240228,131008
513,REDMI,4,train|valid,True,valid,IMG_20240228_131014,20240228,131014
513,REDMI,4,train|valid,True,train,IMG_20240228_131018,20240228,131018
514,REDMI,1,valid,False,valid,IMG_20240228_131314,20240228,131314
515,REDMI,2,valid,False,valid,IMG_20240228_131348,20240228,131348
515,REDMI,2,valid,False,valid,IMG_20240228_131358,20240228,131358
516,REDMI,2,train|valid,True,valid,IMG_20240228_131410,20240228,131410
516,REDMI,2,train|valid,True,train,IMG_20240228_131416,20240228,131416
517,REDMI,5,train|valid,True,valid,IMG_20240228_131519,20240228,131519
517,REDMI,5,train|valid,True,valid,IMG_20240228_131524,20240228,131524
517,REDMI,5,train|valid,True,train,IMG_20240228_131530,20240228,131530
517,REDMI,5,train|valid,True,valid,IMG_20240228_131536,20240228,131536
517,REDMI,5,train|valid,True,valid,IMG_20240228_131542,20240228,131542
518,REDMI,1,valid,False,valid,IMG_20240228_131557,20240228,131557
519,REDMI,3,valid,False,valid,IMG_20240228_131608,20240228,131608
519,REDMI,3,valid,False,valid,IMG_20240228_131617,20240228,131617
519,REDMI,3,valid,False,valid,IMG_20240228_131627,20240228,131627
520,REDMI,1,valid,False,valid,IMG_20240228_131640,20240228,131640
521,REDMI,3,valid,False,valid,IMG_20240228_131653,20240228,131653
521,REDMI,3,valid,False,valid,IMG_20240228_131657,20240228,131657
521,REDMI,3,valid,False,valid,IMG_20240228_131705,20240228,131705
522,REDMI,3,train|valid,True,train,IMG_20240228_131821,20240228,131821
522,REDMI,3,train|valid,True,valid,IMG_20240228_131829,20240228,131829
522,REDMI,3,train|valid,True,valid,IMG_20240228_131832,20240228,131832
523,REDMI,8,train|valid,True,valid,IMG_20240228_131851,20240228,131851
523,REDMI,8,train|valid,True,valid,IMG_20240228_131854,20240228,131854
523,REDMI,8,train|valid,True,valid,IMG_20240228_131857,20240228,131857
523,REDMI,8,train|valid,True,train,IMG_20240228_131859,20240228,131859
523,REDMI,8,train|valid,True,valid,IMG_20240228_131903,20240228,131903
523,REDMI,8,train|valid,True,valid,IMG_20240228_131907,20240228,131907
523,REDMI,8,train|valid,True,valid,IMG_20240228_131913,20240228,131913
523,REDMI,8,train|valid,True,valid,IMG_20240228_131917,20240228,131917
524,REDMI,1,valid,False,valid,IMG_20240228_132000,20240228,132000
525,REDMI,1,valid,False,valid,IMG_20240228_132130,20240228,132130
526,REDMI,1,valid,False,valid,IMG_20240228_132253,20240228,132253
527,REDMI,1,train,False,train,IMG_20240228_132304,20240228,132304
528,REDMI,5,valid,False,valid,IMG_20240228_132316,20240228,132316
528,REDMI,5,valid,False,valid,IMG_20240228_132320,20240228,132320
528,REDMI,5,valid,False,valid,IMG_20240228_132324,20240228,132324
528,REDMI,5,valid,False,valid,IMG_20240228_132327,20240228,132327
528,REDMI,5,valid,False,valid,IMG_20240228_132332,20240228,132332
529,REDMI,3,train,False,train,IMG_20240228_132345,20240228,132345
529,REDMI,3,train,False,train,IMG_20240228_132351,20240228,132351
529,REDMI,3,train,False,train,IMG_20240228_132355,20240228,132355
530,REDMI,3,valid,False,valid,IMG_20240228_132418,20240228,132418
530,REDMI,3,valid,False,valid,IMG_20240228_132419,20240228,132419
530,REDMI,3,valid,False,valid,IMG_20240228_132424,20240228,132424
531,REDMI,8,train|valid,True,train,IMG_20240228_132436,20240228,132436
531,REDMI,8,train|valid,True,train,IMG_20240228_132444,20240228,132444
531,REDMI,8,train|valid,True,valid,IMG_20240228_132451,20240228,132451
531,REDMI,8,train|valid,True,valid,IMG_20240228_132455,20240228,132455
531,REDMI,8,train|valid,True,valid,IMG_20240228_132500,20240228,132500
531,REDMI,8,train|valid,True,valid,IMG_20240228_132504,20240228,132504
531,REDMI,8,train|valid,True,valid,IMG_20240228_132510,20240228,132510
531,REDMI,8,train|valid,True,valid,IMG_20240228_132515,20240228,132515
532,REDMI,6,valid,False,valid,IMG_20240228_132527,20240228,132527
532,REDMI,6,valid,False,valid,IMG_20240228_132530,20240228,132530
532,REDMI,6,valid,False,valid,IMG_20240228_132535,20240228,132535
532,REDMI,6,valid,False,valid,IMG_20240228_132539,20240228,132539
532,REDMI,6,valid,False,valid,IMG_20240228_132543,20240228,132543
532,REDMI,6,valid,False,valid,IMG_20240228_132547,20240228,132547
533,REDMI,3,valid,False,valid,IMG_20240228_132601,20240228,132601
533,REDMI,3,valid,False,valid,IMG_20240228_132605,20240228,132605
533,REDMI,3,valid,False,valid,IMG_20240228_132610,20240228,132610
534,REDMI,2,valid,False,valid,IMG_20240228_132623,20240228,132623
534,REDMI,2,valid,False,valid,IMG_20240228_132629,20240228,132629
535,REDMI,11,train|valid,True,valid,IMG_20240228_132917,20240228,132917
535,REDMI,11,train|valid,True,valid,IMG_20240228_132923,20240228,132923
535,REDMI,11,train|valid,True,valid,IMG_20240228_132927,20240228,132927
535,REDMI,11,train|valid,True,valid,IMG_20240228_132934,20240228,132934
535,REDMI,11,train|valid,True,valid,IMG_20240228_132943,20240228,132943
535,REDMI,11,train|valid,True,valid,IMG_20240228_132953,20240228,132953
535,REDMI,11,train|valid,True,train,IMG_20240228_133000,20240228,133000
535,REDMI,11,train|valid,True,valid,IMG_20240228_133006,20240228,133006
535,REDMI,11,train|valid,True,train,IMG_20240228_133010,20240228,133010
535,REDMI,11,train|valid,True,valid,IMG_20240228_133018,20240228,133018
535,REDMI,11,train|valid,True,valid,IMG_20240228_133024,20240228,133024
536,REDMI,2,valid,False,valid,IMG_20240228_133039,20240228,133039
536,REDMI,2,valid,False,valid,IMG_20240228_133047,20240228,133047
537,REDMI,5,valid,False,valid,IMG_20240228_133109,20240228,133109
537,REDMI,5,valid,False,valid,IMG_20240228_133113,20240228,133113
537,REDMI,5,valid,False,valid,IMG_20240228_133117,20240228,133117
537,REDMI,5,valid,False,valid,IMG_20240228_133123,20240228,133123
537,REDMI,5,valid,False,valid,IMG_20240228_133128,20240228,133128
538,REDMI,1,valid,False,valid,IMG_20240228_133145,20240228,133145
539,REDMI,3,train|valid,True,valid,IMG_20240228_133157,20240228,133157
539,REDMI,3,train|valid,True,train,IMG_20240228_133205,20240228,133205
539,REDMI,3,train|valid,True,valid,IMG_20240228_133209,20240228,133209
540,REDMI,4,train|valid,True,valid,IMG_20240228_133446,20240228,133446
540,REDMI,4,train|valid,True,train,IMG_20240228_133453,20240228,133453
540,REDMI,4,train|valid,True,valid,IMG_20240228_133502,20240228,133502
540,REDMI,4,train|valid,True,valid,IMG_20240228_133510,20240228,133510
541,REDMI,4,valid,False,valid,IMG_20240228_133527,20240228,133527
541,REDMI,4,valid,False,valid,IMG_20240228_133530,20240228,133530
541,REDMI,4,valid,False,valid,IMG_20240228_133534,20240228,133534
541,REDMI,4,valid,False,valid,IMG_20240228_133539,20240228,133539
542,REDMI,4,valid,False,valid,IMG_20240228_133557,20240228,133557
542,REDMI,4,valid,False,valid,IMG_20240228_133600,20240228,133600
542,REDMI,4,valid,False,valid,IMG_20240228_133603,20240228,133603
542,REDMI,4,valid,False,valid,IMG_20240228_133607,20240228,133607
543,REDMI,2,valid,False,valid,IMG_20240228_133631,20240228,133631
543,REDMI,2,valid,False,valid,IMG_20240228_133640,20240228,133640
544,REDMI,1,valid,False,valid,IMG_20240228_135521,20240228,135521
545,REDMI,5,train|valid,True,train,IMG_20240228_135615,20240228,135615
545,REDMI,5,train|valid,True,train,IMG_20240228_135620,20240228,135620
545,REDMI,5,train|valid,True,train,IMG_20240228_135625,20240228,135625
545,REDMI,5,train|valid,True,valid,IMG_20240228_135634,20240228,135634
545,REDMI,5,train|valid,True,valid,IMG_20240228_135641,20240228,135641
546,REDMI,4,valid,False,valid,IMG_20240228_135656,20240228,135656
546,REDMI,4,valid,False,valid,IMG_20240228_135706,20240228,135706
546,REDMI,4,valid,False,valid,IMG_20240228_135713,20240228,135713
546,REDMI,4,valid,False,valid,IMG_20240228_135720,20240228,135720
547,REDMI,1,valid,False,valid,IMG_20240228_135734,20240228,135734
548,REDMI,6,train|valid,True,valid,IMG_20240228_135854,20240228,135854
548,REDMI,6,train|valid,True,train,IMG_20240228_135857,20240228,135857
548,REDMI,6,train|valid,True,valid,IMG_20240228_135906,20240228,135906
548,REDMI,6,train|valid,True,valid,IMG_20240228_135909,20240228,135909
548,REDMI,6,train|valid,True,valid,IMG_20240228_135919,20240228,135919
548,REDMI,6,train|valid,True,valid,IMG_20240228_135924,20240228,135924
549,REDMI,4,valid,False,valid,IMG_20240228_140048,20240228,140048
549,REDMI,4,valid,False,valid,IMG_20240228_140058,20240228,140058
549,REDMI,4,valid,False,valid,IMG_20240228_140101,20240228,140101
549,REDMI,4,valid,False,valid,IMG_20240228_140104,20240228,140104
550,REDMI,1,valid,False,valid,IMG_20240228_140115,20240228,140115
551,REDMI,5,valid,False,valid,IMG_20240228_140129,20240228,140129
551,REDMI,5,valid,False,valid,IMG_20240228_140134,20240228,140134
551,REDMI,5,valid,False,valid,IMG_20240228_140137,20240228,140137
551,REDMI,5,valid,False,valid,IMG_20240228_140145,20240228,140145
551,REDMI,5,valid,False,valid,IMG_20240228_140150,20240228,140150
552,REDMI,6,valid,False,valid,IMG_20240228_140218,20240228,140218
552,REDMI,6,valid,False,valid,IMG_20240228_140224,20240228,140224
552,REDMI,6,valid,False,valid,IMG_20240228_140229,20240228,140229
552,REDMI,6,valid,False,valid,IMG_20240228_140238,20240228,140238
552,REDMI,6,valid,False,valid,IMG_20240228_140246,20240228,140246
552,REDMI,6,valid,False,valid,IMG_20240228_140249,20240228,140249
553,REDMI,3,valid,False,valid,IMG_20240228_140312,20240228,140312
553,REDMI,3,valid,False,valid,IMG_20240228_140315,20240228,140315
553,REDMI,3,valid,False,valid,IMG_20240228_140319,20240228,140319
554,REDMI,2,valid,False,valid,IMG_20240228_140408,20240228,140408
554,REDMI,2,valid,False,valid,IMG_20240228_140418,20240228,140418
555,REDMI,1,valid,False,valid,IMG_20240228_140434,20240228,140434
556,REDMI,3,valid,False,valid,IMG_20240228_140449,20240228,140449
556,REDMI,3,valid,False,valid,IMG_20240228_140455,20240228,140455
556,REDMI,3,valid,False,valid,IMG_20240228_140503,20240228,140503
557,REDMI,8,train|valid,True,valid,IMG_20240228_140533,20240228,140533
557,REDMI,8,train|valid,True,valid,IMG_20240228_140537,20240228,140537
557,REDMI,8,train|valid,True,valid,IMG_20240228_140542,20240228,140542
557,REDMI,8,train|valid,True,valid,IMG_20240228_140544,20240228,140544
557,REDMI,8,train|valid,True,valid,IMG_20240228_140547,20240228,140547
557,REDMI,8,train|valid,True,train,IMG_20240228_140555,20240228,140555
557,REDMI,8,train|valid,True,valid,IMG_20240228_140558,20240228,140558
557,REDMI,8,train|valid,True,valid,IMG_20240228_140602,20240228,140602
558,REDMI,3,valid,False,valid,IMG_20240228_140644,20240228,140644
558,REDMI,3,valid,False,valid,IMG_20240228_140650,20240228,140650
558,REDMI,3,valid,False,valid,IMG_20240228_140654,20240228,140654
559,REDMI,4,valid,False,valid,IMG_20240228_140706,20240228,140706
559,REDMI,4,valid,False,valid,IMG_20240228_140713,20240228,140713
559,REDMI,4,valid,False,valid,IMG_20240228_140717,20240228,140717
559,REDMI,4,valid,False,valid,IMG_20240228_140725,20240228,140725
560,REDMI,4,valid,False,valid,IMG_20240228_140741,20240228,140741
560,REDMI,4,valid,False,valid,IMG_20240228_140750,20240228,140750
560,REDMI,4,valid,False,valid,IMG_20240228_140756,20240228,140756
560,REDMI,4,valid,False,valid,IMG_20240228_140759,20240228,140759
561,REDMI,2,valid,False,valid,IMG_20240228_140815,20240228,140815
561,REDMI,2,valid,False,valid,IMG_20240228_140818,20240228,140818
562,REDMI,1,valid,False,valid,IMG_20240228_140829,20240228,140829
563,REDMI,2,valid,False,valid,IMG_20240228_140936,20240228,140936
563,REDMI,2,valid,False,valid,IMG_20240228_140944,20240228,140944
564,REDMI,2,valid,False,valid,IMG_20240228_141019,20240228,141019
564,REDMI,2,valid,False,valid,IMG_20240228_141024,20240228,141024
565,REDMI,3,train|valid,True,valid,IMG_20240228_141045,20240228,141045
565,REDMI,3,train|valid,True,valid,IMG_20240228_141047,20240228,141047
565,REDMI,3,train|valid,True,train,IMG_20240228_141050,20240228,141050
566,REDMI,4,train|valid,True,valid,IMG_20240228_141123,20240228,141123
566,REDMI,4,train|valid,True,valid,IMG_20240228_141129,20240228,141129
566,REDMI,4,train|valid,True,train,IMG_20240228_141139,20240228,141139
566,REDMI,4,train|valid,True,valid,IMG_20240228_141143,20240228,141143
567,REDMI,1,valid,False,valid,IMG_20240228_141157,20240228,141157
568,REDMI,1,valid,False,valid,IMG_20240228_141214,20240228,141214
569,REDMI,2,valid,False,valid,IMG_20240228_141330,20240228,141330
569,REDMI,2,valid,False,valid,IMG_20240228_141334,20240228,141334
570,REDMI,11,train|valid,True,valid,IMG_20240228_141414,20240228,141414
570,REDMI,11,train|valid,True,valid,IMG_20240228_141423,20240228,141423
570,REDMI,11,train|valid,True,valid,IMG_20240228_141431,20240228,141431
570,REDMI,11,train|valid,True,valid,IMG_20240228_141438,20240228,141438
570,REDMI,11,train|valid,True,train,IMG_20240228_141443,20240228,141443
570,REDMI,11,train|valid,True,valid,IMG_20240228_141448,20240228,141448
570,REDMI,11,train|valid,True,valid,IMG_20240228_141454,20240228,141454
570,REDMI,11,train|valid,True,valid,IMG_20240228_141501,20240228,141501
570,REDMI,11,train|valid,True,valid,IMG_20240228_141511,20240228,141511
570,REDMI,11,train|valid,True,valid,IMG_20240228_141518,20240228,141518
570,REDMI,11,train|valid,True,valid,IMG_20240228_141528,20240228,141528
571,REDMI,5,train|valid,True,train,IMG_20240303_105731,20240303,105731
571,REDMI,5,train|valid,True,valid,IMG_20240303_105739,20240303,105739
571,REDMI,5,train|valid,True,valid,IMG_20240303_105748,20240303,105748
571,REDMI,5,train|valid,True,train,IMG_20240303_105752,20240303,105752
571,REDMI,5,train|valid,True,train,IMG_20240303_105758,20240303,105758
572,REDMI,12,test|train|valid,True,train,IMG_20240303_105811,20240303,105811
572,REDMI,12,test|train|valid,True,train,IMG_20240303_105815,20240303,105815
572,REDMI,12,test|train|valid,True,train,IMG_20240303_105825,20240303,105825
572,REDMI,12,test|train|valid,True,train,IMG_20240303_105829,20240303,105829
572,REDMI,12,test|train|valid,True,test,IMG_20240303_105837,20240303,105837
572,REDMI,12,test|train|valid,True,valid,IMG_20240303_105843,20240303,105843
572,REDMI,12,test|train|valid,True,valid,IMG_20240303_105846,20240303,105846
572,REDMI,12,test|train|valid,True,train,IMG_20240303_105854,20240303,105854
572,REDMI,12,test|train|valid,True,valid,IMG_20240303_105902,20240303,105902
572,REDMI,12,test|train|valid,True,train,IMG_20240303_105908,20240303,105908
572,REDMI,12,test|train|valid,True,valid,IMG_20240303_105917,20240303,105917
572,REDMI,12,test|train|valid,True,train,IMG_20240303_105920,20240303,105920
573,REDMI,2,train|valid,True,train,IMG_20240303_105932,20240303,105932
573,REDMI,2,train|valid,True,valid,IMG_20240303_105938,20240303,105938
574,REDMI,9,train|valid,True,valid,IMG_20240303_105951,20240303,105951
574,REDMI,9,train|valid,True,train,IMG_20240303_105955,20240303,105955
574,REDMI,9,train|valid,True,train,IMG_20240303_105959,20240303,105959
574,REDMI,9,train|valid,True,valid,IMG_20240303_110004,20240303,110004
574,REDMI,9,train|valid,True,train,IMG_20240303_110008,20240303,110008
574,REDMI,9,train|valid,True,train,IMG_20240303_110013,20240303,110013
574,REDMI,9,train|valid,True,train,IMG_20240303_110020,20240303,110020
574,REDMI,9,train|valid,True,train,IMG_20240303_110025,20240303,110025
574,REDMI,9,train|valid,True,valid,IMG_20240303_110035,20240303,110035
575,REDMI,2,test|train,True,test,IMG_20240303_110048,20240303,110048
575,REDMI,2,test|train,True,train,IMG_20240303_110054,20240303,110054
576,REDMI,7,test|train|valid,True,train,IMG_20240303_110106,20240303,110106
576,REDMI,7,test|train|valid,True,test,IMG_20240303_110113,20240303,110113
576,REDMI,7,test|train|valid,True,valid,IMG_20240303_110120,20240303,110120
576,REDMI,7,test|train|valid,True,train,IMG_20240303_110129,20240303,110129
576,REDMI,7,test|train|valid,True,train,IMG_20240303_110137,20240303,110137
576,REDMI,7,test|train|valid,True,train,IMG_20240303_110144,20240303,110144
576,REDMI,7,test|train|valid,True,train,IMG_20240303_110151,20240303,110151
577,REDMI,1,train,False,train,IMG_20240303_110205,20240303,110205
578,REDMI,6,test|train|valid,True,valid,IMG_20240303_110229,20240303,110229
578,REDMI,6,test|train|valid,True,train,IMG_20240303_110239,20240303,110239
578,REDMI,6,test|train|valid,True,test,IMG_20240303_110245,20240303,110245
578,REDMI,6,test|train|valid,True,train,IMG_20240303_110249,20240303,110249
578,REDMI,6,test|train|valid,True,train,IMG_20240303_110255,20240303,110255
578,REDMI,6,test|train|valid,True,train,IMG_20240303_110259,20240303,110259
579,REDMI,5,test|train|valid,True,test,IMG_20240303_110324,20240303,110324
579,REDMI,5,test|train|valid,True,test,IMG_20240303_110327,20240303,110327
579,REDMI,5,test|train|valid,True,test,IMG_20240303_110335,20240303,110335
579,REDMI,5,test|train|valid,True,train,IMG_20240303_110341,20240303,110341
579,REDMI,5,test|train|valid,True,valid,IMG_20240303_110345,20240303,110345
580,REDMI,4,test|train,True,test,IMG_20240303_110412,20240303,110412
580,REDMI,4,test|train,True,test,IMG_20240303_110417,20240303,110417
580,REDMI,4,test|train,True,train,IMG_20240303_110421,20240303,110421
580,REDMI,4,test|train,True,train,IMG_20240303_110428,20240303,110428
581,REDMI,4,train|valid,True,train,IMG_20240303_110507,20240303,110507
581,REDMI,4,train|valid,True,train,IMG_20240303_110511,20240303,110511
581,REDMI,4,train|valid,True,train,IMG_20240303_110518,20240303,110518
581,REDMI,4,train|valid,True,valid,IMG_20240303_110523,20240303,110523
582,REDMI,1,test,False,test,IMG_20240303_110604,20240303,110604
583,REDMI,1,test,False,test,IMG_20240303_110630,20240303,110630
584,REDMI,2,train,False,train,IMG_20240303_110827,20240303,110827
584,REDMI,2,train,False,train,IMG_20240303_110831,20240303,110831
585,REDMI,1,train,False,train,IMG_20240303_110842,20240303,110842
586,REDMI,3,test|train|valid,True,train,IMG_20240303_110854,20240303,110854
586,REDMI,3,test|train|valid,True,test,IMG_20240303_110904,20240303,110904
586,REDMI,3,test|train|valid,True,valid,IMG_20240303_110914,20240303,110914
587,REDMI,2,train,False,train,IMG_20240303_110946,20240303,110946
587,REDMI,2,train,False,train,IMG_20240303_110953,20240303,110953
588,REDMI,3,train,False,train,IMG_20240303_111014,20240303,111014
588,REDMI,3,train,False,train,IMG_20240303_111019,20240303,111019
588,REDMI,3,train,False,train,IMG_20240303_111025,20240303,111025
589,REDMI,2,train|valid,True,valid,IMG_20240303_111039,20240303,111039
589,REDMI,2,train|valid,True,train,IMG_20240303_111048,20240303,111048
590,REDMI,1,test,False,test,IMG_20240303_111100,20240303,111100
591,REDMI,2,test|valid,True,valid,IMG_20240303_111127,20240303,111127
591,REDMI,2,test|valid,True,test,IMG_20240303_111136,20240303,111136
592,REDMI,2,test|train,True,train,IMG_20240303_111150,20240303,111150
592,REDMI,2,test|train,True,test,IMG_20240303_111154,20240303,111154
593,REDMI,1,test,False,test,IMG_20240303_111206,20240303,111206
594,REDMI,2,test|train,True,train,IMG_20240303_111217,20240303,111217
594,REDMI,2,test|train,True,test,IMG_20240303_111225,20240303,111225
595,REDMI,2,train|valid,True,valid,IMG_20240303_111239,20240303,111239
595,REDMI,2,train|valid,True,train,IMG_20240303_111244,20240303,111244
596,REDMI,2,train|valid,True,valid,IMG_20240303_111302,20240303,111302
596,REDMI,2,train|valid,True,train,IMG_20240303_111309,20240303,111309
597,REDMI,3,test|train,True,test,IMG_20240303_111327,20240303,111327
597,REDMI,3,test|train,True,train,IMG_20240303_111333,20240303,111333
597,REDMI,3,test|train,True,train,IMG_20240303_111339,20240303,111339
598,REDMI,13,test|train|valid,True,train,IMG_20240303_111414,20240303,111414
598,REDMI,13,test|train|valid,True,test,IMG_20240303_111418,20240303,111418
598,REDMI,13,test|train|valid,True,test,IMG_20240303_111426,20240303,111426
598,REDMI,13,test|train|valid,True,test,IMG_20240303_111434,20240303,111434
598,REDMI,13,test|train|valid,True,test,IMG_20240303_111439,20240303,111439
598,REDMI,13,test|train|valid,True,train,IMG_20240303_111444,20240303,111444
598,REDMI,13,test|train|valid,True,valid,IMG_20240303_111448,20240303,111448
598,REDMI,13,test|train|valid,True,train,IMG_20240303_111456,20240303,111456
598,REDMI,13,test|train|valid,True,test,IMG_20240303_111459,20240303,111459
598,REDMI,13,test|train|valid,True,test,IMG_20240303_111507,20240303,111507
598,REDMI,13,test|train|valid,True,valid,IMG_20240303_111511,20240303,111511
598,REDMI,13,test|train|valid,True,valid,IMG_20240303_111515,20240303,111515
598,REDMI,13,test|train|valid,True,test,IMG_20240303_111519,20240303,111519
599,REDMI,6,test|train,True,train,IMG_20240303_111531,20240303,111531
599,REDMI,6,test|train,True,test,IMG_20240303_111535,20240303,111535
599,REDMI,6,test|train,True,test,IMG_20240303_111538,20240303,111538
599,REDMI,6,test|train,True,test,IMG_20240303_111543,20240303,111543
599,REDMI,6,test|train,True,train,IMG_20240303_111548,20240303,111548
599,REDMI,6,test|train,True,test,IMG_20240303_111552,20240303,111552
600,REDMI,1,valid,False,valid,IMG_20240306_115158,20240306,115158
601,REDMI,1,test,False,test,IMG_20240306_115212,20240306,115212
602,REDMI,1,train,False,train,IMG_20240306_115233,20240306,115233
603,REDMI,2,train|valid,True,valid,IMG_20240306_115248,20240306,115248
603,REDMI,2,train|valid,True,train,IMG_20240306_115255,20240306,115255
604,REDMI,1,train,False,train,IMG_20240306_115333,20240306,115333
605,REDMI,3,train|valid,True,valid,IMG_20240306_115359,20240306,115359
605,REDMI,3,train|valid,True,train,IMG_20240306_115407,20240306,115407
605,REDMI,3,train|valid,True,train,IMG_20240306_115417,20240306,115417
606,REDMI,1,valid,False,valid,IMG_20240306_115526,20240306,115526
607,REDMI,1,train,False,train,IMG_20240306_115614,20240306,115614
608,REDMI,2,train|valid,True,train,IMG_20240306_115820,20240306,115820
608,REDMI,2,train|valid,True,valid,IMG_20240306_115824,20240306,115824
609,REDMI,2,train|valid,True,valid,IMG_20240306_115849,20240306,115849
609,REDMI,2,train|valid,True,train,IMG_20240306_115853,20240306,115853
610,REDMI,3,train|valid,True,train,IMG_20240306_115904,20240306,115904
610,REDMI,3,train|valid,True,train,IMG_20240306_115909,20240306,115909
610,REDMI,3,train|valid,True,valid,IMG_20240306_115916,20240306,115916
611,REDMI,6,train,False,train,IMG_20240306_115935,20240306,115935
611,REDMI,6,train,False,train,IMG_20240306_115939,20240306,115939
611,REDMI,6,train,False,train,IMG_20240306_115946,20240306,115946
611,REDMI,6,train,False,train,IMG_20240306_115952,20240306,115952
611,REDMI,6,train,False,train,IMG_20240306_115958,20240306,115958
611,REDMI,6,train,False,train,IMG_20240306_120005,20240306,120005
612,REDMI,9,test|train,True,test,IMG_20240306_120025,20240306,120025
612,REDMI,9,test|train,True,train,IMG_20240306_120034,20240306,120034
612,REDMI,9,test|train,True,train,IMG_20240306_120039,20240306,120039
612,REDMI,9,test|train,True,train,IMG_20240306_120047,20240306,120047
612,REDMI,9,test|train,True,train,IMG_20240306_120051,20240306,120051
612,REDMI,9,test|train,True,train,IMG_20240306_120055,20240306,120055
612,REDMI,9,test|train,True,train,IMG_20240306_120102,20240306,120102
612,REDMI,9,test|train,True,train,IMG_20240306_120107,20240306,120107
612,REDMI,9,test|train,True,train,IMG_20240306_120116,20240306,120116
613,REDMI,1,train,False,train,IMG_20240306_120223,20240306,120223
614,REDMI,3,train|valid,True,valid,IMG_20240306_120238,20240306,120238
614,REDMI,3,train|valid,True,train,IMG_20240306_120243,20240306,120243
614,REDMI,3,train|valid,True,train,IMG_20240306_120248,20240306,120248
615,REDMI,3,test|train,True,test,IMG_20240306_120259,20240306,120259
615,REDMI,3,test|train,True,train,IMG_20240306_120303,20240306,120303
615,REDMI,3,test|train,True,train,IMG_20240306_120310,20240306,120310
616,REDMI,5,train|valid,True,train,IMG_20240306_120326,20240306,120326
616,REDMI,5,train|valid,True,valid,IMG_20240306_120329,20240306,120329
616,REDMI,5,train|valid,True,train,IMG_20240306_120333,20240306,120333
616,REDMI,5,train|valid,True,train,IMG_20240306_120340,20240306,120340
616,REDMI,5,train|valid,True,train,IMG_20240306_120346,20240306,120346
617,REDMI,6,test|train|valid,True,valid,IMG_20240306_120418,20240306,120418
617,REDMI,6,test|train|valid,True,train,IMG_20240306_120423,20240306,120423
617,REDMI,6,test|train|valid,True,test,IMG_20240306_120433,20240306,120433
617,REDMI,6,test|train|valid,True,train,IMG_20240306_120440,20240306,120440
617,REDMI,6,test|train|valid,True,train,IMG_20240306_120446,20240306,120446
617,REDMI,6,test|train|valid,True,train,IMG_20240306_120451,20240306,120451
618,REDMI,5,test|train|valid,True,valid,IMG_20240306_120641,20240306,120641
618,REDMI,5,test|train|valid,True,valid,IMG_20240306_120644,20240306,120644
618,REDMI,5,test|train|valid,True,test,IMG_20240306_120648,20240306,120648
618,REDMI,5,test|train|valid,True,train,IMG_20240306_120655,20240306,120655
618,REDMI,5,test|train|valid,True,train,IMG_20240306_120700,20240306,120700
619,REDMI,1,train,False,train,IMG_20240306_120713,20240306,120713
620,REDMI,4,test|train|valid,True,train,IMG_20240306_120745,20240306,120745
620,REDMI,4,test|train|valid,True,test,IMG_20240306_120752,20240306,120752
620,REDMI,4,test|train|valid,True,valid,IMG_20240306_120801,20240306,120801
620,REDMI,4,test|train|valid,True,test,IMG_20240306_120807,20240306,120807
621,REDMI,5,train,False,train,IMG_20240306_120824,20240306,120824
621,REDMI,5,train,False,train,IMG_20240306_120829,20240306,120829
621,REDMI,5,train,False,train,IMG_20240306_120834,20240306,120834
621,REDMI,5,train,False,train,IMG_20240306_120838,20240306,120838
621,REDMI,5,train,False,train,IMG_20240306_120843,20240306,120843
622,REDMI,2,train|valid,True,valid,IMG_20240306_120857,20240306,120857
622,REDMI,2,train|valid,True,train,IMG_20240306_120903,20240306,120903
623,REDMI,5,train,False,train,IMG_20240306_120915,20240306,120915
623,REDMI,5,train,False,train,IMG_20240306_120922,20240306,120922
623,REDMI,5,train,False,train,IMG_20240306_120926,20240306,120926
623,REDMI,5,train,False,train,IMG_20240306_120931,20240306,120931
623,REDMI,5,train,False,train,IMG_20240306_120936,20240306,120936
624,REDMI,3,test|train,True,train,IMG_20240306_120953,20240306,120953
624,REDMI,3,test|train,True,train,IMG_20240306_121000,20240306,121000
624,REDMI,3,test|train,True,test,IMG_20240306_121004,20240306,121004
625,REDMI,5,train,False,train,IMG_20240306_143330,20240306,143330
625,REDMI,5,train,False,train,IMG_20240306_143333,20240306,143333
625,REDMI,5,train,False,train,IMG_20240306_143338,20240306,143338
625,REDMI,5,train,False,train,IMG_20240306_143344,20240306,143344
625,REDMI,5,train,False,train,IMG_20240306_143347,20240306,143347
626,REDMI,5,train|valid,True,valid,IMG_20240306_143405,20240306,143405
626,REDMI,5,train|valid,True,valid,IMG_20240306_143409,20240306,143409
626,REDMI,5,train|valid,True,train,IMG_20240306_143413,20240306,143413
626,REDMI,5,train|valid,True,train,IMG_20240306_143418,20240306,143418
626,REDMI,5,train|valid,True,valid,IMG_20240306_143422,20240306,143422
627,REDMI,3,train,False,train,IMG_20240306_143454,20240306,143454
627,REDMI,3,train,False,train,IMG_20240306_143501,20240306,143501
627,REDMI,3,train,False,train,IMG_20240306_143504,20240306,143504
628,REDMI,2,train,False,train,IMG_20240306_143519,20240306,143519
628,REDMI,2,train,False,train,IMG_20240306_143529,20240306,143529
629,REDMI,3,train,False,train,IMG_20240306_143546,20240306,143546
629,REDMI,3,train,False,train,IMG_20240306_143549,20240306,143549
629,REDMI,3,train,False,train,IMG_20240306_143552,20240306,143552
630,REDMI,2,train,False,train,IMG_20240306_143627,20240306,143627
630,REDMI,2,train,False,train,IMG_20240306_143629,20240306,143629
631,REDMI,6,test|train|valid,True,test,IMG_20240306_143648,20240306,143648
631,REDMI,6,test|train|valid,True,train,IMG_20240306_143657,20240306,143657
631,REDMI,6,test|train|valid,True,train,IMG_20240306_143704,20240306,143704
631,REDMI,6,test|train|valid,True,valid,IMG_20240306_143708,20240306,143708
631,REDMI,6,test|train|valid,True,train,IMG_20240306_143713,20240306,143713
631,REDMI,6,test|train|valid,True,train,IMG_20240306_143718,20240306,143718
632,REDMI,4,test|train|valid,True,train,IMG_20240306_143733,20240306,143733
632,REDMI,4,test|train|valid,True,valid,IMG_20240306_143737,20240306,143737
632,REDMI,4,test|train|valid,True,test,IMG_20240306_143742,20240306,143742
632,REDMI,4,test|train|valid,True,train,IMG_20240306_143750,20240306,143750
633,REDMI,3,train,False,train,IMG_20240306_143805,20240306,143805
633,REDMI,3,train,False,train,IMG_20240306_143811,20240306,143811
633,REDMI,3,train,False,train,IMG_20240306_143818,20240306,143818
634,REDMI,5,train|valid,True,valid,IMG_20240306_143830,20240306,143830
634,REDMI,5,train|valid,True,train,IMG_20240306_143836,20240306,143836
634,REDMI,5,train|valid,True,train,IMG_20240306_143839,20240306,143839
634,REDMI,5,train|valid,True,train,IMG_20240306_143844,20240306,143844
634,REDMI,5,train|valid,True,train,IMG_20240306_143849,20240306,143849
635,REDMI,6,test|train|valid,True,test,IMG_20240306_143943,20240306,143943
635,REDMI,6,test|train|valid,True,train,IMG_20240306_143945,20240306,143945
635,REDMI,6,test|train|valid,True,train,IMG_20240306_143948,20240306,143948
635,REDMI,6,test|train|valid,True,train,IMG_20240306_143951,20240306,143951
635,REDMI,6,test|train|valid,True,train,IMG_20240306_143955,20240306,143955
635,REDMI,6,test|train|valid,True,valid,IMG_20240306_144000,20240306,144000
636,REDMI,3,train,False,train,IMG_20240306_144014,20240306,144014
636,REDMI,3,train,False,train,IMG_20240306_144020,20240306,144020
636,REDMI,3,train,False,train,IMG_20240306_144027,20240306,144027
637,REDMI,1,train,False,train,IMG_20240306_144038,20240306,144038
638,REDMI,3,valid,False,valid,IMG_20240306_144050,20240306,144050
638,REDMI,3,valid,False,valid,IMG_20240306_144056,20240306,144056
638,REDMI,3,valid,False,valid,IMG_20240306_144100,20240306,144100
639,REDMI,10,test|train|valid,True,train,IMG_20240306_144136,20240306,144136
639,REDMI,10,test|train|valid,True,valid,IMG_20240306_144142,20240306,144142
639,REDMI,10,test|train|valid,True,test,IMG_20240306_144146,20240306,144146
639,REDMI,10,test|train|valid,True,test,IMG_20240306_144150,20240306,144150
639,REDMI,10,test|train|valid,True,valid,IMG_20240306_144154,20240306,144154
639,REDMI,10,test|train|valid,True,train,IMG_20240306_144157,20240306,144157
639,REDMI,10,test|train|valid,True,train,IMG_20240306_144207,20240306,144207
639,REDMI,10,test|train|valid,True,train,IMG_20240306_144210,20240306,144210
639,REDMI,10,test|train|valid,True,test,IMG_20240306_144215,20240306,144215
639,REDMI,10,test|train|valid,True,train,IMG_20240306_144218,20240306,144218
640,REDMI,4,train|valid,True,train,IMG_20240309_112451,20240309,112451
640,REDMI,4,train|valid,True,train,IMG_20240309_112457,20240309,112457
640,REDMI,4,train|valid,True,valid,IMG_20240309_112502,20240309,112502
640,REDMI,4,train|valid,True,train,IMG_20240309_112509,20240309,112509
641,REDMI,3,train,False,train,IMG_20240309_112525,20240309,112525
641,REDMI,3,train,False,train,IMG_20240309_112530,20240309,112530
641,REDMI,3,train,False,train,IMG_20240309_112534,20240309,112534
642,REDMI,3,train|valid,True,valid,IMG_20240309_112554,20240309,112554
642,REDMI,3,train|valid,True,train,IMG_20240309_112559,20240309,112559
642,REDMI,3,train|valid,True,valid,IMG_20240309_112607,20240309,112607
643,REDMI,2,train,False,train,IMG_20240309_112621,20240309,112621
643,REDMI,2,train,False,train,IMG_20240309_112630,20240309,112630
644,REDMI,5,test|train,True,train,IMG_20240309_112651,20240309,112651
644,REDMI,5,test|train,True,test,IMG_20240309_112657,20240309,112657
644,REDMI,5,test|train,True,train,IMG_20240309_112703,20240309,112703
644,REDMI,5,test|train,True,train,IMG_20240309_112710,20240309,112710
644,REDMI,5,test|train,True,train,IMG_20240309_112719,20240309,112719
645,REDMI,3,train,False,train,IMG_20240309_112734,20240309,112734
645,REDMI,3,train,False,train,IMG_20240309_112740,20240309,112740
645,REDMI,3,train,False,train,IMG_20240309_112741,20240309,112741
646,REDMI,2,train,False,train,IMG_20240309_112756,20240309,112756
646,REDMI,2,train,False,train,IMG_20240309_112804,20240309,112804
647,REDMI,3,test|train,True,train,IMG_20240309_112836,20240309,112836
647,REDMI,3,test|train,True,test,IMG_20240309_112841,20240309,112841
647,REDMI,3,test|train,True,train,IMG_20240309_112845,20240309,112845
648,REDMI,7,test|train,True,train,IMG_20240309_112929,20240309,112929
648,REDMI,7,test|train,True,test,IMG_20240309_112934,20240309,112934
648,REDMI,7,test|train,True,train,IMG_20240309_112941,20240309,112941
648,REDMI,7,test|train,True,train,IMG_20240309_112951,20240309,112951
648,REDMI,7,test|train,True,train,IMG_20240309_112954,20240309,112954
648,REDMI,7,test|train,True,train,IMG_20240309_112959,20240309,112959
648,REDMI,7,test|train,True,train,IMG_20240309_113009,20240309,113009
649,REDMI,3,test|train,True,train,IMG_20240309_113043,20240309,113043
649,REDMI,3,test|train,True,train,IMG_20240309_113050,20240309,113050
649,REDMI,3,test|train,True,test,IMG_20240309_113054,20240309,113054
650,REDMI,2,train,False,train,IMG_20240309_113107,20240309,113107
650,REDMI,2,train,False,train,IMG_20240309_113113,20240309,113113
651,REDMI,1,train,False,train,IMG_20240309_113129,20240309,113129
652,REDMI,2,train,False,train,IMG_20240309_113224,20240309,113224
652,REDMI,2,train,False,train,IMG_20240309_113229,20240309,113229
653,REDMI,3,test|train|valid,True,test,IMG_20240309_113356,20240309,113356
653,REDMI,3,test|train|valid,True,train,IMG_20240309_113400,20240309,113400
653,REDMI,3,test|train|valid,True,valid,IMG_20240309_113404,20240309,113404
654,REDMI,2,train,False,train,IMG_20240309_113424,20240309,113424
654,REDMI,2,train,False,train,IMG_20240309_113430,20240309,113430
655,REDMI,1,valid,False,valid,IMG_20240309_113446,20240309,113446
656,REDMI,1,valid,False,valid,IMG_20240309_113458,20240309,113458
657,REDMI,1,train,False,train,IMG_20240309_113512,20240309,113512
658,REDMI,2,train|valid,True,train,IMG_20240309_113523,20240309,113523
658,REDMI,2,train|valid,True,valid,IMG_20240309_113527,20240309,113527
659,REDMI,19,test|train|valid,True,test,IMG_20240309_113550,20240309,113550
659,REDMI,19,test|train|valid,True,train,IMG_20240309_113555,20240309,113555
659,REDMI,19,test|train|valid,True,train,IMG_20240309_113600,20240309,113600
659,REDMI,19,test|train|valid,True,valid,IMG_20240309_113607,20240309,113607
659,REDMI,19,test|train|valid,True,train,IMG_20240309_113617,20240309,113617
659,REDMI,19,test|train|valid,True,test,IMG_20240309_113625,20240309,113625
659,REDMI,19,test|train|valid,True,valid,IMG_20240309_113632,20240309,113632
659,REDMI,19,test|train|valid,True,train,IMG_20240309_113638,20240309,113638
659,REDMI,19,test|train|valid,True,train,IMG_20240309_113647,20240309,113647
659,REDMI,19,test|train|valid,True,train,IMG_20240309_113655,20240309,113655
659,REDMI,19,test|train|valid,True,train,IMG_20240309_113702,20240309,113702
659,REDMI,19,test|train|valid,True,test,IMG_20240309_113711,20240309,113711
659,REDMI,19,test|train|valid,True,train,IMG_20240309_113717,20240309,113717
659,REDMI,19,test|train|valid,True,test,IMG_20240309_113723,20240309,113723
659,REDMI,19,test|train|valid,True,train,IMG_20240309_113727,20240309,113727
659,REDMI,19,test|train|valid,True,train,IMG_20240309_113733,20240309,113733
659,REDMI,19,test|train|valid,True,train,IMG_20240309_113740,20240309,113740
659,REDMI,19,test|train|valid,True,train,IMG_20240309_113749,20240309,113749
659,REDMI,19,test|train|valid,True,train,IMG_20240309_113752,20240309,113752
660,REDMI,1,train,False,train,IMG_20240309_113804,20240309,113804
661,REDMI,2,train|valid,True,train,IMG_20240309_113816,20240309,113816
661,REDMI,2,train|valid,True,valid,IMG_20240309_113823,20240309,113823
662,REDMI,4,test|train,True,test,IMG_20240309_113834,20240309,113834
662,REDMI,4,test|train,True,train,IMG_20240309_113841,20240309,113841
662,REDMI,4,test|train,True,train,IMG_20240309_113845,20240309,113845
662,REDMI,4,test|train,True,train,IMG_20240309_113852,20240309,113852
663,REDMI,1,train,False,train,IMG_20240309_113914,20240309,113914
664,REDMI,5,test|train,True,train,IMG_20240309_113936,20240309,113936
664,REDMI,5,test|train,True,train,IMG_20240309_113942,20240309,113942
664,REDMI,5,test|train,True,train,IMG_20240309_113949,20240309,113949
664,REDMI,5,test|train,True,train,IMG_20240309_113956,20240309,113956
664,REDMI,5,test|train,True,test,IMG_20240309_114006,20240309,114006
665,REDMI,2,train|valid,True,valid,IMG_20240309_114034,20240309,114034
665,REDMI,2,train|valid,True,train,IMG_20240309_114042,20240309,114042
666,REDMI,2,train|valid,True,valid,IMG_20240309_114056,20240309,114056
666,REDMI,2,train|valid,True,train,IMG_20240309_114100,20240309,114100
667,REDMI,1,train,False,train,IMG_20240309_114116,20240309,114116
668,REDMI,7,test|train|valid,True,valid,IMG_20240309_114132,20240309,114132
668,REDMI,7,test|train|valid,True,test,IMG_20240309_114140,20240309,114140
668,REDMI,7,test|train|valid,True,train,IMG_20240309_114142,20240309,114142
668,REDMI,7,test|train|valid,True,train,IMG_20240309_114148,20240309,114148
668,REDMI,7,test|train|valid,True,train,IMG_20240309_114154,20240309,114154
668,REDMI,7,test|train|valid,True,train,IMG_20240309_114200,20240309,114200
668,REDMI,7,test|train|valid,True,train,IMG_20240309_114203,20240309,114203
669,REDMI,2,train|valid,True,train,IMG_20240309_114215,20240309,114215
669,REDMI,2,train|valid,True,valid,IMG_20240309_114221,20240309,114221
670,REDMI,2,train|valid,True,train,IMG_20240309_114244,20240309,114244
670,REDMI,2,train|valid,True,valid,IMG_20240309_114248,20240309,114248
671,REDMI,4,train,False,train,IMG_20240309_114350,20240309,114350
671,REDMI,4,train,False,train,IMG_20240309_114357,20240309,114357
671,REDMI,4,train,False,train,IMG_20240309_114401,20240309,114401
671,REDMI,4,train,False,train,IMG_20240309_114407,20240309,114407
672,REDMI,1,valid,False,valid,IMG_20240309_114443,20240309,114443
673,REDMI,3,train,False,train,IMG_20240309_114455,20240309,114455
673,REDMI,3,train,False,train,IMG_20240309_114503,20240309,114503
673,REDMI,3,train,False,train,IMG_20240309_114513,20240309,114513
674,REDMI,3,train|valid,True,train,IMG_20240309_114538,20240309,114538
674,REDMI,3,train|valid,True,valid,IMG_20240309_114542,20240309,114542
674,REDMI,3,train|valid,True,valid,IMG_20240309_114550,20240309,114550
675,REDMI,4,train|valid,True,train,IMG_20240309_114605,20240309,114605
675,REDMI,4,train|valid,True,train,IMG_20240309_114609,20240309,114609
675,REDMI,4,train|valid,True,train,IMG_20240309_114613,20240309,114613
675,REDMI,4,train|valid,True,valid,IMG_20240309_114617,20240309,114617
676,REDMI,4,train|valid,True,train,IMG_20240309_114638,20240309,114638
676,REDMI,4,train|valid,True,valid,IMG_20240309_114643,20240309,114643
676,REDMI,4,train|valid,True,train,IMG_20240309_114649,20240309,114649
676,REDMI,4,train|valid,True,train,IMG_20240309_114655,20240309,114655
677,REDMI,4,test|train,True,test,IMG_20240309_114741,20240309,114741
677,REDMI,4,test|train,True,train,IMG_20240309_114746,20240309,114746
677,REDMI,4,test|train,True,train,IMG_20240309_114751,20240309,114751
677,REDMI,4,test|train,True,train,IMG_20240309_114800,20240309,114800
678,REDMI,4,test|train,True,train,IMG_20240309_114826,20240309,114826
678,REDMI,4,test|train,True,train,IMG_20240309_114832,20240309,114832
678,REDMI,4,test|train,True,train,IMG_20240309_114837,20240309,114837
678,REDMI,4,test|train,True,test,IMG_20240309_114840,20240309,114840
679,REDMI,1,train,False,train,IMG_20240309_114854,20240309,114854
680,REDMI,5,train,False,train,IMG_20240309_114923,20240309,114923
680,REDMI,5,train,False,train,IMG_20240309_114926,20240309,114926
680,REDMI,5,train,False,train,IMG_20240309_114930,20240309,114930
680,REDMI,5,train,False,train,IMG_20240309_114934,20240309,114934
680,REDMI,5,train,False,train,IMG_20240309_114937,20240309,114937
681,REDMI,2,train|valid,True,valid,IMG_20240309_114950,20240309,114950
681,REDMI,2,train|valid,True,train,IMG_20240309_114954,20240309,114954
682,REDMI,3,train,False,train,IMG_20240309_115021,20240309,115021
682,REDMI,3,train,False,train,IMG_20240309_115024,20240309,115024
682,REDMI,3,train,False,train,IMG_20240309_115029,20240309,115029
683,REDMI,2,train|valid,True,valid,IMG_20240309_115102,20240309,115102
683,REDMI,2,train|valid,True,train,IMG_20240309_115105,20240309,115105
684,REDMI,3,test|train,True,train,IMG_20240309_115136,20240309,115136
684,REDMI,3,test|train,True,train,IMG_20240309_115140,20240309,115140
684,REDMI,3,test|train,True,test,IMG_20240309_115144,20240309,115144
685,REDMI,3,train|valid,True,valid,IMG_20240309_115200,20240309,115200
685,REDMI,3,train|valid,True,train,IMG_20240309_115204,20240309,115204
685,REDMI,3,train|valid,True,train,IMG_20240309_115208,20240309,115208
686,REDMI,1,valid,False,valid,IMG_20240309_115221,20240309,115221
687,REDMI,3,train,False,train,IMG_20240309_115233,20240309,115233
687,REDMI,3,train,False,train,IMG_20240309_115236,20240309,115236
687,REDMI,3,train,False,train,IMG_20240309_115239,20240309,115239
688,REDMI,4,train|valid,True,train,IMG_20240309_115342,20240309,115342
688,REDMI,4,train|valid,True,train,IMG_20240309_115346,20240309,115346
688,REDMI,4,train|valid,True,valid,IMG_20240309_115349,20240309,115349
688,REDMI,4,train|valid,True,valid,IMG_20240309_115356,20240309,115356
689,REDMI,2,train,False,train,IMG_20240309_115422,20240309,115422
689,REDMI,2,train,False,train,IMG_20240309_115425,20240309,115425
690,REDMI,1,train,False,train,IMG_20240309_115439,20240309,115439
691,REDMI,1,valid,False,valid,IMG_20240309_115453,20240309,115453
692,REDMI,5,train|valid,True,train,IMG_20240309_115510,20240309,115510
692,REDMI,5,train|valid,True,train,IMG_20240309_115515,20240309,115515
692,REDMI,5,train|valid,True,valid,IMG_20240309_115518,20240309,115518
692,REDMI,5,train|valid,True,train,IMG_20240309_115522,20240309,115522
692,REDMI,5,train|valid,True,train,IMG_20240309_115527,20240309,115527
693,REDMI,6,test|train|valid,True,train,IMG_20240309_115610,20240309,115610
693,REDMI,6,test|train|valid,True,valid,IMG_20240309_115616,20240309,115616
693,REDMI,6,test|train|valid,True,valid,IMG_20240309_115620,20240309,115620
693,REDMI,6,test|train|valid,True,train,IMG_20240309_115627,20240309,115627
693,REDMI,6,test|train|valid,True,train,IMG_20240309_115633,20240309,115633
693,REDMI,6,test|train|valid,True,test,IMG_20240309_115637,20240309,115637
694,REDMI,5,train|valid,True,valid,IMG_20240309_115718,20240309,115718
694,REDMI,5,train|valid,True,train,IMG_20240309_115723,20240309,115723
694,REDMI,5,train|valid,True,valid,IMG_20240309_115728,20240309,115728
694,REDMI,5,train|valid,True,train,IMG_20240309_115734,20240309,115734
694,REDMI,5,train|valid,True,train,IMG_20240309_115740,20240309,115740
695,REDMI,5,test|train,True,train,IMG_20240309_115752,20240309,115752
695,REDMI,5,test|train,True,test,IMG_20240309_115756,20240309,115756
695,REDMI,5,test|train,True,train,IMG_20240309_115802,20240309,115802
695,REDMI,5,test|train,True,train,IMG_20240309_115810,20240309,115810
695,REDMI,5,test|train,True,train,IMG_20240309_115813,20240309,115813
696,REDMI,3,test|train|valid,True,valid,IMG_20240309_115835,20240309,115835
696,REDMI,3,test|train|valid,True,test,IMG_20240309_115840,20240309,115840
696,REDMI,3,test|train|valid,True,train,IMG_20240309_115844,20240309,115844
697,REDMI,10,test|train|valid,True,train,IMG_20240309_115910,20240309,115910
697,REDMI,10,test|train|valid,True,valid,IMG_20240309_115915,20240309,115915
697,REDMI,10,test|train|valid,True,train,IMG_20240309_115922,20240309,115922
697,REDMI,10,test|train|valid,True,train,IMG_20240309_115924,20240309,115924
697,REDMI,10,test|train|valid,True,train,IMG_20240309_115929,20240309,115929
697,REDMI,10,test|train|valid,True,train,IMG_20240309_115939,20240309,115939
697,REDMI,10,test|train|valid,True,valid,IMG_20240309_115948,20240309,115948
697,REDMI,10,test|train|valid,True,valid,IMG_20240309_115952,20240309,115952
697,REDMI,10,test|train|valid,True,test,IMG_20240309_115958,20240309,115958
697,REDMI,10,test|train|valid,True,train,IMG_20240309_120002,20240309,120002
698,REDMI,5,test|train|valid,True,train,IMG_20240309_120205,20240309,120205
698,REDMI,5,test|train|valid,True,test,IMG_20240309_120210,20240309,120210
698,REDMI,5,test|train|valid,True,train,IMG_20240309_120214,20240309,120214
698,REDMI,5,test|train|valid,True,valid,IMG_20240309_120223,20240309,120223
698,REDMI,5,test|train|valid,True,train,IMG_20240309_120229,20240309,120229
699,REDMI,1,valid,False,valid,IMG_20240309_120246,20240309,120246
700,REDMI,3,train|valid,True,valid,IMG_20240309_120258,20240309,120258
700,REDMI,3,train|valid,True,train,IMG_20240309_120304,20240309,120304
700,REDMI,3,train|valid,True,train,IMG_20240309_120308,20240309,120308
701,REDMI,1,valid,False,valid,IMG_20240309_120334,20240309,120334
702,REDMI,1,valid,False,valid,IMG_20240417_115018,20240417,115018
703,REDMI,2,test|valid,True,valid,IMG_20240417_115033,20240417,115033
703,REDMI,2,test|valid,True,test,IMG_20240417_115042,20240417,115042
704,REDMI,1,train,False,train,IMG_20240417_115054,20240417,115054
705,REDMI,1,train,False,train,IMG_20240417_115119,20240417,115119
706,REDMI,2,train|valid,True,train,IMG_20240417_115133,20240417,115133
706,REDMI,2,train|valid,True,valid,IMG_20240417_115137,20240417,115137
707,REDMI,2,test|train,True,test,IMG_20240417_115155,20240417,115155
707,REDMI,2,test|train,True,train,IMG_20240417_115202,20240417,115202
708,REDMI,1,train,False,train,IMG_20240417_115234,20240417,115234
709,REDMI,1,valid,False,valid,IMG_20240417_115336,20240417,115336
710,REDMI,6,test|train,True,test,IMG_20240417_115349,20240417,115349
710,REDMI,6,test|train,True,train,IMG_20240417_115357,20240417,115357
710,REDMI,6,test|train,True,test,IMG_20240417_115403,20240417,115403
710,REDMI,6,test|train,True,train,IMG_20240417_115409,20240417,115409
710,REDMI,6,test|train,True,train,IMG_20240417_115415,20240417,115415
710,REDMI,6,test|train,True,train,IMG_20240417_115419,20240417,115419
711,REDMI,1,train,False,train,IMG_20240417_115515,20240417,115515
712,REDMI,2,train,False,train,IMG_20240417_115535,20240417,115535
712,REDMI,2,train,False,train,IMG_20240417_115542,20240417,115542
713,REDMI,2,train|valid,True,valid,IMG_20240417_115554,20240417,115554
713,REDMI,2,train|valid,True,train,IMG_20240417_115601,20240417,115601
714,REDMI,1,train,False,train,IMG_20240417_115615,20240417,115615
715,REDMI,1,train,False,train,IMG_20240417_115638,20240417,115638
716,REDMI,2,train,False,train,IMG_20240417_115708,20240417,115708
716,REDMI,2,train,False,train,IMG_20240417_115717,20240417,115717
717,REDMI,5,train,False,train,IMG_20240417_115845,20240417,115845
717,REDMI,5,train,False,train,IMG_20240417_115849,20240417,115849
717,REDMI,5,train,False,train,IMG_20240417_115856,20240417,115856
717,REDMI,5,train,False,train,IMG_20240417_115901,20240417,115901
717,REDMI,5,train,False,train,IMG_20240417_115905,20240417,115905
718,REDMI,2,train|valid,True,train,IMG_20240417_115920,20240417,115920
718,REDMI,2,train|valid,True,valid,IMG_20240417_115924,20240417,115924
719,X,1,train,False,train,IMG20240220133541,20240220,133541
720,X,1,train,False,train,IMG20240220133619,20240220,133619
721,X,1,train,False,train,IMG20240220133631,20240220,133631
722,X,1,train,False,train,IMG20240220133705,20240220,133705
723,X,1,train,False,train,IMG20240220133745,20240220,133745
724,X,3,train,False,train,IMG20240220133803,20240220,133803
724,X,3,train,False,train,IMG20240220133809,20240220,133809
724,X,3,train,False,train,IMG20240220133817,20240220,133817
725,X,2,train,False,train,IMG20240220133847,20240220,133847
725,X,2,train,False,train,IMG20240220133854,20240220,133854
726,X,2,train,False,train,IMG20240220134015,20240220,134015
726,X,2,train,False,train,IMG20240220134019,20240220,134019
727,X,2,train,False,train,IMG20240220134040,20240220,134040
727,X,2,train,False,train,IMG20240220134046,20240220,134046
728,X,1,train,False,train,IMG20240220134102,20240220,134102
729,X,1,train,False,train,IMG20240220134138,20240220,134138
730,X,2,train,False,train,IMG20240220134151,20240220,134151
730,X,2,train,False,train,IMG20240220134200,20240220,134200
731,X,3,train,False,train,IMG20240220134256,20240220,134256
731,X,3,train,False,train,IMG20240220134301,20240220,134301
731,X,3,train,False,train,IMG20240220134311,20240220,134311
732,X,4,train,False,train,IMG20240220134404,20240220,134404
732,X,4,train,False,train,IMG20240220134408,20240220,134408
732,X,4,train,False,train,IMG20240220134414,20240220,134414
732,X,4,train,False,train,IMG20240220134424,20240220,134424
733,X,1,train,False,train,IMG20240220134439,20240220,134439
734,X,1,train,False,train,IMG20240220134510,20240220,134510
735,X,3,train,False,train,IMG20240220134527,20240220,134527
735,X,3,train,False,train,IMG20240220134531,20240220,134531
735,X,3,train,False,train,IMG20240220134537,20240220,134537
736,X,2,train,False,train,IMG20240220134608,20240220,134608
736,X,2,train,False,train,IMG20240220134618,20240220,134618
737,X,2,train,False,train,IMG20240220134651,20240220,134651
737,X,2,train,False,train,IMG20240220134657,20240220,134657
738,X,3,train,False,train,IMG20240220134719,20240220,134719
738,X,3,train,False,train,IMG20240220134725,20240220,134725
738,X,3,train,False,train,IMG20240220134733,20240220,134733
739,X,4,train,False,train,IMG20240220134757,20240220,134757
739,X,4,train,False,train,IMG20240220134801,20240220,134801
739,X,4,train,False,train,IMG20240220134809,20240220,134809
739,X,4,train,False,train,IMG20240220134815,20240220,134815
740,X,3,train,False,train,IMG20240220134841,20240220,134841
740,X,3,train,False,train,IMG20240220134845,20240220,134845
740,X,3,train,False,train,IMG20240220134852,20240220,134852
741,X,1,train,False,train,IMG20240220134904,20240220,134904
742,X,1,train,False,train,IMG20240220134936,20240220,134936
743,X,2,train,False,train,IMG20240220135003,20240220,135003
743,X,2,train,False,train,IMG20240220135008,20240220,135008
744,X,2,train,False,train,IMG20240220135041,20240220,135041
744,X,2,train,False,train,IMG20240220135044,20240220,135044
745,X,3,train,False,train,IMG20240220135239,20240220,135239
745,X,3,train,False,train,IMG20240220135244,20240220,135244
745,X,3,train,False,train,IMG20240220135251,20240220,135251
746,X,2,train,False,train,IMG20240220135303,20240220,135303
746,X,2,train,False,train,IMG20240220135313,20240220,135313
747,X,1,train,False,train,IMG20240220135324,20240220,135324
748,X,1,train,False,train,IMG20240220135346,20240220,135346
749,X,2,train,False,train,IMG20240220135357,20240220,135357
749,X,2,train,False,train,IMG20240220135358,20240220,135358
750,X,2,train,False,train,IMG20240220135414,20240220,135414
750,X,2,train,False,train,IMG20240220135421,20240220,135421
751,X,1,train,False,train,IMG20240220135435,20240220,135435
752,X,1,train,False,train,IMG20240220135456,20240220,135456
753,X,2,train,False,train,IMG20240220135511,20240220,135511
753,X,2,train,False,train,IMG20240220135518,20240220,135518
754,X,2,train,False,train,IMG20240220135539,20240220,135539
754,X,2,train,False,train,IMG20240220135548,20240220,135548
755,X,1,train,False,train,IMG20240220135617,20240220,135617
756,X,2,train,False,train,IMG20240220135629,20240220,135629
756,X,2,train,False,train,IMG20240220135633,20240220,135633
757,X,2,train,False,train,IMG20240220135847,20240220,135847
757,X,2,train,False,train,IMG20240220135853,20240220,135853
758,X,2,train,False,train,IMG20240220135905,20240220,135905
758,X,2,train,False,train,IMG20240220135910,20240220,135910
759,X,1,train,False,train,IMG20240220135926,20240220,135926
760,X,1,train,False,train,IMG20240220135937,20240220,135937
761,X,2,train,False,train,IMG20240306115331,20240306,115331
761,X,2,train,False,train,IMG20240306115335,20240306,115335
762,X,2,test|valid,True,test,IMG20240306115356,20240306,115356
762,X,2,test|valid,True,valid,IMG20240306115402,20240306,115402
763,X,1,test,False,test,IMG20240306115416,20240306,115416
764,X,2,train,False,train,IMG20240306115613,20240306,115613
764,X,2,train,False,train,IMG20240306115619,20240306,115619
765,X,1,train,False,train,IMG20240306115634,20240306,115634
766,X,1,train,False,train,IMG20240306115645,20240306,115645
767,X,1,train,False,train,IMG20240306115737,20240306,115737
768,X,1,train,False,train,IMG20240306115813,20240306,115813
769,X,1,train,False,train,IMG20240306115829,20240306,115829
770,X,1,train,False,train,IMG20240306115840,20240306,115840
771,X,3,train|valid,True,train,IMG20240306115900,20240306,115900
771,X,3,train|valid,True,train,IMG20240306115903,20240306,115903
771,X,3,train|valid,True,valid,IMG20240306115907,20240306,115907
772,X,3,train|valid,True,valid,IMG20240306115945,20240306,115945
772,X,3,train|valid,True,valid,IMG20240306115954,20240306,115954
772,X,3,train|valid,True,train,IMG20240306115958,20240306,115958
773,X,3,train|valid,True,train,IMG20240306120018,20240306,120018
773,X,3,train|valid,True,valid,IMG20240306120023,20240306,120023
773,X,3,train|valid,True,train,IMG20240306120031,20240306,120031
774,X,1,train,False,train,IMG20240306120053,20240306,120053
775,X,1,train,False,train,IMG20240306120637,20240306,120637
776,X,1,train,False,train,IMG20240306120649,20240306,120649
777,X,4,train|valid,True,train,IMG20240306120710,20240306,120710
777,X,4,train|valid,True,train,IMG20240306120710_01,20240306,120710
777,X,4,train|valid,True,train,IMG20240306120717,20240306,120717
777,X,4,train|valid,True,valid,IMG20240306120725,20240306,120725
778,X,1,valid,False,valid,IMG20240306120752,20240306,120752
779,X,2,train,False,train,IMG20240306120810,20240306,120810
779,X,2,train,False,train,IMG20240306120817,20240306,120817
780,X,2,test|train,True,test,IMG20240306120839,20240306,120839
780,X,2,test|train,True,train,IMG20240306120846,20240306,120846
781,X,1,valid,False,valid,IMG20240306120859,20240306,120859
782,X,1,valid,False,valid,IMG20240306120910,20240306,120910
783,X,1,train,False,train,IMG20240306120929,20240306,120929
784,X,3,train|valid,True,train,IMG20240306120953,20240306,120953
784,X,3,train|valid,True,train,IMG20240306120959,20240306,120959
784,X,3,train|valid,True,valid,IMG20240306121005,20240306,121005
785,X,3,test|train|valid,True,train,IMG20240306121019,20240306,121019
785,X,3,test|train|valid,True,valid,IMG20240306121022,20240306,121022
785,X,3,test|train|valid,True,test,IMG20240306121026,20240306,121026
786,X,2,train,False,train,IMG20240306143339,20240306,143339
786,X,2,train,False,train,IMG20240306143343,20240306,143343
787,X,3,train|valid,True,valid,IMG20240306143404,20240306,143404
787,X,3,train|valid,True,train,IMG20240306143409,20240306,143409
787,X,3,train|valid,True,train,IMG20240306143413,20240306,143413
788,X,3,train,False,train,IMG20240306143454,20240306,143454
788,X,3,train,False,train,IMG20240306143458,20240306,143458
788,X,3,train,False,train,IMG20240306143505,20240306,143505
789,X,2,train,False,train,IMG20240306143520,20240306,143520
789,X,2,train,False,train,IMG20240306143528,20240306,143528
790,X,3,test|train,True,train,IMG20240306143544,20240306,143544
790,X,3,test|train,True,train,IMG20240306143547,20240306,143547
790,X,3,test|train,True,test,IMG20240306143551,20240306,143551
791,X,1,test,False,test,IMG20240306143620,20240306,143620
792,X,2,train,False,train,IMG20240306143645,20240306,143645
792,X,2,train,False,train,IMG20240306143651,20240306,143651
793,X,4,test|train,True,train,IMG20240306143703,20240306,143703
793,X,4,test|train,True,train,IMG20240306143705,20240306,143705
793,X,4,test|train,True,train,IMG20240306143708,20240306,143708
793,X,4,test|train,True,test,IMG20240306143713,20240306,143713
794,X,5,train|valid,True,train,IMG20240306143732,20240306,143732
794,X,5,train|valid,True,train,IMG20240306143736,20240306,143736
794,X,5,train|valid,True,train,IMG20240306143741,20240306,143741
794,X,5,train|valid,True,train,IMG20240306143745,20240306,143745
794,X,5,train|valid,True,valid,IMG20240306143749,20240306,143749
795,X,4,train|valid,True,train,IMG20240306143800,20240306,143800
795,X,4,train|valid,True,valid,IMG20240306143804,20240306,143804
795,X,4,train|valid,True,valid,IMG20240306143809,20240306,143809
795,X,4,train|valid,True,valid,IMG20240306143817,20240306,143817
796,X,3,train|valid,True,train,IMG20240306143829,20240306,143829
796,X,3,train|valid,True,train,IMG20240306143832,20240306,143832
796,X,3,train|valid,True,valid,IMG20240306143838,20240306,143838
797,X,1,train,False,train,IMG20240306143852,20240306,143852
798,X,6,test|train|valid,True,train,IMG20240306143938,20240306,143938
798,X,6,test|train|valid,True,train,IMG20240306143941,20240306,143941
798,X,6,test|train|valid,True,train,IMG20240306143943,20240306,143943
798,X,6,test|train|valid,True,test,IMG20240306143950,20240306,143950
798,X,6,test|train|valid,True,train,IMG20240306143952,20240306,143952
798,X,6,test|train|valid,True,valid,IMG20240306143957,20240306,143957
799,X,3,train|valid,True,train,IMG20240306144012,20240306,144012
799,X,3,train|valid,True,valid,IMG20240306144021,20240306,144021
799,X,3,train|valid,True,train,IMG20240306144030,20240306,144030
800,X,1,train,False,train,IMG20240306144041,20240306,144041
801,X,2,train|valid,True,train,IMG20240306144056,20240306,144056
801,X,2,train|valid,True,valid,IMG20240306144101,20240306,144101
802,X,5,test|train,True,train,IMG20240306144233,20240306,144233
802,X,5,test|train,True,train,IMG20240306144236,20240306,144236
802,X,5,test|train,True,train,IMG20240306144240,20240306,144240
802,X,5,test|train,True,train,IMG20240306144246,20240306,144246
802,X,5,test|train,True,test,IMG20240306144250,20240306,144250
803,X,2,test|valid,True,valid,IMG20240306144306,20240306,144306
803,X,2,test|valid,True,test,IMG20240306144311,20240306,144311
804,X,6,train,False,train,IMG20240306144325,20240306,144325
804,X,6,train,False,train,IMG20240306144328,20240306,144328
804,X,6,train,False,train,IMG20240306144330,20240306,144330
804,X,6,train,False,train,IMG20240306144334,20240306,144334
804,X,6,train,False,train,IMG20240306144337,20240306,144337
804,X,6,train,False,train,IMG20240306144339,20240306,144339
805,X,6,train|valid,True,train,IMG20240306144350,20240306,144350
805,X,6,train|valid,True,valid,IMG20240306144352,20240306,144352
805,X,6,train|valid,True,train,IMG20240306144355,20240306,144355
805,X,6,train|valid,True,train,IMG20240306144358,20240306,144358
805,X,6,train|valid,True,train,IMG20240306144400,20240306,144400
805,X,6,train|valid,True,train,IMG20240306144402,20240306,144402
806,X,3,test|train|valid,True,train,IMG20240309112450,20240309,112450
806,X,3,test|train|valid,True,valid,IMG20240309112455,20240309,112455
806,X,3,test|train|valid,True,test,IMG20240309112459,20240309,112459
807,X,1,valid,False,valid,IMG20240309112510,20240309,112510
808,X,4,test|train,True,test,IMG20240309112551,20240309,112551
808,X,4,test|train,True,train,IMG20240309112554,20240309,112554
808,X,4,test|train,True,train,IMG20240309112600,20240309,112600
808,X,4,test|train,True,train,IMG20240309112608,20240309,112608
809,X,5,test|train|valid,True,train,IMG20240309112646,20240309,112646
809,X,5,test|train|valid,True,valid,IMG20240309112652,20240309,112652
809,X,5,test|train|valid,True,train,IMG20240309112658,20240309,112658
809,X,5,test|train|valid,True,test,IMG20240309112703,20240309,112703
809,X,5,test|train|valid,True,train,IMG20240309112712,20240309,112712
810,X,3,test|train,True,train,IMG20240309112733,20240309,112733
810,X,3,test|train,True,train,IMG20240309112739,20240309,112739
810,X,3,test|train,True,test,IMG20240309112748,20240309,112748
811,X,3,train|valid,True,valid,IMG20240309112834,20240309,112834
811,X,3,train|valid,True,valid,IMG20240309112839,20240309,112839
811,X,3,train|valid,True,train,IMG20240309112846,20240309,112846
812,X,4,train,False,train,IMG20240309112926,20240309,112926
812,X,4,train,False,train,IMG20240309112930,20240309,112930
812,X,4,train,False,train,IMG20240309112935,20240309,112935
812,X,4,train,False,train,IMG20240309112942,20240309,112942
813,X,3,train|valid,True,train,IMG20240309113201,20240309,113201
813,X,3,train|valid,True,valid,IMG20240309113205,20240309,113205
813,X,3,train|valid,True,train,IMG20240309113209,20240309,113209
814,X,2,train|valid,True,valid,IMG20240309113221,20240309,113221
814,X,2,train|valid,True,train,IMG20240309113226,20240309,113226
815,X,1,valid,False,valid,IMG20240309113333,20240309,113333
816,X,1,train,False,train,IMG20240309113351,20240309,113351
817,X,2,test|train,True,train,IMG20240309113411,20240309,113411
817,X,2,test|train,True,test,IMG20240309113417,20240309,113417
818,X,3,train|valid,True,valid,IMG20240309113432,20240309,113432
818,X,3,train|valid,True,train,IMG20240309113436,20240309,113436
818,X,3,train|valid,True,train,IMG20240309113441,20240309,113441
819,X,4,train|valid,True,train,IMG20240309113452,20240309,113452
819,X,4,train|valid,True,valid,IMG20240309113458,20240309,113458
819,X,4,train|valid,True,train,IMG20240309113505,20240309,113505
819,X,4,train|valid,True,valid,IMG20240309113515,20240309,113515
820,X,1,train,False,train,IMG20240309113559,20240309,113559
821,X,3,test|train|valid,True,test,IMG20240309113622,20240309,113622
821,X,3,test|train|valid,True,train,IMG20240309113628,20240309,113628
821,X,3,test|train|valid,True,valid,IMG20240309113635,20240309,113635
822,X,2,train|valid,True,valid,IMG20240309113703,20240309,113703
822,X,2,train|valid,True,train,IMG20240309113708,20240309,113708
823,X,1,train,False,train,IMG20240309113719,20240309,113719
824,X,1,train,False,train,IMG20240309113738,20240309,113738
825,X,1,train,False,train,IMG20240309113749,20240309,113749
826,X,1,valid,False,valid,IMG20240309113808,20240309,113808
827,X,2,valid,False,valid,IMG20240309113823,20240309,113823
827,X,2,valid,False,valid,IMG20240309113827,20240309,113827
828,X,3,train,False,train,IMG20240309114405,20240309,114405
828,X,3,train,False,train,IMG20240309114409,20240309,114409
828,X,3,train,False,train,IMG20240309114414,20240309,114414
829,X,3,train,False,train,IMG20240309114439,20240309,114439
829,X,3,train,False,train,IMG20240309114448,20240309,114448
829,X,3,train,False,train,IMG20240309114455,20240309,114455
830,X,3,train|valid,True,valid,IMG20240309114535,20240309,114535
830,X,3,train|valid,True,train,IMG20240309114538,20240309,114538
830,X,3,train|valid,True,train,IMG20240309114544,20240309,114544
831,X,3,test|train,True,test,IMG20240309114604,20240309,114604
831,X,3,test|train,True,train,IMG20240309114608,20240309,114608
831,X,3,test|train,True,train,IMG20240309114611,20240309,114611
832,X,4,train|valid,True,train,IMG20240309114636,20240309,114636
832,X,4,train|valid,True,valid,IMG20240309114642,20240309,114642
832,X,4,train|valid,True,train,IMG20240309114647,20240309,114647
832,X,4,train|valid,True,train,IMG20240309114656,20240309,114656
833,X,1,test,False,test,IMG20240309114740,20240309,114740
834,X,1,train,False,train,IMG20240309114753,20240309,114753
835,X,3,train,False,train,IMG20240309114823,20240309,114823
835,X,3,train,False,train,IMG20240309114826,20240309,114826
835,X,3,train,False,train,IMG20240309114831,20240309,114831
836,X,1,test,False,test,IMG20240309114846,20240309,114846
837,X,4,train,False,train,IMG20240309114933,20240309,114933
837,X,4,train,False,train,IMG20240309114938,20240309,114938
837,X,4,train,False,train,IMG20240309114943,20240309,114943
837,X,4,train,False,train,IMG20240309114949,20240309,114949
838,X,1,test,False,test,IMG20240309115014,20240309,115014
839,X,1,train,False,train,IMG20240309115032,20240309,115032
840,X,1,train,False,train,IMG20240309115107,20240309,115107
841,X,3,train,False,train,IMG20240309115134,20240309,115134
841,X,3,train,False,train,IMG20240309115144,20240309,115144
841,X,3,train,False,train,IMG20240309115151,20240309,115151
842,X,2,test|train,True,test,IMG20240309115204,20240309,115204
842,X,2,test|train,True,train,IMG20240309115210,20240309,115210
843,X,2,train,False,train,IMG20240309115234,20240309,115234
843,X,2,train,False,train,IMG20240309115240,20240309,115240
844,X,1,test,False,test,IMG20240309115335,20240309,115335
845,X,1,train,False,train,IMG20240309115347,20240309,115347
846,X,1,train,False,train,IMG20240309115405,20240309,115405
847,X,3,train,False,train,IMG20240309115419,20240309,115419
847,X,3,train,False,train,IMG20240309115425,20240309,115425
847,X,3,train,False,train,IMG20240309115431,20240309,115431
848,X,1,valid,False,valid,IMG20240309115446,20240309,115446
849,X,3,train|valid,True,valid,IMG20240309115506,20240309,115506
849,X,3,train|valid,True,train,IMG20240309115514,20240309,115514
849,X,3,train|valid,True,train,IMG20240309115523,20240309,115523
850,X,3,train,False,train,IMG20240309115608,20240309,115608
850,X,3,train,False,train,IMG20240309115615,20240309,115615
850,X,3,train,False,train,IMG20240309115622,20240309,115622
851,X,1,train,False,train,IMG20240309115642,20240309,115642
852,X,1,train,False,train,IMG20240309115720,20240309,115720
853,X,2,train,False,train,IMG20240309115735,20240309,115735
853,X,2,train,False,train,IMG20240309115740,20240309,115740
854,X,4,train|valid,True,train,IMG20240309115753,20240309,115753
854,X,4,train|valid,True,train,IMG20240309115800,20240309,115800
854,X,4,train|valid,True,train,IMG20240309115805,20240309,115805
854,X,4,train|valid,True,valid,IMG20240309115812,20240309,115812
855,X,1,train,False,train,IMG20240309115839,20240309,115839
856,X,3,train,False,train,IMG20240309115912,20240309,115912
856,X,3,train,False,train,IMG20240309115921,20240309,115921
856,X,3,train,False,train,IMG20240309115928,20240309,115928
857,X,3,train|valid,True,valid,IMG20240309115949,20240309,115949
857,X,3,train|valid,True,train,IMG20240309115958,20240309,115958
857,X,3,train|valid,True,train,IMG20240309120005,20240309,120005
858,X,1,train,False,train,IMG20240309120406,20240309,120406
859,X,2,train|valid,True,train,IMG20240309120418,20240309,120418
859,X,2,train|valid,True,valid,IMG20240309120426,20240309,120426
860,X,4,train|valid,True,train,IMG20240309120445,20240309,120445
860,X,4,train|valid,True,valid,IMG20240309120449,20240309,120449
860,X,4,train|valid,True,train,IMG20240309120458,20240309,120458
860,X,4,train|valid,True,train,IMG20240309120506,20240309,120506
861,X,2,train|valid,True,train,IMG20240309120534,20240309,120534
861,X,2,train|valid,True,valid,IMG20240309120539,20240309,120539
862,X,3,train|valid,True,train,IMG20240309120605,20240309,120605
862,X,3,train|valid,True,train,IMG20240309120611,20240309,120611
862,X,3,train|valid,True,valid,IMG20240309120618,20240309,120618
863,X,1,train,False,train,IMG20240309120653,20240309,120653
