cluster_id,device_key,cluster_size,splits_present,is_crossing,split,stem,date,time
0,FAMILY:ts_compact,2,test|train,True,test,IMG20241118101346,20241118,101346
0,FAMILY:ts_compact,2,test|train,True,train,IMG20241118101423,20241118,101423
1,FAMILY:ts_compact,2,train|valid,True,valid,IMG20241118101616,20241118,101616
1,FAMILY:ts_compact,2,train|valid,True,train,IMG20241118101626,20241118,101626
2,FAMILY:ts_compact,2,train,False,train,IMG20241118101758,20241118,101758
2,FAMILY:ts_compact,2,train,False,train,IMG20241118101811,20241118,101811
3,FAMILY:ts_compact,2,train|valid,True,valid,IMG20241118101929,20241118,101929
3,FAMILY:ts_compact,2,train|valid,True,train,IMG20241118101936,20241118,101936
4,FAMILY:ts_compact,4,train|valid,True,valid,IMG20241118102139,20241118,102139
4,FAMILY:ts_compact,4,train|valid,True,train,IMG20241118102153,20241118,102153
4,FAMILY:ts_compact,4,train|valid,True,valid,IMG20241118102222,20241118,102222
4,FAMILY:ts_compact,4,train|valid,True,train,IMG20241118102250,20241118,102250
5,FAMILY:ts_compact,2,test|train,True,test,IMG20241118102634,20241118,102634
5,FAMILY:ts_compact,2,test|train,True,train,IMG20241118102657,20241118,102657
6,FAMILY:ts_compact,2,train,False,train,IMG20241118102837,20241118,102837
6,FAMILY:ts_compact,2,train,False,train,IMG20241118102854,20241118,102854
7,FAMILY:ts_compact,1,test,False,test,IMG20241118155549,20241118,155549
8,FAMILY:ts_compact,2,train,False,train,IMG20241118155746,20241118,155746
8,FAMILY:ts_compact,2,train,False,train,IMG20241118155756,20241118,155756
9,FAMILY:ts_compact,2,train|valid,True,valid,IMG20241118160018,20241118,160018
9,FAMILY:ts_compact,2,train|valid,True,train,IMG20241118160025,20241118,160025
10,FAMILY:ts_compact,2,train|valid,True,valid,IMG20241118160143,20241118,160143
10,FAMILY:ts_compact,2,train|valid,True,train,IMG20241118160216,20241118,160216
11,FAMILY:ts_compact,1,train,False,train,IMG20241118160541,20241118,160541
12,FAMILY:ts_compact,6,train|valid,True,train,IMG20241118160725,20241118,160725
12,FAMILY:ts_compact,6,train|valid,True,valid,IMG20241118160737,20241118,160737
12,FAMILY:ts_compact,6,train|valid,True,train,IMG20241118160824,20241118,160824
12,FAMILY:ts_compact,6,train|valid,True,train,IMG20241118160837,20241118,160837
12,FAMILY:ts_compact,6,train|valid,True,train,IMG20241118160924,20241118,160924
12,FAMILY:ts_compact,6,train|valid,True,train,IMG20241118160937,20241118,160937
13,FAMILY:ts_compact,4,test|train,True,test,IMG20241118161125,20241118,161125
13,FAMILY:ts_compact,4,test|train,True,train,IMG20241118161139,20241118,161139
13,FAMILY:ts_compact,4,test|train,True,train,IMG20241118161210,20241118,161210
13,FAMILY:ts_compact,4,test|train,True,train,IMG20241118161219,20241118,161219
14,FAMILY:ts_compact,12,test|train|valid,True,train,IMG20241118161324,20241118,161324
14,FAMILY:ts_compact,12,test|train|valid,True,train,IMG20241118161331,20241118,161331
14,FAMILY:ts_compact,12,test|train|valid,True,valid,IMG20241118161413,20241118,161413
14,FAMILY:ts_compact,12,test|train|valid,True,train,IMG20241118161421,20241118,161421
14,FAMILY:ts_compact,12,test|train|valid,True,train,IMG20241118161459,20241118,161459
14,FAMILY:ts_compact,12,test|train|valid,True,train,IMG20241118161514,20241118,161514
14,FAMILY:ts_compact,12,test|train|valid,True,test,IMG20241118161536,20241118,161536
14,FAMILY:ts_compact,12,test|train|valid,True,train,IMG20241118161548,20241118,161548
14,FAMILY:ts_compact,12,test|train|valid,True,train,IMG20241118161624,20241118,161624
14,FAMILY:ts_compact,12,test|train|valid,True,valid,IMG20241118161632,20241118,161632
14,FAMILY:ts_compact,12,test|train|valid,True,train,IMG20241118161711,20241118,161711
14,FAMILY:ts_compact,12,test|train|valid,True,train,IMG20241118161717,20241118,161717
15,FAMILY:ts_compact,3,train|valid,True,train,IMG20241118161841,20241118,161841
15,FAMILY:ts_compact,3,train|valid,True,valid,IMG20241118161851,20241118,161851
15,FAMILY:ts_compact,3,train|valid,True,train,IMG20241118161943,20241118,161943
16,FAMILY:ts_compact_sub,1,train,False,train,IMG20241118160515_01,20241118,160515
17,ONEPLUS_NORD,11,train,False,train,IMG20240219113638,20240219,113638
17,ONEPLUS_NORD,11,train,False,train,IMG20240219113649,20240219,113649
17,ONEPLUS_NORD,11,train,False,train,IMG20240219113715,20240219,113715
17,ONEPLUS_NORD,11,train,False,train,IMG20240219113726,20240219,113726
17,ONEPLUS_NORD,11,train,False,train,IMG20240219113745,20240219,113745
17,ONEPLUS_NORD,11,train,False,train,IMG20240219113811,20240219,113811
17,ONEPLUS_NORD,11,train,False,train,IMG20240219113827,20240219,113827
17,ONEPLUS_NORD,11,train,False,train,IMG20240219113831,20240219,113831
17,ONEPLUS_NORD,11,train,False,train,IMG20240219113846,20240219,113846
17,ONEPLUS_NORD,11,train,False,train,IMG20240219113926,20240219,113926
17,ONEPLUS_NORD,11,train,False,train,IMG20240219114019,20240219,114019
18,ONEPLUS_NORD,7,train,False,train,IMG20240219114129,20240219,114129
18,ONEPLUS_NORD,7,train,False,train,IMG20240219114134,20240219,114134
18,ONEPLUS_NORD,7,train,False,train,IMG20240219114137,20240219,114137
18,ONEPLUS_NORD,7,train,False,train,IMG20240219114212,20240219,114212
18,ONEPLUS_NORD,7,train,False,train,IMG20240219114248,20240219,114248
18,ONEPLUS_NORD,7,train,False,train,IMG20240219114301,20240219,114301
18,ONEPLUS_NORD,7,train,False,train,IMG20240219114308,20240219,114308
19,ONEPLUS_NORD,2,train,False,train,IMG20240219114447,20240219,114447
19,ONEPLUS_NORD,2,train,False,train,IMG20240219114504,20240219,114504
20,ONEPLUS_NORD,5,train,False,train,IMG20240219114702,20240219,114702
20,ONEPLUS_NORD,5,train,False,train,IMG20240219114753,20240219,114753
20,ONEPLUS_NORD,5,train,False,train,IMG20240219114836,20240219,114836
20,ONEPLUS_NORD,5,train,False,train,IMG20240219114926,20240219,114926
20,ONEPLUS_NORD,5,train,False,train,IMG20240219114955,20240219,114955
21,ONEPLUS_NORD,3,train,False,train,IMG20240219115229,20240219,115229
21,ONEPLUS_NORD,3,train,False,train,IMG20240219115245,20240219,115245
21,ONEPLUS_NORD,3,train,False,train,IMG20240219115331,20240219,115331
22,ONEPLUS_NORD,1,train,False,train,IMG20240219115446,20240219,115446
23,ONEPLUS_NORD,4,train,False,train,IMG20240219120243,20240219,120243
23,ONEPLUS_NORD,4,train,False,train,IMG20240219120257,20240219,120257
23,ONEPLUS_NORD,4,train,False,train,IMG20240219120325,20240219,120325
23,ONEPLUS_NORD,4,train,False,train,IMG20240219120330,20240219,120330
24,ONEPLUS_NORD,6,train,False,train,IMG20240220114456,20240220,114456
24,ONEPLUS_NORD,6,train,False,train,IMG20240220114517,20240220,114517
24,ONEPLUS_NORD,6,train,False,train,IMG20240220114530,20240220,114530
24,ONEPLUS_NORD,6,train,False,train,IMG20240220114538,20240220,114538
24,ONEPLUS_NORD,6,train,False,train,IMG20240220114548,20240220,114548
24,ONEPLUS_NORD,6,train,False,train,IMG20240220114626,20240220,114626
25,ONEPLUS_NORD,3,train,False,train,IMG20240220114727,20240220,114727
25,ONEPLUS_NORD,3,train,False,train,IMG20240220114741,20240220,114741
25,ONEPLUS_NORD,3,train,False,train,IMG20240220114804,20240220,114804
26,ONEPLUS_NORD,4,train,False,train,IMG20240220115011,20240220,115011
26,ONEPLUS_NORD,4,train,False,train,IMG20240220115056,20240220,115056
26,ONEPLUS_NORD,4,train,False,train,IMG20240220115100,20240220,115100
26,ONEPLUS_NORD,4,train,False,train,IMG20240220115109,20240220,115109
27,ONEPLUS_NORD,18,train,False,train,IMG20240220115220,20240220,115220
27,ONEPLUS_NORD,18,train,False,train,IMG20240220115236,20240220,115236
27,ONEPLUS_NORD,18,train,False,train,IMG20240220115305,20240220,115305
27,ONEPLUS_NORD,18,train,False,train,IMG20240220115311,20240220,115311
27,ONEPLUS_NORD,18,train,False,train,IMG20240220115326,20240220,115326
27,ONEPLUS_NORD,18,train,False,train,IMG20240220115423,20240220,115423
27,ONEPLUS_NORD,18,train,False,train,IMG20240220115433,20240220,115433
27,ONEPLUS_NORD,18,train,False,train,IMG20240220115509,20240220,115509
27,ONEPLUS_NORD,18,train,False,train,IMG20240220115520,20240220,115520
27,ONEPLUS_NORD,18,train,False,train,IMG20240220115613,20240220,115613
27,ONEPLUS_NORD,18,train,False,train,IMG20240220115628,20240220,115628
27,ONEPLUS_NORD,18,train,False,train,IMG20240220115659,20240220,115659
27,ONEPLUS_NORD,18,train,False,train,IMG20240220115710,20240220,115710
27,ONEPLUS_NORD,18,train,False,train,IMG20240220115805,20240220,115805
27,ONEPLUS_NORD,18,train,False,train,IMG20240220115829,20240220,115829
27,ONEPLUS_NORD,18,train,False,train,IMG20240220115854,20240220,115854
27,ONEPLUS_NORD,18,train,False,train,IMG20240220115900,20240220,115900
27,ONEPLUS_NORD,18,train,False,train,IMG20240220115915,20240220,115915
28,ONEPLUS_NORD,2,train,False,train,IMG20240220120021,20240220,120021
28,ONEPLUS_NORD,2,train,False,train,IMG20240220120113,20240220,120113
29,ONEPLUS_NORD,8,train,False,train,IMG20240220120321,20240220,120321
29,ONEPLUS_NORD,8,train,False,train,IMG20240220120325,20240220,120325
29,ONEPLUS_NORD,8,train,False,train,IMG20240220120328,20240220,120328
29,ONEPLUS_NORD,8,train,False,train,IMG20240220120353,20240220,120353
29,ONEPLUS_NORD,8,train,False,train,IMG20240220120402,20240220,120402
29,ONEPLUS_NORD,8,train,False,train,IMG20240220120432,20240220,120432
29,ONEPLUS_NORD,8,train,False,train,IMG20240220120453,20240220,120453
29,ONEPLUS_NORD,8,train,False,train,IMG20240220120525,20240220,120525
30,ONEPLUS_NORD,7,train,False,train,IMG20240220120634,20240220,120634
30,ONEPLUS_NORD,7,train,False,train,IMG20240220120706,20240220,120706
30,ONEPLUS_NORD,7,train,False,train,IMG20240220120712,20240220,120712
30,ONEPLUS_NORD,7,train,False,train,IMG20240220120801,20240220,120801
30,ONEPLUS_NORD,7,train,False,train,IMG20240220120808,20240220,120808
30,ONEPLUS_NORD,7,train,False,train,IMG20240220120856,20240220,120856
30,ONEPLUS_NORD,7,train,False,train,IMG20240220120900,20240220,120900
31,ONEPLUS_NORD,24,train,False,train,IMG20240220121103,20240220,121103
31,ONEPLUS_NORD,24,train,False,train,IMG20240220121114,20240220,121114
31,ONEPLUS_NORD,24,train,False,train,IMG20240220121138,20240220,121138
31,ONEPLUS_NORD,24,train,False,train,IMG20240220121238,20240220,121238
31,ONEPLUS_NORD,24,train,False,train,IMG20240220121249,20240220,121249
31,ONEPLUS_NORD,24,train,False,train,IMG20240220121305,20240220,121305
31,ONEPLUS_NORD,24,train,False,train,IMG20240220121315,20240220,121315
31,ONEPLUS_NORD,24,train,False,train,IMG20240220121322,20240220,121322
31,ONEPLUS_NORD,24,train,False,train,IMG20240220121349,20240220,121349
31,ONEPLUS_NORD,24,train,False,train,IMG20240220121408,20240220,121408
31,ONEPLUS_NORD,24,train,False,train,IMG20240220121412,20240220,121412
31,ONEPLUS_NORD,24,train,False,train,IMG20240220121429,20240220,121429
31,ONEPLUS_NORD,24,train,False,train,IMG20240220121458,20240220,121458
31,ONEPLUS_NORD,24,train,False,train,IMG20240220121511,20240220,121511
31,ONEPLUS_NORD,24,train,False,train,IMG20240220121528,20240220,121528
31,ONEPLUS_NORD,24,train,False,train,IMG20240220121541,20240220,121541
31,ONEPLUS_NORD,24,train,False,train,IMG20240220121605,20240220,121605
31,ONEPLUS_NORD,24,train,False,train,IMG20240220121621,20240220,121621
31,ONEPLUS_NORD,24,train,False,train,IMG20240220121641,20240220,121641
31,ONEPLUS_NORD,24,train,False,train,IMG20240220121646,20240220,121646
31,ONEPLUS_NORD,24,train,False,train,IMG20240220121703,20240220,121703
31,ONEPLUS_NORD,24,train,False,train,IMG20240220121750,20240220,121750
31,ONEPLUS_NORD,24,train,False,train,IMG20240220121756,20240220,121756
31,ONEPLUS_NORD,24,train,False,train,IMG20240220121800,20240220,121800
32,ONEPLUS_NORD,12,train,False,train,IMG20240220122108,20240220,122108
32,ONEPLUS_NORD,12,train,False,train,IMG20240220122124,20240220,122124
32,ONEPLUS_NORD,12,train,False,train,IMG20240220122137,20240220,122137
32,ONEPLUS_NORD,12,train,False,train,IMG20240220122146,20240220,122146
32,ONEPLUS_NORD,12,train,False,train,IMG20240220122153,20240220,122153
32,ONEPLUS_NORD,12,train,False,train,IMG20240220122219,20240220,122219
32,ONEPLUS_NORD,12,train,False,train,IMG20240220122231,20240220,122231
32,ONEPLUS_NORD,12,train,False,train,IMG20240220122236,20240220,122236
32,ONEPLUS_NORD,12,train,False,train,IMG20240220122259,20240220,122259
32,ONEPLUS_NORD,12,train,False,train,IMG20240220122320,20240220,122320
32,ONEPLUS_NORD,12,train,False,train,IMG20240220122323,20240220,122323
32,ONEPLUS_NORD,12,train,False,train,IMG20240220122330,20240220,122330
33,ONEPLUS_NORD,27,train|valid,True,valid,IMG20240228122809,20240228,122809
33,ONEPLUS_NORD,27,train|valid,True,valid,IMG20240228122902,20240228,122902
33,ONEPLUS_NORD,27,train|valid,True,valid,IMG20240228122949,20240228,122949
33,ONEPLUS_NORD,27,train|valid,True,valid,IMG20240228122955,20240228,122955
33,ONEPLUS_NORD,27,train|valid,True,valid,IMG20240228123001,20240228,123001
33,ONEPLUS_NORD,27,train|valid,True,train,IMG20240228123032,20240228,123032
33,ONEPLUS_NORD,27,train|valid,True,valid,IMG20240228123115,20240228,123115
33,ONEPLUS_NORD,27,train|valid,True,valid,IMG20240228123131,20240228,123131
33,ONEPLUS_NORD,27,train|valid,True,valid,IMG20240228123218,20240228,123218
33,ONEPLUS_NORD,27,train|valid,True,valid,IMG20240228123246,20240228,123246
33,ONEPLUS_NORD,27,train|valid,True,valid,IMG20240228123253,20240228,123253
33,ONEPLUS_NORD,27,train|valid,True,valid,IMG20240228123322,20240228,123322
33,ONEPLUS_NORD,27,train|valid,True,valid,IMG20240228123330,20240228,123330
33,ONEPLUS_NORD,27,train|valid,True,valid,IMG20240228123402,20240228,123402
33,ONEPLUS_NORD,27,train|valid,True,valid,IMG20240228123408,20240228,123408
33,ONEPLUS_NORD,27,train|valid,True,valid,IMG20240228123449,20240228,123449
33,ONEPLUS_NORD,27,train|valid,True,valid,IMG20240228123455,20240228,123455
33,ONEPLUS_NORD,27,train|valid,True,valid,IMG20240228123512,20240228,123512
33,ONEPLUS_NORD,27,train|valid,True,valid,IMG20240228123522,20240228,123522
33,ONEPLUS_NORD,27,train|valid,True,valid,IMG20240228123605,20240228,123605
33,ONEPLUS_NORD,27,train|valid,True,valid,IMG20240228123614,20240228,123614
33,ONEPLUS_NORD,27,train|valid,True,train,IMG20240228123642,20240228,123642
33,ONEPLUS_NORD,27,train|valid,True,valid,IMG20240228123708,20240228,123708
33,ONEPLUS_NORD,27,train|valid,True,train,IMG20240228123723,20240228,123723
33,ONEPLUS_NORD,27,train|valid,True,valid,IMG20240228123750,20240228,123750
33,ONEPLUS_NORD,27,train|valid,True,valid,IMG20240228123816,20240228,123816
33,ONEPLUS_NORD,27,train|valid,True,valid,IMG20240228123839,20240228,123839
34,ONEPLUS_NORD,8,train|valid,True,valid,IMG20240228124228,20240228,124228
34,ONEPLUS_NORD,8,train|valid,True,valid,IMG20240228124247,20240228,124247
34,ONEPLUS_NORD,8,train|valid,True,valid,IMG20240228124330,20240228,124330
34,ONEPLUS_NORD,8,train|valid,True,valid,IMG20240228124357,20240228,124357
34,ONEPLUS_NORD,8,train|valid,True,valid,IMG20240228124412,20240228,124412
34,ONEPLUS_NORD,8,train|valid,True,valid,IMG20240228124440,20240228,124440
34,ONEPLUS_NORD,8,train|valid,True,train,IMG20240228124445,20240228,124445
34,ONEPLUS_NORD,8,train|valid,True,train,IMG20240228124453,20240228,124453
35,ONEPLUS_NORD,2,valid,False,valid,IMG20240228124555,20240228,124555
35,ONEPLUS_NORD,2,valid,False,valid,IMG20240228124606,20240228,124606
36,ONEPLUS_NORD,10,valid,False,valid,IMG20240228124711,20240228,124711
36,ONEPLUS_NORD,10,valid,False,valid,IMG20240228124718,20240228,124718
36,ONEPLUS_NORD,10,valid,False,valid,IMG20240228124759,20240228,124759
36,ONEPLUS_NORD,10,valid,False,valid,IMG20240228124816,20240228,124816
36,ONEPLUS_NORD,10,valid,False,valid,IMG20240228124844,20240228,124844
36,ONEPLUS_NORD,10,valid,False,valid,IMG20240228124919,20240228,124919
36,ONEPLUS_NORD,10,valid,False,valid,IMG20240228124925,20240228,124925
36,ONEPLUS_NORD,10,valid,False,valid,IMG20240228125011,20240228,125011
36,ONEPLUS_NORD,10,valid,False,valid,IMG20240228125017,20240228,125017
36,ONEPLUS_NORD,10,valid,False,valid,IMG20240228125025,20240228,125025
37,ONEPLUS_NORD,4,valid,False,valid,IMG20240228125228,20240228,125228
37,ONEPLUS_NORD,4,valid,False,valid,IMG20240228125312,20240228,125312
37,ONEPLUS_NORD,4,valid,False,valid,IMG20240228125354,20240228,125354
37,ONEPLUS_NORD,4,valid,False,valid,IMG20240228125428,20240228,125428
38,ONEPLUS_NORD,9,test|train|valid,True,train,IMG20240228125647,20240228,125647
38,ONEPLUS_NORD,9,test|train|valid,True,test,IMG20240228125654,20240228,125654
38,ONEPLUS_NORD,9,test|train|valid,True,train,IMG20240228125705,20240228,125705
38,ONEPLUS_NORD,9,test|train|valid,True,test,IMG20240228125738,20240228,125738
38,ONEPLUS_NORD,9,test|train|valid,True,test,IMG20240228125746,20240228,125746
38,ONEPLUS_NORD,9,test|train|valid,True,valid,IMG20240228125752,20240228,125752
38,ONEPLUS_NORD,9,test|train|valid,True,test,IMG20240228125809,20240228,125809
38,ONEPLUS_NORD,9,test|train|valid,True,valid,IMG20240228125831,20240228,125831
38,ONEPLUS_NORD,9,test|train|valid,True,valid,IMG20240228125846,20240228,125846
39,ONEPLUS_NORD,3,test|valid,True,valid,IMG20240228130031,20240228,130031
39,ONEPLUS_NORD,3,test|valid,True,valid,IMG20240228130036,20240228,130036
39,ONEPLUS_NORD,3,test|valid,True,test,IMG20240228130041,20240228,130041
40,ONEPLUS_NORD,13,test|train|valid,True,valid,IMG20240228130254,20240228,130254
40,ONEPLUS_NORD,13,test|train|valid,True,valid,IMG20240228130308,20240228,130308
40,ONEPLUS_NORD,13,test|train|valid,True,test,IMG20240228130337,20240228,130337
40,ONEPLUS_NORD,13,test|train|valid,True,test,IMG20240228130343,20240228,130343
40,ONEPLUS_NORD,13,test|train|valid,True,valid,IMG20240228130425,20240228,130425
40,ONEPLUS_NORD,13,test|train|valid,True,test,IMG20240228130509,20240228,130509
40,ONEPLUS_NORD,13,test|train|valid,True,valid,IMG20240228130517,20240228,130517
40,ONEPLUS_NORD,13,test|train|valid,True,valid,IMG20240228130615,20240228,130615
40,ONEPLUS_NORD,13,test|train|valid,True,train,IMG20240228130624,20240228,130624
40,ONEPLUS_NORD,13,test|train|valid,True,train,IMG20240228130635,20240228,130635
40,ONEPLUS_NORD,13,test|train|valid,True,train,IMG20240228130639,20240228,130639
40,ONEPLUS_NORD,13,test|train|valid,True,train,IMG20240228130701,20240228,130701
40,ONEPLUS_NORD,13,test|train|valid,True,train,IMG20240228130706,20240228,130706
41,ONEPLUS_NORD,7,train,False,train,IMG20240228130819,20240228,130819
41,ONEPLUS_NORD,7,train,False,train,IMG20240228130858,20240228,130858
41,ONEPLUS_NORD,7,train,False,train,IMG20240228130905,20240228,130905
41,ONEPLUS_NORD,7,train,False,train,IMG20240228130943,20240228,130943
41,ONEPLUS_NORD,7,train,False,train,IMG20240228130950,20240228,130950
41,ONEPLUS_NORD,7,train,False,train,IMG20240228131006,20240228,131006
41,ONEPLUS_NORD,7,train,False,train,IMG20240228131034,20240228,131034
42,ONEPLUS_NORD,7,train|valid,True,valid,IMG20240228131243,20240228,131243
42,ONEPLUS_NORD,7,train|valid,True,valid,IMG20240228131252,20240228,131252
42,ONEPLUS_NORD,7,train|valid,True,train,IMG20240228131259,20240228,131259
42,ONEPLUS_NORD,7,train|valid,True,train,IMG20240228131317,20240228,131317
42,ONEPLUS_NORD,7,train|valid,True,train,IMG20240228131341,20240228,131341
42,ONEPLUS_NORD,7,train|valid,True,train,IMG20240228131414,20240228,131414
42,ONEPLUS_NORD,7,train|valid,True,valid,IMG20240228131420,20240228,131420
43,ONEPLUS_NORD,16,test|train|valid,True,valid,IMG20240228131521,20240228,131521
43,ONEPLUS_NORD,16,test|train|valid,True,valid,IMG20240228131534,20240228,131534
43,ONEPLUS_NORD,16,test|train|valid,True,test,IMG20240228131602,20240228,131602
43,ONEPLUS_NORD,16,test|train|valid,True,train,IMG20240228131634,20240228,131634
43,ONEPLUS_NORD,16,test|train|valid,True,train,IMG20240228131658,20240228,131658
43,ONEPLUS_NORD,16,test|train|valid,True,valid,IMG20240228131717,20240228,131717
43,ONEPLUS_NORD,16,test|train|valid,True,train,IMG20240228131739_01,20240228,131739
43,ONEPLUS_NORD,16,test|train|valid,True,train,IMG20240228131753,20240228,131753
43,ONEPLUS_NORD,16,test|train|valid,True,valid,IMG20240228131832,20240228,131832
43,ONEPLUS_NORD,16,test|train|valid,True,train,IMG20240228131843,20240228,131843
43,ONEPLUS_NORD,16,test|train|valid,True,valid,IMG20240228131859,20240228,131859
43,ONEPLUS_NORD,16,test|train|valid,True,valid,IMG20240228131905,20240228,131905
43,ONEPLUS_NORD,16,test|train|valid,True,train,IMG20240228131921_01,20240228,131921
43,ONEPLUS_NORD,16,test|train|valid,True,train,IMG20240228132001_01,20240228,132001
43,ONEPLUS_NORD,16,test|train|valid,True,train,IMG20240228132045,20240228,132045
43,ONEPLUS_NORD,16,test|train|valid,True,train,IMG20240228132127,20240228,132127
44,ONEPLUS_NORD,14,train|valid,True,valid,IMG20240228132302,20240228,132302
44,ONEPLUS_NORD,14,train|valid,True,train,IMG20240228132319,20240228,132319
44,ONEPLUS_NORD,14,train|valid,True,train,IMG20240228132335,20240228,132335
44,ONEPLUS_NORD,14,train|valid,True,train,IMG20240228132345,20240228,132345
44,ONEPLUS_NORD,14,train|valid,True,train,IMG20240228132354,20240228,132354
44,ONEPLUS_NORD,14,train|valid,True,valid,IMG20240228132440,20240228,132440
44,ONEPLUS_NORD,14,train|valid,True,valid,IMG20240228132445,20240228,132445
44,ONEPLUS_NORD,14,train|valid,True,train,IMG20240228132456,20240228,132456
44,ONEPLUS_NORD,14,train|valid,True,train,IMG20240228132524,20240228,132524
44,ONEPLUS_NORD,14,train|valid,True,train,IMG20240228132533,20240228,132533
44,ONEPLUS_NORD,14,train|valid,True,train,IMG20240228132544,20240228,132544
44,ONEPLUS_NORD,14,train|valid,True,train,IMG20240228132559,20240228,132559
44,ONEPLUS_NORD,14,train|valid,True,train,IMG20240228132605_01,20240228,132605
44,ONEPLUS_NORD,14,train|valid,True,train,IMG20240228132621,20240228,132621
45,ONEPLUS_NORD,2,test|valid,True,valid,IMG20240228132725,20240228,132725
45,ONEPLUS_NORD,2,test|valid,True,test,IMG20240228132732,20240228,132732
46,ONEPLUS_NORD,12,test|train|valid,True,valid,IMG20240228132838,20240228,132838
46,ONEPLUS_NORD,12,test|train|valid,True,train,IMG20240228132855,20240228,132855
46,ONEPLUS_NORD,12,test|train|valid,True,train,IMG20240228132906,20240228,132906
46,ONEPLUS_NORD,12,test|train|valid,True,train,IMG20240228132935,20240228,132935
46,ONEPLUS_NORD,12,test|train|valid,True,train,IMG20240228133008,20240228,133008
46,ONEPLUS_NORD,12,test|train|valid,True,test,IMG20240228133018,20240228,133018
46,ONEPLUS_NORD,12,test|train|valid,True,test,IMG20240228133029,20240228,133029
46,ONEPLUS_NORD,12,test|train|valid,True,train,IMG20240228133058,20240228,133058
46,ONEPLUS_NORD,12,test|train|valid,True,train,IMG20240228133110_01,20240228,133110
46,ONEPLUS_NORD,12,test|train|valid,True,valid,IMG20240228133137,20240228,133137
46,ONEPLUS_NORD,12,test|train|valid,True,train,IMG20240228133155,20240228,133155
46,ONEPLUS_NORD,12,test|train|valid,True,train,IMG20240228133207,20240228,133207
47,ONEPLUS_NORD,9,train,False,train,IMG20240228133659_01,20240228,133659
47,ONEPLUS_NORD,9,train,False,train,IMG20240228133740_01,20240228,133740
47,ONEPLUS_NORD,9,train,False,train,IMG20240228133759,20240228,133759
47,ONEPLUS_NORD,9,train,False,train,IMG20240228133815,20240228,133815
47,ONEPLUS_NORD,9,train,False,train,IMG20240228133855,20240228,133855
47,ONEPLUS_NORD,9,train,False,train,IMG20240228133904,20240228,133904
47,ONEPLUS_NORD,9,train,False,train,IMG20240228133928,20240228,133928
47,ONEPLUS_NORD,9,train,False,train,IMG20240228133955,20240228,133955
47,ONEPLUS_NORD,9,train,False,train,IMG20240228134000,20240228,134000
48,ONEPLUS_NORD,3,train,False,train,IMG20240228134128,20240228,134128
48,ONEPLUS_NORD,3,train,False,train,IMG20240228134136,20240228,134136
48,ONEPLUS_NORD,3,train,False,train,IMG20240228134144,20240228,134144
49,ONEPLUS_NORD,2,train,False,train,IMG20240228135156,20240228,135156
49,ONEPLUS_NORD,2,train,False,train,IMG20240228135201,20240228,135201
50,ONEPLUS_NORD,8,train,False,train,IMG20240228135335,20240228,135335
50,ONEPLUS_NORD,8,train,False,train,IMG20240228135342,20240228,135342
50,ONEPLUS_NORD,8,train,False,train,IMG20240228135348,20240228,135348
50,ONEPLUS_NORD,8,train,False,train,IMG20240228135418,20240228,135418
50,ONEPLUS_NORD,8,train,False,train,IMG20240228135459,20240228,135459
50,ONEPLUS_NORD,8,train,False,train,IMG20240228135507,20240228,135507
50,ONEPLUS_NORD,8,train,False,train,IMG20240228135513,20240228,135513
50,ONEPLUS_NORD,8,train,False,train,IMG20240228135553,20240228,135553
51,ONEPLUS_NORD,15,test|train,True,train,IMG20240228142057,20240228,142057
51,ONEPLUS_NORD,15,test|train,True,train,IMG20240228142107,20240228,142107
51,ONEPLUS_NORD,15,test|train,True,train,IMG20240228142129,20240228,142129
51,ONEPLUS_NORD,15,test|train,True,test,IMG20240228142135,20240228,142135
51,ONEPLUS_NORD,15,test|train,True,train,IMG20240228142159,20240228,142159
51,ONEPLUS_NORD,15,test|train,True,train,IMG20240228142222,20240228,142222
51,ONEPLUS_NORD,15,test|train,True,train,IMG20240228142237,20240228,142237
51,ONEPLUS_NORD,15,test|train,True,train,IMG20240228142259,20240228,142259
51,ONEPLUS_NORD,15,test|train,True,test,IMG20240228142313,20240228,142313
51,ONEPLUS_NORD,15,test|train,True,train,IMG20240228142340,20240228,142340
51,ONEPLUS_NORD,15,test|train,True,train,IMG20240228142346,20240228,142346
51,ONEPLUS_NORD,15,test|train,True,train,IMG20240228142356,20240228,142356
51,ONEPLUS_NORD,15,test|train,True,train,IMG20240228142403,20240228,142403
51,ONEPLUS_NORD,15,test|train,True,train,IMG20240228142427,20240228,142427
51,ONEPLUS_NORD,15,test|train,True,train,IMG20240228142434,20240228,142434
52,ONEPLUS_NORD,39,test|valid,True,test,IMG20240303105743,20240303,105743
52,ONEPLUS_NORD,39,test|valid,True,test,IMG20240303105750,20240303,105750
52,ONEPLUS_NORD,39,test|valid,True,test,IMG20240303105800,20240303,105800
52,ONEPLUS_NORD,39,test|valid,True,test,IMG20240303105812,20240303,105812
52,ONEPLUS_NORD,39,test|valid,True,test,IMG20240303105820,20240303,105820
52,ONEPLUS_NORD,39,test|valid,True,test,IMG20240303105838,20240303,105838
52,ONEPLUS_NORD,39,test|valid,True,test,IMG20240303105852,20240303,105852
52,ONEPLUS_NORD,39,test|valid,True,test,IMG20240303105921,20240303,105921
52,ONEPLUS_NORD,39,test|valid,True,test,IMG20240303105934,20240303,105934
52,ONEPLUS_NORD,39,test|valid,True,test,IMG20240303105939,20240303,105939
52,ONEPLUS_NORD,39,test|valid,True,test,IMG20240303110007,20240303,110007
52,ONEPLUS_NORD,39,test|valid,True,valid,IMG20240303110013,20240303,110013
52,ONEPLUS_NORD,39,test|valid,True,test,IMG20240303110030,20240303,110030
52,ONEPLUS_NORD,39,test|valid,True,test,IMG20240303110037,20240303,110037
52,ONEPLUS_NORD,39,test|valid,True,test,IMG20240303110054,20240303,110054
52,ONEPLUS_NORD,39,test|valid,True,valid,IMG20240303110112,20240303,110112
52,ONEPLUS_NORD,39,test|valid,True,test,IMG20240303110129,20240303,110129
52,ONEPLUS_NORD,39,test|valid,True,valid,IMG20240303110140,20240303,110140
52,ONEPLUS_NORD,39,test|valid,True,test,IMG20240303110158,20240303,110158
52,ONEPLUS_NORD,39,test|valid,True,test,IMG20240303110214,20240303,110214
52,ONEPLUS_NORD,39,test|valid,True,test,IMG20240303110236,20240303,110236
52,ONEPLUS_NORD,39,test|valid,True,test,IMG20240303110252,20240303,110252
52,ONEPLUS_NORD,39,test|valid,True,valid,IMG20240303110322,20240303,110322
52,ONEPLUS_NORD,39,test|valid,True,test,IMG20240303110327,20240303,110327
52,ONEPLUS_NORD,39,test|valid,True,test,IMG20240303110336,20240303,110336
52,ONEPLUS_NORD,39,test|valid,True,test,IMG20240303110406,20240303,110406
52,ONEPLUS_NORD,39,test|valid,True,test,IMG20240303110414,20240303,110414
52,ONEPLUS_NORD,39,test|valid,True,test,IMG20240303110422,20240303,110422
52,ONEPLUS_NORD,39,test|valid,True,valid,IMG20240303110505,20240303,110505
52,ONEPLUS_NORD,39,test|valid,True,valid,IMG20240303110510,20240303,110510
52,ONEPLUS_NORD,39,test|valid,True,test,IMG20240303110517,20240303,110517
52,ONEPLUS_NORD,39,test|valid,True,valid,IMG20240303110616,20240303,110616
52,ONEPLUS_NORD,39,test|valid,True,test,IMG20240303110620,20240303,110620
52,ONEPLUS_NORD,39,test|valid,True,test,IMG20240303110638,20240303,110638
52,ONEPLUS_NORD,39,test|valid,True,test,IMG20240303110723,20240303,110723
52,ONEPLUS_NORD,39,test|valid,True,test,IMG20240303110728,20240303,110728
52,ONEPLUS_NORD,39,test|valid,True,test,IMG20240303110734,20240303,110734
52,ONEPLUS_NORD,39,test|valid,True,test,IMG20240303110821,20240303,110821
52,ONEPLUS_NORD,39,test|valid,True,test,IMG20240303110835,20240303,110835
53,ONEPLUS_NORD,21,test|valid,True,test,IMG20240303110947,20240303,110947
53,ONEPLUS_NORD,21,test|valid,True,test,IMG20240303111006,20240303,111006
53,ONEPLUS_NORD,21,test|valid,True,valid,IMG20240303111013,20240303,111013
53,ONEPLUS_NORD,21,test|valid,True,valid,IMG20240303111020,20240303,111020
53,ONEPLUS_NORD,21,test|valid,True,test,IMG20240303111039,20240303,111039
53,ONEPLUS_NORD,21,test|valid,True,test,IMG20240303111042,20240303,111042
53,ONEPLUS_NORD,21,test|valid,True,valid,IMG20240303111050,20240303,111050
53,ONEPLUS_NORD,21,test|valid,True,test,IMG20240303111124,20240303,111124
53,ONEPLUS_NORD,21,test|valid,True,valid,IMG20240303111129,20240303,111129
53,ONEPLUS_NORD,21,test|valid,True,test,IMG20240303111139,20240303,111139
53,ONEPLUS_NORD,21,test|valid,True,test,IMG20240303111152,20240303,111152
53,ONEPLUS_NORD,21,test|valid,True,test,IMG20240303111159,20240303,111159
53,ONEPLUS_NORD,21,test|valid,True,test,IMG20240303111224,20240303,111224
53,ONEPLUS_NORD,21,test|valid,True,test,IMG20240303111228,20240303,111228
53,ONEPLUS_NORD,21,test|valid,True,test,IMG20240303111243,20240303,111243
53,ONEPLUS_NORD,21,test|valid,True,test,IMG20240303111248,20240303,111248
53,ONEPLUS_NORD,21,test|valid,True,test,IMG20240303111258,20240303,111258
53,ONEPLUS_NORD,21,test|valid,True,test,IMG20240303111302,20240303,111302
53,ONEPLUS_NORD,21,test|valid,True,test,IMG20240303111312,20240303,111312
53,ONEPLUS_NORD,21,test|valid,True,test,IMG20240303111325,20240303,111325
53,ONEPLUS_NORD,21,test|valid,True,test,IMG20240303111332,20240303,111332
54,ONEPLUS_NORD,22,test|valid,True,valid,IMG20240303111610,20240303,111610
54,ONEPLUS_NORD,22,test|valid,True,test,IMG20240303111615,20240303,111615
54,ONEPLUS_NORD,22,test|valid,True,valid,IMG20240303111619,20240303,111619
54,ONEPLUS_NORD,22,test|valid,True,valid,IMG20240303111639,20240303,111639
54,ONEPLUS_NORD,22,test|valid,True,test,IMG20240303111645,20240303,111645
54,ONEPLUS_NORD,22,test|valid,True,test,IMG20240303111705,20240303,111705
54,ONEPLUS_NORD,22,test|valid,True,test,IMG20240303111709,20240303,111709
54,ONEPLUS_NORD,22,test|valid,True,test,IMG20240303111716,20240303,111716
54,ONEPLUS_NORD,22,test|valid,True,test,IMG20240303111738,20240303,111738
54,ONEPLUS_NORD,22,test|valid,True,test,IMG20240303111744,20240303,111744
54,ONEPLUS_NORD,22,test|valid,True,test,IMG20240303111804,20240303,111804
54,ONEPLUS_NORD,22,test|valid,True,test,IMG20240303111808,20240303,111808
54,ONEPLUS_NORD,22,test|valid,True,test,IMG20240303111815,20240303,111815
54,ONEPLUS_NORD,22,test|valid,True,test,IMG20240303111821,20240303,111821
54,ONEPLUS_NORD,22,test|valid,True,test,IMG20240303111838,20240303,111838
54,ONEPLUS_NORD,22,test|valid,True,test,IMG20240303111843,20240303,111843
54,ONEPLUS_NORD,22,test|valid,True,test,IMG20240303111847,20240303,111847
54,ONEPLUS_NORD,22,test|valid,True,test,IMG20240303111850,20240303,111850
54,ONEPLUS_NORD,22,test|valid,True,valid,IMG20240303111914,20240303,111914
54,ONEPLUS_NORD,22,test|valid,True,test,IMG20240303111919,20240303,111919
54,ONEPLUS_NORD,22,test|valid,True,valid,IMG20240303111923,20240303,111923
54,ONEPLUS_NORD,22,test|valid,True,test,IMG20240303111929,20240303,111929
55,ONEPLUS_NORD,6,test|train,True,train,IMG20240417115028,20240417,115028
55,ONEPLUS_NORD,6,test|train,True,train,IMG20240417115035,20240417,115035
55,ONEPLUS_NORD,6,test|train,True,train,IMG20240417115059,20240417,115059
55,ONEPLUS_NORD,6,test|train,True,test,IMG20240417115121,20240417,115121
55,ONEPLUS_NORD,6,test|train,True,test,IMG20240417115151,20240417,115151
55,ONEPLUS_NORD,6,test|train,True,train,IMG20240417115201,20240417,115201
56,ONEPLUS_NORD,3,train|valid,True,valid,IMG20240417115339,20240417,115339
56,ONEPLUS_NORD,3,train|valid,True,train,IMG20240417115347,20240417,115347
56,ONEPLUS_NORD,3,train|valid,True,valid,IMG20240417115406,20240417,115406
57,ONEPLUS_NORD,4,train,False,train,IMG20240417115517,20240417,115517
57,ONEPLUS_NORD,4,train,False,train,IMG20240417115534,20240417,115534
57,ONEPLUS_NORD,4,train,False,train,IMG20240417115542,20240417,115542
57,ONEPLUS_NORD,4,train,False,train,IMG20240417115614,20240417,115614
58,ONEPLUS_NORD,1,train,False,train,IMG20240417115728,20240417,115728
59,ONEPLUS_NORD,7,train|valid,True,train,IMG20240417120332,20240417,120332
59,ONEPLUS_NORD,7,train|valid,True,valid,IMG20240417120340,20240417,120340
59,ONEPLUS_NORD,7,train|valid,True,train,IMG20240417120351,20240417,120351
59,ONEPLUS_NORD,7,train|valid,True,train,IMG20240417120415,20240417,120415
59,ONEPLUS_NORD,7,train|valid,True,valid,IMG20240417120425,20240417,120425
59,ONEPLUS_NORD,7,train|valid,True,train,IMG20240417120447,20240417,120447
59,ONEPLUS_NORD,7,train|valid,True,train,IMG20240417120455,20240417,120455
60,REDMI,19,train,False,train,IMG_20240219_113620,20240219,113620
60,REDMI,19,train,False,train,IMG_20240219_113626,20240219,113626
60,REDMI,19,train,False,train,IMG_20240219_113631,20240219,113631
60,REDMI,19,train,False,train,IMG_20240219_113639,20240219,113639
60,REDMI,19,train,False,train,IMG_20240219_113711,20240219,113711
60,REDMI,19,train,False,train,IMG_20240219_113715,20240219,113715
60,REDMI,19,train,False,train,IMG_20240219_113719,20240219,113719
60,REDMI,19,train,False,train,IMG_20240219_113730,20240219,113730
60,REDMI,19,train,False,train,IMG_20240219_113739,20240219,113739
60,REDMI,19,train,False,train,IMG_20240219_113808,20240219,113808
60,REDMI,19,train,False,train,IMG_20240219_113819,20240219,113819
60,REDMI,19,train,False,train,IMG_20240219_113837,20240219,113837
60,REDMI,19,train,False,train,IMG_20240219_113917,20240219,113917
60,REDMI,19,train,False,train,IMG_20240219_113922,20240219,113922
60,REDMI,19,train,False,train,IMG_20240219_113931,20240219,113931
60,REDMI,19,train,False,train,IMG_20240219_113936,20240219,113936
60,REDMI,19,train,False,train,IMG_20240219_114005,20240219,114005
60,REDMI,19,train,False,train,IMG_20240219_114012,20240219,114012
60,REDMI,19,train,False,train,IMG_20240219_114018,20240219,114018
61,REDMI,7,train,False,train,IMG_20240219_114133,20240219,114133
61,REDMI,7,train,False,train,IMG_20240219_114140,20240219,114140
61,REDMI,7,train,False,train,IMG_20240219_114209,20240219,114209
61,REDMI,7,train,False,train,IMG_20240219_114214,20240219,114214
61,REDMI,7,train,False,train,IMG_20240219_114241,20240219,114241
61,REDMI,7,train,False,train,IMG_20240219_114244,20240219,114244
61,REDMI,7,train,False,train,IMG_20240219_114253,20240219,114253
62,REDMI,3,train,False,train,IMG_20240219_114442,20240219,114442
62,REDMI,3,train,False,train,IMG_20240219_114447,20240219,114447
62,REDMI,3,train,False,train,IMG_20240219_114451,20240219,114451
63,REDMI,16,train,False,train,IMG_20240219_114614,20240219,114614
63,REDMI,16,train,False,train,IMG_20240219_114643,20240219,114643
63,REDMI,16,train,False,train,IMG_20240219_114646,20240219,114646
63,REDMI,16,train,False,train,IMG_20240219_114652,20240219,114652
63,REDMI,16,train,False,train,IMG_20240219_114741,20240219,114741
63,REDMI,16,train,False,train,IMG_20240219_114745,20240219,114745
63,REDMI,16,train,False,train,IMG_20240219_114814,20240219,114814
63,REDMI,16,train,False,train,IMG_20240219_114818,20240219,114818
63,REDMI,16,train,False,train,IMG_20240219_114822,20240219,114822
63,REDMI,16,train,False,train,IMG_20240219_114826,20240219,114826
63,REDMI,16,train,False,train,IMG_20240219_114906,20240219,114906
63,REDMI,16,train,False,train,IMG_20240219_114911,20240219,114911
63,REDMI,16,train,False,train,IMG_20240219_114918,20240219,114918
63,REDMI,16,train,False,train,IMG_20240219_114958,20240219,114958
63,REDMI,16,train,False,train,IMG_20240219_115004,20240219,115004
63,REDMI,16,train,False,train,IMG_20240219_115010,20240219,115010
64,REDMI,10,train,False,train,IMG_20240219_115215,20240219,115215
64,REDMI,10,train,False,train,IMG_20240219_115220,20240219,115220
64,REDMI,10,train,False,train,IMG_20240219_115224,20240219,115224
64,REDMI,10,train,False,train,IMG_20240219_115257,20240219,115257
64,REDMI,10,train,False,train,IMG_20240219_115336,20240219,115336
64,REDMI,10,train,False,train,IMG_20240219_115342,20240219,115342
64,REDMI,10,train,False,train,IMG_20240219_115347,20240219,115347
64,REDMI,10,train,False,train,IMG_20240219_115433,20240219,115433
64,REDMI,10,train,False,train,IMG_20240219_115438,20240219,115438
64,REDMI,10,train,False,train,IMG_20240219_115455,20240219,115455
65,REDMI,2,train,False,train,IMG_20240219_115811,20240219,115811
65,REDMI,2,train,False,train,IMG_20240219_115821,20240219,115821
66,REDMI,3,train,False,train,IMG_20240219_115933,20240219,115933
66,REDMI,3,train,False,train,IMG_20240219_115941,20240219,115941
66,REDMI,3,train,False,train,IMG_20240219_115948,20240219,115948
67,REDMI,7,train,False,train,IMG_20240219_120158,20240219,120158
67,REDMI,7,train,False,train,IMG_20240219_120205,20240219,120205
67,REDMI,7,train,False,train,IMG_20240219_120209,20240219,120209
67,REDMI,7,train,False,train,IMG_20240219_120213,20240219,120213
67,REDMI,7,train,False,train,IMG_20240219_120248,20240219,120248
67,REDMI,7,train,False,train,IMG_20240219_120254,20240219,120254
67,REDMI,7,train,False,train,IMG_20240219_120311,20240219,120311
68,REDMI,10,train,False,train,IMG_20240220_114159,20240220,114159
68,REDMI,10,train,False,train,IMG_20240220_114205,20240220,114205
68,REDMI,10,train,False,train,IMG_20240220_114213,20240220,114213
68,REDMI,10,train,False,train,IMG_20240220_114220,20240220,114220
68,REDMI,10,train,False,train,IMG_20240220_114230,20240220,114230
68,REDMI,10,train,False,train,IMG_20240220_114237,20240220,114237
68,REDMI,10,train,False,train,IMG_20240220_114312,20240220,114312
68,REDMI,10,train,False,train,IMG_20240220_114318,20240220,114318
68,REDMI,10,train,False,train,IMG_20240220_114326,20240220,114326
68,REDMI,10,train,False,train,IMG_20240220_114332,20240220,114332
69,REDMI,13,train,False,train,IMG_20240220_114533,20240220,114533
69,REDMI,13,train,False,train,IMG_20240220_114541,20240220,114541
69,REDMI,13,train,False,train,IMG_20240220_114554,20240220,114554
69,REDMI,13,train,False,train,IMG_20240220_114617,20240220,114617
69,REDMI,13,train,False,train,IMG_20240220_114621,20240220,114621
69,REDMI,13,train,False,train,IMG_20240220_114627,20240220,114627
69,REDMI,13,train,False,train,IMG_20240220_114642,20240220,114642
69,REDMI,13,train,False,train,IMG_20240220_114647,20240220,114647
69,REDMI,13,train,False,train,IMG_20240220_114725,20240220,114725
69,REDMI,13,train,False,train,IMG_20240220_114731,20240220,114731
69,REDMI,13,train,False,train,IMG_20240220_114740,20240220,114740
69,REDMI,13,train,False,train,IMG_20240220_114746,20240220,114746
69,REDMI,13,train,False,train,IMG_20240220_114750,20240220,114750
70,REDMI,64,train,False,train,IMG_20240220_114919,20240220,114919
70,REDMI,64,train,False,train,IMG_20240220_114924,20240220,114924
70,REDMI,64,train,False,train,IMG_20240220_114930,20240220,114930
70,REDMI,64,train,False,train,IMG_20240220_114936,20240220,114936
70,REDMI,64,train,False,train,IMG_20240220_115006,20240220,115006
70,REDMI,64,train,False,train,IMG_20240220_115016,20240220,115016
70,REDMI,64,train,False,train,IMG_20240220_115021,20240220,115021
70,REDMI,64,train,False,train,IMG_20240220_115044,20240220,115044
70,REDMI,64,train,False,train,IMG_20240220_115047,20240220,115047
70,REDMI,64,train,False,train,IMG_20240220_115051,20240220,115051
70,REDMI,64,train,False,train,IMG_20240220_115120,20240220,115120
70,REDMI,64,train,False,train,IMG_20240220_115123,20240220,115123
70,REDMI,64,train,False,train,IMG_20240220_115127,20240220,115127
70,REDMI,64,train,False,train,IMG_20240220_115132,20240220,115132
70,REDMI,64,train,False,train,IMG_20240220_115211,20240220,115211
70,REDMI,64,train,False,train,IMG_20240220_115215,20240220,115215
70,REDMI,64,train,False,train,IMG_20240220_115224,20240220,115224
70,REDMI,64,train,False,train,IMG_20240220_115229,20240220,115229
70,REDMI,64,train,False,train,IMG_20240220_115304,20240220,115304
70,REDMI,64,train,False,train,IMG_20240220_115315,20240220,115315
70,REDMI,64,train,False,train,IMG_20240220_115316,20240220,115316
70,REDMI,64,train,False,train,IMG_20240220_115321,20240220,115321
70,REDMI,64,train,False,train,IMG_20240220_115333,20240220,115333
70,REDMI,64,train,False,train,IMG_20240220_115414,20240220,115414
70,REDMI,64,train,False,train,IMG_20240220_115418,20240220,115418
70,REDMI,64,train,False,train,IMG_20240220_115427,20240220,115427
70,REDMI,64,train,False,train,IMG_20240220_115430,20240220,115430
70,REDMI,64,train,False,train,IMG_20240220_115458,20240220,115458
70,REDMI,64,train,False,train,IMG_20240220_115502,20240220,115502
70,REDMI,64,train,False,train,IMG_20240220_115527,20240220,115527
70,REDMI,64,train,False,train,IMG_20240220_115533,20240220,115533
70,REDMI,64,train,False,train,IMG_20240220_115539,20240220,115539
70,REDMI,64,train,False,train,IMG_20240220_115618,20240220,115618
70,REDMI,64,train,False,train,IMG_20240220_115622,20240220,115622
70,REDMI,64,train,False,train,IMG_20240220_115625,20240220,115625
70,REDMI,64,train,False,train,IMG_20240220_115715,20240220,115715
70,REDMI,64,train,False,train,IMG_20240220_115747,20240220,115747
70,REDMI,64,train,False,train,IMG_20240220_115756,20240220,115756
70,REDMI,64,train,False,train,IMG_20240220_115849,20240220,115849
70,REDMI,64,train,False,train,IMG_20240220_115857,20240220,115857
70,REDMI,64,train,False,train,IMG_20240220_115903,20240220,115903
70,REDMI,64,train,False,train,IMG_20240220_115909,20240220,115909
70,REDMI,64,train,False,train,IMG_20240220_115924,20240220,115924
70,REDMI,64,train,False,train,IMG_20240220_115930,20240220,115930
70,REDMI,64,train,False,train,IMG_20240220_115942,20240220,115942
70,REDMI,64,train,False,train,IMG_20240220_120015,20240220,120015
70,REDMI,64,train,False,train,IMG_20240220_120029,20240220,120029
70,REDMI,64,train,False,train,IMG_20240220_120103,20240220,120103
70,REDMI,64,train,False,train,IMG_20240220_120146,20240220,120146
70,REDMI,64,train,False,train,IMG_20240220_120154,20240220,120154
70,REDMI,64,train,False,train,IMG_20240220_120248,20240220,120248
70,REDMI,64,train,False,train,IMG_20240220_120308,20240220,120308
70,REDMI,64,train,False,train,IMG_20240220_120314,20240220,120314
70,REDMI,64,train,False,train,IMG_20240220_120346,20240220,120346
70,REDMI,64,train,False,train,IMG_20240220_120351,20240220,120351
70,REDMI,64,train,False,train,IMG_20240220_120357,20240220,120357
70,REDMI,64,train,False,train,IMG_20240220_120413,20240220,120413
70,REDMI,64,train,False,train,IMG_20240220_120420,20240220,120420
70,REDMI,64,train,False,train,IMG_20240220_120501,20240220,120501
70,REDMI,64,train,False,train,IMG_20240220_120505,20240220,120505
70,REDMI,64,train,False,train,IMG_20240220_120508,20240220,120508
70,REDMI,64,train,False,train,IMG_20240220_120515,20240220,120515
70,REDMI,64,train,False,train,IMG_20240220_120532,20240220,120532
70,REDMI,64,train,False,train,IMG_20240220_120539,20240220,120539
71,REDMI,3,train,False,train,IMG_20240220_120903,20240220,120903
71,REDMI,3,train,False,train,IMG_20240220_120907,20240220,120907
71,REDMI,3,train,False,train,IMG_20240220_120913,20240220,120913
72,REDMI,46,train,False,train,IMG_20240220_121114,20240220,121114
72,REDMI,46,train,False,train,IMG_20240220_121119,20240220,121119
72,REDMI,46,train,False,train,IMG_20240220_121133,20240220,121133
72,REDMI,46,train,False,train,IMG_20240220_121143,20240220,121143
72,REDMI,46,train,False,train,IMG_20240220_121153,20240220,121153
72,REDMI,46,train,False,train,IMG_20240220_121201,20240220,121201
72,REDMI,46,train,False,train,IMG_20240220_121228,20240220,121228
72,REDMI,46,train,False,train,IMG_20240220_121242,20240220,121242
72,REDMI,46,train,False,train,IMG_20240220_121252,20240220,121252
72,REDMI,46,train,False,train,IMG_20240220_121303,20240220,121303
72,REDMI,46,train,False,train,IMG_20240220_121322,20240220,121322
72,REDMI,46,train,False,train,IMG_20240220_121328,20240220,121328
72,REDMI,46,train,False,train,IMG_20240220_121334,20240220,121334
72,REDMI,46,train,False,train,IMG_20240220_121340,20240220,121340
72,REDMI,46,train,False,train,IMG_20240220_121346,20240220,121346
72,REDMI,46,train,False,train,IMG_20240220_121359,20240220,121359
72,REDMI,46,train,False,train,IMG_20240220_121405,20240220,121405
72,REDMI,46,train,False,train,IMG_20240220_121409,20240220,121409
72,REDMI,46,train,False,train,IMG_20240220_121416,20240220,121416
72,REDMI,46,train,False,train,IMG_20240220_121422,20240220,121422
72,REDMI,46,train,False,train,IMG_20240220_121455,20240220,121455
72,REDMI,46,train,False,train,IMG_20240220_121500,20240220,121500
72,REDMI,46,train,False,train,IMG_20240220_121506,20240220,121506
72,REDMI,46,train,False,train,IMG_20240220_121512,20240220,121512
72,REDMI,46,train,False,train,IMG_20240220_121525,20240220,121525
72,REDMI,46,train,False,train,IMG_20240220_121536,20240220,121536
72,REDMI,46,train,False,train,IMG_20240220_121603,20240220,121603
72,REDMI,46,train,False,train,IMG_20240220_121611,20240220,121611
72,REDMI,46,train,False,train,IMG_20240220_121628,20240220,121628
72,REDMI,46,train,False,train,IMG_20240220_121637,20240220,121637
72,REDMI,46,train,False,train,IMG_20240220_121656,20240220,121656
72,REDMI,46,train,False,train,IMG_20240220_121702,20240220,121702
72,REDMI,46,train,False,train,IMG_20240220_121746,20240220,121746
72,REDMI,46,train,False,train,IMG_20240220_121809,20240220,121809
72,REDMI,46,train,False,train,IMG_20240220_121907,20240220,121907
72,REDMI,46,train,False,train,IMG_20240220_121913,20240220,121913
72,REDMI,46,train,False,train,IMG_20240220_121918,20240220,121918
72,REDMI,46,train,False,train,IMG_20240220_121939,20240220,121939
72,REDMI,46,train,False,train,IMG_20240220_121944,20240220,121944
72,REDMI,46,train,False,train,IMG_20240220_121951,20240220,121951
72,REDMI,46,train,False,train,IMG_20240220_121957,20240220,121957
72,REDMI,46,train,False,train,IMG_20240220_122012,20240220,122012
72,REDMI,46,train,False,train,IMG_20240220_122017,20240220,122017
72,REDMI,46,train,False,train,IMG_20240220_122022,20240220,122022
72,REDMI,46,train,False,train,IMG_20240220_122028,20240220,122028
72,REDMI,46,train,False,train,IMG_20240220_122035,20240220,122035
73,REDMI,42,train,False,train,IMG_20240220_131426,20240220,131426
73,REDMI,42,train,False,train,IMG_20240220_131431,20240220,131431
73,REDMI,42,train,False,train,IMG_20240220_131436,20240220,131436
73,REDMI,42,train,False,train,IMG_20240220_131443,20240220,131443
73,REDMI,42,train,False,train,IMG_20240220_131451,20240220,131451
73,REDMI,42,train,False,train,IMG_20240220_131456,20240220,131456
73,REDMI,42,train,False,train,IMG_20240220_131503,20240220,131503
73,REDMI,42,train,False,train,IMG_20240220_131506,20240220,131506
73,REDMI,42,train,False,train,IMG_20240220_131513,20240220,131513
73,REDMI,42,train,False,train,IMG_20240220_131522,20240220,131522
73,REDMI,42,train,False,train,IMG_20240220_131548,20240220,131548
73,REDMI,42,train,False,train,IMG_20240220_131552,20240220,131552
73,REDMI,42,train,False,train,IMG_20240220_131559,20240220,131559
73,REDMI,42,train,False,train,IMG_20240220_131606,20240220,131606
73,REDMI,42,train,False,train,IMG_20240220_131610,20240220,131610
73,REDMI,42,train,False,train,IMG_20240220_131638,20240220,131638
73,REDMI,42,train,False,train,IMG_20240220_131654,20240220,131654
73,REDMI,42,train,False,train,IMG_20240220_131734,20240220,131734
73,REDMI,42,train,False,train,IMG_20240220_131738,20240220,131738
73,REDMI,42,train,False,train,IMG_20240220_131745,20240220,131745
73,REDMI,42,train,False,train,IMG_20240220_131827,20240220,131827
73,REDMI,42,train,False,train,IMG_20240220_131832,20240220,131832
73,REDMI,42,train,False,train,IMG_20240220_131840,20240220,131840
73,REDMI,42,train,False,train,IMG_20240220_131847,20240220,131847
73,REDMI,42,train,False,train,IMG_20240220_131851,20240220,131851
73,REDMI,42,train,False,train,IMG_20240220_131908,20240220,131908
73,REDMI,42,train,False,train,IMG_20240220_131918,20240220,131918
73,REDMI,42,train,False,train,IMG_20240220_131946,20240220,131946
73,REDMI,42,train,False,train,IMG_20240220_131951,20240220,131951
73,REDMI,42,train,False,train,IMG_20240220_131954,20240220,131954
73,REDMI,42,train,False,train,IMG_20240220_131958,20240220,131958
73,REDMI,42,train,False,train,IMG_20240220_132006,20240220,132006
73,REDMI,42,train,False,train,IMG_20240220_132018,20240220,132018
73,REDMI,42,train,False,train,IMG_20240220_132036,20240220,132036
73,REDMI,42,train,False,train,IMG_20240220_132039,20240220,132039
73,REDMI,42,train,False,train,IMG_20240220_132043,20240220,132043
73,REDMI,42,train,False,train,IMG_20240220_132047,20240220,132047
73,REDMI,42,train,False,train,IMG_20240220_132056,20240220,132056
73,REDMI,42,train,False,train,IMG_20240220_132059,20240220,132059
73,REDMI,42,train,False,train,IMG_20240220_132104,20240220,132104
73,REDMI,42,train,False,train,IMG_20240220_132120,20240220,132120
73,REDMI,42,train,False,train,IMG_20240220_132126,20240220,132126
74,REDMI,50,train,False,train,IMG_20240220_132242,20240220,132242
74,REDMI,50,train,False,train,IMG_20240220_132303,20240220,132303
74,REDMI,50,train,False,train,IMG_20240220_132310,20240220,132310
74,REDMI,50,train,False,train,IMG_20240220_132322,20240220,132322
74,REDMI,50,train,False,train,IMG_20240220_132334,20240220,132334
74,REDMI,50,train,False,train,IMG_20240220_132340,20240220,132340
74,REDMI,50,train,False,train,IMG_20240220_132359,20240220,132359
74,REDMI,50,train,False,train,IMG_20240220_132403,20240220,132403
74,REDMI,50,train,False,train,IMG_20240220_132408,20240220,132408
74,REDMI,50,train,False,train,IMG_20240220_132414,20240220,132414
74,REDMI,50,train,False,train,IMG_20240220_132419,20240220,132419
74,REDMI,50,train,False,train,IMG_20240220_132422,20240220,132422
74,REDMI,50,train,False,train,IMG_20240220_132439,20240220,132439
74,REDMI,50,train,False,train,IMG_20240220_132444,20240220,132444
74,REDMI,50,train,False,train,IMG_20240220_132456,20240220,132456
74,REDMI,50,train,False,train,IMG_20240220_132508,20240220,132508
74,REDMI,50,train,False,train,IMG_20240220_132516,20240220,132516
74,REDMI,50,train,False,train,IMG_20240220_132521,20240220,132521
74,REDMI,50,train,False,train,IMG_20240220_132541,20240220,132541
74,REDMI,50,train,False,train,IMG_20240220_132547,20240220,132547
74,REDMI,50,train,False,train,IMG_20240220_132601,20240220,132601
74,REDMI,50,train,False,train,IMG_20240220_132607,20240220,132607
74,REDMI,50,train,False,train,IMG_20240220_132618,20240220,132618
74,REDMI,50,train,False,train,IMG_20240220_132626,20240220,132626
74,REDMI,50,train,False,train,IMG_20240220_132638,20240220,132638
74,REDMI,50,train,False,train,IMG_20240220_132642,20240220,132642
74,REDMI,50,train,False,train,IMG_20240220_132648,20240220,132648
74,REDMI,50,train,False,train,IMG_20240220_132702,20240220,132702
74,REDMI,50,train,False,train,IMG_20240220_132712,20240220,132712
74,REDMI,50,train,False,train,IMG_20240220_132728,20240220,132728
74,REDMI,50,train,False,train,IMG_20240220_132740,20240220,132740
74,REDMI,50,train,False,train,IMG_20240220_132834,20240220,132834
74,REDMI,50,train,False,train,IMG_20240220_132840,20240220,132840
74,REDMI,50,train,False,train,IMG_20240220_132844,20240220,132844
74,REDMI,50,train,False,train,IMG_20240220_132849,20240220,132849
74,REDMI,50,train,False,train,IMG_20240220_132854,20240220,132854
74,REDMI,50,train,False,train,IMG_20240220_132900,20240220,132900
74,REDMI,50,train,False,train,IMG_20240220_132908,20240220,132908
74,REDMI,50,train,False,train,IMG_20240220_132923,20240220,132923
74,REDMI,50,train,False,train,IMG_20240220_132943,20240220,132943
74,REDMI,50,train,False,train,IMG_20240220_132948,20240220,132948
74,REDMI,50,train,False,train,IMG_20240220_132952,20240220,132952
74,REDMI,50,train,False,train,IMG_20240220_133000,20240220,133000
74,REDMI,50,train,False,train,IMG_20240220_133020,20240220,133020
74,REDMI,50,train,False,train,IMG_20240220_133024,20240220,133024
74,REDMI,50,train,False,train,IMG_20240220_133046,20240220,133046
74,REDMI,50,train,False,train,IMG_20240220_133052,20240220,133052
74,REDMI,50,train,False,train,IMG_20240220_133110,20240220,133110
74,REDMI,50,train,False,train,IMG_20240220_133117,20240220,133117
74,REDMI,50,train,False,train,IMG_20240220_133130,20240220,133130
75,REDMI,7,train,False,train,IMG_20240220_133258,20240220,133258
75,REDMI,7,train,False,train,IMG_20240220_133321,20240220,133321
75,REDMI,7,train,False,train,IMG_20240220_133330,20240220,133330
75,REDMI,7,train,False,train,IMG_20240220_133336,20240220,133336
75,REDMI,7,train,False,train,IMG_20240220_133352,20240220,133352
75,REDMI,7,train,False,train,IMG_20240220_133400,20240220,133400
75,REDMI,7,train,False,train,IMG_20240220_133411,20240220,133411
76,REDMI,50,train,False,train,IMG_20240220_134008,20240220,134008
76,REDMI,50,train,False,train,IMG_20240220_134012,20240220,134012
76,REDMI,50,train,False,train,IMG_20240220_134015,20240220,134015
76,REDMI,50,train,False,train,IMG_20240220_134020,20240220,134020
76,REDMI,50,train,False,train,IMG_20240220_134025,20240220,134025
76,REDMI,50,train,False,train,IMG_20240220_134041,20240220,134041
76,REDMI,50,train,False,train,IMG_20240220_134050,20240220,134050
76,REDMI,50,train,False,train,IMG_20240220_134055,20240220,134055
76,REDMI,50,train,False,train,IMG_20240220_134114,20240220,134114
76,REDMI,50,train,False,train,IMG_20240220_134137,20240220,134137
76,REDMI,50,train,False,train,IMG_20240220_134141,20240220,134141
76,REDMI,50,train,False,train,IMG_20240220_134146,20240220,134146
76,REDMI,50,train,False,train,IMG_20240220_134155,20240220,134155
76,REDMI,50,train,False,train,IMG_20240220_134224,20240220,134224
76,REDMI,50,train,False,train,IMG_20240220_134228,20240220,134228
76,REDMI,50,train,False,train,IMG_20240220_134320,20240220,134320
76,REDMI,50,train,False,train,IMG_20240220_134324,20240220,134324
76,REDMI,50,train,False,train,IMG_20240220_134334,20240220,134334
76,REDMI,50,train,False,train,IMG_20240220_134339,20240220,134339
76,REDMI,50,train,False,train,IMG_20240220_134404,20240220,134404
76,REDMI,50,train,False,train,IMG_20240220_134409,20240220,134409
76,REDMI,50,train,False,train,IMG_20240220_134416,20240220,134416
76,REDMI,50,train,False,train,IMG_20240220_134428,20240220,134428
76,REDMI,50,train,False,train,IMG_20240220_134436,20240220,134436
76,REDMI,50,train,False,train,IMG_20240220_134453,20240220,134453
76,REDMI,50,train,False,train,IMG_20240220_134510,20240220,134510
76,REDMI,50,train,False,train,IMG_20240220_134526,20240220,134526
76,REDMI,50,train,False,train,IMG_20240220_134533,20240220,134533
76,REDMI,50,train,False,train,IMG_20240220_134541,20240220,134541
76,REDMI,50,train,False,train,IMG_20240220_134610,20240220,134610
76,REDMI,50,train,False,train,IMG_20240220_134615,20240220,134615
76,REDMI,50,train,False,train,IMG_20240220_134623,20240220,134623
76,REDMI,50,train,False,train,IMG_20240220_134653,20240220,134653
76,REDMI,50,train,False,train,IMG_20240220_134719,20240220,134719
76,REDMI,50,train,False,train,IMG_20240220_134725,20240220,134725
76,REDMI,50,train,False,train,IMG_20240220_134732,20240220,134732
76,REDMI,50,train,False,train,IMG_20240220_134757,20240220,134757
76,REDMI,50,train,False,train,IMG_20240220_134801,20240220,134801
76,REDMI,50,train,False,train,IMG_20240220_134807,20240220,134807
76,REDMI,50,train,False,train,IMG_20240220_134820,20240220,134820
76,REDMI,50,train,False,train,IMG_20240220_134842,20240220,134842
76,REDMI,50,train,False,train,IMG_20240220_134846,20240220,134846
76,REDMI,50,train,False,train,IMG_20240220_134850,20240220,134850
76,REDMI,50,train,False,train,IMG_20240220_134857,20240220,134857
76,REDMI,50,train,False,train,IMG_20240220_134925,20240220,134925
76,REDMI,50,train,False,train,IMG_20240220_134936,20240220,134936
76,REDMI,50,train,False,train,IMG_20240220_134947,20240220,134947
76,REDMI,50,train,False,train,IMG_20240220_135005,20240220,135005
76,REDMI,50,train,False,train,IMG_20240220_135037,20240220,135037
76,REDMI,50,train,False,train,IMG_20240220_135042,20240220,135042
77,REDMI,41,train,False,train,IMG_20240220_135221,20240220,135221
77,REDMI,41,train,False,train,IMG_20240220_135229,20240220,135229
77,REDMI,41,train,False,train,IMG_20240220_135235,20240220,135235
77,REDMI,41,train,False,train,IMG_20240220_135301,20240220,135301
77,REDMI,41,train,False,train,IMG_20240220_135306,20240220,135306
77,REDMI,41,train,False,train,IMG_20240220_135309,20240220,135309
77,REDMI,41,train,False,train,IMG_20240220_135316,20240220,135316
77,REDMI,41,train,False,train,IMG_20240220_135322,20240220,135322
77,REDMI,41,train,False,train,IMG_20240220_135332,20240220,135332
77,REDMI,41,train,False,train,IMG_20240220_135401,20240220,135401
77,REDMI,41,train,False,train,IMG_20240220_135410,20240220,135410
77,REDMI,41,train,False,train,IMG_20240220_135417,20240220,135417
77,REDMI,41,train,False,train,IMG_20240220_135420,20240220,135420
77,REDMI,41,train,False,train,IMG_20240220_135428,20240220,135428
77,REDMI,41,train,False,train,IMG_20240220_135431,20240220,135431
77,REDMI,41,train,False,train,IMG_20240220_135437,20240220,135437
77,REDMI,41,train,False,train,IMG_20240220_135448,20240220,135448
77,REDMI,41,train,False,train,IMG_20240220_135451,20240220,135451
77,REDMI,41,train,False,train,IMG_20240220_135458,20240220,135458
77,REDMI,41,train,False,train,IMG_20240220_135503,20240220,135503
77,REDMI,41,train,False,train,IMG_20240220_135507,20240220,135507
77,REDMI,41,train,False,train,IMG_20240220_135512,20240220,135512
77,REDMI,41,train,False,train,IMG_20240220_135522,20240220,135522
77,REDMI,41,train,False,train,IMG_20240220_135537,20240220,135537
77,REDMI,41,train,False,train,IMG_20240220_135540,20240220,135540
77,REDMI,41,train,False,train,IMG_20240220_135545,20240220,135545
77,REDMI,41,train,False,train,IMG_20240220_135557,20240220,135557
77,REDMI,41,train,False,train,IMG_20240220_135608,20240220,135608
77,REDMI,41,train,False,train,IMG_20240220_135627,20240220,135627
77,REDMI,41,train,False,train,IMG_20240220_135718,20240220,135718
77,REDMI,41,train,False,train,IMG_20240220_135723,20240220,135723
77,REDMI,41,train,False,train,IMG_20240220_135735,20240220,135735
77,REDMI,41,train,False,train,IMG_20240220_135738,20240220,135738
77,REDMI,41,train,False,train,IMG_20240220_135752,20240220,135752
77,REDMI,41,train,False,train,IMG_20240220_135755,20240220,135755
77,REDMI,41,train,False,train,IMG_20240220_135806,20240220,135806
77,REDMI,41,train,False,train,IMG_20240220_135817,20240220,135817
77,REDMI,41,train,False,train,IMG_20240220_135821,20240220,135821
77,REDMI,41,train,False,train,IMG_20240220_135827,20240220,135827
77,REDMI,41,train,False,train,IMG_20240220_135834,20240220,135834
77,REDMI,41,train,False,train,IMG_20240220_135838,20240220,135838
78,REDMI,25,test|valid,True,test,IMG_20240228_122819,20240228,122819
78,REDMI,25,test|valid,True,test,IMG_20240228_122853,20240228,122853
78,REDMI,25,test|valid,True,valid,IMG_20240228_122859,20240228,122859
78,REDMI,25,test|valid,True,test,IMG_20240228_122950,20240228,122950
78,REDMI,25,test|valid,True,test,IMG_20240228_122954,20240228,122954
78,REDMI,25,test|valid,True,valid,IMG_20240228_123002,20240228,123002
78,REDMI,25,test|valid,True,test,IMG_20240228_123007,20240228,123007
78,REDMI,25,test|valid,True,test,IMG_20240228_123015,20240228,123015
78,REDMI,25,test|valid,True,test,IMG_20240228_123023,20240228,123023
78,REDMI,25,test|valid,True,valid,IMG_20240228_123051,20240228,123051
78,REDMI,25,test|valid,True,test,IMG_20240228_123102,20240228,123102
78,REDMI,25,test|valid,True,test,IMG_20240228_123116,20240228,123116
78,REDMI,25,test|valid,True,valid,IMG_20240228_123132,20240228,123132
78,REDMI,25,test|valid,True,valid,IMG_20240228_123209,20240228,123209
78,REDMI,25,test|valid,True,test,IMG_20240228_123219,20240228,123219
78,REDMI,25,test|valid,True,test,IMG_20240228_123225,20240228,123225
78,REDMI,25,test|valid,True,test,IMG_20240228_123232,20240228,123232
78,REDMI,25,test|valid,True,valid,IMG_20240228_123240,20240228,123240
78,REDMI,25,test|valid,True,test,IMG_20240228_123301,20240228,123301
78,REDMI,25,test|valid,True,test,IMG_20240228_123305,20240228,123305
78,REDMI,25,test|valid,True,test,IMG_20240228_123315,20240228,123315
78,REDMI,25,test|valid,True,test,IMG_20240228_123320,20240228,123320
78,REDMI,25,test|valid,True,test,IMG_20240228_123331,20240228,123331
78,REDMI,25,test|valid,True,test,IMG_20240228_123336,20240228,123336
78,REDMI,25,test|valid,True,test,IMG_20240228_123348,20240228,123348
79,REDMI,25,test|train|valid,True,test,IMG_20240228_123449,20240228,123449
79,REDMI,25,test|train|valid,True,test,IMG_20240228_123455,20240228,123455
79,REDMI,25,test|train|valid,True,test,IMG_20240228_123505,20240228,123505
79,REDMI,25,test|train|valid,True,valid,IMG_20240228_123516,20240228,123516
79,REDMI,25,test|train|valid,True,test,IMG_20240228_123521,20240228,123521
79,REDMI,25,test|train|valid,True,train,IMG_20240228_123529,20240228,123529
79,REDMI,25,test|train|valid,True,valid,IMG_20240228_123533,20240228,123533
79,REDMI,25,test|train|valid,True,train,IMG_20240228_123603,20240228,123603
79,REDMI,25,test|train|valid,True,train,IMG_20240228_123622,20240228,123622
79,REDMI,25,test|train|valid,True,train,IMG_20240228_123627,20240228,123627
79,REDMI,25,test|train|valid,True,train,IMG_20240228_123641,20240228,123641
79,REDMI,25,test|train|valid,True,valid,IMG_20240228_123649,20240228,123649
79,REDMI,25,test|train|valid,True,train,IMG_20240228_123700,20240228,123700
79,REDMI,25,test|train|valid,True,train,IMG_20240228_123716,20240228,123716
79,REDMI,25,test|train|valid,True,test,IMG_20240228_123720,20240228,123720
79,REDMI,25,test|train|valid,True,test,IMG_20240228_123733,20240228,123733
79,REDMI,25,test|train|valid,True,train,IMG_20240228_123744,20240228,123744
79,REDMI,25,test|train|valid,True,train,IMG_20240228_123818,20240228,123818
79,REDMI,25,test|train|valid,True,test,IMG_20240228_123822,20240228,123822
79,REDMI,25,test|train|valid,True,train,IMG_20240228_123831,20240228,123831
79,REDMI,25,test|train|valid,True,train,IMG_20240228_123838,20240228,123838
79,REDMI,25,test|train|valid,True,train,IMG_20240228_123845,20240228,123845
79,REDMI,25,test|train|valid,True,train,IMG_20240228_123901,20240228,123901
79,REDMI,25,test|train|valid,True,train,IMG_20240228_123921,20240228,123921
79,REDMI,25,test|train|valid,True,test,IMG_20240228_123928,20240228,123928
80,REDMI,35,test|train|valid,True,train,IMG_20240228_124134,20240228,124134
80,REDMI,35,test|train|valid,True,valid,IMG_20240228_124227,20240228,124227
80,REDMI,35,test|train|valid,True,train,IMG_20240228_124237,20240228,124237
80,REDMI,35,test|train|valid,True,train,IMG_20240228_124254,20240228,124254
80,REDMI,35,test|train|valid,True,train,IMG_20240228_124302,20240228,124302
80,REDMI,35,test|train|valid,True,valid,IMG_20240228_124311,20240228,124311
80,REDMI,35,test|train|valid,True,valid,IMG_20240228_124323,20240228,124323
80,REDMI,35,test|train|valid,True,train,IMG_20240228_124341,20240228,124341
80,REDMI,35,test|train|valid,True,train,IMG_20240228_124357,20240228,124357
80,REDMI,35,test|train|valid,True,train,IMG_20240228_124406,20240228,124406
80,REDMI,35,test|train|valid,True,train,IMG_20240228_124415,20240228,124415
80,REDMI,35,test|train|valid,True,train,IMG_20240228_124433,20240228,124433
80,REDMI,35,test|train|valid,True,train,IMG_20240228_124449,20240228,124449
80,REDMI,35,test|train|valid,True,valid,IMG_20240228_124455,20240228,124455
80,REDMI,35,test|train|valid,True,train,IMG_20240228_124512,20240228,124512
80,REDMI,35,test|train|valid,True,train,IMG_20240228_124520,20240228,124520
80,REDMI,35,test|train|valid,True,train,IMG_20240228_124540,20240228,124540
80,REDMI,35,test|train|valid,True,train,IMG_20240228_124553,20240228,124553
80,REDMI,35,test|train|valid,True,train,IMG_20240228_124619,20240228,124619
80,REDMI,35,test|train|valid,True,train,IMG_20240228_124709,20240228,124709
80,REDMI,35,test|train|valid,True,test,IMG_20240228_124721,20240228,124721
80,REDMI,35,test|train|valid,True,train,IMG_20240228_124750,20240228,124750
80,REDMI,35,test|train|valid,True,train,IMG_20240228_124754,20240228,124754
80,REDMI,35,test|train|valid,True,train,IMG_20240228_124806,20240228,124806
80,REDMI,35,test|train|valid,True,valid,IMG_20240228_124809,20240228,124809
80,REDMI,35,test|train|valid,True,test,IMG_20240228_124846,20240228,124846
80,REDMI,35,test|train|valid,True,train,IMG_20240228_124856,20240228,124856
80,REDMI,35,test|train|valid,True,train,IMG_20240228_124904,20240228,124904
80,REDMI,35,test|train|valid,True,train,IMG_20240228_124911,20240228,124911
80,REDMI,35,test|train|valid,True,train,IMG_20240228_124921,20240228,124921
80,REDMI,35,test|train|valid,True,train,IMG_20240228_124930,20240228,124930
80,REDMI,35,test|train|valid,True,train,IMG_20240228_124938,20240228,124938
80,REDMI,35,test|train|valid,True,train,IMG_20240228_124946,20240228,124946
80,REDMI,35,test|train|valid,True,train,IMG_20240228_125010,20240228,125010
80,REDMI,35,test|train|valid,True,valid,IMG_20240228_125031,20240228,125031
81,REDMI,14,train|valid,True,train,IMG_20240228_125619,20240228,125619
81,REDMI,14,train|valid,True,train,IMG_20240228_125628,20240228,125628
81,REDMI,14,train|valid,True,train,IMG_20240228_125632,20240228,125632
81,REDMI,14,train|valid,True,train,IMG_20240228_125641,20240228,125641
81,REDMI,14,train|valid,True,train,IMG_20240228_125646,20240228,125646
81,REDMI,14,train|valid,True,train,IMG_20240228_125656,20240228,125656
81,REDMI,14,train|valid,True,train,IMG_20240228_125719,20240228,125719
81,REDMI,14,train|valid,True,train,IMG_20240228_125748,20240228,125748
81,REDMI,14,train|valid,True,train,IMG_20240228_125752,20240228,125752
81,REDMI,14,train|valid,True,train,IMG_20240228_125837,20240228,125837
81,REDMI,14,train|valid,True,train,IMG_20240228_125848,20240228,125848
81,REDMI,14,train|valid,True,train,IMG_20240228_125854,20240228,125854
81,REDMI,14,train|valid,True,valid,IMG_20240228_125903,20240228,125903
81,REDMI,14,train|valid,True,train,IMG_20240228_125906,20240228,125906
82,REDMI,3,train|valid,True,train,IMG_20240228_130024,20240228,130024
82,REDMI,3,train|valid,True,train,IMG_20240228_130042,20240228,130042
82,REDMI,3,train|valid,True,valid,IMG_20240228_130051,20240228,130051
83,REDMI,14,train|valid,True,train,IMG_20240228_130230,20240228,130230
83,REDMI,14,train|valid,True,train,IMG_20240228_130257,20240228,130257
83,REDMI,14,train|valid,True,train,IMG_20240228_130306,20240228,130306
83,REDMI,14,train|valid,True,train,IMG_20240228_130319,20240228,130319
83,REDMI,14,train|valid,True,train,IMG_20240228_130348,20240228,130348
83,REDMI,14,train|valid,True,train,IMG_20240228_130431,20240228,130431
83,REDMI,14,train|valid,True,train,IMG_20240228_130435,20240228,130435
83,REDMI,14,train|valid,True,valid,IMG_20240228_130509,20240228,130509
83,REDMI,14,train|valid,True,train,IMG_20240228_130516,20240228,130516
83,REDMI,14,train|valid,True,valid,IMG_20240228_130525,20240228,130525
83,REDMI,14,train|valid,True,valid,IMG_20240228_130615,20240228,130615
83,REDMI,14,train|valid,True,valid,IMG_20240228_130630,20240228,130630
83,REDMI,14,train|valid,True,valid,IMG_20240228_130656,20240228,130656
83,REDMI,14,train|valid,True,valid,IMG_20240228_130705,20240228,130705
84,REDMI,6,train|valid,True,valid,IMG_20240228_130813,20240228,130813
84,REDMI,6,train|valid,True,valid,IMG_20240228_130906,20240228,130906
84,REDMI,6,train|valid,True,valid,IMG_20240228_131005,20240228,131005
84,REDMI,6,train|valid,True,valid,IMG_20240228_131008,20240228,131008
84,REDMI,6,train|valid,True,valid,IMG_20240228_131014,20240228,131014
84,REDMI,6,train|valid,True,train,IMG_20240228_131018,20240228,131018
85,REDMI,5,train|valid,True,valid,IMG_20240228_131314,20240228,131314
85,REDMI,5,train|valid,True,valid,IMG_20240228_131348,20240228,131348
85,REDMI,5,train|valid,True,valid,IMG_20240228_131358,20240228,131358
85,REDMI,5,train|valid,True,valid,IMG_20240228_131410,20240228,131410
85,REDMI,5,train|valid,True,train,IMG_20240228_131416,20240228,131416
86,REDMI,13,train|valid,True,valid,IMG_20240228_131519,20240228,131519
86,REDMI,13,train|valid,True,valid,IMG_20240228_131524,20240228,131524
86,REDMI,13,train|valid,True,train,IMG_20240228_131530,20240228,131530
86,REDMI,13,train|valid,True,valid,IMG_20240228_131536,20240228,131536
86,REDMI,13,train|valid,True,valid,IMG_20240228_131542,20240228,131542
86,REDMI,13,train|valid,True,valid,IMG_20240228_131557,20240228,131557
86,REDMI,13,train|valid,True,valid,IMG_20240228_131608,20240228,131608
86,REDMI,13,train|valid,True,valid,IMG_20240228_131617,20240228,131617
86,REDMI,13,train|valid,True,valid,IMG_20240228_131627,20240228,131627
86,REDMI,13,train|valid,True,valid,IMG_20240228_131640,20240228,131640
86,REDMI,13,train|valid,True,valid,IMG_20240228_131653,20240228,131653
86,REDMI,13,train|valid,True,valid,IMG_20240228_131657,20240228,131657
86,REDMI,13,train|valid,True,valid,IMG_20240228_131705,20240228,131705
87,REDMI,12,train|valid,True,train,IMG_20240228_131821,20240228,131821
87,REDMI,12,train|valid,True,valid,IMG_20240228_131829,20240228,131829
87,REDMI,12,train|valid,True,valid,IMG_20240228_131832,20240228,131832
87,REDMI,12,train|valid,True,valid,IMG_20240228_131851,20240228,131851
87,REDMI,12,train|valid,True,valid,IMG_20240228_131854,20240228,131854
87,REDMI,12,train|valid,True,valid,IMG_20240228_131857,20240228,131857
87,REDMI,12,train|valid,True,train,IMG_20240228_131859,20240228,131859
87,REDMI,12,train|valid,True,valid,IMG_20240228_131903,20240228,131903
87,REDMI,12,train|valid,True,valid,IMG_20240228_131907,20240228,131907
87,REDMI,12,train|valid,True,valid,IMG_20240228_131913,20240228,131913
87,REDMI,12,train|valid,True,valid,IMG_20240228_131917,20240228,131917
87,REDMI,12,train|valid,True,valid,IMG_20240228_132000,20240228,132000
88,REDMI,1,valid,False,valid,IMG_20240228_132130,20240228,132130
89,REDMI,32,train|valid,True,valid,IMG_20240228_132253,20240228,132253
89,REDMI,32,train|valid,True,train,IMG_20240228_132304,20240228,132304
89,REDMI,32,train|valid,True,valid,IMG_20240228_132316,20240228,132316
89,REDMI,32,train|valid,True,valid,IMG_20240228_132320,20240228,132320
89,REDMI,32,train|valid,True,valid,IMG_20240228_132324,20240228,132324
89,REDMI,32,train|valid,True,valid,IMG_20240228_132327,20240228,132327
89,REDMI,32,train|valid,True,valid,IMG_20240228_132332,20240228,132332
89,REDMI,32,train|valid,True,train,IMG_20240228_132345,20240228,132345
89,REDMI,32,train|valid,True,train,IMG_20240228_132351,20240228,132351
89,REDMI,32,train|valid,True,train,IMG_20240228_132355,20240228,132355
89,REDMI,32,train|valid,True,valid,IMG_20240228_132418,20240228,132418
89,REDMI,32,train|valid,True,valid,IMG_20240228_132419,20240228,132419
89,REDMI,32,train|valid,True,valid,IMG_20240228_132424,20240228,132424
89,REDMI,32,train|valid,True,train,IMG_20240228_132436,20240228,132436
89,REDMI,32,train|valid,True,train,IMG_20240228_132444,20240228,132444
89,REDMI,32,train|valid,True,valid,IMG_20240228_132451,20240228,132451
89,REDMI,32,train|valid,True,valid,IMG_20240228_132455,20240228,132455
89,REDMI,32,train|valid,True,valid,IMG_20240228_132500,20240228,132500
89,REDMI,32,train|valid,True,valid,IMG_20240228_132504,20240228,132504
89,REDMI,32,train|valid,True,valid,IMG_20240228_132510,20240228,132510
89,REDMI,32,train|valid,True,valid,IMG_20240228_132515,20240228,132515
89,REDMI,32,train|valid,True,valid,IMG_20240228_132527,20240228,132527
89,REDMI,32,train|valid,True,valid,IMG_20240228_132530,20240228,132530
89,REDMI,32,train|valid,True,valid,IMG_20240228_132535,20240228,132535
89,REDMI,32,train|valid,True,valid,IMG_20240228_132539,20240228,132539
89,REDMI,32,train|valid,True,valid,IMG_20240228_132543,20240228,132543
89,REDMI,32,train|valid,True,valid,IMG_20240228_132547,20240228,132547
89,REDMI,32,train|valid,True,valid,IMG_20240228_132601,20240228,132601
89,REDMI,32,train|valid,True,valid,IMG_20240228_132605,20240228,132605
89,REDMI,32,train|valid,True,valid,IMG_20240228_132610,20240228,132610
89,REDMI,32,train|valid,True,valid,IMG_20240228_132623,20240228,132623
89,REDMI,32,train|valid,True,valid,IMG_20240228_132629,20240228,132629
90,REDMI,22,train|valid,True,valid,IMG_20240228_132917,20240228,132917
90,REDMI,22,train|valid,True,valid,IMG_20240228_132923,20240228,132923
90,REDMI,22,train|valid,True,valid,IMG_20240228_132927,20240228,132927
90,REDMI,22,train|valid,True,valid,IMG_20240228_132934,20240228,132934
90,REDMI,22,train|valid,True,valid,IMG_20240228_132943,20240228,132943
90,REDMI,22,train|valid,True,valid,IMG_20240228_132953,20240228,132953
90,REDMI,22,train|valid,True,train,IMG_20240228_133000,20240228,133000
90,REDMI,22,train|valid,True,valid,IMG_20240228_133006,20240228,133006
90,REDMI,22,train|valid,True,train,IMG_20240228_133010,20240228,133010
90,REDMI,22,train|valid,True,valid,IMG_20240228_133018,20240228,133018
90,REDMI,22,train|valid,True,valid,IMG_20240228_133024,20240228,133024
90,REDMI,22,train|valid,True,valid,IMG_20240228_133039,20240228,133039
90,REDMI,22,train|valid,True,valid,IMG_20240228_133047,20240228,133047
90,REDMI,22,train|valid,True,valid,IMG_20240228_133109,20240228,133109
90,REDMI,22,train|valid,True,valid,IMG_20240228_133113,20240228,133113
90,REDMI,22,train|valid,True,valid,IMG_20240228_133117,20240228,133117
90,REDMI,22,train|valid,True,valid,IMG_20240228_133123,20240228,133123
90,REDMI,22,train|valid,True,valid,IMG_20240228_133128,20240228,133128
90,REDMI,22,train|valid,True,valid,IMG_20240228_133145,20240228,133145
90,REDMI,22,train|valid,True,valid,IMG_20240228_133157,20240228,133157
90,REDMI,22,train|valid,True,train,IMG_20240228_133205,20240228,133205
90,REDMI,22,train|valid,True,valid,IMG_20240228_133209,20240228,133209
91,REDMI,14,train|valid,True,valid,IMG_20240228_133446,20240228,133446
91,REDMI,14,train|valid,True,train,IMG_20240228_133453,20240228,133453
91,REDMI,14,train|valid,True,valid,IMG_20240228_133502,20240228,133502
91,REDMI,14,train|valid,True,valid,IMG_20240228_133510,20240228,133510
91,REDMI,14,train|valid,True,valid,IMG_20240228_133527,20240228,133527
91,REDMI,14,train|valid,True,valid,IMG_20240228_133530,20240228,133530
91,REDMI,14,train|valid,True,valid,IMG_20240228_133534,20240228,133534
91,REDMI,14,train|valid,True,valid,IMG_20240228_133539,20240228,133539
91,REDMI,14,train|valid,True,valid,IMG_20240228_133557,20240228,133557
91,REDMI,14,train|valid,True,valid,IMG_20240228_133600,20240228,133600
91,REDMI,14,train|valid,True,valid,IMG_20240228_133603,20240228,133603
91,REDMI,14,train|valid,True,valid,IMG_20240228_133607,20240228,133607
91,REDMI,14,train|valid,True,valid,IMG_20240228_133631,20240228,133631
91,REDMI,14,train|valid,True,valid,IMG_20240228_133640,20240228,133640
92,REDMI,11,train|valid,True,valid,IMG_20240228_135521,20240228,135521
92,REDMI,11,train|valid,True,train,IMG_20240228_135615,20240228,135615
92,REDMI,11,train|valid,True,train,IMG_20240228_135620,20240228,135620
92,REDMI,11,train|valid,True,train,IMG_20240228_135625,20240228,135625
92,REDMI,11,train|valid,True,valid,IMG_20240228_135634,20240228,135634
92,REDMI,11,train|valid,True,valid,IMG_20240228_135641,20240228,135641
92,REDMI,11,train|valid,True,valid,IMG_20240228_135656,20240228,135656
92,REDMI,11,train|valid,True,valid,IMG_20240228_135706,20240228,135706
92,REDMI,11,train|valid,True,valid,IMG_20240228_135713,20240228,135713
92,REDMI,11,train|valid,True,valid,IMG_20240228_135720,20240228,135720
92,REDMI,11,train|valid,True,valid,IMG_20240228_135734,20240228,135734
93,REDMI,6,train|valid,True,valid,IMG_20240228_135854,20240228,135854
93,REDMI,6,train|valid,True,train,IMG_20240228_135857,20240228,135857
93,REDMI,6,train|valid,True,valid,IMG_20240228_135906,20240228,135906
93,REDMI,6,train|valid,True,valid,IMG_20240228_135909,20240228,135909
93,REDMI,6,train|valid,True,valid,IMG_20240228_135919,20240228,135919
93,REDMI,6,train|valid,True,valid,IMG_20240228_135924,20240228,135924
94,REDMI,47,train|valid,True,valid,IMG_20240228_140048,20240228,140048
94,REDMI,47,train|valid,True,valid,IMG_20240228_140058,20240228,140058
94,REDMI,47,train|valid,True,valid,IMG_20240228_140101,20240228,140101
94,REDMI,47,train|valid,True,valid,IMG_20240228_140104,20240228,140104
94,REDMI,47,train|valid,True,valid,IMG_20240228_140115,20240228,140115
94,REDMI,47,train|valid,True,valid,IMG_20240228_140129,20240228,140129
94,REDMI,47,train|valid,True,valid,IMG_20240228_140134,20240228,140134
94,REDMI,47,train|valid,True,valid,IMG_20240228_140137,20240228,140137
94,REDMI,47,train|valid,True,valid,IMG_20240228_140145,20240228,140145
94,REDMI,47,train|valid,True,valid,IMG_20240228_140150,20240228,140150
94,REDMI,47,train|valid,True,valid,IMG_20240228_140218,20240228,140218
94,REDMI,47,train|valid,True,valid,IMG_20240228_140224,20240228,140224
94,REDMI,47,train|valid,True,valid,IMG_20240228_140229,20240228,140229
94,REDMI,47,train|valid,True,valid,IMG_20240228_140238,20240228,140238
94,REDMI,47,train|valid,True,valid,IMG_20240228_140246,20240228,140246
94,REDMI,47,train|valid,True,valid,IMG_20240228_140249,20240228,140249
94,REDMI,47,train|valid,True,valid,IMG_20240228_140312,20240228,140312
94,REDMI,47,train|valid,True,valid,IMG_20240228_140315,20240228,140315
94,REDMI,47,train|valid,True,valid,IMG_20240228_140319,20240228,140319
94,REDMI,47,train|valid,True,valid,IMG_20240228_140408,20240228,140408
94,REDMI,47,train|valid,True,valid,IMG_20240228_140418,20240228,140418
94,REDMI,47,train|valid,True,valid,IMG_20240228_140434,20240228,140434
94,REDMI,47,train|valid,True,valid,IMG_20240228_140449,20240228,140449
94,REDMI,47,train|valid,True,valid,IMG_20240228_140455,20240228,140455
94,REDMI,47,train|valid,True,valid,IMG_20240228_140503,20240228,140503
94,REDMI,47,train|valid,True,valid,IMG_20240228_140533,20240228,140533
94,REDMI,47,train|valid,True,valid,IMG_20240228_140537,20240228,140537
94,REDMI,47,train|valid,True,valid,IMG_20240228_140542,20240228,140542
94,REDMI,47,train|valid,True,valid,IMG_20240228_140544,20240228,140544
94,REDMI,47,train|valid,True,valid,IMG_20240228_140547,20240228,140547
94,REDMI,47,train|valid,True,train,IMG_20240228_140555,20240228,140555
94,REDMI,47,train|valid,True,valid,IMG_20240228_140558,20240228,140558
94,REDMI,47,train|valid,True,valid,IMG_20240228_140602,20240228,140602
94,REDMI,47,train|valid,True,valid,IMG_20240228_140644,20240228,140644
94,REDMI,47,train|valid,True,valid,IMG_20240228_140650,20240228,140650
94,REDMI,47,train|valid,True,valid,IMG_20240228_140654,20240228,140654
94,REDMI,47,train|valid,True,valid,IMG_20240228_140706,20240228,140706
94,REDMI,47,train|valid,True,valid,IMG_20240228_140713,20240228,140713
94,REDMI,47,train|valid,True,valid,IMG_20240228_140717,20240228,140717
94,REDMI,47,train|valid,True,valid,IMG_20240228_140725,20240228,140725
94,REDMI,47,train|valid,True,valid,IMG_20240228_140741,20240228,140741
94,REDMI,47,train|valid,True,valid,IMG_20240228_140750,20240228,140750
94,REDMI,47,train|valid,True,valid,IMG_20240228_140756,20240228,140756
94,REDMI,47,train|valid,True,valid,IMG_20240228_140759,20240228,140759
94,REDMI,47,train|valid,True,valid,IMG_20240228_140815,20240228,140815
94,REDMI,47,train|valid,True,valid,IMG_20240228_140818,20240228,140818
94,REDMI,47,train|valid,True,valid,IMG_20240228_140829,20240228,140829
95,REDMI,13,train|valid,True,valid,IMG_20240228_140936,20240228,140936
95,REDMI,13,train|valid,True,valid,IMG_20240228_140944,20240228,140944
95,REDMI,13,train|valid,True,valid,IMG_20240228_141019,20240228,141019
95,REDMI,13,train|valid,True,valid,IMG_20240228_141024,20240228,141024
95,REDMI,13,train|valid,True,valid,IMG_20240228_141045,20240228,141045
95,REDMI,13,train|valid,True,valid,IMG_20240228_141047,20240228,141047
95,REDMI,13,train|valid,True,train,IMG_20240228_141050,20240228,141050
95,REDMI,13,train|valid,True,valid,IMG_20240228_141123,20240228,141123
95,REDMI,13,train|valid,True,valid,IMG_20240228_141129,20240228,141129
95,REDMI,13,train|valid,True,train,IMG_20240228_141139,20240228,141139
95,REDMI,13,train|valid,True,valid,IMG_20240228_141143,20240228,141143
95,REDMI,13,train|valid,True,valid,IMG_20240228_141157,20240228,141157
95,REDMI,13,train|valid,True,valid,IMG_20240228_141214,20240228,141214
96,REDMI,13,train|valid,True,valid,IMG_20240228_141330,20240228,141330
96,REDMI,13,train|valid,True,valid,IMG_20240228_141334,20240228,141334
96,REDMI,13,train|valid,True,valid,IMG_20240228_141414,20240228,141414
96,REDMI,13,train|valid,True,valid,IMG_20240228_141423,20240228,141423
96,REDMI,13,train|valid,True,valid,IMG_20240228_141431,20240228,141431
96,REDMI,13,train|valid,True,valid,IMG_20240228_141438,20240228,141438
96,REDMI,13,train|valid,True,train,IMG_20240228_141443,20240228,141443
96,REDMI,13,train|valid,True,valid,IMG_20240228_141448,20240228,141448
96,REDMI,13,train|valid,True,valid,IMG_20240228_141454,20240228,141454
96,REDMI,13,train|valid,True,valid,IMG_20240228_141501,20240228,141501
96,REDMI,13,train|valid,True,valid,IMG_20240228_141511,20240228,141511
96,REDMI,13,train|valid,True,valid,IMG_20240228_141518,20240228,141518
96,REDMI,13,train|valid,True,valid,IMG_20240228_141528,20240228,141528
97,REDMI,59,test|train|valid,True,train,IMG_20240303_105731,20240303,105731
97,REDMI,59,test|train|valid,True,valid,IMG_20240303_105739,20240303,105739
97,REDMI,59,test|train|valid,True,valid,IMG_20240303_105748,20240303,105748
97,REDMI,59,test|train|valid,True,train,IMG_20240303_105752,20240303,105752
97,REDMI,59,test|train|valid,True,train,IMG_20240303_105758,20240303,105758
97,REDMI,59,test|train|valid,True,train,IMG_20240303_105811,20240303,105811
97,REDMI,59,test|train|valid,True,train,IMG_20240303_105815,20240303,105815
97,REDMI,59,test|train|valid,True,train,IMG_20240303_105825,20240303,105825
97,REDMI,59,test|train|valid,True,train,IMG_20240303_105829,20240303,105829
97,REDMI,59,test|train|valid,True,test,IMG_20240303_105837,20240303,105837
97,REDMI,59,test|train|valid,True,valid,IMG_20240303_105843,20240303,105843
97,REDMI,59,test|train|valid,True,valid,IMG_20240303_105846,20240303,105846
97,REDMI,59,test|train|valid,True,train,IMG_20240303_105854,20240303,105854
97,REDMI,59,test|train|valid,True,valid,IMG_20240303_105902,20240303,105902
97,REDMI,59,test|train|valid,True,train,IMG_20240303_105908,20240303,105908
97,REDMI,59,test|train|valid,True,valid,IMG_20240303_105917,20240303,105917
97,REDMI,59,test|train|valid,True,train,IMG_20240303_105920,20240303,105920
97,REDMI,59,test|train|valid,True,train,IMG_20240303_105932,20240303,105932
97,REDMI,59,test|train|valid,True,valid,IMG_20240303_105938,20240303,105938
97,REDMI,59,test|train|valid,True,valid,IMG_20240303_105951,20240303,105951
97,REDMI,59,test|train|valid,True,train,IMG_20240303_105955,20240303,105955
97,REDMI,59,test|train|valid,True,train,IMG_20240303_105959,20240303,105959
97,REDMI,59,test|train|valid,True,valid,IMG_20240303_110004,20240303,110004
97,REDMI,59,test|train|valid,True,train,IMG_20240303_110008,20240303,110008
97,REDMI,59,test|train|valid,True,train,IMG_20240303_110013,20240303,110013
97,REDMI,59,test|train|valid,True,train,IMG_20240303_110020,20240303,110020
97,REDMI,59,test|train|valid,True,train,IMG_20240303_110025,20240303,110025
97,REDMI,59,test|train|valid,True,valid,IMG_20240303_110035,20240303,110035
97,REDMI,59,test|train|valid,True,test,IMG_20240303_110048,20240303,110048
97,REDMI,59,test|train|valid,True,train,IMG_20240303_110054,20240303,110054
97,REDMI,59,test|train|valid,True,train,IMG_20240303_110106,20240303,110106
97,REDMI,59,test|train|valid,True,test,IMG_20240303_110113,20240303,110113
97,REDMI,59,test|train|valid,True,valid,IMG_20240303_110120,20240303,110120
97,REDMI,59,test|train|valid,True,train,IMG_20240303_110129,20240303,110129
97,REDMI,59,test|train|valid,True,train,IMG_20240303_110137,20240303,110137
97,REDMI,59,test|train|valid,True,train,IMG_20240303_110144,20240303,110144
97,REDMI,59,test|train|valid,True,train,IMG_20240303_110151,20240303,110151
97,REDMI,59,test|train|valid,True,train,IMG_20240303_110205,20240303,110205
97,REDMI,59,test|train|valid,True,valid,IMG_20240303_110229,20240303,110229
97,REDMI,59,test|train|valid,True,train,IMG_20240303_110239,20240303,110239
97,REDMI,59,test|train|valid,True,test,IMG_20240303_110245,20240303,110245
97,REDMI,59,test|train|valid,True,train,IMG_20240303_110249,20240303,110249
97,REDMI,59,test|train|valid,True,train,IMG_20240303_110255,20240303,110255
97,REDMI,59,test|train|valid,True,train,IMG_20240303_110259,20240303,110259
97,REDMI,59,test|train|valid,True,test,IMG_20240303_110324,20240303,110324
97,REDMI,59,test|train|valid,True,test,IMG_20240303_110327,20240303,110327
97,REDMI,59,test|train|valid,True,test,IMG_20240303_110335,20240303,110335
97,REDMI,59,test|train|valid,True,train,IMG_20240303_110341,20240303,110341
97,REDMI,59,test|train|valid,True,valid,IMG_20240303_110345,20240303,110345
97,REDMI,59,test|train|valid,True,test,IMG_20240303_110412,20240303,110412
97,REDMI,59,test|train|valid,True,test,IMG_20240303_110417,20240303,110417
97,REDMI,59,test|train|valid,True,train,IMG_20240303_110421,20240303,110421
97,REDMI,59,test|train|valid,True,train,IMG_20240303_110428,20240303,110428
97,REDMI,59,test|train|valid,True,train,IMG_20240303_110507,20240303,110507
97,REDMI,59,test|train|valid,True,train,IMG_20240303_110511,20240303,110511
97,REDMI,59,test|train|valid,True,train,IMG_20240303_110518,20240303,110518
97,REDMI,59,test|train|valid,True,valid,IMG_20240303_110523,20240303,110523
97,REDMI,59,test|train|valid,True,test,IMG_20240303_110604,20240303,110604
97,REDMI,59,test|train|valid,True,test,IMG_20240303_110630,20240303,110630
98,REDMI,47,test|train|valid,True,train,IMG_20240303_110827,20240303,110827
98,REDMI,47,test|train|valid,True,train,IMG_20240303_110831,20240303,110831
98,REDMI,47,test|train|valid,True,train,IMG_20240303_110842,20240303,110842
98,REDMI,47,test|train|valid,True,train,IMG_20240303_110854,20240303,110854
98,REDMI,47,test|train|valid,True,test,IMG_20240303_110904,20240303,110904
98,REDMI,47,test|train|valid,True,valid,IMG_20240303_110914,20240303,110914
98,REDMI,47,test|train|valid,True,train,IMG_20240303_110946,20240303,110946
98,REDMI,47,test|train|valid,True,train,IMG_20240303_110953,20240303,110953
98,REDMI,47,test|train|valid,True,train,IMG_20240303_111014,20240303,111014
98,REDMI,47,test|train|valid,True,train,IMG_20240303_111019,20240303,111019
98,REDMI,47,test|train|valid,True,train,IMG_20240303_111025,20240303,111025
98,REDMI,47,test|train|valid,True,valid,IMG_20240303_111039,20240303,111039
98,REDMI,47,test|train|valid,True,train,IMG_20240303_111048,20240303,111048
98,REDMI,47,test|train|valid,True,test,IMG_20240303_111100,20240303,111100
98,REDMI,47,test|train|valid,True,valid,IMG_20240303_111127,20240303,111127
98,REDMI,47,test|train|valid,True,test,IMG_20240303_111136,20240303,111136
98,REDMI,47,test|train|valid,True,train,IMG_20240303_111150,20240303,111150
98,REDMI,47,test|train|valid,True,test,IMG_20240303_111154,20240303,111154
98,REDMI,47,test|train|valid,True,test,IMG_20240303_111206,20240303,111206
98,REDMI,47,test|train|valid,True,train,IMG_20240303_111217,20240303,111217
98,REDMI,47,test|train|valid,True,test,IMG_20240303_111225,20240303,111225
98,REDMI,47,test|train|valid,True,valid,IMG_20240303_111239,20240303,111239
98,REDMI,47,test|train|valid,True,train,IMG_20240303_111244,20240303,111244
98,REDMI,47,test|train|valid,True,valid,IMG_20240303_111302,20240303,111302
98,REDMI,47,test|train|valid,True,train,IMG_20240303_111309,20240303,111309
98,REDMI,47,test|train|valid,True,test,IMG_20240303_111327,20240303,111327
98,REDMI,47,test|train|valid,True,train,IMG_20240303_111333,20240303,111333
98,REDMI,47,test|train|valid,True,train,IMG_20240303_111339,20240303,111339
98,REDMI,47,test|train|valid,True,train,IMG_20240303_111414,20240303,111414
98,REDMI,47,test|train|valid,True,test,IMG_20240303_111418,20240303,111418
98,REDMI,47,test|train|valid,True,test,IMG_20240303_111426,20240303,111426
98,REDMI,47,test|train|valid,True,test,IMG_20240303_111434,20240303,111434
98,REDMI,47,test|train|valid,True,test,IMG_20240303_111439,20240303,111439
98,REDMI,47,test|train|valid,True,train,IMG_20240303_111444,20240303,111444
98,REDMI,47,test|train|valid,True,valid,IMG_20240303_111448,20240303,111448
98,REDMI,47,test|train|valid,True,train,IMG_20240303_111456,20240303,111456
98,REDMI,47,test|train|valid,True,test,IMG_20240303_111459,20240303,111459
98,REDMI,47,test|train|valid,True,test,IMG_20240303_111507,20240303,111507
98,REDMI,47,test|train|valid,True,valid,IMG_20240303_111511,20240303,111511
98,REDMI,47,test|train|valid,True,valid,IMG_20240303_111515,20240303,111515
98,REDMI,47,test|train|valid,True,test,IMG_20240303_111519,20240303,111519
98,REDMI,47,test|train|valid,True,train,IMG_20240303_111531,20240303,111531
98,REDMI,47,test|train|valid,True,test,IMG_20240303_111535,20240303,111535
98,REDMI,47,test|train|valid,True,test,IMG_20240303_111538,20240303,111538
98,REDMI,47,test|train|valid,True,test,IMG_20240303_111543,20240303,111543
98,REDMI,47,test|train|valid,True,train,IMG_20240303_111548,20240303,111548
98,REDMI,47,test|train|valid,True,test,IMG_20240303_111552,20240303,111552
99,REDMI,9,test|train|valid,True,valid,IMG_20240306_115158,20240306,115158
99,REDMI,9,test|train|valid,True,test,IMG_20240306_115212,20240306,115212
99,REDMI,9,test|train|valid,True,train,IMG_20240306_115233,20240306,115233
99,REDMI,9,test|train|valid,True,valid,IMG_20240306_115248,20240306,115248
99,REDMI,9,test|train|valid,True,train,IMG_20240306_115255,20240306,115255
99,REDMI,9,test|train|valid,True,train,IMG_20240306_115333,20240306,115333
99,REDMI,9,test|train|valid,True,valid,IMG_20240306_115359,20240306,115359
99,REDMI,9,test|train|valid,True,train,IMG_20240306_115407,20240306,115407
99,REDMI,9,test|train|valid,True,train,IMG_20240306_115417,20240306,115417
100,REDMI,2,train|valid,True,valid,IMG_20240306_115526,20240306,115526
100,REDMI,2,train|valid,True,train,IMG_20240306_115614,20240306,115614
101,REDMI,22,test|train|valid,True,train,IMG_20240306_115820,20240306,115820
101,REDMI,22,test|train|valid,True,valid,IMG_20240306_115824,20240306,115824
101,REDMI,22,test|train|valid,True,valid,IMG_20240306_115849,20240306,115849
101,REDMI,22,test|train|valid,True,train,IMG_20240306_115853,20240306,115853
101,REDMI,22,test|train|valid,True,train,IMG_20240306_115904,20240306,115904
101,REDMI,22,test|train|valid,True,train,IMG_20240306_115909,20240306,115909
101,REDMI,22,test|train|valid,True,valid,IMG_20240306_115916,20240306,115916
101,REDMI,22,test|train|valid,True,train,IMG_20240306_115935,20240306,115935
101,REDMI,22,test|train|valid,True,train,IMG_20240306_115939,20240306,115939
101,REDMI,22,test|train|valid,True,train,IMG_20240306_115946,20240306,115946
101,REDMI,22,test|train|valid,True,train,IMG_20240306_115952,20240306,115952
101,REDMI,22,test|train|valid,True,train,IMG_20240306_115958,20240306,115958
101,REDMI,22,test|train|valid,True,train,IMG_20240306_120005,20240306,120005
101,REDMI,22,test|train|valid,True,test,IMG_20240306_120025,20240306,120025
101,REDMI,22,test|train|valid,True,train,IMG_20240306_120034,20240306,120034
101,REDMI,22,test|train|valid,True,train,IMG_20240306_120039,20240306,120039
101,REDMI,22,test|train|valid,True,train,IMG_20240306_120047,20240306,120047
101,REDMI,22,test|train|valid,True,train,IMG_20240306_120051,20240306,120051
101,REDMI,22,test|train|valid,True,train,IMG_20240306_120055,20240306,120055
101,REDMI,22,test|train|valid,True,train,IMG_20240306_120102,20240306,120102
101,REDMI,22,test|train|valid,True,train,IMG_20240306_120107,20240306,120107
101,REDMI,22,test|train|valid,True,train,IMG_20240306_120116,20240306,120116
102,REDMI,18,test|train|valid,True,train,IMG_20240306_120223,20240306,120223
102,REDMI,18,test|train|valid,True,valid,IMG_20240306_120238,20240306,120238
102,REDMI,18,test|train|valid,True,train,IMG_20240306_120243,20240306,120243
102,REDMI,18,test|train|valid,True,train,IMG_20240306_120248,20240306,120248
102,REDMI,18,test|train|valid,True,test,IMG_20240306_120259,20240306,120259
102,REDMI,18,test|train|valid,True,train,IMG_20240306_120303,20240306,120303
102,REDMI,18,test|train|valid,True,train,IMG_20240306_120310,20240306,120310
102,REDMI,18,test|train|valid,True,train,IMG_20240306_120326,20240306,120326
102,REDMI,18,test|train|valid,True,valid,IMG_20240306_120329,20240306,120329
102,REDMI,18,test|train|valid,True,train,IMG_20240306_120333,20240306,120333
102,REDMI,18,test|train|valid,True,train,IMG_20240306_120340,20240306,120340
102,REDMI,18,test|train|valid,True,train,IMG_20240306_120346,20240306,120346
102,REDMI,18,test|train|valid,True,valid,IMG_20240306_120418,20240306,120418
102,REDMI,18,test|train|valid,True,train,IMG_20240306_120423,20240306,120423
102,REDMI,18,test|train|valid,True,test,IMG_20240306_120433,20240306,120433
102,REDMI,18,test|train|valid,True,train,IMG_20240306_120440,20240306,120440
102,REDMI,18,test|train|valid,True,train,IMG_20240306_120446,20240306,120446
102,REDMI,18,test|train|valid,True,train,IMG_20240306_120451,20240306,120451
103,REDMI,25,test|train|valid,True,valid,IMG_20240306_120641,20240306,120641
103,REDMI,25,test|train|valid,True,valid,IMG_20240306_120644,20240306,120644
103,REDMI,25,test|train|valid,True,test,IMG_20240306_120648,20240306,120648
103,REDMI,25,test|train|valid,True,train,IMG_20240306_120655,20240306,120655
103,REDMI,25,test|train|valid,True,train,IMG_20240306_120700,20240306,120700
103,REDMI,25,test|train|valid,True,train,IMG_20240306_120713,20240306,120713
103,REDMI,25,test|train|valid,True,train,IMG_20240306_120745,20240306,120745
103,REDMI,25,test|train|valid,True,test,IMG_20240306_120752,20240306,120752
103,REDMI,25,test|train|valid,True,valid,IMG_20240306_120801,20240306,120801
103,REDMI,25,test|train|valid,True,test,IMG_20240306_120807,20240306,120807
103,REDMI,25,test|train|valid,True,train,IMG_20240306_120824,20240306,120824
103,REDMI,25,test|train|valid,True,train,IMG_20240306_120829,20240306,120829
103,REDMI,25,test|train|valid,True,train,IMG_20240306_120834,20240306,120834
103,REDMI,25,test|train|valid,True,train,IMG_20240306_120838,20240306,120838
103,REDMI,25,test|train|valid,True,train,IMG_20240306_120843,20240306,120843
103,REDMI,25,test|train|valid,True,valid,IMG_20240306_120857,20240306,120857
103,REDMI,25,test|train|valid,True,train,IMG_20240306_120903,20240306,120903
103,REDMI,25,test|train|valid,True,train,IMG_20240306_120915,20240306,120915
103,REDMI,25,test|train|valid,True,train,IMG_20240306_120922,20240306,120922
103,REDMI,25,test|train|valid,True,train,IMG_20240306_120926,20240306,120926
103,REDMI,25,test|train|valid,True,train,IMG_20240306_120931,20240306,120931
103,REDMI,25,test|train|valid,True,train,IMG_20240306_120936,20240306,120936
103,REDMI,25,test|train|valid,True,train,IMG_20240306_120953,20240306,120953
103,REDMI,25,test|train|valid,True,train,IMG_20240306_121000,20240306,121000
103,REDMI,25,test|train|valid,True,test,IMG_20240306_121004,20240306,121004
104,REDMI,61,test|train|valid,True,train,IMG_20240306_143330,20240306,143330
104,REDMI,61,test|train|valid,True,train,IMG_20240306_143333,20240306,143333
104,REDMI,61,test|train|valid,True,train,IMG_20240306_143338,20240306,143338
104,REDMI,61,test|train|valid,True,train,IMG_20240306_143344,20240306,143344
104,REDMI,61,test|train|valid,True,train,IMG_20240306_143347,20240306,143347
104,REDMI,61,test|train|valid,True,valid,IMG_20240306_143405,20240306,143405
104,REDMI,61,test|train|valid,True,valid,IMG_20240306_143409,20240306,143409
104,REDMI,61,test|train|valid,True,train,IMG_20240306_143413,20240306,143413
104,REDMI,61,test|train|valid,True,train,IMG_20240306_143418,20240306,143418
104,REDMI,61,test|train|valid,True,valid,IMG_20240306_143422,20240306,143422
104,REDMI,61,test|train|valid,True,train,IMG_20240306_143454,20240306,143454
104,REDMI,61,test|train|valid,True,train,IMG_20240306_143501,20240306,143501
104,REDMI,61,test|train|valid,True,train,IMG_20240306_143504,20240306,143504
104,REDMI,61,test|train|valid,True,train,IMG_20240306_143519,20240306,143519
104,REDMI,61,test|train|valid,True,train,IMG_20240306_143529,20240306,143529
104,REDMI,61,test|train|valid,True,train,IMG_20240306_143546,20240306,143546
104,REDMI,61,test|train|valid,True,train,IMG_20240306_143549,20240306,143549
104,REDMI,61,test|train|valid,True,train,IMG_20240306_143552,20240306,143552
104,REDMI,61,test|train|valid,True,train,IMG_20240306_143627,20240306,143627
104,REDMI,61,test|train|valid,True,train,IMG_20240306_143629,20240306,143629
104,REDMI,61,test|train|valid,True,test,IMG_20240306_143648,20240306,143648
104,REDMI,61,test|train|valid,True,train,IMG_20240306_143657,20240306,143657
104,REDMI,61,test|train|valid,True,train,IMG_20240306_143704,20240306,143704
104,REDMI,61,test|train|valid,True,valid,IMG_20240306_143708,20240306,143708
104,REDMI,61,test|train|valid,True,train,IMG_20240306_143713,20240306,143713
104,REDMI,61,test|train|valid,True,train,IMG_20240306_143718,20240306,143718
104,REDMI,61,test|train|valid,True,train,IMG_20240306_143733,20240306,143733
104,REDMI,61,test|train|valid,True,valid,IMG_20240306_143737,20240306,143737
104,REDMI,61,test|train|valid,True,test,IMG_20240306_143742,20240306,143742
104,REDMI,61,test|train|valid,True,train,IMG_20240306_143750,20240306,143750
104,REDMI,61,test|train|valid,True,train,IMG_20240306_143805,20240306,143805
104,REDMI,61,test|train|valid,True,train,IMG_20240306_143811,20240306,143811
104,REDMI,61,test|train|valid,True,train,IMG_20240306_143818,20240306,143818
104,REDMI,61,test|train|valid,True,valid,IMG_20240306_143830,20240306,143830
104,REDMI,61,test|train|valid,True,train,IMG_20240306_143836,20240306,143836
104,REDMI,61,test|train|valid,True,train,IMG_20240306_143839,20240306,143839
104,REDMI,61,test|train|valid,True,train,IMG_20240306_143844,20240306,143844
104,REDMI,61,test|train|valid,True,train,IMG_20240306_143849,20240306,143849
104,REDMI,61,test|train|valid,True,test,IMG_20240306_143943,20240306,143943
104,REDMI,61,test|train|valid,True,train,IMG_20240306_143945,20240306,143945
104,REDMI,61,test|train|valid,True,train,IMG_20240306_143948,20240306,143948
104,REDMI,61,test|train|valid,True,train,IMG_20240306_143951,20240306,143951
104,REDMI,61,test|train|valid,True,train,IMG_20240306_143955,20240306,143955
104,REDMI,61,test|train|valid,True,valid,IMG_20240306_144000,20240306,144000
104,REDMI,61,test|train|valid,True,train,IMG_20240306_144014,20240306,144014
104,REDMI,61,test|train|valid,True,train,IMG_20240306_144020,20240306,144020
104,REDMI,61,test|train|valid,True,train,IMG_20240306_144027,20240306,144027
104,REDMI,61,test|train|valid,True,train,IMG_20240306_144038,20240306,144038
104,REDMI,61,test|train|valid,True,valid,IMG_20240306_144050,20240306,144050
104,REDMI,61,test|train|valid,True,valid,IMG_20240306_144056,20240306,144056
104,REDMI,61,test|train|valid,True,valid,IMG_20240306_144100,20240306,144100
104,REDMI,61,test|train|valid,True,train,IMG_20240306_144136,20240306,144136
104,REDMI,61,test|train|valid,True,valid,IMG_20240306_144142,20240306,144142
104,REDMI,61,test|train|valid,True,test,IMG_20240306_144146,20240306,144146
104,REDMI,61,test|train|valid,True,test,IMG_20240306_144150,20240306,144150
104,REDMI,61,test|train|valid,True,valid,IMG_20240306_144154,20240306,144154
104,REDMI,61,test|train|valid,True,train,IMG_20240306_144157,20240306,144157
104,REDMI,61,test|train|valid,True,train,IMG_20240306_144207,20240306,144207
104,REDMI,61,test|train|valid,True,train,IMG_20240306_144210,20240306,144210
104,REDMI,61,test|train|valid,True,test,IMG_20240306_144215,20240306,144215
104,REDMI,61,test|train|valid,True,train,IMG_20240306_144218,20240306,144218
105,REDMI,40,test|train|valid,True,train,IMG_20240309_112451,20240309,112451
105,REDMI,40,test|train|valid,True,train,IMG_20240309_112457,20240309,112457
105,REDMI,40,test|train|valid,True,valid,IMG_20240309_112502,20240309,112502
105,REDMI,40,test|train|valid,True,train,IMG_20240309_112509,20240309,112509
105,REDMI,40,test|train|valid,True,train,IMG_20240309_112525,20240309,112525
105,REDMI,40,test|train|valid,True,train,IMG_20240309_112530,20240309,112530
105,REDMI,40,test|train|valid,True,train,IMG_20240309_112534,20240309,112534
105,REDMI,40,test|train|valid,True,valid,IMG_20240309_112554,20240309,112554
105,REDMI,40,test|train|valid,True,train,IMG_20240309_112559,20240309,112559
105,REDMI,40,test|train|valid,True,valid,IMG_20240309_112607,20240309,112607
105,REDMI,40,test|train|valid,True,train,IMG_20240309_112621,20240309,112621
105,REDMI,40,test|train|valid,True,train,IMG_20240309_112630,20240309,112630
105,REDMI,40,test|train|valid,True,train,IMG_20240309_112651,20240309,112651
105,REDMI,40,test|train|valid,True,test,IMG_20240309_112657,20240309,112657
105,REDMI,40,test|train|valid,True,train,IMG_20240309_112703,20240309,112703
105,REDMI,40,test|train|valid,True,train,IMG_20240309_112710,20240309,112710
105,REDMI,40,test|train|valid,True,train,IMG_20240309_112719,20240309,112719
105,REDMI,40,test|train|valid,True,train,IMG_20240309_112734,20240309,112734
105,REDMI,40,test|train|valid,True,train,IMG_20240309_112740,20240309,112740
105,REDMI,40,test|train|valid,True,train,IMG_20240309_112741,20240309,112741
105,REDMI,40,test|train|valid,True,train,IMG_20240309_112756,20240309,112756
105,REDMI,40,test|train|valid,True,train,IMG_20240309_112804,20240309,112804
105,REDMI,40,test|train|valid,True,train,IMG_20240309_112836,20240309,112836
105,REDMI,40,test|train|valid,True,test,IMG_20240309_112841,20240309,112841
105,REDMI,40,test|train|valid,True,train,IMG_20240309_112845,20240309,112845
105,REDMI,40,test|train|valid,True,train,IMG_20240309_112929,20240309,112929
105,REDMI,40,test|train|valid,True,test,IMG_20240309_112934,20240309,112934
105,REDMI,40,test|train|valid,True,train,IMG_20240309_112941,20240309,112941
105,REDMI,40,test|train|valid,True,train,IMG_20240309_112951,20240309,112951
105,REDMI,40,test|train|valid,True,train,IMG_20240309_112954,20240309,112954
105,REDMI,40,test|train|valid,True,train,IMG_20240309_112959,20240309,112959
105,REDMI,40,test|train|valid,True,train,IMG_20240309_113009,20240309,113009
105,REDMI,40,test|train|valid,True,train,IMG_20240309_113043,20240309,113043
105,REDMI,40,test|train|valid,True,train,IMG_20240309_113050,20240309,113050
105,REDMI,40,test|train|valid,True,test,IMG_20240309_113054,20240309,113054
105,REDMI,40,test|train|valid,True,train,IMG_20240309_113107,20240309,113107
105,REDMI,40,test|train|valid,True,train,IMG_20240309_113113,20240309,113113
105,REDMI,40,test|train|valid,True,train,IMG_20240309_113129,20240309,113129
105,REDMI,40,test|train|valid,True,train,IMG_20240309_113224,20240309,113224
105,REDMI,40,test|train|valid,True,train,IMG_20240309_113229,20240309,113229
106,REDMI,58,test|train|valid,True,test,IMG_20240309_113356,20240309,113356
106,REDMI,58,test|train|valid,True,train,IMG_20240309_113400,20240309,113400
106,REDMI,58,test|train|valid,True,valid,IMG_20240309_113404,20240309,113404
106,REDMI,58,test|train|valid,True,train,IMG_20240309_113424,20240309,113424
106,REDMI,58,test|train|valid,True,train,IMG_20240309_113430,20240309,113430
106,REDMI,58,test|train|valid,True,valid,IMG_20240309_113446,20240309,113446
106,REDMI,58,test|train|valid,True,valid,IMG_20240309_113458,20240309,113458
106,REDMI,58,test|train|valid,True,train,IMG_20240309_113512,20240309,113512
106,REDMI,58,test|train|valid,True,train,IMG_20240309_113523,20240309,113523
106,REDMI,58,test|train|valid,True,valid,IMG_20240309_113527,20240309,113527
106,REDMI,58,test|train|valid,True,test,IMG_20240309_113550,20240309,113550
106,REDMI,58,test|train|valid,True,train,IMG_20240309_113555,20240309,113555
106,REDMI,58,test|train|valid,True,train,IMG_20240309_113600,20240309,113600
106,REDMI,58,test|train|valid,True,valid,IMG_20240309_113607,20240309,113607
106,REDMI,58,test|train|valid,True,train,IMG_20240309_113617,20240309,113617
106,REDMI,58,test|train|valid,True,test,IMG_20240309_113625,20240309,113625
106,REDMI,58,test|train|valid,True,valid,IMG_20240309_113632,20240309,113632
106,REDMI,58,test|train|valid,True,train,IMG_20240309_113638,20240309,113638
106,REDMI,58,test|train|valid,True,train,IMG_20240309_113647,20240309,113647
106,REDMI,58,test|train|valid,True,train,IMG_20240309_113655,20240309,113655
106,REDMI,58,test|train|valid,True,train,IMG_20240309_113702,20240309,113702
106,REDMI,58,test|train|valid,True,test,IMG_20240309_113711,20240309,113711
106,REDMI,58,test|train|valid,True,train,IMG_20240309_113717,20240309,113717
106,REDMI,58,test|train|valid,True,test,IMG_20240309_113723,20240309,113723
106,REDMI,58,test|train|valid,True,train,IMG_20240309_113727,20240309,113727
106,REDMI,58,test|train|valid,True,train,IMG_20240309_113733,20240309,113733
106,REDMI,58,test|train|valid,True,train,IMG_20240309_113740,20240309,113740
106,REDMI,58,test|train|valid,True,train,IMG_20240309_113749,20240309,113749
106,REDMI,58,test|train|valid,True,train,IMG_20240309_113752,20240309,113752
106,REDMI,58,test|train|valid,True,train,IMG_20240309_113804,20240309,113804
106,REDMI,58,test|train|valid,True,train,IMG_20240309_113816,20240309,113816
106,REDMI,58,test|train|valid,True,valid,IMG_20240309_113823,20240309,113823
106,REDMI,58,test|train|valid,True,test,IMG_20240309_113834,20240309,113834
106,REDMI,58,test|train|valid,True,train,IMG_20240309_113841,20240309,113841
106,REDMI,58,test|train|valid,True,train,IMG_20240309_113845,20240309,113845
106,REDMI,58,test|train|valid,True,train,IMG_20240309_113852,20240309,113852
106,REDMI,58,test|train|valid,True,train,IMG_20240309_113914,20240309,113914
106,REDMI,58,test|train|valid,True,train,IMG_20240309_113936,20240309,113936
106,REDMI,58,test|train|valid,True,train,IMG_20240309_113942,20240309,113942
106,REDMI,58,test|train|valid,True,train,IMG_20240309_113949,20240309,113949
106,REDMI,58,test|train|valid,True,train,IMG_20240309_113956,20240309,113956
106,REDMI,58,test|train|valid,True,test,IMG_20240309_114006,20240309,114006
106,REDMI,58,test|train|valid,True,valid,IMG_20240309_114034,20240309,114034
106,REDMI,58,test|train|valid,True,train,IMG_20240309_114042,20240309,114042
106,REDMI,58,test|train|valid,True,valid,IMG_20240309_114056,20240309,114056
106,REDMI,58,test|train|valid,True,train,IMG_20240309_114100,20240309,114100
106,REDMI,58,test|train|valid,True,train,IMG_20240309_114116,20240309,114116
106,REDMI,58,test|train|valid,True,valid,IMG_20240309_114132,20240309,114132
106,REDMI,58,test|train|valid,True,test,IMG_20240309_114140,20240309,114140
106,REDMI,58,test|train|valid,True,train,IMG_20240309_114142,20240309,114142
106,REDMI,58,test|train|valid,True,train,IMG_20240309_114148,20240309,114148
106,REDMI,58,test|train|valid,True,train,IMG_20240309_114154,20240309,114154
106,REDMI,58,test|train|valid,True,train,IMG_20240309_114200,20240309,114200
106,REDMI,58,test|train|valid,True,train,IMG_20240309_114203,20240309,114203
106,REDMI,58,test|train|valid,True,train,IMG_20240309_114215,20240309,114215
106,REDMI,58,test|train|valid,True,valid,IMG_20240309_114221,20240309,114221
106,REDMI,58,test|train|valid,True,train,IMG_20240309_114244,20240309,114244
106,REDMI,58,test|train|valid,True,valid,IMG_20240309_114248,20240309,114248
107,REDMI,50,test|train|valid,True,train,IMG_20240309_114350,20240309,114350
107,REDMI,50,test|train|valid,True,train,IMG_20240309_114357,20240309,114357
107,REDMI,50,test|train|valid,True,train,IMG_20240309_114401,20240309,114401
107,REDMI,50,test|train|valid,True,train,IMG_20240309_114407,20240309,114407
107,REDMI,50,test|train|valid,True,valid,IMG_20240309_114443,20240309,114443
107,REDMI,50,test|train|valid,True,train,IMG_20240309_114455,20240309,114455
107,REDMI,50,test|train|valid,True,train,IMG_20240309_114503,20240309,114503
107,REDMI,50,test|train|valid,True,train,IMG_20240309_114513,20240309,114513
107,REDMI,50,test|train|valid,True,train,IMG_20240309_114538,20240309,114538
107,REDMI,50,test|train|valid,True,valid,IMG_20240309_114542,20240309,114542
107,REDMI,50,test|train|valid,True,valid,IMG_20240309_114550,20240309,114550
107,REDMI,50,test|train|valid,True,train,IMG_20240309_114605,20240309,114605
107,REDMI,50,test|train|valid,True,train,IMG_20240309_114609,20240309,114609
107,REDMI,50,test|train|valid,True,train,IMG_20240309_114613,20240309,114613
107,REDMI,50,test|train|valid,True,valid,IMG_20240309_114617,20240309,114617
107,REDMI,50,test|train|valid,True,train,IMG_20240309_114638,20240309,114638
107,REDMI,50,test|train|valid,True,valid,IMG_20240309_114643,20240309,114643
107,REDMI,50,test|train|valid,True,train,IMG_20240309_114649,20240309,114649
107,REDMI,50,test|train|valid,True,train,IMG_20240309_114655,20240309,114655
107,REDMI,50,test|train|valid,True,test,IMG_20240309_114741,20240309,114741
107,REDMI,50,test|train|valid,True,train,IMG_20240309_114746,20240309,114746
107,REDMI,50,test|train|valid,True,train,IMG_20240309_114751,20240309,114751
107,REDMI,50,test|train|valid,True,train,IMG_20240309_114800,20240309,114800
107,REDMI,50,test|train|valid,True,train,IMG_20240309_114826,20240309,114826
107,REDMI,50,test|train|valid,True,train,IMG_20240309_114832,20240309,114832
107,REDMI,50,test|train|valid,True,train,IMG_20240309_114837,20240309,114837
107,REDMI,50,test|train|valid,True,test,IMG_20240309_114840,20240309,114840
107,REDMI,50,test|train|valid,True,train,IMG_20240309_114854,20240309,114854
107,REDMI,50,test|train|valid,True,train,IMG_20240309_114923,20240309,114923
107,REDMI,50,test|train|valid,True,train,IMG_20240309_114926,20240309,114926
107,REDMI,50,test|train|valid,True,train,IMG_20240309_114930,20240309,114930
107,REDMI,50,test|train|valid,True,train,IMG_20240309_114934,20240309,114934
107,REDMI,50,test|train|valid,True,train,IMG_20240309_114937,20240309,114937
107,REDMI,50,test|train|valid,True,valid,IMG_20240309_114950,20240309,114950
107,REDMI,50,test|train|valid,True,train,IMG_20240309_114954,20240309,114954
107,REDMI,50,test|train|valid,True,train,IMG_20240309_115021,20240309,115021
107,REDMI,50,test|train|valid,True,train,IMG_20240309_115024,20240309,115024
107,REDMI,50,test|train|valid,True,train,IMG_20240309_115029,20240309,115029
107,REDMI,50,test|train|valid,True,valid,IMG_20240309_115102,20240309,115102
107,REDMI,50,test|train|valid,True,train,IMG_20240309_115105,20240309,115105
107,REDMI,50,test|train|valid,True,train,IMG_20240309_115136,20240309,115136
107,REDMI,50,test|train|valid,True,train,IMG_20240309_115140,20240309,115140
107,REDMI,50,test|train|valid,True,test,IMG_20240309_115144,20240309,115144
107,REDMI,50,test|train|valid,True,valid,IMG_20240309_115200,20240309,115200
107,REDMI,50,test|train|valid,True,train,IMG_20240309_115204,20240309,115204
107,REDMI,50,test|train|valid,True,train,IMG_20240309_115208,20240309,115208
107,REDMI,50,test|train|valid,True,valid,IMG_20240309_115221,20240309,115221
107,REDMI,50,test|train|valid,True,train,IMG_20240309_115233,20240309,115233
107,REDMI,50,test|train|valid,True,train,IMG_20240309_115236,20240309,115236
107,REDMI,50,test|train|valid,True,train,IMG_20240309_115239,20240309,115239
108,REDMI,42,test|train|valid,True,train,IMG_20240309_115342,20240309,115342
108,REDMI,42,test|train|valid,True,train,IMG_20240309_115346,20240309,115346
108,REDMI,42,test|train|valid,True,valid,IMG_20240309_115349,20240309,115349
108,REDMI,42,test|train|valid,True,valid,IMG_20240309_115356,20240309,115356
108,REDMI,42,test|train|valid,True,train,IMG_20240309_115422,20240309,115422
108,REDMI,42,test|train|valid,True,train,IMG_20240309_115425,20240309,115425
108,REDMI,42,test|train|valid,True,train,IMG_20240309_115439,20240309,115439
108,REDMI,42,test|train|valid,True,valid,IMG_20240309_115453,20240309,115453
108,REDMI,42,test|train|valid,True,train,IMG_20240309_115510,20240309,115510
108,REDMI,42,test|train|valid,True,train,IMG_20240309_115515,20240309,115515
108,REDMI,42,test|train|valid,True,valid,IMG_20240309_115518,20240309,115518
108,REDMI,42,test|train|valid,True,train,IMG_20240309_115522,20240309,115522
108,REDMI,42,test|train|valid,True,train,IMG_20240309_115527,20240309,115527
108,REDMI,42,test|train|valid,True,train,IMG_20240309_115610,20240309,115610
108,REDMI,42,test|train|valid,True,valid,IMG_20240309_115616,20240309,115616
108,REDMI,42,test|train|valid,True,valid,IMG_20240309_115620,20240309,115620
108,REDMI,42,test|train|valid,True,train,IMG_20240309_115627,20240309,115627
108,REDMI,42,test|train|valid,True,train,IMG_20240309_115633,20240309,115633
108,REDMI,42,test|train|valid,True,test,IMG_20240309_115637,20240309,115637
108,REDMI,42,test|train|valid,True,valid,IMG_20240309_115718,20240309,115718
108,REDMI,42,test|train|valid,True,train,IMG_20240309_115723,20240309,115723
108,REDMI,42,test|train|valid,True,valid,IMG_20240309_115728,20240309,115728
108,REDMI,42,test|train|valid,True,train,IMG_20240309_115734,20240309,115734
108,REDMI,42,test|train|valid,True,train,IMG_20240309_115740,20240309,115740
108,REDMI,42,test|train|valid,True,train,IMG_20240309_115752,20240309,115752
108,REDMI,42,test|train|valid,True,test,IMG_20240309_115756,20240309,115756
108,REDMI,42,test|train|valid,True,train,IMG_20240309_115802,20240309,115802
108,REDMI,42,test|train|valid,True,train,IMG_20240309_115810,20240309,115810
108,REDMI,42,test|train|valid,True,train,IMG_20240309_115813,20240309,115813
108,REDMI,42,test|train|valid,True,valid,IMG_20240309_115835,20240309,115835
108,REDMI,42,test|train|valid,True,test,IMG_20240309_115840,20240309,115840
108,REDMI,42,test|train|valid,True,train,IMG_20240309_115844,20240309,115844
108,REDMI,42,test|train|valid,True,train,IMG_20240309_115910,20240309,115910
108,REDMI,42,test|train|valid,True,valid,IMG_20240309_115915,20240309,115915
108,REDMI,42,test|train|valid,True,train,IMG_20240309_115922,20240309,115922
108,REDMI,42,test|train|valid,True,train,IMG_20240309_115924,20240309,115924
108,REDMI,42,test|train|valid,True,train,IMG_20240309_115929,20240309,115929
108,REDMI,42,test|train|valid,True,train,IMG_20240309_115939,20240309,115939
108,REDMI,42,test|train|valid,True,valid,IMG_20240309_115948,20240309,115948
108,REDMI,42,test|train|valid,True,valid,IMG_20240309_115952,20240309,115952
108,REDMI,42,test|train|valid,True,test,IMG_20240309_115958,20240309,115958
108,REDMI,42,test|train|valid,True,train,IMG_20240309_120002,20240309,120002
109,REDMI,10,test|train|valid,True,train,IMG_20240309_120205,20240309,120205
109,REDMI,10,test|train|valid,True,test,IMG_20240309_120210,20240309,120210
109,REDMI,10,test|train|valid,True,train,IMG_20240309_120214,20240309,120214
109,REDMI,10,test|train|valid,True,valid,IMG_20240309_120223,20240309,120223
109,REDMI,10,test|train|valid,True,train,IMG_20240309_120229,20240309,120229
109,REDMI,10,test|train|valid,True,valid,IMG_20240309_120246,20240309,120246
109,REDMI,10,test|train|valid,True,valid,IMG_20240309_120258,20240309,120258
109,REDMI,10,test|train|valid,True,train,IMG_20240309_120304,20240309,120304
109,REDMI,10,test|train|valid,True,train,IMG_20240309_120308,20240309,120308
109,REDMI,10,test|train|valid,True,valid,IMG_20240309_120334,20240309,120334
110,REDMI,10,test|train|valid,True,valid,IMG_20240417_115018,20240417,115018
110,REDMI,10,test|train|valid,True,valid,IMG_20240417_115033,20240417,115033
110,REDMI,10,test|train|valid,True,test,IMG_20240417_115042,20240417,115042
110,REDMI,10,test|train|valid,True,train,IMG_20240417_115054,20240417,115054
110,REDMI,10,test|train|valid,True,train,IMG_20240417_115119,20240417,115119
110,REDMI,10,test|train|valid,True,train,IMG_20240417_115133,20240417,115133
110,REDMI,10,test|train|valid,True,valid,IMG_20240417_115137,20240417,115137
110,REDMI,10,test|train|valid,True,test,IMG_20240417_115155,20240417,115155
110,REDMI,10,test|train|valid,True,train,IMG_20240417_115202,20240417,115202
110,REDMI,10,test|train|valid,True,train,IMG_20240417_115234,20240417,115234
111,REDMI,16,test|train|valid,True,valid,IMG_20240417_115336,20240417,115336
111,REDMI,16,test|train|valid,True,test,IMG_20240417_115349,20240417,115349
111,REDMI,16,test|train|valid,True,train,IMG_20240417_115357,20240417,115357
111,REDMI,16,test|train|valid,True,test,IMG_20240417_115403,20240417,115403
111,REDMI,16,test|train|valid,True,train,IMG_20240417_115409,20240417,115409
111,REDMI,16,test|train|valid,True,train,IMG_20240417_115415,20240417,115415
111,REDMI,16,test|train|valid,True,train,IMG_20240417_115419,20240417,115419
111,REDMI,16,test|train|valid,True,train,IMG_20240417_115515,20240417,115515
111,REDMI,16,test|train|valid,True,train,IMG_20240417_115535,20240417,115535
111,REDMI,16,test|train|valid,True,train,IMG_20240417_115542,20240417,115542
111,REDMI,16,test|train|valid,True,valid,IMG_20240417_115554,20240417,115554
111,REDMI,16,test|train|valid,True,train,IMG_20240417_115601,20240417,115601
111,REDMI,16,test|train|valid,True,train,IMG_20240417_115615,20240417,115615
111,REDMI,16,test|train|valid,True,train,IMG_20240417_115638,20240417,115638
111,REDMI,16,test|train|valid,True,train,IMG_20240417_115708,20240417,115708
111,REDMI,16,test|train|valid,True,train,IMG_20240417_115717,20240417,115717
112,REDMI,7,train|valid,True,train,IMG_20240417_115845,20240417,115845
112,REDMI,7,train|valid,True,train,IMG_20240417_115849,20240417,115849
112,REDMI,7,train|valid,True,train,IMG_20240417_115856,20240417,115856
112,REDMI,7,train|valid,True,train,IMG_20240417_115901,20240417,115901
112,REDMI,7,train|valid,True,train,IMG_20240417_115905,20240417,115905
112,REDMI,7,train|valid,True,train,IMG_20240417_115920,20240417,115920
112,REDMI,7,train|valid,True,valid,IMG_20240417_115924,20240417,115924
113,X,10,train,False,train,IMG20240220133541,20240220,133541
113,X,10,train,False,train,IMG20240220133619,20240220,133619
113,X,10,train,False,train,IMG20240220133631,20240220,133631
113,X,10,train,False,train,IMG20240220133705,20240220,133705
113,X,10,train,False,train,IMG20240220133745,20240220,133745
113,X,10,train,False,train,IMG20240220133803,20240220,133803
113,X,10,train,False,train,IMG20240220133809,20240220,133809
113,X,10,train,False,train,IMG20240220133817,20240220,133817
113,X,10,train,False,train,IMG20240220133847,20240220,133847
113,X,10,train,False,train,IMG20240220133854,20240220,133854
114,X,40,train,False,train,IMG20240220134015,20240220,134015
114,X,40,train,False,train,IMG20240220134019,20240220,134019
114,X,40,train,False,train,IMG20240220134040,20240220,134040
114,X,40,train,False,train,IMG20240220134046,20240220,134046
114,X,40,train,False,train,IMG20240220134102,20240220,134102
114,X,40,train,False,train,IMG20240220134138,20240220,134138
114,X,40,train,False,train,IMG20240220134151,20240220,134151
114,X,40,train,False,train,IMG20240220134200,20240220,134200
114,X,40,train,False,train,IMG20240220134256,20240220,134256
114,X,40,train,False,train,IMG20240220134301,20240220,134301
114,X,40,train,False,train,IMG20240220134311,20240220,134311
114,X,40,train,False,train,IMG20240220134404,20240220,134404
114,X,40,train,False,train,IMG20240220134408,20240220,134408
114,X,40,train,False,train,IMG20240220134414,20240220,134414
114,X,40,train,False,train,IMG20240220134424,20240220,134424
114,X,40,train,False,train,IMG20240220134439,20240220,134439
114,X,40,train,False,train,IMG20240220134510,20240220,134510
114,X,40,train,False,train,IMG20240220134527,20240220,134527
114,X,40,train,False,train,IMG20240220134531,20240220,134531
114,X,40,train,False,train,IMG20240220134537,20240220,134537
114,X,40,train,False,train,IMG20240220134608,20240220,134608
114,X,40,train,False,train,IMG20240220134618,20240220,134618
114,X,40,train,False,train,IMG20240220134651,20240220,134651
114,X,40,train,False,train,IMG20240220134657,20240220,134657
114,X,40,train,False,train,IMG20240220134719,20240220,134719
114,X,40,train,False,train,IMG20240220134725,20240220,134725
114,X,40,train,False,train,IMG20240220134733,20240220,134733
114,X,40,train,False,train,IMG20240220134757,20240220,134757
114,X,40,train,False,train,IMG20240220134801,20240220,134801
114,X,40,train,False,train,IMG20240220134809,20240220,134809
114,X,40,train,False,train,IMG20240220134815,20240220,134815
114,X,40,train,False,train,IMG20240220134841,20240220,134841
114,X,40,train,False,train,IMG20240220134845,20240220,134845
114,X,40,train,False,train,IMG20240220134852,20240220,134852
114,X,40,train,False,train,IMG20240220134904,20240220,134904
114,X,40,train,False,train,IMG20240220134936,20240220,134936
114,X,40,train,False,train,IMG20240220135003,20240220,135003
114,X,40,train,False,train,IMG20240220135008,20240220,135008
114,X,40,train,False,train,IMG20240220135041,20240220,135041
114,X,40,train,False,train,IMG20240220135044,20240220,135044
115,X,20,train,False,train,IMG20240220135239,20240220,135239
115,X,20,train,False,train,IMG20240220135244,20240220,135244
115,X,20,train,False,train,IMG20240220135251,20240220,135251
115,X,20,train,False,train,IMG20240220135303,20240220,135303
115,X,20,train,False,train,IMG20240220135313,20240220,135313
115,X,20,train,False,train,IMG20240220135324,20240220,135324
115,X,20,train,False,train,IMG20240220135346,20240220,135346
115,X,20,train,False,train,IMG20240220135357,20240220,135357
115,X,20,train,False,train,IMG20240220135358,20240220,135358
115,X,20,train,False,train,IMG20240220135414,20240220,135414
115,X,20,train,False,train,IMG20240220135421,20240220,135421
115,X,20,train,False,train,IMG20240220135435,20240220,135435
115,X,20,train,False,train,IMG20240220135456,20240220,135456
115,X,20,train,False,train,IMG20240220135511,20240220,135511
115,X,20,train,False,train,IMG20240220135518,20240220,135518
115,X,20,train,False,train,IMG20240220135539,20240220,135539
115,X,20,train,False,train,IMG20240220135548,20240220,135548
115,X,20,train,False,train,IMG20240220135617,20240220,135617
115,X,20,train,False,train,IMG20240220135629,20240220,135629
115,X,20,train,False,train,IMG20240220135633,20240220,135633
116,X,6,train,False,train,IMG20240220135847,20240220,135847
116,X,6,train,False,train,IMG20240220135853,20240220,135853
116,X,6,train,False,train,IMG20240220135905,20240220,135905
116,X,6,train,False,train,IMG20240220135910,20240220,135910
116,X,6,train,False,train,IMG20240220135926,20240220,135926
116,X,6,train,False,train,IMG20240220135937,20240220,135937
117,X,5,test|train|valid,True,train,IMG20240306115331,20240306,115331
117,X,5,test|train|valid,True,train,IMG20240306115335,20240306,115335
117,X,5,test|train|valid,True,test,IMG20240306115356,20240306,115356
117,X,5,test|train|valid,True,valid,IMG20240306115402,20240306,115402
117,X,5,test|train|valid,True,test,IMG20240306115416,20240306,115416
118,X,18,train|valid,True,train,IMG20240306115613,20240306,115613
118,X,18,train|valid,True,train,IMG20240306115619,20240306,115619
118,X,18,train|valid,True,train,IMG20240306115634,20240306,115634
118,X,18,train|valid,True,train,IMG20240306115645,20240306,115645
118,X,18,train|valid,True,train,IMG20240306115737,20240306,115737
118,X,18,train|valid,True,train,IMG20240306115813,20240306,115813
118,X,18,train|valid,True,train,IMG20240306115829,20240306,115829
118,X,18,train|valid,True,train,IMG20240306115840,20240306,115840
118,X,18,train|valid,True,train,IMG20240306115900,20240306,115900
118,X,18,train|valid,True,train,IMG20240306115903,20240306,115903
118,X,18,train|valid,True,valid,IMG20240306115907,20240306,115907
118,X,18,train|valid,True,valid,IMG20240306115945,20240306,115945
118,X,18,train|valid,True,valid,IMG20240306115954,20240306,115954
118,X,18,train|valid,True,train,IMG20240306115958,20240306,115958
118,X,18,train|valid,True,train,IMG20240306120018,20240306,120018
118,X,18,train|valid,True,valid,IMG20240306120023,20240306,120023
118,X,18,train|valid,True,train,IMG20240306120031,20240306,120031
118,X,18,train|valid,True,train,IMG20240306120053,20240306,120053
119,X,20,test|train|valid,True,train,IMG20240306120637,20240306,120637
119,X,20,test|train|valid,True,train,IMG20240306120649,20240306,120649
119,X,20,test|train|valid,True,train,IMG20240306120710,20240306,120710
119,X,20,test|train|valid,True,train,IMG20240306120710_01,20240306,120710
119,X,20,test|train|valid,True,train,IMG20240306120717,20240306,120717
119,X,20,test|train|valid,True,valid,IMG20240306120725,20240306,120725
119,X,20,test|train|valid,True,valid,IMG20240306120752,20240306,120752
119,X,20,test|train|valid,True,train,IMG20240306120810,20240306,120810
119,X,20,test|train|valid,True,train,IMG20240306120817,20240306,120817
119,X,20,test|train|valid,True,test,IMG20240306120839,20240306,120839
119,X,20,test|train|valid,True,train,IMG20240306120846,20240306,120846
119,X,20,test|train|valid,True,valid,IMG20240306120859,20240306,120859
119,X,20,test|train|valid,True,valid,IMG20240306120910,20240306,120910
119,X,20,test|train|valid,True,train,IMG20240306120929,20240306,120929
119,X,20,test|train|valid,True,train,IMG20240306120953,20240306,120953
119,X,20,test|train|valid,True,train,IMG20240306120959,20240306,120959
119,X,20,test|train|valid,True,valid,IMG20240306121005,20240306,121005
119,X,20,test|train|valid,True,train,IMG20240306121019,20240306,121019
119,X,20,test|train|valid,True,valid,IMG20240306121022,20240306,121022
119,X,20,test|train|valid,True,test,IMG20240306121026,20240306,121026
120,X,45,test|train|valid,True,train,IMG20240306143339,20240306,143339
120,X,45,test|train|valid,True,train,IMG20240306143343,20240306,143343
120,X,45,test|train|valid,True,valid,IMG20240306143404,20240306,143404
120,X,45,test|train|valid,True,train,IMG20240306143409,20240306,143409
120,X,45,test|train|valid,True,train,IMG20240306143413,20240306,143413
120,X,45,test|train|valid,True,train,IMG20240306143454,20240306,143454
120,X,45,test|train|valid,True,train,IMG20240306143458,20240306,143458
120,X,45,test|train|valid,True,train,IMG20240306143505,20240306,143505
120,X,45,test|train|valid,True,train,IMG20240306143520,20240306,143520
120,X,45,test|train|valid,True,train,IMG20240306143528,20240306,143528
120,X,45,test|train|valid,True,train,IMG20240306143544,20240306,143544
120,X,45,test|train|valid,True,train,IMG20240306143547,20240306,143547
120,X,45,test|train|valid,True,test,IMG20240306143551,20240306,143551
120,X,45,test|train|valid,True,test,IMG20240306143620,20240306,143620
120,X,45,test|train|valid,True,train,IMG20240306143645,20240306,143645
120,X,45,test|train|valid,True,train,IMG20240306143651,20240306,143651
120,X,45,test|train|valid,True,train,IMG20240306143703,20240306,143703
120,X,45,test|train|valid,True,train,IMG20240306143705,20240306,143705
120,X,45,test|train|valid,True,train,IMG20240306143708,20240306,143708
120,X,45,test|train|valid,True,test,IMG20240306143713,20240306,143713
120,X,45,test|train|valid,True,train,IMG20240306143732,20240306,143732
120,X,45,test|train|valid,True,train,IMG20240306143736,20240306,143736
120,X,45,test|train|valid,True,train,IMG20240306143741,20240306,143741
120,X,45,test|train|valid,True,train,IMG20240306143745,20240306,143745
120,X,45,test|train|valid,True,valid,IMG20240306143749,20240306,143749
120,X,45,test|train|valid,True,train,IMG20240306143800,20240306,143800
120,X,45,test|train|valid,True,valid,IMG20240306143804,20240306,143804
120,X,45,test|train|valid,True,valid,IMG20240306143809,20240306,143809
120,X,45,test|train|valid,True,valid,IMG20240306143817,20240306,143817
120,X,45,test|train|valid,True,train,IMG20240306143829,20240306,143829
120,X,45,test|train|valid,True,train,IMG20240306143832,20240306,143832
120,X,45,test|train|valid,True,valid,IMG20240306143838,20240306,143838
120,X,45,test|train|valid,True,train,IMG20240306143852,20240306,143852
120,X,45,test|train|valid,True,train,IMG20240306143938,20240306,143938
120,X,45,test|train|valid,True,train,IMG20240306143941,20240306,143941
120,X,45,test|train|valid,True,train,IMG20240306143943,20240306,143943
120,X,45,test|train|valid,True,test,IMG20240306143950,20240306,143950
120,X,45,test|train|valid,True,train,IMG20240306143952,20240306,143952
120,X,45,test|train|valid,True,valid,IMG20240306143957,20240306,143957
120,X,45,test|train|valid,True,train,IMG20240306144012,20240306,144012
120,X,45,test|train|valid,True,valid,IMG20240306144021,20240306,144021
120,X,45,test|train|valid,True,train,IMG20240306144030,20240306,144030
120,X,45,test|train|valid,True,train,IMG20240306144041,20240306,144041
120,X,45,test|train|valid,True,train,IMG20240306144056,20240306,144056
120,X,45,test|train|valid,True,valid,IMG20240306144101,20240306,144101
121,X,19,test|train|valid,True,train,IMG20240306144233,20240306,144233
121,X,19,test|train|valid,True,train,IMG20240306144236,20240306,144236
121,X,19,test|train|valid,True,train,IMG20240306144240,20240306,144240
121,X,19,test|train|valid,True,train,IMG20240306144246,20240306,144246
121,X,19,test|train|valid,True,test,IMG20240306144250,20240306,144250
121,X,19,test|train|valid,True,valid,IMG20240306144306,20240306,144306
121,X,19,test|train|valid,True,test,IMG20240306144311,20240306,144311
121,X,19,test|train|valid,True,train,IMG20240306144325,20240306,144325
121,X,19,test|train|valid,True,train,IMG20240306144328,20240306,144328
121,X,19,test|train|valid,True,train,IMG20240306144330,20240306,144330
121,X,19,test|train|valid,True,train,IMG20240306144334,20240306,144334
121,X,19,test|train|valid,True,train,IMG20240306144337,20240306,144337
121,X,19,test|train|valid,True,train,IMG20240306144339,20240306,144339
121,X,19,test|train|valid,True,train,IMG20240306144350,20240306,144350
121,X,19,test|train|valid,True,valid,IMG20240306144352,20240306,144352
121,X,19,test|train|valid,True,train,IMG20240306144355,20240306,144355
121,X,19,test|train|valid,True,train,IMG20240306144358,20240306,144358
121,X,19,test|train|valid,True,train,IMG20240306144400,20240306,144400
121,X,19,test|train|valid,True,train,IMG20240306144402,20240306,144402
122,X,23,test|train|valid,True,train,IMG20240309112450,20240309,112450
122,X,23,test|train|valid,True,valid,IMG20240309112455,20240309,112455
122,X,23,test|train|valid,True,test,IMG20240309112459,20240309,112459
122,X,23,test|train|valid,True,valid,IMG20240309112510,20240309,112510
122,X,23,test|train|valid,True,test,IMG20240309112551,20240309,112551
122,X,23,test|train|valid,True,train,IMG20240309112554,20240309,112554
122,X,23,test|train|valid,True,train,IMG20240309112600,20240309,112600
122,X,23,test|train|valid,True,train,IMG20240309112608,20240309,112608
122,X,23,test|train|valid,True,train,IMG20240309112646,20240309,112646
122,X,23,test|train|valid,True,valid,IMG20240309112652,20240309,112652
122,X,23,test|train|valid,True,train,IMG20240309112658,20240309,112658
122,X,23,test|train|valid,True,test,IMG20240309112703,20240309,112703
122,X,23,test|train|valid,True,train,IMG20240309112712,20240309,112712
122,X,23,test|train|valid,True,train,IMG20240309112733,20240309,112733
122,X,23,test|train|valid,True,train,IMG20240309112739,20240309,112739
122,X,23,test|train|valid,True,test,IMG20240309112748,20240309,112748
122,X,23,test|train|valid,True,valid,IMG20240309112834,20240309,112834
122,X,23,test|train|valid,True,valid,IMG20240309112839,20240309,112839
122,X,23,test|train|valid,True,train,IMG20240309112846,20240309,112846
122,X,23,test|train|valid,True,train,IMG20240309112926,20240309,112926
122,X,23,test|train|valid,True,train,IMG20240309112930,20240309,112930
122,X,23,test|train|valid,True,train,IMG20240309112935,20240309,112935
122,X,23,test|train|valid,True,train,IMG20240309112942,20240309,112942
123,X,5,train|valid,True,train,IMG20240309113201,20240309,113201
123,X,5,train|valid,True,valid,IMG20240309113205,20240309,113205
123,X,5,train|valid,True,train,IMG20240309113209,20240309,113209
123,X,5,train|valid,True,valid,IMG20240309113221,20240309,113221
123,X,5,train|valid,True,train,IMG20240309113226,20240309,113226
124,X,23,test|train|valid,True,valid,IMG20240309113333,20240309,113333
124,X,23,test|train|valid,True,train,IMG20240309113351,20240309,113351
124,X,23,test|train|valid,True,train,IMG20240309113411,20240309,113411
124,X,23,test|train|valid,True,test,IMG20240309113417,20240309,113417
124,X,23,test|train|valid,True,valid,IMG20240309113432,20240309,113432
124,X,23,test|train|valid,True,train,IMG20240309113436,20240309,113436
124,X,23,test|train|valid,True,train,IMG20240309113441,20240309,113441
124,X,23,test|train|valid,True,train,IMG20240309113452,20240309,113452
124,X,23,test|train|valid,True,valid,IMG20240309113458,20240309,113458
124,X,23,test|train|valid,True,train,IMG20240309113505,20240309,113505
124,X,23,test|train|valid,True,valid,IMG20240309113515,20240309,113515
124,X,23,test|train|valid,True,train,IMG20240309113559,20240309,113559
124,X,23,test|train|valid,True,test,IMG20240309113622,20240309,113622
124,X,23,test|train|valid,True,train,IMG20240309113628,20240309,113628
124,X,23,test|train|valid,True,valid,IMG20240309113635,20240309,113635
124,X,23,test|train|valid,True,valid,IMG20240309113703,20240309,113703
124,X,23,test|train|valid,True,train,IMG20240309113708,20240309,113708
124,X,23,test|train|valid,True,train,IMG20240309113719,20240309,113719
124,X,23,test|train|valid,True,train,IMG20240309113738,20240309,113738
124,X,23,test|train|valid,True,train,IMG20240309113749,20240309,113749
124,X,23,test|train|valid,True,valid,IMG20240309113808,20240309,113808
124,X,23,test|train|valid,True,valid,IMG20240309113823,20240309,113823
124,X,23,test|train|valid,True,valid,IMG20240309113827,20240309,113827
125,X,64,test|train|valid,True,train,IMG20240309114405,20240309,114405
125,X,64,test|train|valid,True,train,IMG20240309114409,20240309,114409
125,X,64,test|train|valid,True,train,IMG20240309114414,20240309,114414
125,X,64,test|train|valid,True,train,IMG20240309114439,20240309,114439
125,X,64,test|train|valid,True,train,IMG20240309114448,20240309,114448
125,X,64,test|train|valid,True,train,IMG20240309114455,20240309,114455
125,X,64,test|train|valid,True,valid,IMG20240309114535,20240309,114535
125,X,64,test|train|valid,True,train,IMG20240309114538,20240309,114538
125,X,64,test|train|valid,True,train,IMG20240309114544,20240309,114544
125,X,64,test|train|valid,True,test,IMG20240309114604,20240309,114604
125,X,64,test|train|valid,True,train,IMG20240309114608,20240309,114608
125,X,64,test|train|valid,True,train,IMG20240309114611,20240309,114611
125,X,64,test|train|valid,True,train,IMG20240309114636,20240309,114636
125,X,64,test|train|valid,True,valid,IMG20240309114642,20240309,114642
125,X,64,test|train|valid,True,train,IMG20240309114647,20240309,114647
125,X,64,test|train|valid,True,train,IMG20240309114656,20240309,114656
125,X,64,test|train|valid,True,test,IMG20240309114740,20240309,114740
125,X,64,test|train|valid,True,train,IMG20240309114753,20240309,114753
125,X,64,test|train|valid,True,train,IMG20240309114823,20240309,114823
125,X,64,test|train|valid,True,train,IMG20240309114826,20240309,114826
125,X,64,test|train|valid,True,train,IMG20240309114831,20240309,114831
125,X,64,test|train|valid,True,test,IMG20240309114846,20240309,114846
125,X,64,test|train|valid,True,train,IMG20240309114933,20240309,114933
125,X,64,test|train|valid,True,train,IMG20240309114938,20240309,114938
125,X,64,test|train|valid,True,train,IMG20240309114943,20240309,114943
125,X,64,test|train|valid,True,train,IMG20240309114949,20240309,114949
125,X,64,test|train|valid,True,test,IMG20240309115014,20240309,115014
125,X,64,test|train|valid,True,train,IMG20240309115032,20240309,115032
125,X,64,test|train|valid,True,train,IMG20240309115107,20240309,115107
125,X,64,test|train|valid,True,train,IMG20240309115134,20240309,115134
125,X,64,test|train|valid,True,train,IMG20240309115144,20240309,115144
125,X,64,test|train|valid,True,train,IMG20240309115151,20240309,115151
125,X,64,test|train|valid,True,test,IMG20240309115204,20240309,115204
125,X,64,test|train|valid,True,train,IMG20240309115210,20240309,115210
125,X,64,test|train|valid,True,train,IMG20240309115234,20240309,115234
125,X,64,test|train|valid,True,train,IMG20240309115240,20240309,115240
125,X,64,test|train|valid,True,test,IMG20240309115335,20240309,115335
125,X,64,test|train|valid,True,train,IMG20240309115347,20240309,115347
125,X,64,test|train|valid,True,train,IMG20240309115405,20240309,115405
125,X,64,test|train|valid,True,train,IMG20240309115419,20240309,115419
125,X,64,test|train|valid,True,train,IMG20240309115425,20240309,115425
125,X,64,test|train|valid,True,train,IMG20240309115431,20240309,115431
125,X,64,test|train|valid,True,valid,IMG20240309115446,20240309,115446
125,X,64,test|train|valid,True,valid,IMG20240309115506,20240309,115506
125,X,64,test|train|valid,True,train,IMG20240309115514,20240309,115514
125,X,64,test|train|valid,True,train,IMG20240309115523,20240309,115523
125,X,64,test|train|valid,True,train,IMG20240309115608,20240309,115608
125,X,64,test|train|valid,True,train,IMG20240309115615,20240309,115615
125,X,64,test|train|valid,True,train,IMG20240309115622,20240309,115622
125,X,64,test|train|valid,True,train,IMG20240309115642,20240309,115642
125,X,64,test|train|valid,True,train,IMG20240309115720,20240309,115720
125,X,64,test|train|valid,True,train,IMG20240309115735,20240309,115735
125,X,64,test|train|valid,True,train,IMG20240309115740,20240309,115740
125,X,64,test|train|valid,True,train,IMG20240309115753,20240309,115753
125,X,64,test|train|valid,True,train,IMG20240309115800,20240309,115800
125,X,64,test|train|valid,True,train,IMG20240309115805,20240309,115805
125,X,64,test|train|valid,True,valid,IMG20240309115812,20240309,115812
125,X,64,test|train|valid,True,train,IMG20240309115839,20240309,115839
125,X,64,test|train|valid,True,train,IMG20240309115912,20240309,115912
125,X,64,test|train|valid,True,train,IMG20240309115921,20240309,115921
125,X,64,test|train|valid,True,train,IMG20240309115928,20240309,115928
125,X,64,test|train|valid,True,valid,IMG20240309115949,20240309,115949
125,X,64,test|train|valid,True,train,IMG20240309115958,20240309,115958
125,X,64,test|train|valid,True,train,IMG20240309120005,20240309,120005
126,X,13,train|valid,True,train,IMG20240309120406,20240309,120406
126,X,13,train|valid,True,train,IMG20240309120418,20240309,120418
126,X,13,train|valid,True,valid,IMG20240309120426,20240309,120426
126,X,13,train|valid,True,train,IMG20240309120445,20240309,120445
126,X,13,train|valid,True,valid,IMG20240309120449,20240309,120449
126,X,13,train|valid,True,train,IMG20240309120458,20240309,120458
126,X,13,train|valid,True,train,IMG20240309120506,20240309,120506
126,X,13,train|valid,True,train,IMG20240309120534,20240309,120534
126,X,13,train|valid,True,valid,IMG20240309120539,20240309,120539
126,X,13,train|valid,True,train,IMG20240309120605,20240309,120605
126,X,13,train|valid,True,train,IMG20240309120611,20240309,120611
126,X,13,train|valid,True,valid,IMG20240309120618,20240309,120618
126,X,13,train|valid,True,train,IMG20240309120653,20240309,120653
