image_name,split
IMG20240219113638_jpg.rf.ff06b9b93da9ca10600f9c4ababc261f.jpg,train
IMG20240219113649_jpg.rf.0aa36d5700345b509e0a4b943ae620cd.jpg,train
IMG20240219113715_jpg.rf.a71fa6e6f4be2b70af832b77db7ee10d.jpg,train
IMG20240219113726_jpg.rf.55744d06df6f9a980cafa653da6d9b48.jpg,train
IMG20240219113745_jpg.rf.06494033a07fb1bb98e68899ace88cad.jpg,train
IMG20240219113811_jpg.rf.853ed66628e62730303001169398df70.jpg,train
IMG20240219113827_jpg.rf.fc53e3973d4d279627bfa70925f40467.jpg,train
IMG20240219113831_jpg.rf.c546f290f32c7c84d78911a1a716b944.jpg,train
IMG20240219113846_jpg.rf.7ea697e799c1b61ff75368d197f98147.jpg,train
IMG20240219113926_jpg.rf.84eee4e2f45e674df66fd8813d600dd0.jpg,train
IMG20240219114019_jpg.rf.7e5ca38d2f0b28d4fd5550b423f43958.jpg,valid
IMG20240219114129_jpg.rf.5bd9508dadfcf473f9fa459f658ebd7d.jpg,train
IMG20240219114134_jpg.rf.4bc55d90bdd80a3ed581a792bd8283a6.jpg,train
IMG20240219114137_jpg.rf.31b1df14303b1b879f6e83bb9bf22532.jpg,train
IMG20240219114212_jpg.rf.eeceef4fd2127ed884e18f56b69df35c.jpg,train
IMG20240219114248_jpg.rf.9642bfcbcd9c0de33a9f7e7c9f10bf33.jpg,train
IMG20240219114301_jpg.rf.709dcb36afcbb1ba376cecb32af4f491.jpg,train
IMG20240219114308_jpg.rf.bb87cff4bdb369a10c0b7256b1d57e5b.jpg,train
IMG20240219114447_jpg.rf.17f4ae6e5444f7c13b822060f07aaa20.jpg,train
IMG20240219114504_jpg.rf.649da3e9a796a9626c9b846de24845ca.jpg,test
IMG20240219114702_jpg.rf.aa8cc2028450505ded2e941e2c468914.jpg,train
IMG20240219114753_jpg.rf.a37914f02e28a2c9d5b739ffa13d3544.jpg,train
IMG20240219114836_jpg.rf.f5d72e6b89900f3facec4d7bd1686c11.jpg,train
IMG20240219114926_jpg.rf.fea90bf0bcb4c5e8e654695062c4caec.jpg,train
IMG20240219114955_jpg.rf.4514606f08d6f93c4b26168a5987cbba.jpg,train
IMG20240219115229_jpg.rf.a37402cb808ab8b02b9c5e83cfe6b464.jpg,train
IMG20240219115245_jpg.rf.f2b3289025d755fa0a4cf0052e602f33.jpg,valid
IMG20240219115331_jpg.rf.21c25a9cc3bb044f1e64133cea28b8ad.jpg,train
IMG20240219115446_jpg.rf.72da1c2de57a4e9a02810108a9b9c712.jpg,train
IMG20240219120243_jpg.rf.ef7dc9df19599d3940879a52fabbc5a6.jpg,train
IMG20240219120257_jpg.rf.43329236210a733f40e05e80fd7b90f0.jpg,train
IMG20240219120325_jpg.rf.5473ac4d4e57b2a0d616aca88ec6bf47.jpg,train
IMG20240219120330_jpg.rf.eb13387a91e27d3b5172543fd5bd70bc.jpg,train
IMG20240220114456_jpg.rf.2a8b223940df10351506d859931c00cc.jpg,valid
IMG20240220114517_jpg.rf.382b17ff04a455e97beb75b57e67da7e.jpg,train
IMG20240220114530_jpg.rf.b1fd5f294a40091465e29d0ed0b70531.jpg,train
IMG20240220114538_jpg.rf.40a651a3f495f3645e1ead0ba585467d.jpg,train
IMG20240220114548_jpg.rf.c52f4e64249e996f4530baca80a5c874.jpg,train
IMG20240220114626_jpg.rf.e16070c121236907f7d804d413a3a63c.jpg,test
IMG20240220114727_jpg.rf.f82a3fc3d2ebdd157e96357083ae8e74.jpg,train
IMG20240220114741_jpg.rf.e075505c6d03c20f0d61b6d6121f19f4.jpg,train
IMG20240220114804_jpg.rf.f3ed54c7edc4928c2ef7f256e9b5f8cb.jpg,train
IMG20240220115011_jpg.rf.a79cd76ade4d3e374964f5268df9d7ac.jpg,test
IMG20240220115056_jpg.rf.ffd899f031b14035d343c922adf12cd4.jpg,train
IMG20240220115100_jpg.rf.0a60ae876a3c5521f7a4a39ca65d6ea4.jpg,train
IMG20240220115109_jpg.rf.8da4204d7fc78244785c49983a7464dd.jpg,train
IMG20240220115220_jpg.rf.9e407e324825dbb7bf7c9e0aa319d05f.jpg,train
IMG20240220115236_jpg.rf.d5b4441337b1872cebf9e477c330d184.jpg,train
IMG20240220115305_jpg.rf.b5c2ec0a86be911c1b618a18ce66bb59.jpg,train
IMG20240220115311_jpg.rf.1c80daa7973d917fd97b0058957ec3ce.jpg,train
IMG20240220115326_jpg.rf.76c5ed610e40679c45747cc5a15c9396.jpg,train
IMG20240220115423_jpg.rf.b373eca27bccbf42277ca9eea08824a0.jpg,train
IMG20240220115433_jpg.rf.678dcf17f2a3260e4a59731d6b55cd73.jpg,train
IMG20240220115509_jpg.rf.81dbea106464e0136b061b409ba6d355.jpg,train
IMG20240220115520_jpg.rf.d16642581d4646ad6c065f450f10b02a.jpg,train
IMG20240220115613_jpg.rf.995a8f5baac62f8045ca375402340367.jpg,train
IMG20240220115628_jpg.rf.492a4d3e4b9221964e0a2efc8eadb085.jpg,train
IMG20240220115659_jpg.rf.8bc7a0c945de24f4e6411e8c0f983d30.jpg,train
IMG20240220115710_jpg.rf.69d819ff681a61077a2305d366bb9f04.jpg,train
IMG20240220115805_jpg.rf.7153fb8af91320ce28df17fc5baf939d.jpg,test
IMG20240220115829_jpg.rf.d7948fd8f8d65c4f0ddd48e0ad86855e.jpg,valid
IMG20240220115854_jpg.rf.67ea2953e4d2a12a47b7fae9e7c531eb.jpg,train
IMG20240220115900_jpg.rf.8bdfd2b29821f1f45d30a44c7c1b4b0f.jpg,train
IMG20240220115915_jpg.rf.5dbd728eff3a56999529a54fa08f75b5.jpg,train
IMG20240220120021_jpg.rf.70847e4ad1926d20b0f2ad4a08b75b57.jpg,valid
IMG20240220120113_jpg.rf.e329af79323c984ad235b76d6af4d3a1.jpg,train
IMG20240220120321_jpg.rf.0008baacb32b47319be32e32b1d4b538.jpg,train
IMG20240220120325_jpg.rf.947dd106f0b6f01888df780265af242c.jpg,train
IMG20240220120328_jpg.rf.3c485620d5950d92e2a97b32e4294b87.jpg,train
IMG20240220120353_jpg.rf.409db48eb0ff56af03d37942e0927142.jpg,train
IMG20240220120402_jpg.rf.d435b89ac8a8eb6666d9a2ebdded1812.jpg,train
IMG20240220120432_jpg.rf.02a86e39f74317390c611e8e87e8b98b.jpg,test
IMG20240220120453_jpg.rf.6b800965c81a9cc92bb7ea14bd34286e.jpg,train
IMG20240220120525_jpg.rf.3825c136a075f9fc68fcb20ab6943203.jpg,train
IMG20240220120634_jpg.rf.d71370a3ecdc28ba315eb923ba0f4f18.jpg,valid
IMG20240220120706_jpg.rf.304d3a181917f978f6a42128c7310726.jpg,train
IMG20240220120712_jpg.rf.3b27a41b2e9892be4b797174d18fcb25.jpg,train
IMG20240220120801_jpg.rf.25367859edaf0b204521d8c1b22b3954.jpg,train
IMG20240220120808_jpg.rf.c8605a865d3d3aa688414c1d562eb481.jpg,train
IMG20240220120856_jpg.rf.db4447955b0d3ac02e7a40a5fb8b25d9.jpg,train
IMG20240220120900_jpg.rf.2a60a0e8bc3da641253c423f63d8e6d2.jpg,train
IMG20240220121103_jpg.rf.fa75f0b3e5fd85c8fe01fae5ef300dd7.jpg,train
IMG20240220121114_jpg.rf.4936809d4e019ec02f09fa3c16c9447b.jpg,train
IMG20240220121138_jpg.rf.4942e97f76c16c7b08f0c71dd9fdb458.jpg,train
IMG20240220121238_jpg.rf.f05708e18a78e4b9e1d0005f2323edcd.jpg,train
IMG20240220121249_jpg.rf.5abcdb9518bd67c9621f190dd02d01bd.jpg,train
IMG20240220121305_jpg.rf.a2f95d6678d16a31afb374ab3d568cbe.jpg,train
IMG20240220121315_jpg.rf.6c5c2acd304cce97af8ca622e1e43a47.jpg,train
IMG20240220121322_jpg.rf.bc3d2ec714448a166bed4ee87bdff174.jpg,train
IMG20240220121349_jpg.rf.b4c8192f4fefa3efcd9e2fd6308c8441.jpg,train
IMG20240220121408_jpg.rf.a2397f5b4781f3cfe794b2a874afaf06.jpg,train
IMG20240220121412_jpg.rf.11579c5161332ce40d758751c2465390.jpg,train
IMG20240220121429_jpg.rf.39a88cddf44514d5d9b9e43743dfe335.jpg,train
IMG20240220121458_jpg.rf.3a586c49272bc30199adaa5a69ab41ee.jpg,train
IMG20240220121511_jpg.rf.93f164f04e0a1b25552bff9d2a0d8074.jpg,train
IMG20240220121528_jpg.rf.4bd35a4fd54ba61321c73c1d83512363.jpg,train
IMG20240220121541_jpg.rf.2399234ed6753d164d068c615d63fbba.jpg,train
IMG20240220121605_jpg.rf.9ca3e0c4aa77b8bfe22d64ceba5480fe.jpg,train
IMG20240220121621_jpg.rf.9f9a20c3bfc2faf45d94526aa431c692.jpg,train
IMG20240220121641_jpg.rf.84d16976541381a33d8c0187c72d9492.jpg,train
IMG20240220121646_jpg.rf.a7b475cea05edcd364c08843bfe7370b.jpg,train
IMG20240220121703_jpg.rf.859e9a23a6a8323064ea6031a7363e78.jpg,train
IMG20240220121750_jpg.rf.6d1e76290958588e29e2ac67e9bb807e.jpg,train
IMG20240220121756_jpg.rf.5d2513a36c424bba7b0fbef35ebfa930.jpg,train
IMG20240220121800_jpg.rf.c08cc7e8261049c5341c3a8f1a970d07.jpg,train
IMG20240220122108_jpg.rf.967480d509e221874039e40b50005a01.jpg,train
IMG20240220122124_jpg.rf.8dc557aa690a8c5ab2e00844abb2d2d9.jpg,train
IMG20240220122137_jpg.rf.07c5efbf7421a4781754d91916393e86.jpg,train
IMG20240220122146_jpg.rf.20a3caad512fe3a0ca5ae1ce07cbdedd.jpg,train
IMG20240220122153_jpg.rf.8d2413731aae951c9d33bd81d9aa774a.jpg,train
IMG20240220122219_jpg.rf.9b66ec74520b6019f711d1dbd7d8d302.jpg,train
IMG20240220122231_jpg.rf.9698f670ec9a438c0eb3e0c9db483d7e.jpg,train
IMG20240220122236_jpg.rf.59780ce122b6e4f8ba8e50b87d2fc6c5.jpg,train
IMG20240220122259_jpg.rf.28fc7086b227ff08ff4146701aff5b72.jpg,valid
IMG20240220122320_jpg.rf.a4f3eedc3235a4e319421ca593c9e55a.jpg,train
IMG20240220122323_jpg.rf.b15751316f92eca9d23585a24d23ad02.jpg,train
IMG20240220122330_jpg.rf.20f12cd892e05d823f11db430d814768.jpg,train
IMG20240220133541_jpg.rf.2eaf09a030c86d2e25b15265d4dda478.jpg,valid
IMG20240220133619_jpg.rf.a380190a5910ee4e6cfd8813a835451b.jpg,valid
IMG20240220133631_jpg.rf.a96f657a599afabf66c86f80d54b89d4.jpg,valid
IMG20240220133705_jpg.rf.de1ea557f7bb4b0d620e52950b1cd413.jpg,train
IMG20240220133745_jpg.rf.a098027b2a7a440316c7468b89d2f586.jpg,train
IMG20240220133803_jpg.rf.f2d1d751583e721541b1b9a04b72b6ac.jpg,train
IMG20240220133809_jpg.rf.181fd8be363c78265b98b58b4d7ad64a.jpg,train
IMG20240220133817_jpg.rf.d5f2826f63609185c76158d23835213c.jpg,train
IMG20240220133847_jpg.rf.dc9766c9fe2c6f031c1d2693f1ccedc1.jpg,train
IMG20240220133854_jpg.rf.0cbbe7d5e975361e4a1c4301cf863d62.jpg,train
IMG20240220134015_jpg.rf.2cc067ecfa8684767d253134f07092c8.jpg,train
IMG20240220134019_jpg.rf.d02840b458401b04801f0dbbb781fbdc.jpg,train
IMG20240220134040_jpg.rf.2ea26181484565891e239d393802dff4.jpg,train
IMG20240220134046_jpg.rf.cae8a08112a65be7d7a36538c4db23c4.jpg,train
IMG20240220134102_jpg.rf.407b00fbf775948850cd06164cd597a6.jpg,train
IMG20240220134138_jpg.rf.0bbaae7bef71b235f2fc9062b32c03f1.jpg,train
IMG20240220134151_jpg.rf.e07c0ed930355ac6c3ebdeb051c3601d.jpg,train
IMG20240220134200_jpg.rf.f55bb2095455834a2123cfca2bd1f5f0.jpg,train
IMG20240220134256_jpg.rf.a2fdc4b5fba16e3bfc9bbfb346eadac9.jpg,train
IMG20240220134301_jpg.rf.836b7cd5cd95e2e6b4d10128e0a43dcc.jpg,train
IMG20240220134311_jpg.rf.4e52a1b8be8b06ec96680833a5cf79de.jpg,train
IMG20240220134404_jpg.rf.028fa3e902bd8318926f0c0dc9c47d77.jpg,train
IMG20240220134408_jpg.rf.9c643193d08b6c7df4c599e3c3dc511b.jpg,train
IMG20240220134414_jpg.rf.eb995d61bc145398d678d147f62aad7f.jpg,train
IMG20240220134424_jpg.rf.23c39e2d6534477270d078012b58c849.jpg,train
IMG20240220134439_jpg.rf.c5bbd457d26e102292250d696b6f556c.jpg,train
IMG20240220134510_jpg.rf.dc4295e66d86ad70ee0754d4e4bc53a9.jpg,valid
IMG20240220134527_jpg.rf.614b8e43621945ae42a53b0466caa694.jpg,train
IMG20240220134531_jpg.rf.496374de9eaee1d80b96da9ba22983f1.jpg,train
IMG20240220134537_jpg.rf.7a02a0a88d8e2fe1b1cae8b50afaac4f.jpg,train
IMG20240220134608_jpg.rf.4128a45c1a7e70fe4134560cf850b356.jpg,train
IMG20240220134618_jpg.rf.6c4b27f4bdb6698816a3913f425b38e4.jpg,train
IMG20240220134651_jpg.rf.22288c56392a2dbdff8ca6221261ff10.jpg,train
IMG20240220134657_jpg.rf.d32298ba5ac82834f2bdea7fcd060efd.jpg,train
IMG20240220134719_jpg.rf.e7fdc59ee13d395b57d8bf43cead591f.jpg,train
IMG20240220134725_jpg.rf.d7856aa624e600a86d5d121627485dfa.jpg,train
IMG20240220134733_jpg.rf.f32b4a217740edb9f2ac070500f627e8.jpg,train
IMG20240220134757_jpg.rf.f7c9572af0eaa09ff0993d7e12f12e1d.jpg,train
IMG20240220134801_jpg.rf.3ec3366acb8ec72a476c0264cd051b9c.jpg,train
IMG20240220134809_jpg.rf.8972d845d66c974f1963a6347ffb3a9b.jpg,train
IMG20240220134815_jpg.rf.1c662a284a228dd0212256fd89094ebc.jpg,train
IMG20240220134841_jpg.rf.4f117a693cc647d72d0c0dcf5be4feb4.jpg,train
IMG20240220134845_jpg.rf.951e787deeeb97eb871efec41c4b649a.jpg,train
IMG20240220134852_jpg.rf.db5198c33fb6612b77cbaef9b3c59d4e.jpg,train
IMG20240220134904_jpg.rf.f920ebe52010c14bfe309e432362e54c.jpg,train
IMG20240220134936_jpg.rf.8c772ae6b3dd5a47797f37e20f095b43.jpg,test
IMG20240220135003_jpg.rf.b8470983c28871743d4335e3d8487eb4.jpg,train
IMG20240220135008_jpg.rf.25f1e7874828b3edd73bbc3b61d37063.jpg,train
IMG20240220135041_jpg.rf.cd79a0838fd80911e88610a04f3f927c.jpg,train
IMG20240220135044_jpg.rf.8361087cdd59b5f7c3e790ff79724af9.jpg,train
IMG20240220135239_jpg.rf.f224983af96cd2919ffac0edb58bc171.jpg,train
IMG20240220135244_jpg.rf.5ace67f4c8bfa2edc7701515ace474cb.jpg,train
IMG20240220135251_jpg.rf.76dfc8f23935ecb49a840d79d41cd734.jpg,train
IMG20240220135303_jpg.rf.8acfe37de5cee74a3399f75c97976354.jpg,train
IMG20240220135313_jpg.rf.ee0fbd4d7262523f6896bb8c32767086.jpg,train
IMG20240220135324_jpg.rf.77aeb050540fd9269333a35e5cfe82ef.jpg,train
IMG20240220135346_jpg.rf.79ab8286fe01a64edf34600489fa90e1.jpg,test
IMG20240220135357_jpg.rf.dddd45d8ff1c13921f10e28535aeb87f.jpg,test
IMG20240220135358_jpg.rf.e047aa7d3112bf56ea1a4d99c054a1ea.jpg,test
IMG20240220135414_jpg.rf.83a0fa8bd627f8593a10cf12238d039f.jpg,train
IMG20240220135421_jpg.rf.a62b3cc270af18e003b3276883aa6d90.jpg,train
IMG20240220135435_jpg.rf.238d5b0686d1f5e2de091496899bc753.jpg,train
IMG20240220135456_jpg.rf.af3ecbd266b7fcf5f04c827553f8186d.jpg,train
IMG20240220135511_jpg.rf.f202d0c902fa09798b230fcda366c5ae.jpg,train
IMG20240220135518_jpg.rf.51801629131ca8094464c1e33460bfce.jpg,train
IMG20240220135539_jpg.rf.237f2a5d253b21ec5fb9eeb0e2a18be9.jpg,train
IMG20240220135548_jpg.rf.603db8ab601b4a7f9f7c300eda01e0b7.jpg,train
IMG20240220135617_jpg.rf.21ec688a5b6ff33b08917adea0d93714.jpg,train
IMG20240220135629_jpg.rf.0cd3fbdb57a9657546bacc66ac2b98dd.jpg,train
IMG20240220135633_jpg.rf.fe583b204b89d1461cbc8a1eab660f3d.jpg,train
IMG20240220135847_jpg.rf.7edf2dd3f4e612cb436dc02d2ae5744c.jpg,train
IMG20240220135853_jpg.rf.c2c7b6204cb71b6ffbb80023cc574ebd.jpg,train
IMG20240220135905_jpg.rf.b362ea2167683a20228e05b9417c3c7b.jpg,train
IMG20240220135910_jpg.rf.4284d681046e9ede00eb27e1fbce8469.jpg,train
IMG20240220135926_jpg.rf.76d86b95a9dbc19bcee565eb0b44a764.jpg,train
IMG20240220135937_jpg.rf.2f9281e501a708478445d1f09c7267af.jpg,train
IMG20240228122809_jpg.rf.bb184f37aa98d96f1db1ac5492b4c81c.jpg,valid
IMG20240228122902_jpg.rf.7fb4892c84e417ec78a512e415540535.jpg,valid
IMG20240228122949_jpg.rf.f763b523e7bb4e72507961519cbbef88.jpg,valid
IMG20240228122955_jpg.rf.18d6c6ad9c8c69153da34c4074004853.jpg,valid
IMG20240228123001_jpg.rf.50c8f8e44a56f247cc7dd0a542e6dbd5.jpg,valid
IMG20240228123032_jpg.rf.99d7089ed361e5bd16922ccfe776c1ae.jpg,train
IMG20240228123115_jpg.rf.3b9ae83d0bc7242bafe52e60cd81b796.jpg,valid
IMG20240228123131_jpg.rf.84cf43cf1c7a8d09dc507c4612108040.jpg,valid
IMG20240228123218_jpg.rf.91f925732b31adcff8090798f0964713.jpg,valid
IMG20240228123246_jpg.rf.5dcdea8fdb948e4a3ccdfb9e51bf8fde.jpg,valid
IMG20240228123253_jpg.rf.5becb8a9982fc6683523a1121ab8248a.jpg,valid
IMG20240228123322_jpg.rf.38839fcf414a10c3008c2c91d62d1d35.jpg,valid
IMG20240228123330_jpg.rf.5c1109d385dc0521331abc8384942804.jpg,valid
IMG20240228123402_jpg.rf.78f0be8882e41dfda09262cfc710c7b9.jpg,valid
IMG20240228123408_jpg.rf.bd623b7b963b630db11dc46ea0022c17.jpg,valid
IMG20240228123449_jpg.rf.fbdb6159b3bf97bf8da382937a53206a.jpg,valid
IMG20240228123455_jpg.rf.a62eb0d74d8e8e0d4736d34fbe59c89f.jpg,valid
IMG20240228123512_jpg.rf.1f0dcc49e9da900fc2ec3e4b9f7564c1.jpg,train
IMG20240228123522_jpg.rf.3838891762e9ba2981d5211a1ff0c88f.jpg,train
IMG20240228123605_jpg.rf.8fca72cdc304cf2af5cec1de8f77b26a.jpg,valid
IMG20240228123614_jpg.rf.47bf10faf0ecee2bfdd82c3055b44a0d.jpg,valid
IMG20240228123642_jpg.rf.64c9aff7db5cad9b0ac5f683cbc88216.jpg,train
IMG20240228123708_jpg.rf.7c67967b808e22e2c45475e46054cf37.jpg,valid
IMG20240228123723_jpg.rf.dda8807f5f19e0317e69c90534a8d174.jpg,train
IMG20240228123750_jpg.rf.acde18461bc3d5135e7ff256e09b934c.jpg,valid
IMG20240228123816_jpg.rf.11c97970dd21285cefd46f20ebf62706.jpg,valid
IMG20240228123839_jpg.rf.6b920f975563032e5c575805b0b7973b.jpg,train
IMG20240228124228_jpg.rf.750bbe7311fa2fe51e49634bab8aa522.jpg,valid
IMG20240228124247_jpg.rf.e46d29bf186f1327532ce2dd83a65317.jpg,valid
IMG20240228124330_jpg.rf.27e02acaa33c77be2fd786817d70a3b4.jpg,valid
IMG20240228124357_jpg.rf.78531851dbe66f6777b92ab0a8e0d224.jpg,valid
IMG20240228124412_jpg.rf.f91ad9b9df662c3f1552a0e097945bbb.jpg,valid
IMG20240228124440_jpg.rf.76653dd3c3850c1cae7386c97acb5d78.jpg,valid
IMG20240228124445_jpg.rf.aaa12cda5adb350bdf149fe742ace711.jpg,train
IMG20240228124453_jpg.rf.4ecc9250e4bca3e1e54719618585b460.jpg,train
IMG20240228124555_jpg.rf.ba140754797c1d1e1154369690b3a204.jpg,valid
IMG20240228124606_jpg.rf.ed26dcb263f2e1dd5049859d4a018425.jpg,valid
IMG20240228124711_jpg.rf.d7718210373b8452b9c8921c43fc3ee1.jpg,valid
IMG20240228124718_jpg.rf.640bbd518610333a6fd852b961e7c5e3.jpg,valid
IMG20240228124759_jpg.rf.15272fefe1992d0dd512cdaceba6677b.jpg,train
IMG20240228124816_jpg.rf.3539bf322f315d782fbb6ba21decc18a.jpg,valid
IMG20240228124844_jpg.rf.adaa6d0073a880796abc613dcd50c557.jpg,valid
IMG20240228124919_jpg.rf.d4b7a95ab63d8aa4b116089175dac030.jpg,valid
IMG20240228124925_jpg.rf.96383573e39f9b7b97a0b63c77fe8e52.jpg,valid
IMG20240228125011_jpg.rf.cfa2df7df206cf6b8e0138d78958810f.jpg,train
IMG20240228125017_jpg.rf.8a3217757804b6fce19cb6a03d6135e6.jpg,train
IMG20240228125025_jpg.rf.520ee39f630ae0792810d7ecda17676b.jpg,train
IMG20240228125228_jpg.rf.739a5472edac3372c4cf16e9b4fa35d8.jpg,valid
IMG20240228125312_jpg.rf.dff9c40d2ecd61a38b2ac12536a0bd1e.jpg,valid
IMG20240228125354_jpg.rf.f82b31e866daa97dde567af30f9d8885.jpg,train
IMG20240228125428_jpg.rf.eb340cd74874aacc97160936ae86e750.jpg,valid
IMG20240228125647_jpg.rf.a2cb74d4a9d09f95c18dabf0807162df.jpg,train
IMG20240228125654_jpg.rf.9e9dbf556d80e21645e808b3edd44214.jpg,test
IMG20240228125705_jpg.rf.3f85392c58e7009415366af70906950e.jpg,train
IMG20240228125738_jpg.rf.e8861dac8b270929cd9704293911e417.jpg,test
IMG20240228125746_jpg.rf.73a2659d246f5eeeb3d2bc61f59d98d0.jpg,test
IMG20240228125752_jpg.rf.bc1a62e3bf990a533ae0b711896fbb82.jpg,valid
IMG20240228125809_jpg.rf.3c8ec50c6d1439eb93c62aa19ce6bb59.jpg,test
IMG20240228125831_jpg.rf.29d3971cb31c2b25880aeff5185115e9.jpg,valid
IMG20240228125846_jpg.rf.ba43b899e15a6f783b446cd3673360c1.jpg,valid
IMG20240228130031_jpg.rf.bf386d02cca90284143f37e144d9af36.jpg,valid
IMG20240228130036_jpg.rf.c6ddfe61b7ab3d826ecc6e75b6631191.jpg,valid
IMG20240228130041_jpg.rf.ed2d1e1ef1039f3194e320c3645a848d.jpg,test
IMG20240228130254_jpg.rf.3d157be35884176b5141394ce5d33040.jpg,valid
IMG20240228130308_jpg.rf.31e02295b7cdf7e0701b68d9ab236408.jpg,valid
IMG20240228130337_jpg.rf.18252d696bfe1f4e135697b056c2a65e.jpg,test
IMG20240228130343_jpg.rf.246cd0f4b0d32ddcff7e4701ffb56889.jpg,test
IMG20240228130425_jpg.rf.96185fd2b9a89962074f1407aea81d18.jpg,valid
IMG20240228130509_jpg.rf.aa0ba910d30cda5a68a5771bb166f7a5.jpg,test
IMG20240228130517_jpg.rf.86caf1b371b0cf5ec50512970b8821be.jpg,valid
IMG20240228130615_jpg.rf.91b81835f070d31c500311851ecf53af.jpg,valid
IMG20240228130624_jpg.rf.7fa93aa2341e90c9732cd4d8a1c83f65.jpg,train
IMG20240228130635_jpg.rf.43c77b4a5204ecb2a52c76fb31567054.jpg,train
IMG20240228130639_jpg.rf.b9e0e3c8c588b1ea01ae7f7256967c56.jpg,train
IMG20240228130701_jpg.rf.32e077cb58e5f333530a010c2282b169.jpg,train
IMG20240228130706_jpg.rf.5f3469a2eb94e7621222f9ab7627cee9.jpg,train
IMG20240228130819_jpg.rf.04ab8704901a64c88dfc3195e584bbe4.jpg,train
IMG20240228130858_jpg.rf.d27141da65098fa9f90fb4572ca3adcb.jpg,train
IMG20240228130905_jpg.rf.30055fc7e373bd49ed9196701d09a53b.jpg,train
IMG20240228130943_jpg.rf.4dd7c5ac8df030aa14be24e3c3f15560.jpg,train
IMG20240228130950_jpg.rf.745c0f692a0c51ea6d552b5c4ae47dde.jpg,train
IMG20240228131006_jpg.rf.b881853fef9cf46178546928d46a8482.jpg,train
IMG20240228131034_jpg.rf.31754bdfbfddf7efebde90b847b2f572.jpg,train
IMG20240228131243_jpg.rf.da49b817553c5503fb0cf1ab506fe496.jpg,valid
IMG20240228131252_jpg.rf.3197a35d0ff187e11c23d268614ebb17.jpg,valid
IMG20240228131259_jpg.rf.75d69e09f48f09f904b8a0ecd8eb1c79.jpg,train
IMG20240228131317_jpg.rf.7327bd39563e595c5b89bf300c975d9b.jpg,train
IMG20240228131341_jpg.rf.5546b26ffccb4785b360fbc56d16a37e.jpg,train
IMG20240228131414_jpg.rf.81e4c20c5618a26302772f84f474aa71.jpg,train
IMG20240228131420_jpg.rf.8441dc816f0d91cae066de4fabaf49a2.jpg,valid
IMG20240228131521_jpg.rf.b6b8592c674d2b88ffd39332fcae714c.jpg,train
IMG20240228131534_jpg.rf.fc14c1757791719f09b200904167a3e4.jpg,train
IMG20240228131602_jpg.rf.613ab5be466eb720e92c4aa6408d1a85.jpg,test
IMG20240228131634_jpg.rf.b7e4a814f760520909f2c003dda41401.jpg,train
IMG20240228131658_jpg.rf.fd91396c043dac5ec911d42dc015410a.jpg,train
IMG20240228131717_jpg.rf.9635ca8a0cadacd54bea69cdc14d4936.jpg,valid
IMG20240228131739_01_jpg.rf.07c8d2a271f90b2aa93ab2551c896f85.jpg,train
IMG20240228131753_jpg.rf.b3abc65e7474764082d079756257b8ac.jpg,train
IMG20240228131832_jpg.rf.59d82ddcf188fde191b46b335880d49c.jpg,valid
IMG20240228131843_jpg.rf.de43cbc079b1fa2e05c49096066823be.jpg,train
IMG20240228131859_jpg.rf.546b55274e27cdd18e0351b774469d21.jpg,train
IMG20240228131905_jpg.rf.cf29ac8d6fea65bc6e6932a0669dc639.jpg,train
IMG20240228131921_01_jpg.rf.3a4285c2cd895a525e05f331768266b9.jpg,train
IMG20240228132001_01_jpg.rf.021bba51cf86aec0cf29658d4994936b.jpg,train
IMG20240228132045_jpg.rf.617b88b936a99188e7030b547c7e500e.jpg,train
IMG20240228132127_jpg.rf.c395aaf1f98286ac94176c74dc9fdf8c.jpg,train
IMG20240228132302_jpg.rf.83a6de48ef87414a4ad54a6c35d89dfd.jpg,valid
IMG20240228132319_jpg.rf.18c9bad5fd72748271886676cd34a306.jpg,train
IMG20240228132335_jpg.rf.af98377816228b603be429e67da2c639.jpg,train
IMG20240228132345_jpg.rf.402ec586a11dc51f70c642b57338cd9f.jpg,train
IMG20240228132354_jpg.rf.a8eea8f7566bd97d2b303f611fea6886.jpg,train
IMG20240228132440_jpg.rf.4f92177e693c616ac27776181ccb566f.jpg,valid
IMG20240228132445_jpg.rf.a9145ce3de78ba4eca9a8f69aecc4878.jpg,valid
IMG20240228132456_jpg.rf.5504a9baba5233aeceb7fa540c522d2f.jpg,train
IMG20240228132524_jpg.rf.b7b1979ee77abc71a5eafb6888405c62.jpg,train
IMG20240228132533_jpg.rf.5eb436aa2c0bec7121b3905f4fef4aa3.jpg,train
IMG20240228132544_jpg.rf.ade356d516722146f827c662393e1575.jpg,train
IMG20240228132559_jpg.rf.020b92a7dc6d4b41ed35ad58440f12d8.jpg,train
IMG20240228132605_01_jpg.rf.d4f9fe8e37645bca784c6b1119b63953.jpg,train
IMG20240228132621_jpg.rf.73b253e98495553af5258e4cca9d4859.jpg,train
IMG20240228132725_jpg.rf.466a2d37a73e7ca3ba7b97aa314f5294.jpg,valid
IMG20240228132732_jpg.rf.b2dbbf6e56b21f888682ddf6276ae791.jpg,test
IMG20240228132838_jpg.rf.f3889054044c040a29729727506c78b3.jpg,valid
IMG20240228132855_jpg.rf.388bf3c0ae674f71bcadaf7a454a4682.jpg,train
IMG20240228132906_jpg.rf.bfafa46beff1d250261cf3ab79ba520a.jpg,train
IMG20240228132935_jpg.rf.7a538baa480c63855e0003a8316322b5.jpg,train
IMG20240228133008_jpg.rf.3505eb8331943c045b52b33d14139819.jpg,train
IMG20240228133018_jpg.rf.299ac490b5d8726f08ec2ffd54169f2c.jpg,test
IMG20240228133029_jpg.rf.2c211aa203c8dcc149cbd87574401779.jpg,test
IMG20240228133058_jpg.rf.d84239f8b8229ac420f3e3fe95cd2268.jpg,train
IMG20240228133110_01_jpg.rf.7fb1d6f6a49eb08f652902c05e62b27a.jpg,train
IMG20240228133137_jpg.rf.12e18c79a3d902749a2c89e763b88b85.jpg,valid
IMG20240228133155_jpg.rf.7742dd79e18bf4c2dfe601bcd0ee8772.jpg,train
IMG20240228133207_jpg.rf.b4e2b280790bcb5cb22bb3cd61e19773.jpg,train
IMG20240228133659_01_jpg.rf.6deea431408498aa0e34706975ff7eef.jpg,train
IMG20240228133740_01_jpg.rf.f11b7bffc73b623f3db36f22fe34da6b.jpg,train
IMG20240228133759_jpg.rf.2609e3071b9218743ab599e59846759c.jpg,train
IMG20240228133815_jpg.rf.050ace1e5334c967dac47bad0ceb0d38.jpg,train
IMG20240228133855_jpg.rf.4d71cce4d134d01b70c831492c84ae1e.jpg,train
IMG20240228133904_jpg.rf.606a7d797d671a17e9249bc212d123ff.jpg,train
IMG20240228133928_jpg.rf.e64ec2186835fe8398998dc7cf7f0474.jpg,train
IMG20240228133955_jpg.rf.52551906d75064b3702458258cec7ff7.jpg,train
IMG20240228134000_jpg.rf.cd2bce8e0d5a4b06341852ab79c5da5c.jpg,train
IMG20240228134128_jpg.rf.88e1f9f64750636f4e0645d6f3369e91.jpg,train
IMG20240228134136_jpg.rf.33d25595c1ad7e1fdb4212c8aabf2a13.jpg,train
IMG20240228134144_jpg.rf.51d9b03baab47b39ad225a127e183efe.jpg,train
IMG20240228135156_jpg.rf.084f37be4bc3f4a728a689ecaa0b107f.jpg,train
IMG20240228135201_jpg.rf.045ff7098e210b8bdff2442a19ed5dc4.jpg,train
IMG20240228135335_jpg.rf.ae84ca7c471fbf5e1adb3f9b1fe67064.jpg,train
IMG20240228135342_jpg.rf.4c23de6798faa5ad6f4e1fc6bc91e2b8.jpg,train
IMG20240228135348_jpg.rf.005d0578ad89d63ad0fd663b70011bd6.jpg,train
IMG20240228135418_jpg.rf.43bf157d9b2c9517ec64300e2cc5e9a3.jpg,train
IMG20240228135459_jpg.rf.96ec81fbe44ae7a1c1581ed48259f9ed.jpg,train
IMG20240228135507_jpg.rf.8d00491b8095dd461e380b5ca977f4d2.jpg,train
IMG20240228135513_jpg.rf.ada773218f68d72a574b15c6601f0979.jpg,train
IMG20240228135553_jpg.rf.b2c2f7ff958411c6eea4d647f3781513.jpg,train
IMG20240228142057_jpg.rf.d9104d16f2c9e9efb8be65a0472e58ee.jpg,train
IMG20240228142107_jpg.rf.a13753c04d2f8884beef4c4085710ee1.jpg,train
IMG20240228142129_jpg.rf.22a11b437e872133aae24f322bc2b20d.jpg,train
IMG20240228142135_jpg.rf.d3ae08ebe38b74eda79db1553d368ef6.jpg,test
IMG20240228142159_jpg.rf.69cead26fde2152d091d46e0e9d5cd09.jpg,train
IMG20240228142222_jpg.rf.2328219b3b1c198b5b2f1aaac6d3c7ea.jpg,train
IMG20240228142237_jpg.rf.ddec8fc850cd375725ec3bf655d396fc.jpg,train
IMG20240228142259_jpg.rf.f7e7dc939ace179bde6340f186515f18.jpg,train
IMG20240228142313_jpg.rf.fa8c5f1080753b0b824cb20e78c655b7.jpg,test
IMG20240228142340_jpg.rf.74b9f2532dae0e4e7aac24847c68dabe.jpg,train
IMG20240228142346_jpg.rf.e867dd185082b9f314fccabe3bbfaf19.jpg,train
IMG20240228142356_jpg.rf.d94ad2d829ce6ec98d69730580cbbc11.jpg,train
IMG20240228142403_jpg.rf.71ef019d843fda903236445a359e4d5b.jpg,train
IMG20240228142427_jpg.rf.d568f5d052399d96f2cb955829cbe016.jpg,train
IMG20240228142434_jpg.rf.ea67ff95ea6580d7c19db0f0b0b2f47c.jpg,train
IMG20240303105743_jpg.rf.178c806118a5c6766c6f775b7e34d7dc.jpg,test
IMG20240303105750_jpg.rf.748b8f5280a727e7f40d6a301bfccb9d.jpg,test
IMG20240303105800_jpg.rf.83f7297f3ca3145b9492d39058772b50.jpg,test
IMG20240303105812_jpg.rf.96a90f4aaa15eccfa6da793730e5d516.jpg,test
IMG20240303105820_jpg.rf.6ef0498a82e450c04d5e5c822413c915.jpg,test
IMG20240303105838_jpg.rf.4fc543d86e2a022070e862c8a83524ef.jpg,test
IMG20240303105852_jpg.rf.697d7c9db71b582b7c682e378aba460b.jpg,test
IMG20240303105921_jpg.rf.f54468fdbee1c46c5b76ad5dc96edc52.jpg,test
IMG20240303105934_jpg.rf.13999ddef5aafec071ff141c68270d59.jpg,test
IMG20240303105939_jpg.rf.02fce24d0e73836f42905da1bc196ffd.jpg,test
IMG20240303110007_jpg.rf.ad07470167d3c7eeb52e4381df71b443.jpg,test
IMG20240303110013_jpg.rf.0f42f74593c270ede1b6da9db9d02de6.jpg,valid
IMG20240303110030_jpg.rf.18b821b66e9854020ef5028cf083da48.jpg,test
IMG20240303110037_jpg.rf.d6fcebbac336d120e9db73c3037d58a5.jpg,test
IMG20240303110054_jpg.rf.420dc7115084e4d37dd5d555fc4d77d6.jpg,test
IMG20240303110112_jpg.rf.ae5b954d58d2831ebb568866e49ca574.jpg,valid
IMG20240303110129_jpg.rf.3dafd3df3a521be176424ad61bfbd5fc.jpg,test
IMG20240303110140_jpg.rf.72cad1100959f83dbc151e775cb09823.jpg,valid
IMG20240303110158_jpg.rf.76296cf510a65ecaacbc9ea4d3cd6d52.jpg,test
IMG20240303110214_jpg.rf.be597af486bf1b8ba44698915735fd76.jpg,test
IMG20240303110236_jpg.rf.1bc9368a5eb2aea1443ca8c169dadd50.jpg,test
IMG20240303110252_jpg.rf.57f7e105cd17553c01aa295d215302ee.jpg,train
IMG20240303110322_jpg.rf.b95a4fea57a6da93b796a47581f01036.jpg,valid
IMG20240303110327_jpg.rf.e329265483852f25c916239225438ccf.jpg,test
IMG20240303110336_jpg.rf.95c3f920baec67877c2348d779f3b6eb.jpg,test
IMG20240303110406_jpg.rf.6edbcf526992301aa2c620142d03e266.jpg,test
IMG20240303110414_jpg.rf.fd5a3805d27ba90298492effe0af7271.jpg,test
IMG20240303110422_jpg.rf.785126c272d20a0e0b2fc5ea52c0df81.jpg,test
IMG20240303110505_jpg.rf.b24eaff151ab014a37f4c611b657f846.jpg,valid
IMG20240303110510_jpg.rf.54106bb8ae3f2a091e13cb5b34a3d3ff.jpg,valid
IMG20240303110517_jpg.rf.6866e7d2e390a6711a1655f87eb6b149.jpg,test
IMG20240303110616_jpg.rf.6ba67979289866d67dcd5b515af601ac.jpg,valid
IMG20240303110620_jpg.rf.c07466cbca9a3e1c84fdc4f2de7be435.jpg,test
IMG20240303110638_jpg.rf.718ccdf0de16b37e899155d78fd9df55.jpg,train
IMG20240303110723_jpg.rf.81d77774bf7f97227b7bc90b1784cbef.jpg,test
IMG20240303110728_jpg.rf.fd74a8e6866eada7ff31dff6ba96328a.jpg,test
IMG20240303110734_jpg.rf.63610b146291aa0a0a92eb1d4be35304.jpg,test
IMG20240303110821_jpg.rf.658dacbe37a7fb116b5ec4eaf28480b6.jpg,test
IMG20240303110835_jpg.rf.73540c61fe575316bfa065a8b56d0cb8.jpg,test
IMG20240303110947_jpg.rf.ca00436aa5f3281eea49db120be8ab15.jpg,test
IMG20240303111006_jpg.rf.be459c44da8068e2a3750780e77fd4fb.jpg,test
IMG20240303111013_jpg.rf.cc45db49b9f92c85283955e5154b2e41.jpg,valid
IMG20240303111020_jpg.rf.6809d63e1bc355d4b754fe2c6a29ae3a.jpg,valid
IMG20240303111039_jpg.rf.268f71de49e088f544414a81d4b6654f.jpg,test
IMG20240303111042_jpg.rf.b3b7b04faea7c3888ed07fbcaf03fdc0.jpg,test
IMG20240303111050_jpg.rf.05b886ccc0756496c4a97d3c83f60fac.jpg,valid
IMG20240303111124_jpg.rf.413be8e5fdd5fb7edf56a31bd516bb0a.jpg,test
IMG20240303111129_jpg.rf.9c6effa1dc1d8bbcca8c48976dfb468f.jpg,valid
IMG20240303111139_jpg.rf.d234742c1e2c5735768e04eb7daad3b3.jpg,test
IMG20240303111152_jpg.rf.2fc93fac1be1044a5b1091b868f39b9c.jpg,test
IMG20240303111159_jpg.rf.45d6fea8cad6279232fec238fee6226a.jpg,test
IMG20240303111224_jpg.rf.9db64f21c9e027540ba623010f4f81ad.jpg,test
IMG20240303111228_jpg.rf.c1d52f66583843fb6679ef61d59d4f40.jpg,test
IMG20240303111243_jpg.rf.3315c3e7323dc3995bfa8bd2497dc3ec.jpg,test
IMG20240303111248_jpg.rf.59dd4d433461dea39b2824d32ab0f780.jpg,test
IMG20240303111258_jpg.rf.84b5ce0b8ce46aa8cfafdbfada1b7887.jpg,test
IMG20240303111302_jpg.rf.d83a7a7c5e9b2c52bf983b1f50679124.jpg,test
IMG20240303111312_jpg.rf.ae62491c42b4f37d6709fb179ac8ec1f.jpg,test
IMG20240303111325_jpg.rf.58bcb0af71b144d87369fced808a5de6.jpg,test
IMG20240303111332_jpg.rf.2def8101cdd1934192177b292d265580.jpg,test
IMG20240303111610_jpg.rf.4f4c2a96b8b430532e2e87fe2932c156.jpg,valid
IMG20240303111615_jpg.rf.ca2fe0def104c22a90f377cde321212a.jpg,test
IMG20240303111619_jpg.rf.9461bf777940c54e3c37e08298b6ba04.jpg,valid
IMG20240303111639_jpg.rf.b16ce988ad6e76037cfb9582aed88b5d.jpg,valid
IMG20240303111645_jpg.rf.69e9da5340b41229e63a55bb436fa44a.jpg,test
IMG20240303111705_jpg.rf.88904f029d2f8e6512aa5b2eaa48e469.jpg,test
IMG20240303111709_jpg.rf.e66b75f8cffc83bf8af4d630c77dab3b.jpg,test
IMG20240303111716_jpg.rf.101fb6539e0b9707b6399b65c31f1447.jpg,test
IMG20240303111738_jpg.rf.5250ce2bc067490699798b903019ccda.jpg,test
IMG20240303111744_jpg.rf.b9342b8e10e2fa748bfd976c33be3261.jpg,test
IMG20240303111804_jpg.rf.73fbb3763850d4186b405f58d6cdec2e.jpg,train
IMG20240303111808_jpg.rf.c538fdcdd0738e608a78d19d29aef718.jpg,train
IMG20240303111815_jpg.rf.5e70cca4e5f6b69cc9236ab8d7edf4be.jpg,train
IMG20240303111821_jpg.rf.decacd16c8001e4ca50ab1f11c139b2c.jpg,train
IMG20240303111838_jpg.rf.7923851badcbef46a037b193169c288b.jpg,test
IMG20240303111843_jpg.rf.886e77e94d3c9a6224560aa71de702a4.jpg,test
IMG20240303111847_jpg.rf.16c2e9346fb744ba89ba402ff1f6b945.jpg,test
IMG20240303111850_jpg.rf.19fa3d1b4faefad420dcb4b69f5c39f5.jpg,test
IMG20240303111914_jpg.rf.e772d602bf63dd3ba2505e315247b850.jpg,valid
IMG20240303111919_jpg.rf.29d8b012d1dc5b6661a2e4d318c77729.jpg,test
IMG20240303111923_jpg.rf.81c48801210a878e5a0a0067ab538c5f.jpg,valid
IMG20240303111929_jpg.rf.9020ff4112eb90a8deb44df7ef6995d4.jpg,test
IMG20240306115331_jpg.rf.11f81981353cd676b0314699a66d8cdd.jpg,train
IMG20240306115335_jpg.rf.4c52e5ca4178776a7d86b4f17d71c4b0.jpg,train
IMG20240306115356_jpg.rf.0eae075ce4278882bedee11ef7b29267.jpg,test
IMG20240306115402_jpg.rf.874a9bc8b0c9e8095b8340fa95a99eff.jpg,valid
IMG20240306115416_jpg.rf.bd0889b02479c31bb50dddc2cfe387b4.jpg,test
IMG20240306115613_jpg.rf.32303f27b821c7846e4bd68005692ccf.jpg,train
IMG20240306115619_jpg.rf.e348ea682fa27c20ce2e1d6c54b3c7af.jpg,train
IMG20240306115634_jpg.rf.2cd7e808a606decc4c2e799fe57f1f0a.jpg,train
IMG20240306115645_jpg.rf.3185fe749f748520cd89d2ceec536ccf.jpg,train
IMG20240306115737_jpg.rf.b2dc388dfd4a4dd9d91c8d1e3de0082a.jpg,train
IMG20240306115813_jpg.rf.4a3574266d8d13be94ad406bd5aadee5.jpg,train
IMG20240306115829_jpg.rf.8b759e667069cf32895aa308ebf2d400.jpg,train
IMG20240306115840_jpg.rf.b02d770f96191c3a77c48a6c7da37945.jpg,train
IMG20240306115900_jpg.rf.2eb2b750ae5b87e671f54cd32e98bc42.jpg,train
IMG20240306115903_jpg.rf.325fad672d4ac31c50af4536f145ffa8.jpg,train
IMG20240306115907_jpg.rf.e646765b490859c6f757047f4d850519.jpg,valid
IMG20240306115945_jpg.rf.56e379ea07c976817e6105d97d3eda4b.jpg,valid
IMG20240306115954_jpg.rf.a02784808e5243df5f99be788d2e4bd8.jpg,valid
IMG20240306115958_jpg.rf.78bfadedf015eae93021f211ff9415a4.jpg,train
IMG20240306120018_jpg.rf.af548a6ebd9b82c5aa7da18ee90e87f9.jpg,train
IMG20240306120023_jpg.rf.891368f75aa193e1c5ba894a881cd3b0.jpg,valid
IMG20240306120031_jpg.rf.bf01c55367286ac435a243e99a10dd9b.jpg,train
IMG20240306120053_jpg.rf.60a9308b9426e53d7e6fe9fabd787f2b.jpg,train
IMG20240306120637_jpg.rf.85273f056645afcf6384fbc3294849af.jpg,train
IMG20240306120649_jpg.rf.a09124f053247875ff24fce12e7bbf0e.jpg,train
IMG20240306120710_01_jpg.rf.7818cb96b03571b1dab15bf76e6dfc2a.jpg,train
IMG20240306120710_jpg.rf.3f22c94514ee28b9d0bcae7b861235ec.jpg,train
IMG20240306120717_jpg.rf.b6dce1ed25939c4c8e3852d072066313.jpg,train
IMG20240306120725_jpg.rf.3c8d8e87b2e9830ccca89737ae83c09c.jpg,valid
IMG20240306120752_jpg.rf.085c58eef50f322d698f46a7910f95e2.jpg,valid
IMG20240306120810_jpg.rf.5c77ea77b6993ed509587211225f1a0d.jpg,train
IMG20240306120817_jpg.rf.a9a8e54f7f6c35cd10abc9300ae5f80b.jpg,train
IMG20240306120839_jpg.rf.7406a72795b5909ff0d396ddbe772e75.jpg,test
IMG20240306120846_jpg.rf.12833ab3fb167e9bb9c73ece469b9a63.jpg,train
IMG20240306120859_jpg.rf.58867759746b6558b11a012d20e7810c.jpg,valid
IMG20240306120910_jpg.rf.f45bb6f03d9d3a6ed3249e6f75b45f47.jpg,valid
IMG20240306120929_jpg.rf.d308d1ec8ce78bf4794c9667a05ff7ee.jpg,train
IMG20240306120953_jpg.rf.fd084d3a8f579dec844cf6c95968dc58.jpg,train
IMG20240306120959_jpg.rf.96b11adff5223849a6e5dc5c08831c20.jpg,train
IMG20240306121005_jpg.rf.d3f83459fdc8d6f819e3eedc5c818083.jpg,valid
IMG20240306121019_jpg.rf.f6ef607e42e3ed8ca34f2a8b0366774a.jpg,train
IMG20240306121022_jpg.rf.3b5ab3ab45edd51d49c26def234d8eaf.jpg,valid
IMG20240306121026_jpg.rf.3eb2340ddb302f34b37400e55e6b3d6f.jpg,test
IMG20240306143339_jpg.rf.64f15a0dd73d80cc4ea927a87c75c397.jpg,train
IMG20240306143343_jpg.rf.1f0717b35c1dbb66ebc8704aa26284fe.jpg,train
IMG20240306143404_jpg.rf.2c9a4e1da69242605004224c86d87a6d.jpg,valid
IMG20240306143409_jpg.rf.7e008ee1b538bd0fa519e64c67b4381d.jpg,train
IMG20240306143413_jpg.rf.9fb24664094ecd8763b899e4f906cbf4.jpg,train
IMG20240306143454_jpg.rf.0a28ac6943962537cd0c3b064fdd4e3a.jpg,train
IMG20240306143458_jpg.rf.704c22ff8dc9786a93ac7e7b014396be.jpg,train
IMG20240306143505_jpg.rf.346cc3378c877c5b6c9f7c74f351f9f4.jpg,train
IMG20240306143520_jpg.rf.23408bdae8516effcc918d3af8f3804c.jpg,train
IMG20240306143528_jpg.rf.3b8648e562743003b27ff98ce44d9bfe.jpg,train
IMG20240306143544_jpg.rf.ea1aa1c3e1a4931b9edc75192a3fb910.jpg,train
IMG20240306143547_jpg.rf.25cc3af7a147fa077e0fe44f37b91d2c.jpg,train
IMG20240306143551_jpg.rf.dc4bb3db7dbaf316291bb91c029c91a4.jpg,test
IMG20240306143620_jpg.rf.f6f121f3134f8d875d91603f2f0fb78a.jpg,test
IMG20240306143645_jpg.rf.8c9355f7cd0ccd45437d55f2569c42e5.jpg,train
IMG20240306143651_jpg.rf.5652c58bbc4e9f6a60631955b9fb759c.jpg,train
IMG20240306143703_jpg.rf.aae5a9d807cd292f34b3cfd84d498429.jpg,train
IMG20240306143705_jpg.rf.2f5120983930f75125ba78eec3e054b4.jpg,train
IMG20240306143708_jpg.rf.c41b78d7cd26d1aea9840e8b0ac04d34.jpg,train
IMG20240306143713_jpg.rf.b6836875320b9c2e09f7e1891d09d12e.jpg,test
IMG20240306143732_jpg.rf.fc4bdffe70baeabd279b8c96fb800579.jpg,train
IMG20240306143736_jpg.rf.796a786cca7b9a535cfdd7e13589d4d7.jpg,train
IMG20240306143741_jpg.rf.1541e7d5f1dfbb58a53d43ca010843cd.jpg,train
IMG20240306143745_jpg.rf.c72e68f0ae40a95642abd9b45af800e3.jpg,train
IMG20240306143749_jpg.rf.9b7bd15a824941267285304941af59cd.jpg,valid
IMG20240306143800_jpg.rf.ffb6dfdbd9995cf74869052254908232.jpg,train
IMG20240306143804_jpg.rf.58df351168908c6ad7f942db2375c8f1.jpg,valid
IMG20240306143809_jpg.rf.5e27f2eea55975bb849a50c00aa14dd8.jpg,valid
IMG20240306143817_jpg.rf.94ed11e08bd9e261c3d51c220290c419.jpg,valid
IMG20240306143829_jpg.rf.ee936750f86e30cb366ecc0cbffc2ca8.jpg,train
IMG20240306143832_jpg.rf.cde1234fb6f5f28812675048798f38c6.jpg,train
IMG20240306143838_jpg.rf.f7e08c0cf7c2eeb61853609221ffcbcc.jpg,valid
IMG20240306143852_jpg.rf.f5a03aa1073fdf0fc09209095f3c6968.jpg,train
IMG20240306143938_jpg.rf.592f3095d41e0d0c8fc793e4fe2d6992.jpg,train
IMG20240306143941_jpg.rf.c064a2923f67dd142ea417c3cc0b5b20.jpg,train
IMG20240306143943_jpg.rf.d97dd20333e2a7593de846eb5e40e493.jpg,train
IMG20240306143950_jpg.rf.180189b3baecef501c94897deb0f051e.jpg,test
IMG20240306143952_jpg.rf.c43c1ba2ee0b5b5dc21788ddb6887938.jpg,train
IMG20240306143957_jpg.rf.dd33662b283583fc061ac21b42a36b2d.jpg,valid
IMG20240306144012_jpg.rf.b2eebece15ab00dea48a2bfa3dcec06f.jpg,train
IMG20240306144021_jpg.rf.a0fe66ed53e490a76cc8ed69a8ba6557.jpg,valid
IMG20240306144030_jpg.rf.0291c15e2618c498798cb9fc269d03e2.jpg,train
IMG20240306144041_jpg.rf.13c0aa57bef37999f3d7cde163ec3e60.jpg,train
IMG20240306144056_jpg.rf.ca234c2e7a2fd14e8c559d702e0e60c8.jpg,train
IMG20240306144101_jpg.rf.37f47c38246780fb3a4c2db6501d004c.jpg,valid
IMG20240306144233_jpg.rf.5af8c4ad38d9732c28ef9745d83b3ba9.jpg,train
IMG20240306144236_jpg.rf.83ac5e96c558c7bd9e213ad59b93efa6.jpg,train
IMG20240306144240_jpg.rf.a6b9496a9e6085857a30feeb4d1c9cdb.jpg,train
IMG20240306144246_jpg.rf.933d931789e02faa79bcaff1e310d16e.jpg,train
IMG20240306144250_jpg.rf.71215031f53bf5a5f21a1d7bd017fda3.jpg,test
IMG20240306144306_jpg.rf.58fb428eb5ff8acc940620d166453bcc.jpg,valid
IMG20240306144311_jpg.rf.95a022698b357bb2b0941ba54e9f775b.jpg,test
IMG20240306144325_jpg.rf.b35a5f32f7c117979b0d306a0244faba.jpg,train
IMG20240306144328_jpg.rf.9bd7fc4bd9b8b955f38aa148024df404.jpg,train
IMG20240306144330_jpg.rf.f56426931822b077aad03a6ee5896dbf.jpg,train
IMG20240306144334_jpg.rf.4059ea9a997b67ab8840667a424b89c9.jpg,train
IMG20240306144337_jpg.rf.5936a848b3fbf645784dfcfa44d1fbcd.jpg,train
IMG20240306144339_jpg.rf.d83fbe8f5b989bcc01df98fd1517b72b.jpg,train
IMG20240306144350_jpg.rf.6a11da32bfd714c976718abdad1d0b8e.jpg,train
IMG20240306144352_jpg.rf.d7b9021c40dd1cda94efd16ef13f5b88.jpg,valid
IMG20240306144355_jpg.rf.eba9956af586d8b6956d52335c90b4f9.jpg,train
IMG20240306144358_jpg.rf.dd1b9226684317a4efd68d9b3750da0e.jpg,train
IMG20240306144400_jpg.rf.6099cf89393a87aee9e5850ad77f26bd.jpg,train
IMG20240306144402_jpg.rf.b5b057a337d9b2dc97e7a43ee6965f9e.jpg,train
IMG20240309112450_jpg.rf.25101c2805b864b2a6e465bf3bf1628c.jpg,train
IMG20240309112455_jpg.rf.8a1729b2afa1be04bbe0fbfbca5876ac.jpg,valid
IMG20240309112459_jpg.rf.489ec80f574799f3a199bdc0b9f2996c.jpg,test
IMG20240309112510_jpg.rf.b41ae7aeea4da49b2d49931df1198c6b.jpg,valid
IMG20240309112551_jpg.rf.4e7c531bfe47d96d847c59db05ca8573.jpg,test
IMG20240309112554_jpg.rf.8c994263a785410e57eacf2329e09d7b.jpg,train
IMG20240309112600_jpg.rf.177aeba0f4c2985b47b39e818a94a204.jpg,train
IMG20240309112608_jpg.rf.1f7eb0b627c26aa105e013ba4b90e531.jpg,train
IMG20240309112646_jpg.rf.e09312dd176483280ca4f9778bbf9958.jpg,train
IMG20240309112652_jpg.rf.34771ed4a940413ecc4eaa2face47457.jpg,valid
IMG20240309112658_jpg.rf.4fe125a533c00daf281706086e45e788.jpg,train
IMG20240309112703_jpg.rf.89d35f9162955c35ac5d7e6560d2c932.jpg,test
IMG20240309112712_jpg.rf.3e81c1a48a712de8fcca7a542acf1479.jpg,train
IMG20240309112733_jpg.rf.d57bde23b0a648916e074465cae32fe5.jpg,train
IMG20240309112739_jpg.rf.dc67e6f29a6d583537bfff00f47b32f4.jpg,train
IMG20240309112748_jpg.rf.96aa2600bb694cf9a7dccb9381e2177e.jpg,test
IMG20240309112834_jpg.rf.79f1a0ba4bf1221d3dd6ff57a2080eaa.jpg,valid
IMG20240309112839_jpg.rf.ed8dc4e64b0b13e4b4a8da7145ea556b.jpg,valid
IMG20240309112846_jpg.rf.f5c297484ac2c0223d076ac1d3c0f54f.jpg,train
IMG20240309112926_jpg.rf.1d7365c12e56be070a61a9ba51e5f490.jpg,train
IMG20240309112930_jpg.rf.8cc49f1a1a91454dda8f601636d01471.jpg,train
IMG20240309112935_jpg.rf.309770b2d66bf62a9ce12e9cb264d490.jpg,train
IMG20240309112942_jpg.rf.5776988b64366e0c92b0aac148aa9c2a.jpg,train
IMG20240309113201_jpg.rf.7faac8eb36654f3092dcfe1efc191a71.jpg,train
IMG20240309113205_jpg.rf.688936998b276cd8298afd6fb04accf2.jpg,valid
IMG20240309113209_jpg.rf.4dea2ebc0b62b6abfc2736a01a699bcf.jpg,train
IMG20240309113221_jpg.rf.8a4ecd2077b574b0577449514fd07bff.jpg,valid
IMG20240309113226_jpg.rf.5331904dff3fc5b1d5b195b95f06f585.jpg,train
IMG20240309113333_jpg.rf.73c492e54fe2a77da3f9df44c58d6e5c.jpg,valid
IMG20240309113351_jpg.rf.efedc4fa72004f541dd2883264c72467.jpg,train
IMG20240309113411_jpg.rf.bfca29a8bd71aa89edcfb3881710c773.jpg,train
IMG20240309113417_jpg.rf.e3a9d222300cfe2f50b3e0a3f22ee999.jpg,test
IMG20240309113432_jpg.rf.140eef85e08f7cba8dd960246fcea999.jpg,valid
IMG20240309113436_jpg.rf.b3226e95860d61c89d865607b05031ff.jpg,train
IMG20240309113441_jpg.rf.320155992599f8d59aacbd6a2878fd33.jpg,train
IMG20240309113452_jpg.rf.f6476e8d61ab797da631c1dc02d16a9d.jpg,train
IMG20240309113458_jpg.rf.98b11802acc20d8177ef8d7420ab470c.jpg,valid
IMG20240309113505_jpg.rf.16f8df675b059fa6b68ba6e6784d2da2.jpg,train
IMG20240309113515_jpg.rf.871ee12cd6dbabfbccb02e82a49d01ac.jpg,valid
IMG20240309113559_jpg.rf.20c2b59d8a4e46ccc4659a1076911d1e.jpg,train
IMG20240309113622_jpg.rf.ee2af9ff248c1414b0e93586647a3e99.jpg,test
IMG20240309113628_jpg.rf.870805903c0dc61d5cf5481093ab2e83.jpg,train
IMG20240309113635_jpg.rf.48ace5ef1d5acbb0977bb4f27903ab60.jpg,valid
IMG20240309113703_jpg.rf.c28f1cedd4556334d8b4189ac70d5f53.jpg,valid
IMG20240309113708_jpg.rf.0149a46c9de81e9218f52387498c2adc.jpg,train
IMG20240309113719_jpg.rf.a32f3efa89ead1d5e31f7c9986f06a6d.jpg,train
IMG20240309113738_jpg.rf.f888a1d3a9ef5e0756e0b175a3c7e18c.jpg,train
IMG20240309113749_jpg.rf.789bcadd6d686053ff82f349fc8a1e29.jpg,train
IMG20240309113808_jpg.rf.340a287c40c035db2b5ad25c93717796.jpg,valid
IMG20240309113823_jpg.rf.b47bb9199242840d5b2379c46d71d874.jpg,valid
IMG20240309113827_jpg.rf.baaec7e02f0f469e77f04b2b57ee5969.jpg,valid
IMG20240309114405_jpg.rf.8c54bd0eeb19d9be2b53c0ac99ab0e40.jpg,train
IMG20240309114409_jpg.rf.5ee03b5969ddb79f105202e8b977e960.jpg,train
IMG20240309114414_jpg.rf.02281618683c9f7c0412f6a3b21f4256.jpg,train
IMG20240309114439_jpg.rf.917327e00524c5e9eb4c4a140f6995b5.jpg,train
IMG20240309114448_jpg.rf.b52bc73f8d41afced52bcb49c1247b9b.jpg,train
IMG20240309114455_jpg.rf.a6a0fc204e5b87ac60ee9ad9bd32821f.jpg,train
IMG20240309114535_jpg.rf.4f8758a53d6907d725b6703591f2ba44.jpg,valid
IMG20240309114538_jpg.rf.bc8465617a82346e30dd0f194cf1926d.jpg,train
IMG20240309114544_jpg.rf.43e6037fbb6170d5106a444e562aab7a.jpg,train
IMG20240309114604_jpg.rf.4a5f2364ac8733d10071fbb3f0488197.jpg,test
IMG20240309114608_jpg.rf.c2b73c46ac0c2bb29ce7c706c7f326c3.jpg,train
IMG20240309114611_jpg.rf.d5b5678885730da6fe9d390cec7fa3b1.jpg,train
IMG20240309114636_jpg.rf.9260c500c9de2bd53dd8a54cbbea529d.jpg,train
IMG20240309114642_jpg.rf.3a992ee43624f5288abb4aa69023b4cc.jpg,valid
IMG20240309114647_jpg.rf.8a4196c1f306108bc208e09d74adf5d7.jpg,train
IMG20240309114656_jpg.rf.38753e10f202d8a775fbd68d11ddfec0.jpg,train
IMG20240309114740_jpg.rf.23dcf3c578647766d113a0e3fbca10ef.jpg,test
IMG20240309114753_jpg.rf.48c3f832d546acf5bbe5eeeef07f5983.jpg,train
IMG20240309114823_jpg.rf.338d87ec1bdd3746c02471137aab6fe2.jpg,train
IMG20240309114826_jpg.rf.fae8fec3b390072f8b500c02ee8361d3.jpg,train
IMG20240309114831_jpg.rf.8b54e3edf5e7ffa9a8b794cd4c409c67.jpg,train
IMG20240309114846_jpg.rf.67189af4421ca37de8cd4d93d675c234.jpg,test
IMG20240309114933_jpg.rf.4f7bf4b88e9524529f996a01ec908d38.jpg,train
IMG20240309114938_jpg.rf.c96916d8a5fed4a465770378b6e4edb6.jpg,train
IMG20240309114943_jpg.rf.65f54496fa14456998327e50695cc105.jpg,train
IMG20240309114949_jpg.rf.6d48cd753a99082d0fe5a565fa8bdec2.jpg,train
IMG20240309115014_jpg.rf.ff577bd65192c99f2419faadffe88cfa.jpg,train
IMG20240309115032_jpg.rf.3de453e4df6a3f6474c2f03ce930ff26.jpg,train
IMG20240309115107_jpg.rf.a6998975ebf6a66bfc9e8343c1fd8458.jpg,train
IMG20240309115134_jpg.rf.c8678906aa12d40005526d427986a99e.jpg,train
IMG20240309115144_jpg.rf.66756b5b36f039bc0020239837d9bc50.jpg,train
IMG20240309115151_jpg.rf.a2a377247bf45e8bbe9b472125b1a8d0.jpg,train
IMG20240309115204_jpg.rf.ec0815419b20ef1bfceb86b560d1f3d7.jpg,test
IMG20240309115210_jpg.rf.ec381c8648a7d37125a5a4765d8408bb.jpg,train
IMG20240309115234_jpg.rf.5db899bf2eb1f17c3ba547a1b3a1f378.jpg,train
IMG20240309115240_jpg.rf.c169d048dc2af721a4ac516234569208.jpg,train
IMG20240309115335_jpg.rf.558941e54923472f212ff8bc75d7484a.jpg,test
IMG20240309115347_jpg.rf.a9b9826ae4f839badb16b35dd4f1df08.jpg,train
IMG20240309115405_jpg.rf.1d5d70bf120f0484bcbd2d5f70bce269.jpg,train
IMG20240309115419_jpg.rf.98a554ced548c7af6421cfe1c9752cad.jpg,train
IMG20240309115425_jpg.rf.a49ca233faf97423f7c43a3fe230e602.jpg,train
IMG20240309115431_jpg.rf.1dad74ef08952a04c41ece4da84bf8f9.jpg,train
IMG20240309115446_jpg.rf.f555e32abedc786e8a02c67b4af8a2a6.jpg,valid
IMG20240309115506_jpg.rf.eea6c4150835413fab65c1e1ba04af01.jpg,valid
IMG20240309115514_jpg.rf.d3f0c0a49902e1fb0f080102ddd1dd0e.jpg,train
IMG20240309115523_jpg.rf.ea4343b62091312637eee0c5083cbb43.jpg,train
IMG20240309115608_jpg.rf.2cc22fed290ddddf9a358d71530b51d2.jpg,train
IMG20240309115615_jpg.rf.277e38e385fe0145f57a1a6f318b43dc.jpg,train
IMG20240309115622_jpg.rf.23a371a5d4fa89ef46a5edbe9ece8d72.jpg,train
IMG20240309115642_jpg.rf.6945aee103994f6312dfaf1b5ec70cb7.jpg,train
IMG20240309115720_jpg.rf.bcf682673aba53d7632b64e2e4b5fa7c.jpg,train
IMG20240309115735_jpg.rf.dd37f46fa546e2c81f818e55dcabe8d8.jpg,train
IMG20240309115740_jpg.rf.436cb33c32c87b9a27f411d3d5962c13.jpg,train
IMG20240309115753_jpg.rf.1e0acac310d9d0062c1f99e0f301d23a.jpg,train
IMG20240309115800_jpg.rf.e5e7860ce1902016ebdca05d757b727f.jpg,train
IMG20240309115805_jpg.rf.8d515ee836f26e5712a3242882f7f066.jpg,train
IMG20240309115812_jpg.rf.0f6183f94abb7a27b1e752b6f216e794.jpg,valid
IMG20240309115839_jpg.rf.8dccd26062898ae2c3ab4d0dcc163c5c.jpg,train
IMG20240309115912_jpg.rf.4776791931c87ae5965af0a227a6aab6.jpg,train
IMG20240309115921_jpg.rf.5fa4ff9f63ea0a06f5ab07edc0e645f9.jpg,train
IMG20240309115928_jpg.rf.8d0bbe61d101e9048d843415b008061f.jpg,train
IMG20240309115949_jpg.rf.b3144265fb120d8d9447dad861c0b5bb.jpg,valid
IMG20240309115958_jpg.rf.07e97fffc01e29e631a64640ef0d22c5.jpg,train
IMG20240309120005_jpg.rf.515631cb0336d61872faa3ba0f56fcb1.jpg,train
IMG20240309120406_jpg.rf.cf6f961a62351ef01caf2ac18f9f45aa.jpg,train
IMG20240309120418_jpg.rf.be602d393118a5771d73e3d38f12e3ee.jpg,train
IMG20240309120426_jpg.rf.4bd662c9182fba5d24e791c83284ff36.jpg,valid
IMG20240309120445_jpg.rf.361f02032b0774dd05c60eb15ad2c451.jpg,train
IMG20240309120449_jpg.rf.b0d6d18f3a7c72a448175f2b1fddcc16.jpg,valid
IMG20240309120458_jpg.rf.4c8232717eb42df0c74bc082bb2e9c54.jpg,train
IMG20240309120506_jpg.rf.cb77820a436c4ac0d8c25cb594f82612.jpg,train
IMG20240309120534_jpg.rf.825b69371ce9dce0f2f89f164c8731eb.jpg,train
IMG20240309120539_jpg.rf.3a018f1119e27b10e68f487b0d3a8dd3.jpg,valid
IMG20240309120605_jpg.rf.544aab5e18cda77b68bdee30b75c9ee0.jpg,train
IMG20240309120611_jpg.rf.e3fc0d9eac5df45b15db0260e3a0cea0.jpg,train
IMG20240309120618_jpg.rf.a74ae7e6d2936194941cc57ddd50c858.jpg,valid
IMG20240309120653_jpg.rf.2adbf85281ae0702c0913f097b8ab861.jpg,train
IMG20240417115028_jpg.rf.ffd40b5bf786e131b0c17db0831a9ed4.jpg,train
IMG20240417115035_jpg.rf.8866a40ec06ea00c6c2cda00808a5421.jpg,train
IMG20240417115059_jpg.rf.0188cc0b0c3964d2d49b66c4bddd0b36.jpg,train
IMG20240417115121_jpg.rf.07f8811136cb87a39dabc9f7bbfadd0f.jpg,train
IMG20240417115151_jpg.rf.e827e8bde630deb8ac37341c11f8c46d.jpg,test
IMG20240417115201_jpg.rf.7c5e9ada61473f6c38e79bc72636a540.jpg,train
IMG20240417115339_jpg.rf.6cb5b2a7fc4fa8ccb8a1f94dd7a148a5.jpg,valid
IMG20240417115347_jpg.rf.80bca642a5a5db4c7d8ca7faff443867.jpg,train
IMG20240417115406_jpg.rf.3992d6ccc61f6be96b8a8b281acd3c3c.jpg,valid
IMG20240417115517_jpg.rf.2cf719f02b01867f50a937118d08de00.jpg,train
IMG20240417115534_jpg.rf.57e1874d1cf46d269e2174ce9742bcd8.jpg,train
IMG20240417115542_jpg.rf.991b5de697ade2f22ce276f02ed7e338.jpg,train
IMG20240417115614_jpg.rf.a11424e102db624d52678107e42711f2.jpg,train
IMG20240417115728_jpg.rf.ba683fa2b49dbfebfe5eec1807eab2dd.jpg,train
IMG20240417120332_jpg.rf.5022335fe66a6eb7bf9171fcdeb6a796.jpg,train
IMG20240417120340_jpg.rf.ae259312329bd4376767f4fa50d83b12.jpg,valid
IMG20240417120351_jpg.rf.6beacf03debe61d174ebb5b706e90857.jpg,train
IMG20240417120415_jpg.rf.4ae52fa508630dfe540913c7567e4c01.jpg,train
IMG20240417120425_jpg.rf.d06756db1e9d348249ca7fc1cad8ce4d.jpg,valid
IMG20240417120447_jpg.rf.c6f580b542c3d81c5944a7234a4305fa.jpg,train
IMG20240417120455_jpg.rf.74d6926881da38186fdc07dde4500450.jpg,train
IMG20241118101346_jpg.rf.46ca6df0ae15f80e935ccc362bc18b63.jpg,test
IMG20241118101423_jpg.rf.8cb78d4f4de5b3cad63c2a6c6aeaa3fb.jpg,train
IMG20241118101616_jpg.rf.cbc1729d77209b8fd6ab7ebe699005fe.jpg,valid
IMG20241118101626_jpg.rf.89cd701fbeef6487acbe0cd5518d50d5.jpg,train
IMG20241118101758_jpg.rf.25a89215b94e726ef73ca491134482df.jpg,train
IMG20241118101811_jpg.rf.a410ac510152a2fdc7a2a75347523ffa.jpg,train
IMG20241118101929_jpg.rf.dafd6b79372790e3dbbbf2fba219882f.jpg,valid
IMG20241118101936_jpg.rf.6fb5fb0c3beb22683a4c45e62109c96d.jpg,train
IMG20241118102139_jpg.rf.6418b3cf0378eaf1f9f617115bad879e.jpg,valid
IMG20241118102153_jpg.rf.42c4fea16b689ef8e932a2fbb9f90b87.jpg,train
IMG20241118102222_jpg.rf.146dd64d26dbee54f0ac4df500dcc7f9.jpg,valid
IMG20241118102250_jpg.rf.ae1394d80c56603ab36629bbc9b995ab.jpg,train
IMG20241118102634_jpg.rf.5564e9f10bcf75bf3dcae61988cce4d4.jpg,test
IMG20241118102657_jpg.rf.d3ba5b2c0eb095cf6c5714ea675ac319.jpg,train
IMG20241118102837_jpg.rf.56a2bf93962cea39e46f1f58974e58dd.jpg,train
IMG20241118102854_jpg.rf.d6661692afd5f221be6fb4296a258211.jpg,train
IMG20241118155549_jpg.rf.6194e642edf6561b9ff84fcf57300f41.jpg,test
IMG20241118155746_jpg.rf.7aa66543a584f711eeb57880ca2fa63c.jpg,train
IMG20241118155756_jpg.rf.6ed04c81ee57a937922712e3efe3e6b4.jpg,train
IMG20241118160018_jpg.rf.80c935bb8f7adf896addbfc2404a0ab8.jpg,valid
IMG20241118160025_jpg.rf.4a7e210d01d540b4e881602aa81f82f5.jpg,train
IMG20241118160143_jpg.rf.35f4163fab1069925ad6f250fba3c0b5.jpg,train
IMG20241118160216_jpg.rf.6fd93583115d1cf902432f251517f0bc.jpg,train
IMG20241118160515_01_jpg.rf.11400dd0e7e3ccd72543986765841746.jpg,train
IMG20241118160541_jpg.rf.691646a3aa3fe97d679d68ff90e2e95c.jpg,train
IMG20241118160725_jpg.rf.f246fac51811a20c2d92bcbb58236c22.jpg,train
IMG20241118160737_jpg.rf.5e06ed3c06d11cf68b90208aed4c796b.jpg,valid
IMG20241118160824_jpg.rf.b58e6628ca45216b6164facb303a67d9.jpg,train
IMG20241118160837_jpg.rf.a8f88f936692780cf4e8bd63f4dc04a9.jpg,train
IMG20241118160924_jpg.rf.30c3ebe9d6a2264aedb7f9e37cb75c98.jpg,train
IMG20241118160937_jpg.rf.c14ab06a9e1bf793c628fbb01d41feda.jpg,train
IMG20241118161125_jpg.rf.f953c647407d9ebb575861f88acfd3ff.jpg,test
IMG20241118161139_jpg.rf.4bf51f28734f137bd5a331f5e58cda73.jpg,train
IMG20241118161210_jpg.rf.df8195cc86f4d846f2485209117abb01.jpg,train
IMG20241118161219_jpg.rf.fe5ae545034c96d1dadfcd5f4922956e.jpg,train
IMG20241118161324_jpg.rf.7225e2ca7c658d6b2baa6d4a815395b1.jpg,train
IMG20241118161331_jpg.rf.01ecec3a93a93b3394b5b68447aa999c.jpg,train
IMG20241118161413_jpg.rf.98a1c2031bf61d38ee2a60c080003dc8.jpg,valid
IMG20241118161421_jpg.rf.44e287bc177e20c837e7c89e5175ed87.jpg,train
IMG20241118161459_jpg.rf.5bca4c011664968f625c240cdd82b69f.jpg,train
IMG20241118161514_jpg.rf.01373bd16d7e839ca4e51134407677e4.jpg,train
IMG20241118161536_jpg.rf.fb602cc49b0dc909ee520e218f3826a7.jpg,test
IMG20241118161548_jpg.rf.b00bb3f7af8acad34dc851f6a4255864.jpg,train
IMG20241118161624_jpg.rf.0cb9c07bfc5469cbae66601edc090a35.jpg,train
IMG20241118161632_jpg.rf.0b7ce0e7b498ca01eaa01dfaa98373a9.jpg,valid
IMG20241118161711_jpg.rf.fe24fe9c7bc5a0b17d14523fd5705115.jpg,train
IMG20241118161717_jpg.rf.1046b29e9f9c67a65748781c35e5db5a.jpg,train
IMG20241118161841_jpg.rf.4e81436b32366a66fb5338a7ec61cdd8.jpg,train
IMG20241118161851_jpg.rf.cf229d4eaeccf7990832c288d0ef8689.jpg,valid
IMG20241118161943_jpg.rf.aceb07c145fac708d1532703e411f378.jpg,train
IMG_20240219_113620_jpg.rf.0bf79b36f57c6d8cd39064fab1fe60f2.jpg,train
IMG_20240219_113626_jpg.rf.93773839c418bbbfd1ded012c674dcae.jpg,train
IMG_20240219_113631_jpg.rf.171869599fa6317f15889953345ee907.jpg,train
IMG_20240219_113639_jpg.rf.c97f1896b80fc1ff3a2a51730b518e78.jpg,train
IMG_20240219_113711_jpg.rf.cc0a60f3bc158cc6b24830544b86d438.jpg,train
IMG_20240219_113715_jpg.rf.c3069647a6bc05c26683994a708f85c7.jpg,train
IMG_20240219_113719_jpg.rf.c2aac72ce0f9077ad5e1f9cf52804d44.jpg,train
IMG_20240219_113730_jpg.rf.8366a5080652c578ee6a4650e73500f4.jpg,train
IMG_20240219_113739_jpg.rf.b11cc6c0647b87a878777aaf9b91726e.jpg,train
IMG_20240219_113808_jpg.rf.51d2a3b53010c0afe8c7d5c522ad238e.jpg,train
IMG_20240219_113819_jpg.rf.b7142de1c2b27fee747deacaad72529e.jpg,train
IMG_20240219_113837_jpg.rf.c1fc590b8cfac2fa34c0f3ac510bad17.jpg,train
IMG_20240219_113917_jpg.rf.cfb0c59bfac606555d538d0e7806f7ff.jpg,train
IMG_20240219_113922_jpg.rf.f37f4dbf4c5090031a00c0642f0e2534.jpg,train
IMG_20240219_113931_jpg.rf.06a8187b76f4b56d1500ff88ddccd7e8.jpg,train
IMG_20240219_113936_jpg.rf.e6d78bbce3a815ef7270d8d6a417118e.jpg,train
IMG_20240219_114005_jpg.rf.d793f46975337481d00a5a48064aac57.jpg,train
IMG_20240219_114012_jpg.rf.a5f2d44b03ffe856aee87e8ffbf06e7a.jpg,train
IMG_20240219_114018_jpg.rf.23651df6133042ad22518e93421eabc9.jpg,train
IMG_20240219_114133_jpg.rf.0b077a4864a9c2cf9d0c102701336239.jpg,train
IMG_20240219_114140_jpg.rf.fdbec69e7f652892af8ee95ced25b4c9.jpg,train
IMG_20240219_114209_jpg.rf.eb11f705ef307a4d8bdbbe771aa0ac1b.jpg,train
IMG_20240219_114214_jpg.rf.ff2212af3276aefcde91a63dc7c697d1.jpg,train
IMG_20240219_114241_jpg.rf.77cd647247eaefbb59432f559f77b156.jpg,train
IMG_20240219_114244_jpg.rf.e8b83ad338c2ddb99d1fe8c9bfabb590.jpg,train
IMG_20240219_114253_jpg.rf.247cec9865b59a649478ff125483a284.jpg,train
IMG_20240219_114442_jpg.rf.266547041dbfdc48a6115a06ef9a43f4.jpg,train
IMG_20240219_114447_jpg.rf.ab6d8e30385ad9462dde115779658f5e.jpg,train
IMG_20240219_114451_jpg.rf.9b8f68fd6ea2f84a291b85506d1d0439.jpg,train
IMG_20240219_114614_jpg.rf.d94aab3c8dfe743e995f36bed9ff580b.jpg,train
IMG_20240219_114643_jpg.rf.6817bc11ea5f9b007dc0040a2d814bc1.jpg,train
IMG_20240219_114646_jpg.rf.5cb1af5b4127ccacb1472d1cb476f6fb.jpg,train
IMG_20240219_114652_jpg.rf.75c09c7841b70d79f9cced1cc67e3c80.jpg,train
IMG_20240219_114741_jpg.rf.9560b997710d576f10a1bf60bda7560f.jpg,train
IMG_20240219_114745_jpg.rf.1fc1b871f21d737d158cee46a68164a3.jpg,train
IMG_20240219_114814_jpg.rf.a3b6282d9230d8bc4cfc38e83026f8da.jpg,train
IMG_20240219_114818_jpg.rf.06074f2badb40ff17a4c7d263488a3a2.jpg,train
IMG_20240219_114822_jpg.rf.24d3cf36911bffe78fd378b0f86754c3.jpg,train
IMG_20240219_114826_jpg.rf.a9bfe41cbb79ee4c824836ed47cd8039.jpg,train
IMG_20240219_114906_jpg.rf.fffbe7fe091e4dc5e442f4e5dcaa37aa.jpg,train
IMG_20240219_114911_jpg.rf.fbaed95b77cf5e43e9f96c81dce2c217.jpg,train
IMG_20240219_114918_jpg.rf.6d7da83d8a1642d60efbacaa7f1bb496.jpg,train
IMG_20240219_114958_jpg.rf.665ff2acfde2b51a6a73e1a7dbd896d4.jpg,train
IMG_20240219_115004_jpg.rf.6b99799c6e9fb385804d374f38d150bf.jpg,train
IMG_20240219_115010_jpg.rf.7bf63aa755c8ca54e7275163f77e5197.jpg,train
IMG_20240219_115215_jpg.rf.93131c06086a13cd33ccdbd799d7e7ab.jpg,train
IMG_20240219_115220_jpg.rf.7890edabb6e14cae9bd0bd31f4742c6a.jpg,train
IMG_20240219_115224_jpg.rf.2783968303f0d0945b930156c5038da2.jpg,train
IMG_20240219_115257_jpg.rf.3672021f4a49ce69aaf4f68073365c36.jpg,test
IMG_20240219_115336_jpg.rf.44f593437f7bc8c2b8312ae757c22713.jpg,train
IMG_20240219_115342_jpg.rf.c7c24b49db2dd350d555db482c8d9e6b.jpg,train
IMG_20240219_115347_jpg.rf.0095a61102b2632917deb3d6013d32ee.jpg,train
IMG_20240219_115433_jpg.rf.98b6f711888c43496874b2b1bc29b1f0.jpg,train
IMG_20240219_115438_jpg.rf.ae086a422b749ed2b6e6471de7ef593d.jpg,train
IMG_20240219_115455_jpg.rf.82e8cadc473ab4dc188a58fb24332afe.jpg,train
IMG_20240219_115811_jpg.rf.7dd1c23c7ba18a512529ea99143c234b.jpg,train
IMG_20240219_115821_jpg.rf.91684a0d18dc4611e995622c972d0886.jpg,train
IMG_20240219_115933_jpg.rf.95edf24a52041211963fe04c31e86460.jpg,train
IMG_20240219_115941_jpg.rf.f8bb3fd4b10a1e00309fa86d9aa29700.jpg,train
IMG_20240219_115948_jpg.rf.254cf21d60bfdf0dd829010e6f12f1fb.jpg,train
IMG_20240219_120158_jpg.rf.bfe51bb268b036aade20ae77ff58d550.jpg,train
IMG_20240219_120205_jpg.rf.1a08d9993b261a48687a9e71e52a196f.jpg,train
IMG_20240219_120209_jpg.rf.a4f0d948cee1c5b5aa7e1f07ed12796f.jpg,train
IMG_20240219_120213_jpg.rf.06f2dcd0da21274ce95581009017a573.jpg,train
IMG_20240219_120248_jpg.rf.6bbfe216e5fec8c0b6d34900ed477eba.jpg,train
IMG_20240219_120254_jpg.rf.faa7a6ead6a5e7dae62786dc7277bc5d.jpg,train
IMG_20240219_120311_jpg.rf.e1079866bff972502d8039333e59f459.jpg,train
IMG_20240220_114159_jpg.rf.7ccd00359cc2e8e402964d78dc8dd31d.jpg,train
IMG_20240220_114205_jpg.rf.e347a6785d9e9fd3fc78666f881edec1.jpg,train
IMG_20240220_114213_jpg.rf.7ed7952fe49510cf88232c0e582954a8.jpg,train
IMG_20240220_114220_jpg.rf.2866598a6966384c2ec7fc9f209ed259.jpg,train
IMG_20240220_114230_jpg.rf.dbbe234de4d502296a567485cd5719ca.jpg,train
IMG_20240220_114237_jpg.rf.253dac4795cfa5d6c572bf43be1d45b0.jpg,train
IMG_20240220_114312_jpg.rf.079879060d6e311a1bb13fd276932727.jpg,train
IMG_20240220_114318_jpg.rf.f53fdd5d7f7a513a6db0862caac6c895.jpg,train
IMG_20240220_114326_jpg.rf.9625f8dba4ffc6926a342bae976b4ecf.jpg,train
IMG_20240220_114332_jpg.rf.9efa93b7c6ceb278f4e39b0330e91e8d.jpg,train
IMG_20240220_114533_jpg.rf.a2034c1f601f054f359fad39978a7e72.jpg,train
IMG_20240220_114541_jpg.rf.e99c52dd4a14e70de1227500c1a1a5a0.jpg,train
IMG_20240220_114554_jpg.rf.4ee9c13b0af21edeb146b56802bb16bf.jpg,train
IMG_20240220_114617_jpg.rf.f77d5bd1e1280a4ace43f9cde0d1cb3f.jpg,train
IMG_20240220_114621_jpg.rf.f99d37426318f1c38d5a68c4447184ee.jpg,train
IMG_20240220_114627_jpg.rf.ce70ba95708803855a6691461ca2f023.jpg,train
IMG_20240220_114642_jpg.rf.428a705cc7b4c54aa208158201b9bbb9.jpg,train
IMG_20240220_114647_jpg.rf.950cca9ab3a13ed77387f625466c7cd5.jpg,train
IMG_20240220_114725_jpg.rf.5dc01c5d196bd52feefc6d872367fc1e.jpg,train
IMG_20240220_114731_jpg.rf.58500cc080c76c5e9fba18ed4d8be885.jpg,train
IMG_20240220_114740_jpg.rf.b8fa42b3c87b980a899a2fcf6eb15eb0.jpg,train
IMG_20240220_114746_jpg.rf.7ceea60eaa3c2c8f2d163a73bfdca1fd.jpg,train
IMG_20240220_114750_jpg.rf.fa8a5935e862a5b9c1b5b65f269e4a18.jpg,train
IMG_20240220_114919_jpg.rf.7a7a67187acc77189335258f68e2edf8.jpg,train
IMG_20240220_114924_jpg.rf.c571d86fe1fb92cdb640c9f2cee3fe21.jpg,train
IMG_20240220_114930_jpg.rf.8eaf086526a471829c6e563af84c6e2c.jpg,train
IMG_20240220_114936_jpg.rf.33c1f0ee755f3d997d2c7a84e00d8303.jpg,train
IMG_20240220_115006_jpg.rf.8248260441818584be1758eb728fe634.jpg,train
IMG_20240220_115016_jpg.rf.8fc47007de91803eaf9d19241ec9230f.jpg,train
IMG_20240220_115021_jpg.rf.54aa129aa46109d00f16f5ee250d77d8.jpg,train
IMG_20240220_115044_jpg.rf.eaec7f3eea31c39e472c7efaa026bbb4.jpg,train
IMG_20240220_115047_jpg.rf.f055770444fc1a93d9bef8c63cb1e8e9.jpg,train
IMG_20240220_115051_jpg.rf.4bcb3d331d02ea413559376f4249949b.jpg,train
IMG_20240220_115120_jpg.rf.82d19c6ee51ddda5fe0be3447cbf31f6.jpg,train
IMG_20240220_115123_jpg.rf.54701bbcc658607197a73e77219bfb09.jpg,train
IMG_20240220_115127_jpg.rf.51419acb43d61e2205553b912b3005cf.jpg,train
IMG_20240220_115132_jpg.rf.b91903374e415733d162c96e4ca74581.jpg,train
IMG_20240220_115211_jpg.rf.bcc7ebb758c776db81789faf34cf1b7d.jpg,train
IMG_20240220_115215_jpg.rf.78d13ce4a4c1d707cb0cb36dda7555ef.jpg,train
IMG_20240220_115224_jpg.rf.0836fdf2b6b35f3570f60aadbe074733.jpg,train
IMG_20240220_115229_jpg.rf.815a869f0b64bb695e1aaca7a4f7ae3f.jpg,train
IMG_20240220_115304_jpg.rf.0057443e054b6dc6c2329548b23552f2.jpg,train
IMG_20240220_115315_jpg.rf.ced2f99f93e2e6e828e5172a92319136.jpg,train
IMG_20240220_115316_jpg.rf.e83ed9f04c079d2dfba1c2c5ba5f8411.jpg,train
IMG_20240220_115321_jpg.rf.eff0e25102c125fe68eb8d143851d911.jpg,train
IMG_20240220_115333_jpg.rf.769a79f89c822f141c3eea08d8dd2efd.jpg,train
IMG_20240220_115414_jpg.rf.e4c4eb49887963c3ef481e5babd2c661.jpg,train
IMG_20240220_115418_jpg.rf.af29015a16139ad686ab90150f5587a2.jpg,train
IMG_20240220_115427_jpg.rf.9164ef484b5cb23270f00cc924ced6e3.jpg,train
IMG_20240220_115430_jpg.rf.c26ee58ac7ee5dd4799bf84f07652699.jpg,train
IMG_20240220_115458_jpg.rf.f0d67861bb8023f4abffc99344c5ecdc.jpg,train
IMG_20240220_115502_jpg.rf.0e2c91814795835b77d4fa18e5313e9e.jpg,train
IMG_20240220_115527_jpg.rf.56139bf861d06eb569cf94ad602e5131.jpg,train
IMG_20240220_115533_jpg.rf.8e2a12a5991a32c3a394fde79ed223d0.jpg,train
IMG_20240220_115539_jpg.rf.71d0822872c69877458a4cee3e9ab150.jpg,train
IMG_20240220_115618_jpg.rf.700913c6ceb13dcb1ba3200c294ff602.jpg,train
IMG_20240220_115622_jpg.rf.8712a3ab8e6be4b1872fe8892583cc93.jpg,train
IMG_20240220_115625_jpg.rf.868364073eabba1d044faa0f59849f9b.jpg,train
IMG_20240220_115715_jpg.rf.00e867a5b5ffe648695d8fc455e2e9fb.jpg,test
IMG_20240220_115747_jpg.rf.9cd9e0c3d8c3470a141d12c0d72797b2.jpg,train
IMG_20240220_115756_jpg.rf.fa829ee419299d2efe399e99223aa955.jpg,train
IMG_20240220_115849_jpg.rf.f3b7d31a3cb2847284652d874b8b95a0.jpg,train
IMG_20240220_115857_jpg.rf.ea68f427afcbb8becd0733ec3e362788.jpg,train
IMG_20240220_115903_jpg.rf.16959dd27f4f11831a0b3e12ba0e6d09.jpg,train
IMG_20240220_115909_jpg.rf.c2b76de3e3a87be0e396dc69f0b9769a.jpg,train
IMG_20240220_115924_jpg.rf.5c39b44ea5120edb7bd2bd87a1fe8320.jpg,train
IMG_20240220_115930_jpg.rf.94bbb9fe31d92feedea90e01270dc29f.jpg,train
IMG_20240220_115942_jpg.rf.49c672bd4045be837e22302aa83b752c.jpg,train
IMG_20240220_120015_jpg.rf.5adff199dd5978c410337c9b82a77739.jpg,train
IMG_20240220_120029_jpg.rf.f35ad20645f0a5a2e7d7070ffceb9ced.jpg,train
IMG_20240220_120103_jpg.rf.b951c82d33889058b53bb50aebbcf610.jpg,train
IMG_20240220_120146_jpg.rf.77fb94d146aad65d5ee6323918ce47c7.jpg,train
IMG_20240220_120154_jpg.rf.dd44a1951cbec21edd0c12a2b0155d10.jpg,train
IMG_20240220_120248_jpg.rf.81fe6c7959498d56fb1c158044e72ff4.jpg,train
IMG_20240220_120308_jpg.rf.412f1ec29a36d4c4470d73e2f89ca7b7.jpg,train
IMG_20240220_120314_jpg.rf.3728e05683354b98688ba55761308af7.jpg,train
IMG_20240220_120346_jpg.rf.318870237adfd00e54341a81e3833d0c.jpg,train
IMG_20240220_120351_jpg.rf.e683ba0df1f7b8704ca0938f96add999.jpg,train
IMG_20240220_120357_jpg.rf.b03463c696363232f09cd1b83588812e.jpg,train
IMG_20240220_120413_jpg.rf.ff6f9ac8fb1002bbae235d20d8a40fca.jpg,train
IMG_20240220_120420_jpg.rf.95d557056a9ad818390e109b2c05daf6.jpg,train
IMG_20240220_120501_jpg.rf.ed46127f2522b3e0385e44762ea7f4e1.jpg,train
IMG_20240220_120505_jpg.rf.be3915114ce3edfaa2436b1f6a388dac.jpg,train
IMG_20240220_120508_jpg.rf.496ae0e47235a5bb477628763bb7e2da.jpg,train
IMG_20240220_120515_jpg.rf.f8d6571757bd5ca7946a36cc4b61d92b.jpg,train
IMG_20240220_120532_jpg.rf.abbbee661196fcaeb5988fdfa5daae3f.jpg,train
IMG_20240220_120539_jpg.rf.371e8fd33352d4f1f4635abf10594046.jpg,train
IMG_20240220_120903_jpg.rf.90d81f976ac7c7c795ad7e9c17a37d81.jpg,train
IMG_20240220_120907_jpg.rf.8d4640914940effef3f5cc01eb7454f6.jpg,train
IMG_20240220_120913_jpg.rf.b4eec45c6f24d5f1e9e57def61cf4d07.jpg,train
IMG_20240220_121114_jpg.rf.71d0543c856c55709aea08ce0aaf03fd.jpg,train
IMG_20240220_121119_jpg.rf.214cd9b8a801f5392fa4da3d7d8a92e3.jpg,train
IMG_20240220_121133_jpg.rf.c34217a794c30b95489bd7993d9969cf.jpg,train
IMG_20240220_121143_jpg.rf.dd3ef604f70125a092b5faae0928d168.jpg,train
IMG_20240220_121153_jpg.rf.bc188853f516e1153c12a9498162f3be.jpg,train
IMG_20240220_121201_jpg.rf.a592ac1d3f69cd4dfa45e058fc37cdb3.jpg,train
IMG_20240220_121228_jpg.rf.73b3dc2f656bb4a4a6410b19163710ec.jpg,train
IMG_20240220_121242_jpg.rf.ec00bb7a7a955f7721e45502043d5653.jpg,train
IMG_20240220_121252_jpg.rf.44b150a6e7df8b795c1aa70fdae80cd7.jpg,train
IMG_20240220_121303_jpg.rf.136c28cb9e446ef41a0253532cfabbdb.jpg,train
IMG_20240220_121322_jpg.rf.58d86b67cf5bbece09b7272ff6f35d22.jpg,train
IMG_20240220_121328_jpg.rf.6642685bdf6c1d593bd09b0a1e2e221f.jpg,train
IMG_20240220_121334_jpg.rf.2f211223efedb787c55948495e9948b1.jpg,train
IMG_20240220_121340_jpg.rf.536d8f21e8fe5c888978419a5b7ec0b5.jpg,train
IMG_20240220_121346_jpg.rf.b3a6813a5d3cf5da97f5489b82b89e22.jpg,train
IMG_20240220_121359_jpg.rf.0e493ae0f241e3937dcbdf1e08a8fe4f.jpg,train
IMG_20240220_121405_jpg.rf.3a82c083b12532c707356c0f4af35e1b.jpg,train
IMG_20240220_121409_jpg.rf.35ad12ce6329ff7cf4f404cb0b2371fe.jpg,train
IMG_20240220_121416_jpg.rf.6165282b72c44c8f832229e515300ad3.jpg,train
IMG_20240220_121422_jpg.rf.178f7ca19691e429a85208998466893c.jpg,train
IMG_20240220_121455_jpg.rf.9a20791c90c765f0d88c435839826847.jpg,train
IMG_20240220_121500_jpg.rf.a2ddcfc176461ffd735c05ba9e71c11b.jpg,train
IMG_20240220_121506_jpg.rf.75897933acd479921bad942286d1c77c.jpg,train
IMG_20240220_121512_jpg.rf.585f53e81d3c7729c03c444f12d0cd13.jpg,train
IMG_20240220_121525_jpg.rf.5f9940d80ee93490f59b0cdce04d0a59.jpg,train
IMG_20240220_121536_jpg.rf.1395aa4ea58e40fb9c2a18994317bd63.jpg,train
IMG_20240220_121603_jpg.rf.afbd360923ec26ebd43d71dce262b044.jpg,train
IMG_20240220_121611_jpg.rf.2f8602ae42ea77aaf4a9b4df696ee369.jpg,train
IMG_20240220_121628_jpg.rf.2f870d1a430d233893a16b0f683f6ae6.jpg,train
IMG_20240220_121637_jpg.rf.7b9a50f29e1f73b95383cb02ebba9708.jpg,train
IMG_20240220_121656_jpg.rf.fa458146ea97ae26c9c8ac8f553b3ac2.jpg,train
IMG_20240220_121702_jpg.rf.7513aee25a7b1b639fc0515223523765.jpg,train
IMG_20240220_121746_jpg.rf.e54376dad4b9ffbd69fec0532f13d565.jpg,train
IMG_20240220_121809_jpg.rf.665c81e084f6055312cfddc3da2916be.jpg,train
IMG_20240220_121907_jpg.rf.c99bb1c6d51b1b62b03d25f276a36283.jpg,train
IMG_20240220_121913_jpg.rf.22dff7d90b7a0948c832423b188c5c07.jpg,train
IMG_20240220_121918_jpg.rf.3c6fc3e20aac41e11d3faa80be2727aa.jpg,train
IMG_20240220_121939_jpg.rf.cdcf36a5961452c4e595141f3aa1b81f.jpg,train
IMG_20240220_121944_jpg.rf.a2d8ad073fa163bc2fc550ed1eb7bc17.jpg,train
IMG_20240220_121951_jpg.rf.bd55431df3b5413919d5c97f2ee07e4c.jpg,train
IMG_20240220_121957_jpg.rf.b2bbc6e8ddd19f1a1cdba606b2c5c01e.jpg,train
IMG_20240220_122012_jpg.rf.e4cf8b189ee4e81d9f3d83b6e5411f49.jpg,train
IMG_20240220_122017_jpg.rf.e6d11395f19f337f9bcb4ef0843ece9b.jpg,train
IMG_20240220_122022_jpg.rf.2b23965d3848ac307c1c5f48ef8cef78.jpg,train
IMG_20240220_122028_jpg.rf.b5d1ce72fc404ca1328ebc19a26ef9b6.jpg,train
IMG_20240220_122035_jpg.rf.04258ca3af147bf7c6522eafe4bd47f6.jpg,train
IMG_20240220_131426_jpg.rf.3cf10cf45d5f84da1b043cbbd358e26e.jpg,train
IMG_20240220_131431_jpg.rf.ebd6fe14253aad8a5df34edb33100377.jpg,train
IMG_20240220_131436_jpg.rf.f42a60c4afb18de2ac1a2c3abda8cc57.jpg,train
IMG_20240220_131443_jpg.rf.0a986087269920aa7ecef11eae813ba4.jpg,train
IMG_20240220_131451_jpg.rf.2590b9acee1e4f7487f6fe253cf98cc6.jpg,train
IMG_20240220_131456_jpg.rf.5187136e06727cf98a90d9a2c463a1a8.jpg,train
IMG_20240220_131503_jpg.rf.f2c92849371e040ed76ee70bc286111d.jpg,train
IMG_20240220_131506_jpg.rf.e1d0847defe6e38041b7400d3ff6b8fe.jpg,train
IMG_20240220_131513_jpg.rf.854d7f2e205a7d0381464767412747e7.jpg,train
IMG_20240220_131522_jpg.rf.753b7cbabce44c31113b5cf92e29d171.jpg,train
IMG_20240220_131548_jpg.rf.b09c4a174d6ca4f350cb255071ab1baa.jpg,train
IMG_20240220_131552_jpg.rf.8216e0eef2a04040323fca62bc30205b.jpg,train
IMG_20240220_131559_jpg.rf.75f7bc0273a43dc0fbb2ef7273d23fcd.jpg,train
IMG_20240220_131606_jpg.rf.bc92bf234f64693a7edcddba28f82c68.jpg,train
IMG_20240220_131610_jpg.rf.f706a8c7ed6babadb2a01cee09b352af.jpg,train
IMG_20240220_131638_jpg.rf.f42869b9e9b2fca74b32606edf789a9a.jpg,train
IMG_20240220_131654_jpg.rf.29223858544082eba5294cb8213060bd.jpg,valid
IMG_20240220_131734_jpg.rf.5850abda1294615ea4706fe8def5362a.jpg,train
IMG_20240220_131738_jpg.rf.f1573ce4afbbcf4aa6390458c46a1f42.jpg,train
IMG_20240220_131745_jpg.rf.ef2d38f15234afa160bce10ff443728a.jpg,train
IMG_20240220_131827_jpg.rf.fd98bfe050d4729e6b80094db305ff46.jpg,train
IMG_20240220_131832_jpg.rf.42f6cd4479c95e3fb179061efc1ee148.jpg,train
IMG_20240220_131840_jpg.rf.8d3bf5b549e1904a9a8244de860eecda.jpg,train
IMG_20240220_131847_jpg.rf.57380f29a10cc21e2816186a42f0252c.jpg,train
IMG_20240220_131851_jpg.rf.dd37f95a1759d78d923ce41e2c3669c0.jpg,train
IMG_20240220_131908_jpg.rf.b10a2a6b9a3ce79b505013635d572e47.jpg,train
IMG_20240220_131918_jpg.rf.cd11c9fa2e42eae2eb13c936f9250b4d.jpg,train
IMG_20240220_131946_jpg.rf.bf6ee9ebb7ba20cb9db14de3f2feca42.jpg,train
IMG_20240220_131951_jpg.rf.acb4927a3a61b86e61bbd26f1013d32b.jpg,train
IMG_20240220_131954_jpg.rf.439682ac1beafbfac368b570781e55ce.jpg,train
IMG_20240220_131958_jpg.rf.a6fcdd11d51486f152ea32f3e38f87ee.jpg,train
IMG_20240220_132006_jpg.rf.a2d4b390109fb903546b3572655359cb.jpg,train
IMG_20240220_132018_jpg.rf.4ac02f15e0666c1329c1eeb2fd5259e5.jpg,train
IMG_20240220_132036_jpg.rf.21669cf8f89c4110837790c270e8a5ee.jpg,train
IMG_20240220_132039_jpg.rf.26c228245033dfce73099297f60a6fe0.jpg,train
IMG_20240220_132043_jpg.rf.33be00d290a783ba0166e849384177ee.jpg,train
IMG_20240220_132047_jpg.rf.e07c3b43f50b26e81ade355d3d8ad81c.jpg,train
IMG_20240220_132056_jpg.rf.26292bea639cafa7438e524fd6ebda59.jpg,train
IMG_20240220_132059_jpg.rf.4733b3fe0abd37d13e968f40bf7b7a32.jpg,train
IMG_20240220_132104_jpg.rf.e84502dbc08d2351f88e90baf1fb7cf6.jpg,train
IMG_20240220_132120_jpg.rf.e641dacc34c65d20d167d443686c1c62.jpg,train
IMG_20240220_132126_jpg.rf.e953e1d77d7b8822181a6a7a19e7d49d.jpg,train
IMG_20240220_132242_jpg.rf.55722f3f0d526cc005bdc84e50841c7c.jpg,train
IMG_20240220_132303_jpg.rf.8828a1658ef7bc684c4be2b933262704.jpg,train
IMG_20240220_132310_jpg.rf.dba585db7c1fc20f1834bf1972d1d98f.jpg,train
IMG_20240220_132322_jpg.rf.65215ed30b328396475a7d120823e1aa.jpg,train
IMG_20240220_132334_jpg.rf.a5ddc1baa9dbbf7761b24aa9d0375d42.jpg,train
IMG_20240220_132340_jpg.rf.bf9bcabf92ceee04d19fa4ea6d2281e8.jpg,train
IMG_20240220_132359_jpg.rf.32b8f4228f1412385191ebf24e0afd44.jpg,train
IMG_20240220_132403_jpg.rf.1682bd8918b4ad17de118907af7400ef.jpg,train
IMG_20240220_132408_jpg.rf.ddaa56fa38459c2bcc49f791b6d4b4e2.jpg,train
IMG_20240220_132414_jpg.rf.3c171c0b6d8761b2d4efebaeb10f2bb7.jpg,train
IMG_20240220_132419_jpg.rf.63ef519fc7dee9ceca795bfa93d1d98b.jpg,train
IMG_20240220_132422_jpg.rf.a2c213385899acfa6081864cc12ddeb9.jpg,train
IMG_20240220_132439_jpg.rf.6a3b80fdaecbe8230d7b81e3b89af42c.jpg,train
IMG_20240220_132444_jpg.rf.23a1776c8ed64ca026528397e1e321d3.jpg,train
IMG_20240220_132456_jpg.rf.7f71816a3c9cdc723c3b22af6aa6a124.jpg,train
IMG_20240220_132508_jpg.rf.8bbd99a84973e46c05dfbc5f77b8bf10.jpg,train
IMG_20240220_132516_jpg.rf.5fc1e636cbb2261411748b945cae05b1.jpg,train
IMG_20240220_132521_jpg.rf.c73c62dc9401d8d7a525b2d0f553cabb.jpg,train
IMG_20240220_132541_jpg.rf.14e2760c413803681f31983bc4ab5aa6.jpg,train
IMG_20240220_132547_jpg.rf.e55f3d8965b2fe429c58fa2bcfb57faa.jpg,train
IMG_20240220_132601_jpg.rf.e4e2ff357a217e28f3ae27208d427dee.jpg,train
IMG_20240220_132607_jpg.rf.95971580a911a23c383d08184dc6e185.jpg,train
IMG_20240220_132618_jpg.rf.45fc37f0b1e719e1886bfc433ad973ab.jpg,train
IMG_20240220_132626_jpg.rf.2db5e4ac1e710247aea579b7cb324b8b.jpg,train
IMG_20240220_132638_jpg.rf.d2f53f1f1527cddfbd18fab488c077cb.jpg,train
IMG_20240220_132642_jpg.rf.fb5267339e55ffa57e618e2a4232acbb.jpg,train
IMG_20240220_132648_jpg.rf.64d9a2620181162bbdbc76a3424bb078.jpg,train
IMG_20240220_132702_jpg.rf.07c048138d1864dbf6271bfc3f750e73.jpg,train
IMG_20240220_132712_jpg.rf.5135602ae06e7eb247e9063dff644ff0.jpg,train
IMG_20240220_132728_jpg.rf.8032a2551eb722d24a5ee8e3ac929583.jpg,train
IMG_20240220_132740_jpg.rf.fe9c0a33550bf665c350c15e4214834a.jpg,train
IMG_20240220_132834_jpg.rf.903fd0316b83643b321defaae8830c0c.jpg,train
IMG_20240220_132840_jpg.rf.6f6e3d2d683bb2a1e53aa6fe7ab13e1b.jpg,train
IMG_20240220_132844_jpg.rf.f666a204fc36ffb86b87724e9ca99e95.jpg,train
IMG_20240220_132849_jpg.rf.6895f56fb39b1eb0f5667cd4d9ae2514.jpg,train
IMG_20240220_132854_jpg.rf.b314375ae5ca4aa711a1e12b9ece008e.jpg,train
IMG_20240220_132900_jpg.rf.381dd9a2d8f0a8e4c3a172630ae8d809.jpg,train
IMG_20240220_132908_jpg.rf.6a8f4963680d9823c553f9a87e937d42.jpg,train
IMG_20240220_132923_jpg.rf.fc06ab552410eef2e98dffea51fd23db.jpg,train
IMG_20240220_132943_jpg.rf.c056006ea9d5bc60df3fdb24c7792f82.jpg,train
IMG_20240220_132948_jpg.rf.e5af4ba1f735b494b98dd7c9cd2cc801.jpg,train
IMG_20240220_132952_jpg.rf.e446846140cde08faff943ffc7b60680.jpg,train
IMG_20240220_133000_jpg.rf.b0a2da52329e2b19ff451a1d44e10cfd.jpg,train
IMG_20240220_133020_jpg.rf.c6c0677f790466db122de8d47818742f.jpg,train
IMG_20240220_133024_jpg.rf.bb2e9d8bfee067c38c389c18af7f8c3a.jpg,train
IMG_20240220_133046_jpg.rf.29a458bba951c88e533d0cd5d55d79a8.jpg,train
IMG_20240220_133052_jpg.rf.682d484cbfc7bf27b3b6a98522d107c2.jpg,train
IMG_20240220_133110_jpg.rf.053052c74f076ff0504a75e3f7b23477.jpg,train
IMG_20240220_133117_jpg.rf.5ef96eee17d4820cae6cda148293e44b.jpg,train
IMG_20240220_133130_jpg.rf.e01c4d3e029527aa52b312f4d0fd3b05.jpg,train
IMG_20240220_133258_jpg.rf.8eaca3d6a96d55ea2bb68ef204820823.jpg,train
IMG_20240220_133321_jpg.rf.4f610def807ea019a3b7a187cf4a23cb.jpg,train
IMG_20240220_133330_jpg.rf.dddcca3ce29dcb26a7badcea8d03bb48.jpg,train
IMG_20240220_133336_jpg.rf.aa63fe38a00f17d5e3d83b17ebdf5e1d.jpg,train
IMG_20240220_133352_jpg.rf.db3b01d514a38ec14a8bae62ebeee3f2.jpg,train
IMG_20240220_133400_jpg.rf.5fb90e37f80780d83078a7b73ef4b423.jpg,train
IMG_20240220_133411_jpg.rf.f3d9f56fbac9d9bbec6c8ff9c4198b59.jpg,train
IMG_20240220_134008_jpg.rf.970574bfd7844a8dcd61f8268c11a264.jpg,train
IMG_20240220_134012_jpg.rf.38fcb90f34915b85c8ad127d2955f6dd.jpg,train
IMG_20240220_134015_jpg.rf.7b8a749a3f8b123459cebc72f92600d1.jpg,train
IMG_20240220_134020_jpg.rf.b4d5db27910743f73be3f686b43bbcaa.jpg,train
IMG_20240220_134025_jpg.rf.d0eb01b3ad307a1b989e61a06dddddc8.jpg,train
IMG_20240220_134041_jpg.rf.e105dc28ff25f89fde479f6f2eb4b99a.jpg,train
IMG_20240220_134050_jpg.rf.9321026054ee930aee4af404b3bbf59f.jpg,train
IMG_20240220_134055_jpg.rf.cf761fde4b3b2bac96417113406e7b76.jpg,train
IMG_20240220_134114_jpg.rf.319029dc76714e14193661d3d91209ef.jpg,train
IMG_20240220_134137_jpg.rf.8bb9a979d582c14cb0534649adb71b8b.jpg,train
IMG_20240220_134141_jpg.rf.fc390980afa79db41f04b6639120fd7f.jpg,train
IMG_20240220_134146_jpg.rf.065f2463c401351efab5c1db50034337.jpg,train
IMG_20240220_134155_jpg.rf.688140ba312883d88a62e09d3b356ce9.jpg,train
IMG_20240220_134224_jpg.rf.c3ff5c7a83b2fcd395775a0f724a0895.jpg,train
IMG_20240220_134228_jpg.rf.d4d6a9f73d187d7bddaeba9eceb66b9e.jpg,train
IMG_20240220_134320_jpg.rf.6327a56aabebb84456dc24a2d83c70bf.jpg,train
IMG_20240220_134324_jpg.rf.a017a66cb846a58d199c97a5cf8c9787.jpg,train
IMG_20240220_134334_jpg.rf.f7f0ea89cf655743629bb29a78b6ba12.jpg,train
IMG_20240220_134339_jpg.rf.f40c95e1aa88550750bbc4747708f16a.jpg,train
IMG_20240220_134404_jpg.rf.0abaedc77d83ec0573dbccec9ea14091.jpg,train
IMG_20240220_134409_jpg.rf.7f298e1430bc55248a65cb5860cf702b.jpg,train
IMG_20240220_134416_jpg.rf.7635fbc750865edb23c43d87def42ad5.jpg,train
IMG_20240220_134428_jpg.rf.a08c058db7f8dee0c46dbe6a92f97ab0.jpg,train
IMG_20240220_134436_jpg.rf.fbff527592fe8b19bab9b6680e0afe1c.jpg,train
IMG_20240220_134453_jpg.rf.0ceb7df23ca2dae9c8733f39c94e3299.jpg,train
IMG_20240220_134510_jpg.rf.c3b254f846004496478770aa2795897b.jpg,train
IMG_20240220_134526_jpg.rf.c7a1944455d3e899e81785cffded3d8a.jpg,train
IMG_20240220_134533_jpg.rf.bd12a0fae9d7ac2003decd9d14b64745.jpg,train
IMG_20240220_134541_jpg.rf.63ec76520a32c5dddc97b4b4a32ef4a8.jpg,train
IMG_20240220_134610_jpg.rf.ef78014deab044fbb4bfbcfdca19cc56.jpg,train
IMG_20240220_134615_jpg.rf.1aafe5184722d21b0d7a53d9bb398727.jpg,train
IMG_20240220_134623_jpg.rf.e9f0d085b2c11b19f17b3045401a7f8b.jpg,train
IMG_20240220_134653_jpg.rf.f4fff76dc88ef58ef52dcbe77ab27336.jpg,valid
IMG_20240220_134719_jpg.rf.a9a44719ae4c86ee9c4a64d53e74f1da.jpg,train
IMG_20240220_134725_jpg.rf.3cbd0f47dfbadfb0a0778dcd67571ad5.jpg,train
IMG_20240220_134732_jpg.rf.02c7e0f7ffd16b4b8dd4000c2bad5e82.jpg,train
IMG_20240220_134757_jpg.rf.09bc39ca563a5867f7fab4c18e7e80aa.jpg,train
IMG_20240220_134801_jpg.rf.37891e35a86c90c5d339189f3a56c65c.jpg,train
IMG_20240220_134807_jpg.rf.747379953467ce165fe4e3b1fdf5d4f8.jpg,train
IMG_20240220_134820_jpg.rf.accf8c22fbc0c4bacac341c3d9c1fd24.jpg,train
IMG_20240220_134842_jpg.rf.9c742ab8cb05e18c28c45bfac2e3efac.jpg,train
IMG_20240220_134846_jpg.rf.29e4796fde45472c2e3417056cc653ce.jpg,train
IMG_20240220_134850_jpg.rf.19aeb5058a02c8c5f4833ad771c32a31.jpg,train
IMG_20240220_134857_jpg.rf.1adf0e4713eb19cd69f648ced714bb4a.jpg,train
IMG_20240220_134925_jpg.rf.0de9a3082f5e795785b52c576cdc88e0.jpg,train
IMG_20240220_134936_jpg.rf.ef0eda4ef92410e9f5492717ebc310f2.jpg,train
IMG_20240220_134947_jpg.rf.4ddaec587a83f37380c121b1c288a6ae.jpg,train
IMG_20240220_135005_jpg.rf.cf8d573557e871e60f23dfe112690dce.jpg,test
IMG_20240220_135037_jpg.rf.40fb55cd36742aec0f73ce8f898d8860.jpg,train
IMG_20240220_135042_jpg.rf.9a11448b9b7beba6bc126481e5f0b644.jpg,train
IMG_20240220_135221_jpg.rf.36c249a531c9427362d98f9d4c7c5357.jpg,train
IMG_20240220_135229_jpg.rf.f41d27d22204d232b8bafadddaf3505b.jpg,train
IMG_20240220_135235_jpg.rf.edfca60ce99a15e82a6ad7db2949ac2a.jpg,train
IMG_20240220_135301_jpg.rf.877c4d55a48333cc6afc91a6fb94229c.jpg,train
IMG_20240220_135306_jpg.rf.e996ca9d8eb28000ce910a6b52a1c1eb.jpg,train
IMG_20240220_135309_jpg.rf.c757e32fb85a931f20abef0a2733ad9a.jpg,train
IMG_20240220_135316_jpg.rf.54b978d04b605b167fefa1ed223de569.jpg,train
IMG_20240220_135322_jpg.rf.f3175dc87b6bfa27a2f7d993a70cfbcf.jpg,train
IMG_20240220_135332_jpg.rf.da917a5182670146be5106379a178b4e.jpg,train
IMG_20240220_135401_jpg.rf.5427bdd5fe0f7ab5239f4140914e5d30.jpg,train
IMG_20240220_135410_jpg.rf.9d2b77b7ac127d21ee882d671065ac80.jpg,train
IMG_20240220_135417_jpg.rf.dea993e2df20542378f7cb424579e83d.jpg,train
IMG_20240220_135420_jpg.rf.21c326eec017aef7d69579afcbec60bb.jpg,train
IMG_20240220_135428_jpg.rf.a698175e43cd20c88509f6dd14605cf5.jpg,train
IMG_20240220_135431_jpg.rf.e833a8fe43672b950a30340094e783ca.jpg,train
IMG_20240220_135437_jpg.rf.b770239251e3676f6cd82020ba09db34.jpg,train
IMG_20240220_135448_jpg.rf.a6343f606cc2d418e72a3edfccb77389.jpg,train
IMG_20240220_135451_jpg.rf.0fd58def5a26ad981429ce25c4ed3735.jpg,train
IMG_20240220_135458_jpg.rf.2270af15980d5705b4809fda42249ea0.jpg,train
IMG_20240220_135503_jpg.rf.55ad51e3e48132ce304b829002f0c5e9.jpg,train
IMG_20240220_135507_jpg.rf.bac2f6c2ab1eefeabc3b206a134c1d0d.jpg,train
IMG_20240220_135512_jpg.rf.0de58d8a1df8965387895378babfa1f5.jpg,train
IMG_20240220_135522_jpg.rf.af747d79f3f92036fd8c17215c9bc636.jpg,train
IMG_20240220_135537_jpg.rf.a18ec89a778e2440ce1be0a37ce905c0.jpg,train
IMG_20240220_135540_jpg.rf.538a83f7050cb238dc421d1b12d718a8.jpg,train
IMG_20240220_135545_jpg.rf.4a5bf7c3fb99a46f2aa1eb0510247803.jpg,train
IMG_20240220_135557_jpg.rf.03bf23fa4898f3116352a9b7c72f1c4a.jpg,train
IMG_20240220_135608_jpg.rf.ccbfbee29990e9d9350dbc241172fbf7.jpg,train
IMG_20240220_135627_jpg.rf.fb8b05f14d4dd385e3ea427623c5c76a.jpg,valid
IMG_20240220_135718_jpg.rf.279441a5e199367bd3f62b801181eb50.jpg,train
IMG_20240220_135723_jpg.rf.e48e6983e6e04b245acff881e6c32ba9.jpg,train
IMG_20240220_135735_jpg.rf.835dee3ef59300fea789753c29aa8d0c.jpg,train
IMG_20240220_135738_jpg.rf.5cf86733d9c013a628bef17fcef73544.jpg,train
IMG_20240220_135752_jpg.rf.514bb57c9567272b254c2d8dc513a7fe.jpg,train
IMG_20240220_135755_jpg.rf.3853c71b6a1c67a77b6d5aa3c52b8b10.jpg,train
IMG_20240220_135806_jpg.rf.e66aff10beb3e827310e93814e68273f.jpg,train
IMG_20240220_135817_jpg.rf.6a0d2cf630ad5ea4111caf85bae30a26.jpg,train
IMG_20240220_135821_jpg.rf.6eec16f424fb428cbb837d6cf8a85e3d.jpg,train
IMG_20240220_135827_jpg.rf.5291b1213dba9354abd56fe38cf64e8b.jpg,train
IMG_20240220_135834_jpg.rf.057d25ea69794118249eb5863a7af598.jpg,train
IMG_20240220_135838_jpg.rf.35931e86cca3d24d6b43ad1d6a02f89e.jpg,train
IMG_20240228_122819_jpg.rf.549f931f79ce6af1acb40d1d98720cd7.jpg,test
IMG_20240228_122853_jpg.rf.4433a5e1b941b7dec4f8050508a7f0bb.jpg,test
IMG_20240228_122859_jpg.rf.b6b3971eea8afa964227c1602c60497d.jpg,valid
IMG_20240228_122950_jpg.rf.0b3fdfc1c70422d161d17d3c659c004c.jpg,test
IMG_20240228_122954_jpg.rf.6970bfd782c57efc6178f98d6fefddab.jpg,test
IMG_20240228_123002_jpg.rf.8c64ce54aac275699f4b0a96044e661d.jpg,valid
IMG_20240228_123007_jpg.rf.bdeda2aa37f87c751d99b8a77ce2502b.jpg,test
IMG_20240228_123015_jpg.rf.0f96382b2d6647ba2859e832ba8d47ff.jpg,test
IMG_20240228_123023_jpg.rf.2574143a49fea18a4798e4195ef69a9b.jpg,test
IMG_20240228_123051_jpg.rf.583a422db33c302ec54b81a4430a4742.jpg,valid
IMG_20240228_123102_jpg.rf.1a639b3175c2a86c73171ea5f9a92bea.jpg,test
IMG_20240228_123116_jpg.rf.800a3fffb3982a858731129662f1dca0.jpg,test
IMG_20240228_123132_jpg.rf.67c8a37fe274ba444ed9f5fcc5ff98e3.jpg,valid
IMG_20240228_123209_jpg.rf.05f7f9e0a34b6a71701700b8642f0601.jpg,valid
IMG_20240228_123219_jpg.rf.6c38e494b9c04430125261bf223f2611.jpg,test
IMG_20240228_123225_jpg.rf.fad0d97fbdae7dde0429087ba113331b.jpg,test
IMG_20240228_123232_jpg.rf.2e29b097d09ab8f4e7804f324b877699.jpg,test
IMG_20240228_123240_jpg.rf.3bba4cea7e905b898dcae1e4b4545a49.jpg,valid
IMG_20240228_123301_jpg.rf.294c4e1c16a86edc13b3d157f6714182.jpg,train
IMG_20240228_123305_jpg.rf.9e60c0669de4b61bb687056432af12e1.jpg,train
IMG_20240228_123315_jpg.rf.c1408e03032c36c690109773690270d1.jpg,train
IMG_20240228_123320_jpg.rf.78afb0fbf9f212520e330669b3a692bb.jpg,train
IMG_20240228_123331_jpg.rf.ad5985b11eed321b95ae4b435175d50e.jpg,train
IMG_20240228_123336_jpg.rf.497f45bc6f150f5f833babf0d569e822.jpg,train
IMG_20240228_123348_jpg.rf.30e9cb1d9eb39d658a6ac48d6ba62b4e.jpg,train
IMG_20240228_123449_jpg.rf.831c1ff9382d020241412efa75610c86.jpg,test
IMG_20240228_123455_jpg.rf.428ed950ee2afe7df20606dd6797371b.jpg,test
IMG_20240228_123505_jpg.rf.11844ea7229dd29b89216fcac87ae9cd.jpg,test
IMG_20240228_123516_jpg.rf.8df7a933413b7145ce74018e10d03ef0.jpg,valid
IMG_20240228_123521_jpg.rf.cba100e81dbbc513b77595798019c788.jpg,test
IMG_20240228_123529_jpg.rf.bb44baf8ace0c05b38db003d37ab40cb.jpg,train
IMG_20240228_123533_jpg.rf.11301c9a7d1da0f972a4d4e8d3be0e69.jpg,valid
IMG_20240228_123603_jpg.rf.24a8b54330a6295e5db5a95d2123d5a4.jpg,train
IMG_20240228_123622_jpg.rf.a550c87370dd3d418aca42533dde7f52.jpg,train
IMG_20240228_123627_jpg.rf.084ee3d586bff134616055762d8bf819.jpg,train
IMG_20240228_123641_jpg.rf.0195ef3c9adde5039ed29e25318bbf8c.jpg,train
IMG_20240228_123649_jpg.rf.ed78f522c15579155572ecc0617f1491.jpg,valid
IMG_20240228_123700_jpg.rf.d0bbacacf8b6dc3ff0548638aeaad7bc.jpg,train
IMG_20240228_123716_jpg.rf.3127d0656469d06a21db3446f4356f43.jpg,train
IMG_20240228_123720_jpg.rf.d85e6cf406466e1f56e655fad9958daf.jpg,test
IMG_20240228_123733_jpg.rf.7a261d7a513e7c3d90f9d4c94b64bbd7.jpg,test
IMG_20240228_123744_jpg.rf.9d0a4e07b633284b916db07717a595be.jpg,train
IMG_20240228_123818_jpg.rf.138f0616aed643a3d70ba4e40faed945.jpg,train
IMG_20240228_123822_jpg.rf.9258245c51e15052249d01d4ee6424de.jpg,test
IMG_20240228_123831_jpg.rf.e084ebf7d935c9f5c3589acc4bcbd4c0.jpg,train
IMG_20240228_123838_jpg.rf.75fad7f400c1808734ad5ee9427f0eae.jpg,train
IMG_20240228_123845_jpg.rf.b74fac4c6d9bf5f8856fbdb4be9aba31.jpg,train
IMG_20240228_123901_jpg.rf.924ff705a9fa9af37baa1e378c2c4665.jpg,train
IMG_20240228_123921_jpg.rf.eea75aa6a04278ee00bd9cb3652ea526.jpg,train
IMG_20240228_123928_jpg.rf.3473546ad7de56319a4e9f9380118997.jpg,test
IMG_20240228_124134_jpg.rf.101505f93d6b4ce0d41a43da3b8783e5.jpg,train
IMG_20240228_124227_jpg.rf.93ad797233a5dd2e6c2342da9ac006bf.jpg,valid
IMG_20240228_124237_jpg.rf.4622588fdb7c2675c9ba6c8d48377efe.jpg,train
IMG_20240228_124254_jpg.rf.892143df70ae4122de5c6750d307166d.jpg,train
IMG_20240228_124302_jpg.rf.524ca492e923b1a46633bbac4ce2d080.jpg,train
IMG_20240228_124311_jpg.rf.476c01dfac4ca8a7b072ce89c623e3a9.jpg,valid
IMG_20240228_124323_jpg.rf.8c23ff65ee3f808c6a1b867915952bdc.jpg,valid
IMG_20240228_124341_jpg.rf.18cb137c044c0941d564d91f44e3dfd9.jpg,train
IMG_20240228_124357_jpg.rf.d9d164848977891e5765abf97724b5ee.jpg,train
IMG_20240228_124406_jpg.rf.d7afad3852ea1f656c4feea0090cd07e.jpg,train
IMG_20240228_124415_jpg.rf.c15944174acb6acd0ef6b7b718910299.jpg,train
IMG_20240228_124433_jpg.rf.213f7a233e90c4d84fe1a11f41fecbd7.jpg,train
IMG_20240228_124449_jpg.rf.b10e064adfae5b5bf5559e4142f78587.jpg,train
IMG_20240228_124455_jpg.rf.dca8a65c8502f61cea2eabfcbcbd6a69.jpg,valid
IMG_20240228_124512_jpg.rf.20cd09776db3dab3d2dbd160d2ae8ecc.jpg,train
IMG_20240228_124520_jpg.rf.0047259f1862b6bb680b63635860e087.jpg,train
IMG_20240228_124540_jpg.rf.bb91bbca37d739b130e3ac51d0638d6f.jpg,train
IMG_20240228_124553_jpg.rf.e783b074e4134745cc6dc732bdabc3e5.jpg,train
IMG_20240228_124619_jpg.rf.177a08492fedd5c4971a6acc1fa8ae84.jpg,train
IMG_20240228_124709_jpg.rf.9204befdfac9b4254596451246dcc12c.jpg,train
IMG_20240228_124721_jpg.rf.e6866b635f043c95380d45c783aa281c.jpg,test
IMG_20240228_124750_jpg.rf.1114489839b051f73e5c04d344f209a1.jpg,train
IMG_20240228_124754_jpg.rf.8003e6ed9999195489456e8c53c50beb.jpg,train
IMG_20240228_124806_jpg.rf.5493fd477aaf282533834def3c676224.jpg,train
IMG_20240228_124809_jpg.rf.7b85e6c9f8c43bb2e94d7cb880169ea5.jpg,valid
IMG_20240228_124846_jpg.rf.de124059b1bea80878dae0306ac14cb1.jpg,test
IMG_20240228_124856_jpg.rf.264f5d511c2c10bb803ceab4d2515808.jpg,train
IMG_20240228_124904_jpg.rf.0fc80e3a0a2fe21375b8101b5ceb8f59.jpg,train
IMG_20240228_124911_jpg.rf.3d3ec9fe79db4c5cb3edd3edb4759365.jpg,train
IMG_20240228_124921_jpg.rf.40b1e368165e39651636e69c99697203.jpg,train
IMG_20240228_124930_jpg.rf.2c7a5878e6c4e101c8f982a2f69ff78d.jpg,train
IMG_20240228_124938_jpg.rf.fb560cbf1c863d73fee38a97d5b48abd.jpg,train
IMG_20240228_124946_jpg.rf.ebe58515c56f7b2fc06ac5de47450233.jpg,train
IMG_20240228_125010_jpg.rf.654200523952368c8d1e9ebeac90dae2.jpg,train
IMG_20240228_125031_jpg.rf.25f4e0a686f318206c83a45696ac6cc8.jpg,valid
IMG_20240228_125619_jpg.rf.501bac7e2cc3aec1717f70d31d984413.jpg,train
IMG_20240228_125628_jpg.rf.beda2a326b83a1892b622f0f32a3176c.jpg,train
IMG_20240228_125632_jpg.rf.ab581eef9efb57deae131c5897dfd4fd.jpg,train
IMG_20240228_125641_jpg.rf.164e9c4b4789b09a2514f89f7703e741.jpg,train
IMG_20240228_125646_jpg.rf.d1439dbf42b633c3e6632829028cee68.jpg,train
IMG_20240228_125656_jpg.rf.01831e148971148e2a426f5cd9e81cb3.jpg,train
IMG_20240228_125719_jpg.rf.e96381a18be180347b0c4e11cb4740b1.jpg,train
IMG_20240228_125748_jpg.rf.57e5188030153dbd34b737b310b32333.jpg,train
IMG_20240228_125752_jpg.rf.e8fc9a97012e7df0c62de9034702ed22.jpg,train
IMG_20240228_125837_jpg.rf.1ad378ad175f47a884762cbb40f603dc.jpg,train
IMG_20240228_125848_jpg.rf.bac1bcb8099abadd2d1b7175ab79ccc2.jpg,train
IMG_20240228_125854_jpg.rf.5d77ee1c2b58d4a3dd4485f4b83161a3.jpg,train
IMG_20240228_125903_jpg.rf.f20bf8d00dd1dab39716aeac857d6501.jpg,valid
IMG_20240228_125906_jpg.rf.b31f2dfc7cbc116b2e3a6b76d6abb48a.jpg,train
IMG_20240228_130024_jpg.rf.14bd9f7dd403aa55470c6246c016b52f.jpg,train
IMG_20240228_130042_jpg.rf.36c62e44ff4b823854796b59ccff2282.jpg,train
IMG_20240228_130051_jpg.rf.2aa9b94d4606af7b9b3f07aaa5ed8172.jpg,valid
IMG_20240228_130230_jpg.rf.198f84f6544e21effb18e92769e3f80f.jpg,train
IMG_20240228_130257_jpg.rf.8de4afdec0ecafa7db8a0cfb412ed799.jpg,train
IMG_20240228_130306_jpg.rf.41afd54f4913a6d57870df2e49c31e27.jpg,train
IMG_20240228_130319_jpg.rf.8f41d33060f9a69305421ff5bf4ee03c.jpg,train
IMG_20240228_130348_jpg.rf.4f1b38ea47fa9915fc8e5220c94eb643.jpg,train
IMG_20240228_130431_jpg.rf.5e98a37ee6b5a6af95b74f135b3c75fe.jpg,train
IMG_20240228_130435_jpg.rf.24c26cb61fbb36ff60f0e12f75d94eaa.jpg,train
IMG_20240228_130509_jpg.rf.838256af98ad02f8d74b7cd1b54095a5.jpg,valid
IMG_20240228_130516_jpg.rf.29e119ede9483c0bad6bf48224ed6a34.jpg,train
IMG_20240228_130525_jpg.rf.1849b11b05b2be2b27a25597a5044da3.jpg,valid
IMG_20240228_130615_jpg.rf.039c5235ed9b64e165357e8634572028.jpg,valid
IMG_20240228_130630_jpg.rf.74e5112e014f578df202fe533a0ac6d6.jpg,valid
IMG_20240228_130656_jpg.rf.6681ffdf168efd295b06b9e4a6daf016.jpg,valid
IMG_20240228_130705_jpg.rf.436d15ba4701a0dae5f1420669ffb2d5.jpg,valid
IMG_20240228_130813_jpg.rf.0805070138e19b9a538e489458e124b3.jpg,valid
IMG_20240228_130906_jpg.rf.b4ddf4f52638aeb850cdb24d7a304c1b.jpg,valid
IMG_20240228_131005_jpg.rf.99a83933e4f08d01016cc726fdb58d29.jpg,valid
IMG_20240228_131008_jpg.rf.c1a94e88b7977a9ca97464b7ea2b8539.jpg,valid
IMG_20240228_131014_jpg.rf.18292b27db9686881e363225389a4006.jpg,valid
IMG_20240228_131018_jpg.rf.78b0c68fea66387fa11a1d745482b761.jpg,train
IMG_20240228_131314_jpg.rf.0d7a6da82da0744c55a7eff7a4175e6e.jpg,valid
IMG_20240228_131348_jpg.rf.0043c6cd9e6912505b81bd675dad027d.jpg,valid
IMG_20240228_131358_jpg.rf.52dc01fb5bb4f95dc565844d4a6f4216.jpg,valid
IMG_20240228_131410_jpg.rf.7de2c93a9da2744775a66a94de0638fc.jpg,valid
IMG_20240228_131416_jpg.rf.339af5367a685a45943df1f9cb06a38f.jpg,train
IMG_20240228_131519_jpg.rf.00000ea3ec97653ec1d794056e04e146.jpg,valid
IMG_20240228_131524_jpg.rf.f15520208b5f198755d1beaf6d61a7ad.jpg,valid
IMG_20240228_131530_jpg.rf.283bac5d83241698a73fc28dfae05240.jpg,train
IMG_20240228_131536_jpg.rf.283d81028c4eac54941b160b66047b99.jpg,valid
IMG_20240228_131542_jpg.rf.edfb54f294540b594958b0aae1ba41c2.jpg,valid
IMG_20240228_131557_jpg.rf.f5a2d591c06fdd852d939ee60ac586b7.jpg,valid
IMG_20240228_131608_jpg.rf.66ba77f22590ed3839435640e862fa7d.jpg,valid
IMG_20240228_131617_jpg.rf.a66b97c4f44f3a36de14f11094c1615c.jpg,valid
IMG_20240228_131627_jpg.rf.8245d39b80cab16c62c1533eaa5bd0fb.jpg,valid
IMG_20240228_131640_jpg.rf.15feaf91b203ef5ddc0d30ff90f23f29.jpg,valid
IMG_20240228_131653_jpg.rf.17bfbd631a164a4075759701571d2d33.jpg,valid
IMG_20240228_131657_jpg.rf.f7a9312dadcb84ad3bf944f25d41b1cd.jpg,valid
IMG_20240228_131705_jpg.rf.f27ef4d1d8cc2a0fc1824c32bcbc71e4.jpg,valid
IMG_20240228_131821_jpg.rf.2ad21434367fe41abb4c1e4a3297917d.jpg,train
IMG_20240228_131829_jpg.rf.f5a2d861fd8e5b0503e4358ca3b6f439.jpg,valid
IMG_20240228_131832_jpg.rf.e8887ab799331c7946c59bbf88288111.jpg,valid
IMG_20240228_131851_jpg.rf.763cddeeaba8b26b725eee031d1cacc8.jpg,valid
IMG_20240228_131854_jpg.rf.a2174040b0529e18730d4288cf5258bf.jpg,valid
IMG_20240228_131857_jpg.rf.14f8f3ba1eed16636e059b2a5405007e.jpg,valid
IMG_20240228_131859_jpg.rf.807b38c41cf551196509ef40e5ad1f7c.jpg,train
IMG_20240228_131903_jpg.rf.62fc5df6d4cdf13d2f783d5fe69bb4fa.jpg,valid
IMG_20240228_131907_jpg.rf.3c6129ed9523f22bb362cec95b727259.jpg,valid
IMG_20240228_131913_jpg.rf.701c2f9edabecb7b29bcfac1acd8a70f.jpg,valid
IMG_20240228_131917_jpg.rf.ee649f41e9877d5b6bbb15aef582e2d2.jpg,valid
IMG_20240228_132000_jpg.rf.0b898d207bb0d6f20ae626a883580f57.jpg,valid
IMG_20240228_132130_jpg.rf.3910b687ea94bdfefe867cf4b15ab65f.jpg,valid
IMG_20240228_132253_jpg.rf.c82ed59c113dc721d5c5eb7771f94192.jpg,valid
IMG_20240228_132304_jpg.rf.e479ed3d7ff8626a89f51b28a90ccb89.jpg,train
IMG_20240228_132316_jpg.rf.ab60381a10cd4e9aacb4dfd1c6015e0b.jpg,valid
IMG_20240228_132320_jpg.rf.96d52ccb384c36a2fcc8ba122f4d58dd.jpg,valid
IMG_20240228_132324_jpg.rf.b11e16a4858f908ac50584b0fa838eb6.jpg,valid
IMG_20240228_132327_jpg.rf.c85c5ab9e80b656f999646dbce25c5e5.jpg,valid
IMG_20240228_132332_jpg.rf.0525b4f9dbf2debd50f95a32748eafba.jpg,valid
IMG_20240228_132345_jpg.rf.a75a81ef3ac8afc91ce28cd91936d95a.jpg,train
IMG_20240228_132351_jpg.rf.96000a5c9a3ad02afda41f124fa76c50.jpg,train
IMG_20240228_132355_jpg.rf.663a553ff95224b07f1fe12d9d7c482c.jpg,train
IMG_20240228_132418_jpg.rf.f2d402daeb2c6f0bf570653f33d43ee4.jpg,valid
IMG_20240228_132419_jpg.rf.fd6ec50d119406580bf86db21fdb081c.jpg,valid
IMG_20240228_132424_jpg.rf.febf614a0242a113282d584b92e18c17.jpg,valid
IMG_20240228_132436_jpg.rf.382ab9dc295f8b2024f84745fe25db84.jpg,train
IMG_20240228_132444_jpg.rf.f4a025b55f3409e1b07471b61a891f59.jpg,train
IMG_20240228_132451_jpg.rf.9cd9b224f4d8bac48ca02a90363ec69d.jpg,valid
IMG_20240228_132455_jpg.rf.ad9ebbaf8ea4fe16dedb1ccaf78fed08.jpg,valid
IMG_20240228_132500_jpg.rf.0ee421e860113441cb34077c436ae2f6.jpg,valid
IMG_20240228_132504_jpg.rf.ddb6ac03e1f8053d43a8936e51bf69b4.jpg,valid
IMG_20240228_132510_jpg.rf.c2b4c27c6c76d9d28659d00b5ee19498.jpg,valid
IMG_20240228_132515_jpg.rf.fbbe845ee212317c2a593313929d81a9.jpg,valid
IMG_20240228_132527_jpg.rf.480afe8eb1bfb95f1a242cbe4f123b9e.jpg,valid
IMG_20240228_132530_jpg.rf.3efb33b72b085fac350ad45b2a1fdf5f.jpg,valid
IMG_20240228_132535_jpg.rf.61615cf826c67e91d19afb4061db0604.jpg,valid
IMG_20240228_132539_jpg.rf.fb467324734d25fa4d3945f1825f1d95.jpg,valid
IMG_20240228_132543_jpg.rf.11f740ac6aea2ee0de7ce51e63264e3d.jpg,valid
IMG_20240228_132547_jpg.rf.dbc56e38921ed01189ba780721e3c197.jpg,valid
IMG_20240228_132601_jpg.rf.4d67e74cd99502e4fe8ba0e74ccaf252.jpg,valid
IMG_20240228_132605_jpg.rf.fe924ac555e5825a5fcc4d60b9d090ca.jpg,valid
IMG_20240228_132610_jpg.rf.adca94bedb75a482f55a08ebe1886e7c.jpg,valid
IMG_20240228_132623_jpg.rf.fa030480b3bed6c507707e9137a530fe.jpg,valid
IMG_20240228_132629_jpg.rf.685c271b043bf5994141dba83b738784.jpg,valid
IMG_20240228_132917_jpg.rf.0db8e00b4089d73fe0d559075e6e7812.jpg,valid
IMG_20240228_132923_jpg.rf.fb091c8f30a636692db5d05997927370.jpg,valid
IMG_20240228_132927_jpg.rf.2c393e0b9aeb688184c3c0c2f4acdfff.jpg,valid
IMG_20240228_132934_jpg.rf.7e1cb9b7e9b4c0a4e6716f00d7a720e9.jpg,valid
IMG_20240228_132943_jpg.rf.c40b7fc4dc6a2eed388fe4df5f66b1c6.jpg,valid
IMG_20240228_132953_jpg.rf.6fda72ad39125389e07dcd2bc49c2558.jpg,valid
IMG_20240228_133000_jpg.rf.88825447173e988ddfd1e17eb8f8937a.jpg,train
IMG_20240228_133006_jpg.rf.ad0e96d722dcb556960c932067fd11f8.jpg,valid
IMG_20240228_133010_jpg.rf.c82f623d3e4e0d14b4ea4018be33b89b.jpg,train
IMG_20240228_133018_jpg.rf.71e305bb689aeb279e96095b2ecec92a.jpg,valid
IMG_20240228_133024_jpg.rf.f47a387d814bfc9870e59f5bc54d9784.jpg,valid
IMG_20240228_133039_jpg.rf.4b2dee74c3b35484a5cdcb970d584977.jpg,valid
IMG_20240228_133047_jpg.rf.da31a7045793a61be4d2909219272f0a.jpg,valid
IMG_20240228_133109_jpg.rf.b651f8f117bb469b6d0c5c3a7e2c12a1.jpg,valid
IMG_20240228_133113_jpg.rf.f2daf99e1a6a22e4a670d3b00d4d5b3f.jpg,valid
IMG_20240228_133117_jpg.rf.2836d67337c3a4f1b2bb849b07a5362f.jpg,valid
IMG_20240228_133123_jpg.rf.aca9a515ba7d73a2b0b114606a551959.jpg,valid
IMG_20240228_133128_jpg.rf.6c41c92bee8721697bbd1dc72bb9e0ea.jpg,valid
IMG_20240228_133145_jpg.rf.32e0fde81759f7a8537242db2855eacb.jpg,valid
IMG_20240228_133157_jpg.rf.d70e335ab2ad2faff338c04140bf0ad0.jpg,valid
IMG_20240228_133205_jpg.rf.62b5479ed7a43878118daceafe09f4f2.jpg,train
IMG_20240228_133209_jpg.rf.04f72c52d31f41484ae10e2fc178c8fb.jpg,valid
IMG_20240228_133446_jpg.rf.1d9814507eba26dcd263074cda05c168.jpg,valid
IMG_20240228_133453_jpg.rf.66c0adf144ec984512e2f9d1458f71b4.jpg,train
IMG_20240228_133502_jpg.rf.119362c896003a0e370f527c754a33c1.jpg,valid
IMG_20240228_133510_jpg.rf.72bcdf8f9a51c25cd2d05052a5fb177b.jpg,valid
IMG_20240228_133527_jpg.rf.938167b9ff1e9edf77e0f6a78edbbb27.jpg,valid
IMG_20240228_133530_jpg.rf.f0915d4af6fef028d2a01ff3dd40beb3.jpg,valid
IMG_20240228_133534_jpg.rf.e17781c11510f84d586f58e131d753ba.jpg,valid
IMG_20240228_133539_jpg.rf.6f13761cada5908a3fb6d9d5358da544.jpg,valid
IMG_20240228_133557_jpg.rf.c9ddd75dde07bfd010c8b456f0fe1748.jpg,train
IMG_20240228_133600_jpg.rf.f24a2d902123e4d7ac4d66bdecb12578.jpg,train
IMG_20240228_133603_jpg.rf.d2c2541a9c2f9bc94dc458e38aa89f18.jpg,train
IMG_20240228_133607_jpg.rf.af931ea206fe6c6070d8baac6564a2e5.jpg,train
IMG_20240228_133631_jpg.rf.dff49ff3c3e1bfe251437fb81d243199.jpg,valid
IMG_20240228_133640_jpg.rf.44967bebe4945bee3635e7e293683d79.jpg,valid
IMG_20240228_135521_jpg.rf.97cb9598695a0d325374d3f30528e383.jpg,valid
IMG_20240228_135615_jpg.rf.e5547d0cf0ee4079036d59b93aa2a9f2.jpg,train
IMG_20240228_135620_jpg.rf.b78de2a1f63d7e6aeb4afc58d5ce974e.jpg,train
IMG_20240228_135625_jpg.rf.46acce19395c8a3358d3576fd195b228.jpg,train
IMG_20240228_135634_jpg.rf.805f8711e9e906d6d8bfb14f525429f9.jpg,valid
IMG_20240228_135641_jpg.rf.36d6bacfce19317c2ca625be500a19c1.jpg,valid
IMG_20240228_135656_jpg.rf.874dcdc3dfc36298848f6aa43403466e.jpg,valid
IMG_20240228_135706_jpg.rf.64ac5ffdc085fc062cbc838c31037f1d.jpg,valid
IMG_20240228_135713_jpg.rf.6f609b9643b085ea1d5ac854a9916a01.jpg,valid
IMG_20240228_135720_jpg.rf.fa64c14b943a5c2a756e40e8bf13f352.jpg,valid
IMG_20240228_135734_jpg.rf.c666606021b17066e3216902e35fa87a.jpg,valid
IMG_20240228_135854_jpg.rf.2b2cfb2a912a291ab7d14a15dd8f8c38.jpg,valid
IMG_20240228_135857_jpg.rf.4043d09bde8d4e0e5df20d074c9984a6.jpg,train
IMG_20240228_135906_jpg.rf.50a8479142806c1f4cdaa9c582808425.jpg,valid
IMG_20240228_135909_jpg.rf.a4886652c8d188cb3cfbcba24a8b4591.jpg,valid
IMG_20240228_135919_jpg.rf.d16020016a283bb44c898843198f333e.jpg,valid
IMG_20240228_135924_jpg.rf.e42c0a577df1056d3c0f6419b02abd89.jpg,valid
IMG_20240228_140048_jpg.rf.0d206af7d32df5968a469abc09e3d8d4.jpg,valid
IMG_20240228_140058_jpg.rf.ab84f4d37d2fd6ea11b8756e370cceb6.jpg,valid
IMG_20240228_140101_jpg.rf.f75c0da038c48ee87f3e56d5dc9109e7.jpg,valid
IMG_20240228_140104_jpg.rf.8002e0ca66c1f016ad8641858bb4addd.jpg,valid
IMG_20240228_140115_jpg.rf.1a7b97d1650316881c0c8fd68ad2eb0c.jpg,valid
IMG_20240228_140129_jpg.rf.031739acef8e9b8a657526db7a7d00f5.jpg,valid
IMG_20240228_140134_jpg.rf.c0f358f570a197227c503d5c19699e2a.jpg,valid
IMG_20240228_140137_jpg.rf.e57ce98894098f50b9cd11cd9780bf3f.jpg,valid
IMG_20240228_140145_jpg.rf.6f717cd9a70763e9c3871ca9dc3c3923.jpg,valid
IMG_20240228_140150_jpg.rf.a8de088229ff9546caa1aa29820857a1.jpg,valid
IMG_20240228_140218_jpg.rf.e2e7598861e6bf48e5be40ba2a10334a.jpg,valid
IMG_20240228_140224_jpg.rf.5ded2461e0593366e6565108d28988b6.jpg,valid
IMG_20240228_140229_jpg.rf.9906c8d7f78ec6874034a21dc018e0d8.jpg,valid
IMG_20240228_140238_jpg.rf.cf1b2e1f4d62b0efb18335bd82194b6f.jpg,valid
IMG_20240228_140246_jpg.rf.45badb8ae60b7288801f74b43ef5359d.jpg,valid
IMG_20240228_140249_jpg.rf.eb8e69ad9e62da1d135418d6a0f50eea.jpg,valid
IMG_20240228_140312_jpg.rf.8294c48ccc3b905d8768bece9bbb2a21.jpg,valid
IMG_20240228_140315_jpg.rf.5d8118721ae70cac793b1fa5286c4aa6.jpg,valid
IMG_20240228_140319_jpg.rf.f64929f6a9a76a026852427ed1355db6.jpg,valid
IMG_20240228_140408_jpg.rf.c24413f4480681fc197802229ddef3f5.jpg,train
IMG_20240228_140418_jpg.rf.496a2a1c8f1b94a0079f2a6189bb7dfb.jpg,train
IMG_20240228_140434_jpg.rf.30170517bdf32833b9278fb62a0ad539.jpg,valid
IMG_20240228_140449_jpg.rf.6a75d5b7ba2973933fdaf5ed485636a7.jpg,valid
IMG_20240228_140455_jpg.rf.d5c755c9ca632aeb790abd2671edc0ba.jpg,valid
IMG_20240228_140503_jpg.rf.14b0faf7d695e427de48949e52596912.jpg,valid
IMG_20240228_140533_jpg.rf.09f901706e6f30e94917d2025944d766.jpg,valid
IMG_20240228_140537_jpg.rf.1a8683deb2d3550d652286f55e2a045f.jpg,valid
IMG_20240228_140542_jpg.rf.e49e04553dde480babfd3cb5fbf99997.jpg,valid
IMG_20240228_140544_jpg.rf.b92bd6bf94e2f08778918791e6b8700d.jpg,valid
IMG_20240228_140547_jpg.rf.e5ef28f98af2678a9817b8e3689be529.jpg,valid
IMG_20240228_140555_jpg.rf.ae24b330c7a2dab979a5cb4192732cd3.jpg,train
IMG_20240228_140558_jpg.rf.14debac01167c726314a6f9f3d21c04b.jpg,valid
IMG_20240228_140602_jpg.rf.966064862136e167b04b2f059062a778.jpg,valid
IMG_20240228_140644_jpg.rf.b18e9855b0c5ae188cfd3f22b93e07ff.jpg,valid
IMG_20240228_140650_jpg.rf.e96a97290c000aa324bbc250841aa2a0.jpg,valid
IMG_20240228_140654_jpg.rf.cabcdd9bc01f8ee9ca42a0981bf19f2c.jpg,valid
IMG_20240228_140706_jpg.rf.214f5e6277b67f04ad674906895b07b6.jpg,valid
IMG_20240228_140713_jpg.rf.35d12f345cbc750c7af9e571db113f32.jpg,valid
IMG_20240228_140717_jpg.rf.497195b0e98afb19faf751c403762b09.jpg,valid
IMG_20240228_140725_jpg.rf.bc8752ea29f7d79f9411b265056a91d1.jpg,valid
IMG_20240228_140741_jpg.rf.cb979d2ee21ae816d554629d36e6f93e.jpg,valid
IMG_20240228_140750_jpg.rf.28a5059a4c721aa6eb56f8b716193a9a.jpg,valid
IMG_20240228_140756_jpg.rf.3365028563e9ab8384d68917905c2177.jpg,valid
IMG_20240228_140759_jpg.rf.1d9751401335acabcb9e118cea14839f.jpg,valid
IMG_20240228_140815_jpg.rf.0fc58ed0e20fcf6467978f064c476d4c.jpg,valid
IMG_20240228_140818_jpg.rf.54f17f776fa4408f7233e06394f7bdfd.jpg,valid
IMG_20240228_140829_jpg.rf.0d3606fcbd9cdbfb14b850df6bfad447.jpg,valid
IMG_20240228_140936_jpg.rf.e305e14ab8ba1e691a12236f0e9484d6.jpg,valid
IMG_20240228_140944_jpg.rf.4a5c6ae86cafb1c6593cce8c64dd3d4d.jpg,valid
IMG_20240228_141019_jpg.rf.3175caea3293156e7d599354c133ad36.jpg,valid
IMG_20240228_141024_jpg.rf.a1953819dcceab07776b4e222639bb19.jpg,valid
IMG_20240228_141045_jpg.rf.497deaf7236d152baff62d083b5b9067.jpg,valid
IMG_20240228_141047_jpg.rf.a3d6ba96d788d87d00c39db91c74dc22.jpg,valid
IMG_20240228_141050_jpg.rf.7625cad76354ddfe38d1d4660418bdba.jpg,train
IMG_20240228_141123_jpg.rf.1e388cc505716673e3c0b1c5ebdb379c.jpg,valid
IMG_20240228_141129_jpg.rf.a5d8f9c597d26fb8fe34e644dca4d1e5.jpg,valid
IMG_20240228_141139_jpg.rf.6ba89cd37b08594cce3c91f5f58aafe1.jpg,train
IMG_20240228_141143_jpg.rf.24051972c5612bc140f79ab068eb4955.jpg,valid
IMG_20240228_141157_jpg.rf.01c9834cda16d31f1dc6fc82e99da96f.jpg,valid
IMG_20240228_141214_jpg.rf.5c2205dd2eae947913ca0bbc92040a76.jpg,valid
IMG_20240228_141330_jpg.rf.ecd825656b3e718e9b7a75817403f6c8.jpg,valid
IMG_20240228_141334_jpg.rf.d1cb4589f834c734cf258e447c424825.jpg,valid
IMG_20240228_141414_jpg.rf.11f74cde8d660e422948f7a65e3aeb39.jpg,valid
IMG_20240228_141423_jpg.rf.4d0132b14893fff96b1dbc013c0e4f5a.jpg,valid
IMG_20240228_141431_jpg.rf.bc414e36881894ae5ecb7121f8e2c5f9.jpg,valid
IMG_20240228_141438_jpg.rf.fbed08dffcb5fbf3d8b3699f86cba7db.jpg,valid
IMG_20240228_141443_jpg.rf.aaa4ad9dbb3d125c2a3945879141d46d.jpg,train
IMG_20240228_141448_jpg.rf.3683488fa8d6e97318a025fbc10c4ac7.jpg,valid
IMG_20240228_141454_jpg.rf.4a700a6aa815a48b3163d6ff51411df3.jpg,valid
IMG_20240228_141501_jpg.rf.6abd888beb8c0b7a59d076e77d956cd4.jpg,valid
IMG_20240228_141511_jpg.rf.6801701d6d58e344da894511248206f3.jpg,valid
IMG_20240228_141518_jpg.rf.c625414cd46cfae51d07963a0479dd4d.jpg,valid
IMG_20240228_141528_jpg.rf.8669e7c0d8addb23d226ac0020f569e2.jpg,valid
IMG_20240303_105731_jpg.rf.4ce1a920962873ebf2fc74c6bd59c37a.jpg,train
IMG_20240303_105739_jpg.rf.6d0ad9b04abda5b55b3497b0b4753376.jpg,valid
IMG_20240303_105748_jpg.rf.34bac5379eb0d99c0ed6bd3534a2ef3b.jpg,valid
IMG_20240303_105752_jpg.rf.e048be36aa93df09f2778c733996c90c.jpg,train
IMG_20240303_105758_jpg.rf.a0f59ffbff834aa0564bc71c3daf0369.jpg,train
IMG_20240303_105811_jpg.rf.9637de39d89a63fe2fa92c1b4d2e70c0.jpg,train
IMG_20240303_105815_jpg.rf.c5f69dfbaa9148973bd770c932517496.jpg,train
IMG_20240303_105825_jpg.rf.43eaa8ca131496485eb97149330aba00.jpg,train
IMG_20240303_105829_jpg.rf.782a4a5451bdf3e22c31a2f32e07117a.jpg,train
IMG_20240303_105837_jpg.rf.dcfb10a1266f64c59476df6c0983f005.jpg,test
IMG_20240303_105843_jpg.rf.c6762d5ff01ebc2e4ba1263666727269.jpg,valid
IMG_20240303_105846_jpg.rf.661fb3206bf71c13d67c5a639c48cf56.jpg,valid
IMG_20240303_105854_jpg.rf.47262e4ae6eae1fbdfc00e889ccb453e.jpg,train
IMG_20240303_105902_jpg.rf.f8722e3308619614d660346908fa80f4.jpg,valid
IMG_20240303_105908_jpg.rf.12c4671f5a7f61e3a65c57a19a4d043b.jpg,train
IMG_20240303_105917_jpg.rf.c26f7dd899d391dd55308dbd8b545079.jpg,valid
IMG_20240303_105920_jpg.rf.b22b2c1acab74be76780c5a791ecc20d.jpg,train
IMG_20240303_105932_jpg.rf.77e21aa26fa6cd74964a6c916d760ab4.jpg,train
IMG_20240303_105938_jpg.rf.63f36563a8c9a7b6c364df55a07cdbd1.jpg,valid
IMG_20240303_105951_jpg.rf.856941b834e18babccb30ec9a5bc37f7.jpg,valid
IMG_20240303_105955_jpg.rf.969c55d423913e7a40f76015b2c9e585.jpg,train
IMG_20240303_105959_jpg.rf.2ce297bb76307510be1317f2eda32331.jpg,train
IMG_20240303_110004_jpg.rf.3858f3ec4a2f487845b1ccf815efdf71.jpg,valid
IMG_20240303_110008_jpg.rf.2fda652bdf0401c8cf2fde7aaebd1248.jpg,train
IMG_20240303_110013_jpg.rf.1dc5546b3e0e9e4ef09f08326fa29a18.jpg,train
IMG_20240303_110020_jpg.rf.9c5d6b0931d6b1a33079dd6202dea3d4.jpg,train
IMG_20240303_110025_jpg.rf.ed1a76bf1184ba201071e9922eccb8ea.jpg,train
IMG_20240303_110035_jpg.rf.34fb5ceea37212389c93997cb6207a6f.jpg,valid
IMG_20240303_110048_jpg.rf.6d192739579efd098d34cc765d7e500c.jpg,test
IMG_20240303_110054_jpg.rf.a7d70e28ebb65db089efb39ac1d3703a.jpg,train
IMG_20240303_110106_jpg.rf.cd1c5a50be47d0efcf4be20f355e96cb.jpg,train
IMG_20240303_110113_jpg.rf.fb62f492b083015fdbe1616b656736a3.jpg,test
IMG_20240303_110120_jpg.rf.d79523f83b7a74620430561984bc54b7.jpg,valid
IMG_20240303_110129_jpg.rf.0cd9249f5e22f76809f3bc4f169c97a1.jpg,train
IMG_20240303_110137_jpg.rf.cc693d5d0cb0a3b8e7d26b7b3bc4b20a.jpg,train
IMG_20240303_110144_jpg.rf.1fefb1827b079febb7cb5eb7c8209a43.jpg,train
IMG_20240303_110151_jpg.rf.0326a19cefd989cebd59ae636cdff67f.jpg,train
IMG_20240303_110205_jpg.rf.9dae7cc7f41c8feb26f2e902d6914be3.jpg,train
IMG_20240303_110229_jpg.rf.c1aa7b27be2640a984af20d9408c0674.jpg,valid
IMG_20240303_110239_jpg.rf.baabb1b50d9febaaa2eb53677d0cc1f4.jpg,train
IMG_20240303_110245_jpg.rf.cc86c5efd78aa3cc6042583dd36b8e9f.jpg,test
IMG_20240303_110249_jpg.rf.14328c9122919a3c65af09977febecba.jpg,train
IMG_20240303_110255_jpg.rf.8013af0d7efafa1be248f979e9573c9c.jpg,train
IMG_20240303_110259_jpg.rf.394046e8f10f94383c31530115e7d424.jpg,train
IMG_20240303_110324_jpg.rf.27680e34a668f1058716a0330e7c4311.jpg,test
IMG_20240303_110327_jpg.rf.9aacba9e261340e8a72859a91fab648f.jpg,test
IMG_20240303_110335_jpg.rf.94df392d2101bb65f830815ea09bbc6a.jpg,test
IMG_20240303_110341_jpg.rf.bb1e11254be26084e28c3c1640055ca0.jpg,train
IMG_20240303_110345_jpg.rf.c964e079f7523716d12e33132b884674.jpg,valid
IMG_20240303_110412_jpg.rf.f2eb874ee85d4b3d4853aff816e1e393.jpg,test
IMG_20240303_110417_jpg.rf.5bb96e2308c82ffcd12c96cb02718d29.jpg,test
IMG_20240303_110421_jpg.rf.f8735ecc4e3f86dba22a9cef69c32a3a.jpg,train
IMG_20240303_110428_jpg.rf.248a47c8f24636b82a5d38414edbdd97.jpg,train
IMG_20240303_110507_jpg.rf.ec3b0047435d59416236b478ae1431e0.jpg,train
IMG_20240303_110511_jpg.rf.849bb52e7964d702201841b66a8a2230.jpg,train
IMG_20240303_110518_jpg.rf.5917c2945b63bbdec7bbfb6f466874aa.jpg,train
IMG_20240303_110523_jpg.rf.f6f06c94c3a126ceef156f3784fe4a8e.jpg,valid
IMG_20240303_110604_jpg.rf.1033f92201cc3324da1c2f00b0e3974d.jpg,test
IMG_20240303_110630_jpg.rf.1176c195789691d982eb0bca61ddea99.jpg,test
IMG_20240303_110827_jpg.rf.a2706ce2299438808171be9e196aa87d.jpg,train
IMG_20240303_110831_jpg.rf.17e1947c03dd8384ce538018907900de.jpg,train
IMG_20240303_110842_jpg.rf.a8eb1c83b1ce44f1be6972ffd7eb9f10.jpg,train
IMG_20240303_110854_jpg.rf.d2bd2f89f520ffbf9c657326a865d89e.jpg,train
IMG_20240303_110904_jpg.rf.d4b9282866dbc68726d6512961e34382.jpg,test
IMG_20240303_110914_jpg.rf.b92f38b1e86d55f2d9e60d81c80b9da1.jpg,valid
IMG_20240303_110946_jpg.rf.b35ac1ccf1ed9dea2dc00e96eee3bee5.jpg,train
IMG_20240303_110953_jpg.rf.3ab2a0d9d537a86e73207b80c8798d06.jpg,train
IMG_20240303_111014_jpg.rf.3827b604dfa55255f2ac6768bdbf42c5.jpg,train
IMG_20240303_111019_jpg.rf.fac1f8e62a819998f84d0a7e38b2de21.jpg,train
IMG_20240303_111025_jpg.rf.7be6d6065dcd98ec5e765f15cf109c37.jpg,train
IMG_20240303_111039_jpg.rf.005673f160618580569b0f7467e8b62f.jpg,valid
IMG_20240303_111048_jpg.rf.80a30e267a1d6283a03c70309b41ccca.jpg,train
IMG_20240303_111100_jpg.rf.04ce9adbd8f2efd3e2842f6653bbbb81.jpg,test
IMG_20240303_111127_jpg.rf.3ab38db8acb41ad1370d521f9c92c317.jpg,valid
IMG_20240303_111136_jpg.rf.0d10b7de39b302809eca25551f4a9772.jpg,test
IMG_20240303_111150_jpg.rf.ea4cb2a043a679c382b2887f8d270de1.jpg,train
IMG_20240303_111154_jpg.rf.00fbdef8d408d5d58301eb952b29db23.jpg,test
IMG_20240303_111206_jpg.rf.d8b6d444a8694dfd5f157b28d9942300.jpg,test
IMG_20240303_111217_jpg.rf.0271dcb95ab18d11356f6429febb92ad.jpg,train
IMG_20240303_111225_jpg.rf.730a5eb948a03ca76ade77905387f4d1.jpg,test
IMG_20240303_111239_jpg.rf.d594c5d09cf7705653caaf1d54874606.jpg,valid
IMG_20240303_111244_jpg.rf.319b38823283f5d045138d9b3c3dc03d.jpg,train
IMG_20240303_111302_jpg.rf.29aa2bac28b165be14755986b75d5c24.jpg,valid
IMG_20240303_111309_jpg.rf.1c24532f7bc179b38fd6898c01d06356.jpg,train
IMG_20240303_111327_jpg.rf.807217d78af3d570e3317ae5f0e441df.jpg,test
IMG_20240303_111333_jpg.rf.ecb3883b245341608ee47e87ae8a776f.jpg,train
IMG_20240303_111339_jpg.rf.905065d80bbf07669243381707d878da.jpg,train
IMG_20240303_111414_jpg.rf.f716ff40906e85e5812255ba29da241b.jpg,train
IMG_20240303_111418_jpg.rf.298073f14d4d6fae76bed658a68b548d.jpg,test
IMG_20240303_111426_jpg.rf.e4ac23b147be4f2aee89138c3e9fb8f9.jpg,test
IMG_20240303_111434_jpg.rf.8c74fd4f4b69d7677ee47adf408cdd99.jpg,test
IMG_20240303_111439_jpg.rf.f044f42f54d584ab0e765a74b175abb9.jpg,test
IMG_20240303_111444_jpg.rf.cbb14221dae0ef5c6fb0dc79fd91d066.jpg,train
IMG_20240303_111448_jpg.rf.2cb850b79d6e20a687ef60269b6a7a33.jpg,valid
IMG_20240303_111456_jpg.rf.792059ea40780fd2b65625d42794d641.jpg,train
IMG_20240303_111459_jpg.rf.372864191ab5482bc3c350111a0aaae2.jpg,test
IMG_20240303_111507_jpg.rf.050a649e2c3b4dde1e0ab783c5bf08f8.jpg,test
IMG_20240303_111511_jpg.rf.d4b033c8059a250f97f4e7949a26de43.jpg,valid
IMG_20240303_111515_jpg.rf.6ed97b2e83b038a40da2c27730a1c84c.jpg,valid
IMG_20240303_111519_jpg.rf.3bd20d2e8acef4213067372900b20f57.jpg,test
IMG_20240303_111531_jpg.rf.84e5ad0bd6595847e27c47efc5ae9c60.jpg,train
IMG_20240303_111535_jpg.rf.41df93a2798bf6b4d7ccc1094b78c412.jpg,test
IMG_20240303_111538_jpg.rf.c8a2a14b63982cc2550db5e84b5c85fc.jpg,test
IMG_20240303_111543_jpg.rf.732bfff96fa583eb14b064a014f14d5c.jpg,test
IMG_20240303_111548_jpg.rf.7e9e7acd8efde2fee6c7717f89b9f091.jpg,train
IMG_20240303_111552_jpg.rf.0237b998f7931c648bc460bc98077c5d.jpg,test
IMG_20240306_115158_jpg.rf.939b0bb6183517ac69d400d1c6098453.jpg,valid
IMG_20240306_115212_jpg.rf.148d33434b7de12c4d3a80713b6ba549.jpg,test
IMG_20240306_115233_jpg.rf.cc7770791cafe9bd9b52582281fc562e.jpg,train
IMG_20240306_115248_jpg.rf.4bde258cdb047430d080e2a4f0e853de.jpg,valid
IMG_20240306_115255_jpg.rf.90be1b960e2df571bcb0d0546ff9c3f6.jpg,train
IMG_20240306_115333_jpg.rf.b289bf02f70e77cbe9930d5d47663f9e.jpg,train
IMG_20240306_115359_jpg.rf.f83563399930f4acbab54f7b7ae3c549.jpg,valid
IMG_20240306_115407_jpg.rf.15c58af78e6380b3357e8b41ca71a0c2.jpg,train
IMG_20240306_115417_jpg.rf.36dd53b23f7cc3048da8d12957ff9974.jpg,train
IMG_20240306_115526_jpg.rf.7390a64765fa309e0f6a02c32190b6d2.jpg,valid
IMG_20240306_115614_jpg.rf.f3ea2209dbee7e221611b02b72bd6fbd.jpg,train
IMG_20240306_115820_jpg.rf.f9a20d594e8f0e32f5457fcb8fc22e7a.jpg,train
IMG_20240306_115824_jpg.rf.2431453b87aa20f14ec2732f36ff0077.jpg,valid
IMG_20240306_115849_jpg.rf.2ef279f5e6f5b56b58b81107e5d3143b.jpg,valid
IMG_20240306_115853_jpg.rf.70f8023f987aaac3362db016b4df1733.jpg,train
IMG_20240306_115904_jpg.rf.2d6be427e61479d544bbb357eed46e33.jpg,train
IMG_20240306_115909_jpg.rf.3d3efea10c5f345be9369be21dff3e4a.jpg,train
IMG_20240306_115916_jpg.rf.aa0e5e1e9cb17f21f400a26744503353.jpg,valid
IMG_20240306_115935_jpg.rf.405ef3ef1686986161b233f1c32c257c.jpg,train
IMG_20240306_115939_jpg.rf.7cf3f5781072c4e1047191fe40218932.jpg,train
IMG_20240306_115946_jpg.rf.84f44e38f85ad610520954c1b1557956.jpg,train
IMG_20240306_115952_jpg.rf.2135ba04c69eab03ded6a11444727a60.jpg,train
IMG_20240306_115958_jpg.rf.1d81e38212846d2873f433ee17acf548.jpg,train
IMG_20240306_120005_jpg.rf.64bb0e09a93dc4944544a9d485a86c34.jpg,train
IMG_20240306_120025_jpg.rf.f3d618ac2a43b287c975de7feddc0ad9.jpg,test
IMG_20240306_120034_jpg.rf.b3468daaffedaff1276f2f87d74220e8.jpg,train
IMG_20240306_120039_jpg.rf.71de70c5bbccb2b411c80bec773146ff.jpg,train
IMG_20240306_120047_jpg.rf.f6ea105d6c5a3f5d7ff21d1081b5ae77.jpg,train
IMG_20240306_120051_jpg.rf.2f860b6f041748bba84b5f5af3bb14bd.jpg,train
IMG_20240306_120055_jpg.rf.1e908bde6c8654c3a29ff1d59d444e1a.jpg,train
IMG_20240306_120102_jpg.rf.c1d24f4df11a97346c36a84452f76e26.jpg,train
IMG_20240306_120107_jpg.rf.2e8af2f0bf48ee053591a0cdb4071184.jpg,train
IMG_20240306_120116_jpg.rf.0a0e34165e4e6eede8258926f307ffcd.jpg,train
IMG_20240306_120223_jpg.rf.36231f5704cddac3b40cf8716a245724.jpg,train
IMG_20240306_120238_jpg.rf.cacd5a0abfe5e150465fb4ae737a06ce.jpg,valid
IMG_20240306_120243_jpg.rf.24f214aea265b6ee2664b34010fa7f06.jpg,train
IMG_20240306_120248_jpg.rf.9b46868fe6fb0ffc7081445915ea34b1.jpg,train
IMG_20240306_120259_jpg.rf.6d7a969d642c9f426d954cdbb8e197b0.jpg,test
IMG_20240306_120303_jpg.rf.0f857a6361e9e3256cd483c7d551616a.jpg,train
IMG_20240306_120310_jpg.rf.4babfb5f23cf1389c02f670a2914e376.jpg,train
IMG_20240306_120326_jpg.rf.2a0f41474b226e5e2d52df0905f592ad.jpg,train
IMG_20240306_120329_jpg.rf.5e89d2f8591395202b25c7279e6e1520.jpg,valid
IMG_20240306_120333_jpg.rf.ae22d06771df2c4ee4308d524b6a1c35.jpg,train
IMG_20240306_120340_jpg.rf.78c22386cc0b0ccc1651e1a8c1959554.jpg,train
IMG_20240306_120346_jpg.rf.b00c81df9517fe03ff79b6833d286aa7.jpg,train
IMG_20240306_120418_jpg.rf.8770feb88a27b87ef70141ec44edc301.jpg,valid
IMG_20240306_120423_jpg.rf.b859fd5829e47bd03e39b8d824ac76f8.jpg,train
IMG_20240306_120433_jpg.rf.13d485e0d909c1eee5d5a1e8fd88a550.jpg,test
IMG_20240306_120440_jpg.rf.466c04153f6367d4d1aac139de8772b7.jpg,train
IMG_20240306_120446_jpg.rf.c382f46b04a331c0b6405664f7f90d14.jpg,train
IMG_20240306_120451_jpg.rf.2c5b4c2e2bf90eb1ed1285cb67544803.jpg,train
IMG_20240306_120641_jpg.rf.430e506bec5ad45974f1ba948ad74bd7.jpg,valid
IMG_20240306_120644_jpg.rf.0969a9f6e99b96a99d64ed06eea724bc.jpg,valid
IMG_20240306_120648_jpg.rf.73cbbcdee026fd3bf109c37b114eb77c.jpg,test
IMG_20240306_120655_jpg.rf.5dd0a25888c22d44ed883a6f3cd53188.jpg,train
IMG_20240306_120700_jpg.rf.0d4c01814f4dda7408bcdc12ffdcef23.jpg,train
IMG_20240306_120713_jpg.rf.1f1c0b62cf7bdc44bfb1eb6b1178f371.jpg,train
IMG_20240306_120745_jpg.rf.183fd99cca193ce9700c8c6ea7e3395a.jpg,train
IMG_20240306_120752_jpg.rf.ef52daa8fbf3a632a08977008f4db1cb.jpg,test
IMG_20240306_120801_jpg.rf.9dcec9b59efd47f128a78ea71a1b1fcc.jpg,valid
IMG_20240306_120807_jpg.rf.6755adc5c4cdcd00b758af6cad5a033c.jpg,test
IMG_20240306_120824_jpg.rf.0860fa4de8109757c999abdcf9b2896b.jpg,train
IMG_20240306_120829_jpg.rf.17d50128190533d4a406026399c8834d.jpg,train
IMG_20240306_120834_jpg.rf.2fc1bdf31699c8af987d1f8a1972d040.jpg,train
IMG_20240306_120838_jpg.rf.9c2abc0a2b4f0749bab193fb73bb3a87.jpg,train
IMG_20240306_120843_jpg.rf.2e3646eea181cfe61d2b899ce56bdaba.jpg,train
IMG_20240306_120857_jpg.rf.dd0607df3e9fe3eae64409a3af035c29.jpg,valid
IMG_20240306_120903_jpg.rf.fb2f89ce79334a3a2156df3f891d544c.jpg,train
IMG_20240306_120915_jpg.rf.d7729f5ca62a3640805602a5e3886174.jpg,train
IMG_20240306_120922_jpg.rf.d5b828c03be0110c182cab1ec57b2a4f.jpg,train
IMG_20240306_120926_jpg.rf.b94fa87dd8c51296dbc1e08872d1ac80.jpg,train
IMG_20240306_120931_jpg.rf.dfbafc5ba479c86c11702aed707af28e.jpg,train
IMG_20240306_120936_jpg.rf.f4408a3115833d9d3bc8a78425662329.jpg,train
IMG_20240306_120953_jpg.rf.ae077269b7f9de9cc08b38f4e3813e32.jpg,train
IMG_20240306_121000_jpg.rf.1bd733f7d727e4331900f874a5d93000.jpg,train
IMG_20240306_121004_jpg.rf.8e828f57e0343f5d5d66f66659fcfb1d.jpg,test
IMG_20240306_143330_jpg.rf.d25ed61ba293eb96c5ee9674f4c87809.jpg,train
IMG_20240306_143333_jpg.rf.b50f8ae374bf78704694f5427a136332.jpg,train
IMG_20240306_143338_jpg.rf.90609a4a80cabeba1bd8db2eb7cbda40.jpg,train
IMG_20240306_143344_jpg.rf.b4af2f4410a98cec28d3e21eb60937e3.jpg,train
IMG_20240306_143347_jpg.rf.12e0c0f37b12c538330046c3015007d7.jpg,train
IMG_20240306_143405_jpg.rf.9e327070d7cb923904fbaaf997c62d33.jpg,valid
IMG_20240306_143409_jpg.rf.603472035d06b00fb47cbb854e07c3f5.jpg,valid
IMG_20240306_143413_jpg.rf.824bb174b755e6b90cbc03686bb327fe.jpg,train
IMG_20240306_143418_jpg.rf.7a4d056d6cbfce94d2a2ed3342cf5992.jpg,train
IMG_20240306_143422_jpg.rf.735daab4ade1c7c76606e2b343511c7f.jpg,valid
IMG_20240306_143454_jpg.rf.394b5feb36ec871dafdd698aed0cdf4b.jpg,train
IMG_20240306_143501_jpg.rf.28e7baaa7b558de11a036e1973371a82.jpg,train
IMG_20240306_143504_jpg.rf.0b2d0ca9021d44806328241e95129f5a.jpg,train
IMG_20240306_143519_jpg.rf.d4d6d12c2f8eaeb7e8c6b95bc2dc5596.jpg,train
IMG_20240306_143529_jpg.rf.0a7f4e748b1733bb1447177031f5d045.jpg,train
IMG_20240306_143546_jpg.rf.7fc5e221f5a83b2c7e07907636dd4b40.jpg,train
IMG_20240306_143549_jpg.rf.59f4660a3128b318b2e48db32826d804.jpg,train
IMG_20240306_143552_jpg.rf.8042d2328ae7080071640c10c3a9c25f.jpg,train
IMG_20240306_143627_jpg.rf.6209ad889886233fb25dc4226b8bbeab.jpg,train
IMG_20240306_143629_jpg.rf.4e54b484be4a596701dcf97701c8c135.jpg,train
IMG_20240306_143648_jpg.rf.31eef14afeaa0d8b84c3b9bbc45a2d41.jpg,test
IMG_20240306_143657_jpg.rf.bb428e443f919846f7300efb8f8dd7f9.jpg,train
IMG_20240306_143704_jpg.rf.da7b0b846ac76c0f51197af68b9d418a.jpg,train
IMG_20240306_143708_jpg.rf.43d4f986a13679fe1491973e58d51f94.jpg,valid
IMG_20240306_143713_jpg.rf.55cbab054ff8dfe5f62bf5ff1907e15c.jpg,train
IMG_20240306_143718_jpg.rf.5310f791e5263fc37ebcff89070bc617.jpg,train
IMG_20240306_143733_jpg.rf.7f7aab96fd2ac1dfcb08c861bbce3d2b.jpg,train
IMG_20240306_143737_jpg.rf.f4afe758c2832264239f34308611e5f1.jpg,valid
IMG_20240306_143742_jpg.rf.ab5714c48a2bd12efc091013d309dced.jpg,test
IMG_20240306_143750_jpg.rf.9d733f99dccb3a292e5be64bca405bd6.jpg,train
IMG_20240306_143805_jpg.rf.8dbbb93969e8a83d24a9a536c027aff9.jpg,train
IMG_20240306_143811_jpg.rf.034451f4e4c40134911770e2d639ed99.jpg,train
IMG_20240306_143818_jpg.rf.8aa677806e1d2f40c1b70e31a61a3bb6.jpg,train
IMG_20240306_143830_jpg.rf.d2cb20602e9aa1dd845aa6eb85b0f00e.jpg,valid
IMG_20240306_143836_jpg.rf.a8ebbd20ae541b043d1db1dbfd50e32d.jpg,train
IMG_20240306_143839_jpg.rf.c2ed5661870e222a927019ccf84244fc.jpg,train
IMG_20240306_143844_jpg.rf.bada0bc4abd9f2b7127e7dae79e40723.jpg,train
IMG_20240306_143849_jpg.rf.bccca56e2feddfd8e0a7a5d8a5ba0906.jpg,train
IMG_20240306_143943_jpg.rf.14a46f314c46ad651f95f3f71e4a6151.jpg,test
IMG_20240306_143945_jpg.rf.1b95e27b601fa89202b58086c4fd5815.jpg,train
IMG_20240306_143948_jpg.rf.5624a08c7d41c25cc1e07bb49a076b23.jpg,train
IMG_20240306_143951_jpg.rf.6128e4e89f6cc239d59599578e6e9df4.jpg,train
IMG_20240306_143955_jpg.rf.ebca72c4e6f2125ffb845f9589f0fdf9.jpg,train
IMG_20240306_144000_jpg.rf.6969149d8b1328d27eaacede831cec4b.jpg,valid
IMG_20240306_144014_jpg.rf.4ff5c4645f3fe6061f42d758d504e0b2.jpg,train
IMG_20240306_144020_jpg.rf.61e16445a16bbb04d2d98f5b44df33ce.jpg,train
IMG_20240306_144027_jpg.rf.d9933607be9e5877b036c0436476b705.jpg,train
IMG_20240306_144038_jpg.rf.c7ef0063194613b96d98edf63c83d1d7.jpg,train
IMG_20240306_144050_jpg.rf.1bfc1338afe96864715570c2c9fbba89.jpg,valid
IMG_20240306_144056_jpg.rf.c01ed29bde63d655b10facd870d4c66d.jpg,valid
IMG_20240306_144100_jpg.rf.aa5dad0c750c6b794240316fdd28b601.jpg,valid
IMG_20240306_144136_jpg.rf.f733d3fd97ee1c082668773a04e9dc9f.jpg,train
IMG_20240306_144142_jpg.rf.dee9b1e76147881b4412fcb85eee0e77.jpg,valid
IMG_20240306_144146_jpg.rf.ecbe152249a295e6f587ad769b91b694.jpg,test
IMG_20240306_144150_jpg.rf.502a4012e0ce40411dd33954835a8d6c.jpg,test
IMG_20240306_144154_jpg.rf.451c5301d38ea3f3a5fd6b9b5d1201ee.jpg,valid
IMG_20240306_144157_jpg.rf.0e67b6710bc866409cf11d96db9c90cd.jpg,train
IMG_20240306_144207_jpg.rf.67e96e1807955863c5c3b1d60ef5c3f7.jpg,train
IMG_20240306_144210_jpg.rf.63d8ebe52d30e4e5a9b8bf8e1b6d4791.jpg,train
IMG_20240306_144215_jpg.rf.bbca63179dbd758424947956bf342e14.jpg,test
IMG_20240306_144218_jpg.rf.91a67280c9684a9f9761845b09fd2493.jpg,train
IMG_20240309_112451_jpg.rf.96db73f064b545d3f2752197b8234a80.jpg,train
IMG_20240309_112457_jpg.rf.c8aa6cada07919ed3a03fd384efde355.jpg,train
IMG_20240309_112502_jpg.rf.cacfaa439fc0aafb270f20c00e98e14c.jpg,valid
IMG_20240309_112509_jpg.rf.c6ab0169872aa75daaba6f1c98200e0c.jpg,train
IMG_20240309_112525_jpg.rf.0988ca1f6ee58fb8e71bd904b1ee0ef2.jpg,train
IMG_20240309_112530_jpg.rf.35dec3a1dca4499be70173632db52693.jpg,train
IMG_20240309_112534_jpg.rf.b83935e0e22e5343785e360b57ad19d2.jpg,train
IMG_20240309_112554_jpg.rf.d4f8af292116e7845c31e2747cc82ab1.jpg,valid
IMG_20240309_112559_jpg.rf.df42037c8327c8cc37983a178fe759b4.jpg,train
IMG_20240309_112607_jpg.rf.601d64c24d8ae747cf6c005c588f1db7.jpg,valid
IMG_20240309_112621_jpg.rf.7bf5c75456d378cf76b79e969ec6772a.jpg,train
IMG_20240309_112630_jpg.rf.e5eff0ac7c21624aecaa052edf7f141a.jpg,train
IMG_20240309_112651_jpg.rf.edec8d97b95a3ae05ac3235666c18759.jpg,train
IMG_20240309_112657_jpg.rf.1c610abda04e65ec0e9be604345a1ead.jpg,test
IMG_20240309_112703_jpg.rf.94ef6aec80ec476a3d3a6d068b67b9fa.jpg,train
IMG_20240309_112710_jpg.rf.d708dfcf4ae491c19c78b358d24fc157.jpg,train
IMG_20240309_112719_jpg.rf.b2f89cc8a135f670ac971d0ae288793d.jpg,train
IMG_20240309_112734_jpg.rf.fa6c0f75535ad3cd13a89e091a17a7f6.jpg,train
IMG_20240309_112740_jpg.rf.be82da405f88cd34624c39dd5d709182.jpg,train
IMG_20240309_112741_jpg.rf.1c555ed8503ed0af04cae222ba82da40.jpg,train
IMG_20240309_112756_jpg.rf.77e7583bd6f311a80fe637c955ef29ce.jpg,train
IMG_20240309_112804_jpg.rf.882dc84650577aef6694b3ae0501504b.jpg,train
IMG_20240309_112836_jpg.rf.0501ce8c820cac903c4f3e35fdf90eb8.jpg,train
IMG_20240309_112841_jpg.rf.77154252b35bcd93f1f9c7227d1335cb.jpg,test
IMG_20240309_112845_jpg.rf.26003f1520a4034ddb2c8d08315abaf9.jpg,train
IMG_20240309_112929_jpg.rf.9d6f7e9ec2d768e3339856333a3bbcbe.jpg,train
IMG_20240309_112934_jpg.rf.7bc4e4bba958404f184359faac462a8c.jpg,test
IMG_20240309_112941_jpg.rf.2f10ceefda0ca050868ff0374a72fca4.jpg,train
IMG_20240309_112951_jpg.rf.4f8c7fc33ad808c434c13afb899f7ac8.jpg,train
IMG_20240309_112954_jpg.rf.dd65f8805393787a668e5f1907f8e39a.jpg,train
IMG_20240309_112959_jpg.rf.b86235285abf33b1d2ec1334769d7888.jpg,train
IMG_20240309_113009_jpg.rf.058010f1e623d943b29956456fee1e6e.jpg,train
IMG_20240309_113043_jpg.rf.a1005059c9c301623bf7788b18c20ba1.jpg,train
IMG_20240309_113050_jpg.rf.da44305a773dcc1d7c19fbf798bca708.jpg,train
IMG_20240309_113054_jpg.rf.23d58a182f15e2d546e5c55efd66d2ea.jpg,test
IMG_20240309_113107_jpg.rf.d7ae62bcbe4fea0d1bdb1afee5aae0ce.jpg,train
IMG_20240309_113113_jpg.rf.fcac8ff1939dde6f2546c1bc5e3072ee.jpg,train
IMG_20240309_113129_jpg.rf.1085d96f725f87f64bc28220e5581699.jpg,train
IMG_20240309_113224_jpg.rf.58273075fd17e4f0562e8cc7d8d55c19.jpg,train
IMG_20240309_113229_jpg.rf.29cce727044485e5568c6e926f05e70c.jpg,train
IMG_20240309_113356_jpg.rf.8939398b213ecadcaaee2ef0c5e58bce.jpg,test
IMG_20240309_113400_jpg.rf.4248b4db96f7c037e0f1e92a7dbe3d6b.jpg,train
IMG_20240309_113404_jpg.rf.9016467c0df86523f762dd2daf1458ce.jpg,valid
IMG_20240309_113424_jpg.rf.58044b9845c9ccc840fbe48dd0bce818.jpg,train
IMG_20240309_113430_jpg.rf.ef0b85758908bf0530e29d8e585b26f7.jpg,train
IMG_20240309_113446_jpg.rf.8d91bd43d37a9abeb6ab69594530ad89.jpg,valid
IMG_20240309_113458_jpg.rf.95822d35b5fed627bd66adbd1ed801a1.jpg,valid
IMG_20240309_113512_jpg.rf.b07fdd30f525ccb3ad0055be156a10a6.jpg,train
IMG_20240309_113523_jpg.rf.0264f3ddd9243ce544f5fcba1223fdce.jpg,train
IMG_20240309_113527_jpg.rf.1b0c0c20c2fc628235ba85154651d867.jpg,valid
IMG_20240309_113550_jpg.rf.48ac6bc569db45b40889b9fb146329c3.jpg,test
IMG_20240309_113555_jpg.rf.9d7cb02ea5083f31010eff6d9bc2ab5e.jpg,train
IMG_20240309_113600_jpg.rf.d1501d9b5e5c08d2b76bb86f90514196.jpg,train
IMG_20240309_113607_jpg.rf.2d94c71593b527dd319c392481940f22.jpg,valid
IMG_20240309_113617_jpg.rf.e5aaf863357613ea15d2db7ff9793eed.jpg,train
IMG_20240309_113625_jpg.rf.df90968d5cf7eb0be64248e0896d2bbf.jpg,test
IMG_20240309_113632_jpg.rf.b417b130ef3a3e66b1e558117b63d391.jpg,valid
IMG_20240309_113638_jpg.rf.fb48b6f3e60907f65a289882327fa859.jpg,train
IMG_20240309_113647_jpg.rf.55accb3638336a5ea81750415374189d.jpg,train
IMG_20240309_113655_jpg.rf.7636c34b3078b0001bbd76206e286496.jpg,train
IMG_20240309_113702_jpg.rf.674c367943d0468cf0c665b2b1c1811d.jpg,train
IMG_20240309_113711_jpg.rf.e1c8bf2d2753ea62b6e616601ad11c36.jpg,test
IMG_20240309_113717_jpg.rf.69ab94b3991c55a1668bd6403f879275.jpg,train
IMG_20240309_113723_jpg.rf.5d516f6f4607c551267e6c6a9010308b.jpg,test
IMG_20240309_113727_jpg.rf.8e8417b8fd0d21f19321163c32bfdf5a.jpg,train
IMG_20240309_113733_jpg.rf.b3074f32adcd953deb2efda88a9bdbd2.jpg,train
IMG_20240309_113740_jpg.rf.15854a3083b5e5147240e3d81a21231d.jpg,train
IMG_20240309_113749_jpg.rf.3a96cb3c68abaff6283280118e3135ca.jpg,train
IMG_20240309_113752_jpg.rf.394fd64a07a30ebb7786300387b67901.jpg,train
IMG_20240309_113804_jpg.rf.953b8e778f89226b84983bd3d7be76ae.jpg,train
IMG_20240309_113816_jpg.rf.02dfbb45f3897aa9895d9f20dc49a007.jpg,train
IMG_20240309_113823_jpg.rf.c384bdc808bc9531ad208454049c63f0.jpg,valid
IMG_20240309_113834_jpg.rf.d39f4215b31281bc62905054e7a4a8b9.jpg,test
IMG_20240309_113841_jpg.rf.f09aa9537c8e8f4efc2bed44990c7853.jpg,train
IMG_20240309_113845_jpg.rf.20fd2a38785f839765171b3977be4976.jpg,train
IMG_20240309_113852_jpg.rf.65ecd3551d7a9e0f7ee30e7686ed3d18.jpg,train
IMG_20240309_113914_jpg.rf.1f6330a4e2a952ea2f029eb7dbd702dc.jpg,train
IMG_20240309_113936_jpg.rf.8556a8ed07ba2dd6f59575955bf96631.jpg,train
IMG_20240309_113942_jpg.rf.888103a7f32bc9c865895ab7f3288ce2.jpg,train
IMG_20240309_113949_jpg.rf.e91acd0635b2af130be6e42d96316386.jpg,train
IMG_20240309_113956_jpg.rf.1eb21e492fee493d09a9b9c45d82a8b0.jpg,train
IMG_20240309_114006_jpg.rf.32f5949abdc981aea653cd8408969268.jpg,test
IMG_20240309_114034_jpg.rf.38246456c5fca33289fcad410e2ae17f.jpg,valid
IMG_20240309_114042_jpg.rf.8b8890fd9c2ce62c7de1f97bb5dedc6f.jpg,train
IMG_20240309_114056_jpg.rf.35cd21a2663fc9cf69845943cac165fe.jpg,valid
IMG_20240309_114100_jpg.rf.ebfa33cec0c784f7bc348bc69a7f70d2.jpg,train
IMG_20240309_114116_jpg.rf.0db03319b0f51bf9e208dbe3a6d140a0.jpg,train
IMG_20240309_114132_jpg.rf.000db46a040e59937f88753546b7da6a.jpg,valid
IMG_20240309_114140_jpg.rf.0e579a6297b46d4def2caf3e4235d9c4.jpg,test
IMG_20240309_114142_jpg.rf.a3d771f18b7b8715c0755748ed74dcaf.jpg,train
IMG_20240309_114148_jpg.rf.60d53954823326a3ec6668acd45254cf.jpg,train
IMG_20240309_114154_jpg.rf.3b37b7461f25cebdef14f415ee1ae4db.jpg,train
IMG_20240309_114200_jpg.rf.251307ea774ca3378e63e7323f42d425.jpg,train
IMG_20240309_114203_jpg.rf.bccb3202c23b4d13de9d1b04d61ef9e3.jpg,train
IMG_20240309_114215_jpg.rf.59c12185acca7a6ef33e4e07567fbae7.jpg,train
IMG_20240309_114221_jpg.rf.56b664076637540c792c26b82b37b866.jpg,valid
IMG_20240309_114244_jpg.rf.282dc8ad08adf4f73a700f62e6df8937.jpg,train
IMG_20240309_114248_jpg.rf.c53ff41f62ec2d5cc8c445f4f7d029d8.jpg,valid
IMG_20240309_114350_jpg.rf.bd1bc0d7a7dcf491657e0b4763ca639f.jpg,train
IMG_20240309_114357_jpg.rf.cb86f23bf3654c039e6f20025d7f7f1b.jpg,train
IMG_20240309_114401_jpg.rf.a8488969fe31092e4997f3acc971de3f.jpg,train
IMG_20240309_114407_jpg.rf.56124e3e4612e5918d06870c4bb8ed98.jpg,train
IMG_20240309_114443_jpg.rf.a3bdc1e2fe30e89be756fa6c1402c914.jpg,valid
IMG_20240309_114455_jpg.rf.0c4ad352558d14933a97fcee5977a8d9.jpg,train
IMG_20240309_114503_jpg.rf.4987f94ae46c177885d8278194991c31.jpg,train
IMG_20240309_114513_jpg.rf.8f26249de948b96941648748ba402ed6.jpg,train
IMG_20240309_114538_jpg.rf.90836f8097ae8818071f0866aa9e7790.jpg,train
IMG_20240309_114542_jpg.rf.d365a3aafb2051de40b35a04ebc5ce64.jpg,valid
IMG_20240309_114550_jpg.rf.7b277f8d97392310462b49ac8060d0c1.jpg,valid
IMG_20240309_114605_jpg.rf.3f13c70e8f00cd7ab57a053d260cdd76.jpg,train
IMG_20240309_114609_jpg.rf.1932c7d3ec6525c1010b6e017c74770b.jpg,train
IMG_20240309_114613_jpg.rf.d5f095425dff3f901608b4d9e64a4a29.jpg,train
IMG_20240309_114617_jpg.rf.12d7909aaa2334d5747d3b884767fb93.jpg,valid
IMG_20240309_114638_jpg.rf.9e0328781bf0b089c2f755e31afd37e7.jpg,train
IMG_20240309_114643_jpg.rf.414002dfa9e683659741816b4a5d5b22.jpg,valid
IMG_20240309_114649_jpg.rf.1415b9a95960b28026b473baa2562c53.jpg,train
IMG_20240309_114655_jpg.rf.e0f4ac65bf22e53d1cf97e1797774ff1.jpg,train
IMG_20240309_114741_jpg.rf.74abf4009322fdf317bc0bc394891c0b.jpg,test
IMG_20240309_114746_jpg.rf.31898ecf0767fb0d9ec8e6fe6c705a1a.jpg,train
IMG_20240309_114751_jpg.rf.33cc4de5c6b971e9fcabf73776054386.jpg,train
IMG_20240309_114800_jpg.rf.cca753497f49362b4cdd108e4de66b86.jpg,train
IMG_20240309_114826_jpg.rf.39496c1e92e4123c875ed104b5b30e85.jpg,train
IMG_20240309_114832_jpg.rf.cf5cd8f48384a2bd023ddecaa7975581.jpg,train
IMG_20240309_114837_jpg.rf.59da9110e4b6343aa8bd602e65e70d79.jpg,train
IMG_20240309_114840_jpg.rf.319b907b17d755512e08dbf460f18a5f.jpg,test
IMG_20240309_114854_jpg.rf.b6c61b6a837131458732dfed72abb452.jpg,train
IMG_20240309_114923_jpg.rf.f1f59fcc4cf20668c8740c8b1e2d946e.jpg,train
IMG_20240309_114926_jpg.rf.79be43457549377309fe44f939fa91be.jpg,train
IMG_20240309_114930_jpg.rf.b3bc7d0250cca3ad37e67bab29478612.jpg,train
IMG_20240309_114934_jpg.rf.f4d6a9c02fb3b717c645de35ebcb2f20.jpg,train
IMG_20240309_114937_jpg.rf.5f82849403a1dda95e2fac1f9e1bdd5f.jpg,train
IMG_20240309_114950_jpg.rf.d6a5b63e8fb22910b611be659eb7a9da.jpg,valid
IMG_20240309_114954_jpg.rf.d0b3b26160d3559ea2c9e2cf4c33c759.jpg,train
IMG_20240309_115021_jpg.rf.4ff7a124c7ff0f98fb530c50ef7eea25.jpg,train
IMG_20240309_115024_jpg.rf.2e7032b8e1093ce79c922ee13582ef9f.jpg,train
IMG_20240309_115029_jpg.rf.137ee6fa6629fca1108f91fd68fba1ba.jpg,train
IMG_20240309_115102_jpg.rf.9909e5010f8c04c8935ea1e0c753489a.jpg,valid
IMG_20240309_115105_jpg.rf.4b4012793d0a7817bdf7847d9a6e283e.jpg,train
IMG_20240309_115136_jpg.rf.f3e9beebd5cba5ba3016331acce6d013.jpg,train
IMG_20240309_115140_jpg.rf.f72af6b38c9f43ac32a9acd2659bfaeb.jpg,train
IMG_20240309_115144_jpg.rf.4fe810a85a7b8edd688e18de1b06c451.jpg,test
IMG_20240309_115200_jpg.rf.e77e3b1542111e079ea4c5d7b1455a48.jpg,valid
IMG_20240309_115204_jpg.rf.1d98ea5c586ba2d2d48312ae112947d0.jpg,train
IMG_20240309_115208_jpg.rf.f0d04681b9dc7dc46caf55b21885202b.jpg,train
IMG_20240309_115221_jpg.rf.3479372667f8ca0727cc65c8c37230da.jpg,valid
IMG_20240309_115233_jpg.rf.0d237569e2a398809c9953ff1ebca2d2.jpg,train
IMG_20240309_115236_jpg.rf.45880c6ed5008faca7bfeb1b17d539d3.jpg,train
IMG_20240309_115239_jpg.rf.3ce2b61ae1c16f7a8eb5ab0ed52a3f4c.jpg,train
IMG_20240309_115342_jpg.rf.cb7581f8d63d2fd7756e3e62cbf32c3d.jpg,train
IMG_20240309_115346_jpg.rf.f6711d8ba00e8268170873e53e7d6e7b.jpg,train
IMG_20240309_115349_jpg.rf.86e315fe06ec57ac2137aecd616c296c.jpg,valid
IMG_20240309_115356_jpg.rf.31fe4f0f0f56a6137020cb5ff4e4360c.jpg,valid
IMG_20240309_115422_jpg.rf.1e52583d95b65d7c1cf48019f64a5240.jpg,train
IMG_20240309_115425_jpg.rf.af0b0fb958389a12a24a37a342e2b0af.jpg,train
IMG_20240309_115439_jpg.rf.83056dd6fcdb4df57212c521f5c38b00.jpg,train
IMG_20240309_115453_jpg.rf.b246e6a9d2b193038b458b8eab026f79.jpg,valid
IMG_20240309_115510_jpg.rf.030b4558b6cfa616608666433fb13777.jpg,train
IMG_20240309_115515_jpg.rf.ee62cbb75b1859fb0d1f173d22917dfc.jpg,train
IMG_20240309_115518_jpg.rf.5e1ef3b7733a6fc1177df4b07e6a15ea.jpg,valid
IMG_20240309_115522_jpg.rf.36c8e59b19db29dba7fd4ac268f9c80e.jpg,train
IMG_20240309_115527_jpg.rf.a3cda9f03fc00fbcf1aed3f506e980a0.jpg,train
IMG_20240309_115610_jpg.rf.d7c4909d3bc9e62b1675d8380496e6b1.jpg,train
IMG_20240309_115616_jpg.rf.2c6d1f2508db77a63d1e053d304684ef.jpg,valid
IMG_20240309_115620_jpg.rf.e14a806261a6d8cc39ec651d354008ae.jpg,valid
IMG_20240309_115627_jpg.rf.290b4c739745f421d54448f038347ecc.jpg,train
IMG_20240309_115633_jpg.rf.670159a7bdd8570c7b59d9ec1ce892a4.jpg,train
IMG_20240309_115637_jpg.rf.1ad91995298a2a77e56bc03a4157382b.jpg,test
IMG_20240309_115718_jpg.rf.80fe04d225fa295e3962fa512842cfac.jpg,valid
IMG_20240309_115723_jpg.rf.bbe5f1507a24488b0546071d93e7737a.jpg,train
IMG_20240309_115728_jpg.rf.fa6674e192775f77276831cb9c08d2f8.jpg,valid
IMG_20240309_115734_jpg.rf.7f3d8a410f91c64890c0f644ebfeddef.jpg,train
IMG_20240309_115740_jpg.rf.1447303821609e6832f59824053f0869.jpg,train
IMG_20240309_115752_jpg.rf.8a7a64cea9badfe9cf8fa65527e8e860.jpg,train
IMG_20240309_115756_jpg.rf.5e4c940cf19f7681b16b842bfb2da406.jpg,test
IMG_20240309_115802_jpg.rf.e949b8a1c244a5e0eef5df8056cc140b.jpg,train
IMG_20240309_115810_jpg.rf.3f9c7f911075b79b0725e4eda3ea57fa.jpg,train
IMG_20240309_115813_jpg.rf.82b7b24829c1676954e833fd833c6b90.jpg,train
IMG_20240309_115835_jpg.rf.1421b9cc47c070b5ae3c36cbc02f6546.jpg,valid
IMG_20240309_115840_jpg.rf.56c3ff19b26caca498efebeddcd942b6.jpg,test
IMG_20240309_115844_jpg.rf.8741fd175b72d7476378540bdc819bb4.jpg,train
IMG_20240309_115910_jpg.rf.f081f97d67fa1eacbc85f3a0a16780e3.jpg,train
IMG_20240309_115915_jpg.rf.36ef4f6760602041e4d1c5a6a94f747b.jpg,valid
IMG_20240309_115922_jpg.rf.823c4f61080e0f37bea6b6e570af4550.jpg,train
IMG_20240309_115924_jpg.rf.5e9a380355e4a904981ca7d622b337f0.jpg,train
IMG_20240309_115929_jpg.rf.c8a45e7d4d65431dc69c575d7a135042.jpg,train
IMG_20240309_115939_jpg.rf.41f719b5b9d1ca390ab826167aae858b.jpg,train
IMG_20240309_115948_jpg.rf.cdfca02efb738df6fa2fd870dcf35b21.jpg,valid
IMG_20240309_115952_jpg.rf.47b063b1178d805e087af38364373da2.jpg,valid
IMG_20240309_115958_jpg.rf.78225ec9fab634e4b1d0998819814f23.jpg,test
IMG_20240309_120002_jpg.rf.c55c90c927d2ea2906fc74df4c684909.jpg,train
IMG_20240309_120205_jpg.rf.bde6edc7b06f596d3be8697d9536b33c.jpg,train
IMG_20240309_120210_jpg.rf.a338ec4c2c3b6bb422c7cf4b715c5649.jpg,test
IMG_20240309_120214_jpg.rf.f3dceb546fda2ab82f1ffbc8a7f613cc.jpg,train
IMG_20240309_120223_jpg.rf.d21370ba00b13268b3eb2575bd318df3.jpg,valid
IMG_20240309_120229_jpg.rf.720d21b300cecea8953931322931016f.jpg,train
IMG_20240309_120246_jpg.rf.b17e147230b4d8ed6e8d3338a4b795fe.jpg,valid
IMG_20240309_120258_jpg.rf.037e55ba6c291e496e4238212698f1b2.jpg,valid
IMG_20240309_120304_jpg.rf.3306e2a5f02a3b5588ca046249ea0149.jpg,train
IMG_20240309_120308_jpg.rf.b32f6935a1cde2abb4bd8136dab58e13.jpg,train
IMG_20240309_120334_jpg.rf.225aac7817700f3525e7252a971a9909.jpg,valid
IMG_20240417_115018_jpg.rf.e9f7f1ddfc341d655476e94a6de731a0.jpg,valid
IMG_20240417_115033_jpg.rf.11e0dc6366e1ce119982365b8f294f7d.jpg,valid
IMG_20240417_115042_jpg.rf.0f02a8878f256e797d915f8f2d5e06ce.jpg,test
IMG_20240417_115054_jpg.rf.da8dde82ec54d5506c9dc1675c72e354.jpg,train
IMG_20240417_115119_jpg.rf.4458c12a06e8756a9f42c21e82d57c94.jpg,train
IMG_20240417_115133_jpg.rf.c05be03c51a274bb931d15d7bf40aa02.jpg,train
IMG_20240417_115137_jpg.rf.0d97ef0dc3c9d7138504a8431fcd7d24.jpg,valid
IMG_20240417_115155_jpg.rf.cc561a38767b4abb5b429c6f202e4022.jpg,test
IMG_20240417_115202_jpg.rf.d2ce7d65291a629a2bbc099abb7f9091.jpg,train
IMG_20240417_115234_jpg.rf.79cf1db560032c5624e2fab553b924bd.jpg,train
IMG_20240417_115336_jpg.rf.c0eb2b3e1e4b4d7a69d1cd6e6238039d.jpg,valid
IMG_20240417_115349_jpg.rf.a04f74ef366515ee3c7ab2f809011364.jpg,test
IMG_20240417_115357_jpg.rf.c56ed4c4e7d64a768291fa1ea08e4de5.jpg,train
IMG_20240417_115403_jpg.rf.8bc331740c8e3a383a66b5972498e6fb.jpg,test
IMG_20240417_115409_jpg.rf.0eb5a63f7cd6599cee834e66be95415a.jpg,train
IMG_20240417_115415_jpg.rf.f9fa44bee89d3738e0d102fdf20ad3f5.jpg,train
IMG_20240417_115419_jpg.rf.87c029cf6551ad9dceaf1b7631f84932.jpg,train
IMG_20240417_115515_jpg.rf.8dc19a690926a8fc7a375ed527cf714b.jpg,train
IMG_20240417_115535_jpg.rf.67bd4a79773b6610467cc63329c51659.jpg,train
IMG_20240417_115542_jpg.rf.8e11c53b7795212100b87f2f36ad509b.jpg,train
IMG_20240417_115554_jpg.rf.3bdde8d9cbd1c76a19710481e24939dc.jpg,valid
IMG_20240417_115601_jpg.rf.cd4ddff0634f41cb4a3620c56a8709d2.jpg,train
IMG_20240417_115615_jpg.rf.e269d111736e94f056a51f5103d6cc16.jpg,train
IMG_20240417_115638_jpg.rf.e4c0a41918017fed5d32528885a426dc.jpg,train
IMG_20240417_115708_jpg.rf.31bc1b1645745760bbfb6846b43a5be5.jpg,train
IMG_20240417_115717_jpg.rf.91fe125a2bf99bf321b5a74ef153d01b.jpg,train
IMG_20240417_115845_jpg.rf.df57834cf36dc25d0b49176f0cb4bb1a.jpg,train
IMG_20240417_115849_jpg.rf.bb37133c2db8e0cb89f438a742a5b137.jpg,train
IMG_20240417_115856_jpg.rf.e55afac3a94feaca13056b9ea824c08a.jpg,train
IMG_20240417_115901_jpg.rf.cea58bee9947112629cdb1836d7fcb3f.jpg,train
IMG_20240417_115905_jpg.rf.8007b4237aebb0a214c9afbd02b24aca.jpg,train
IMG_20240417_115920_jpg.rf.4f9da1b027ef8952d82fb4cabdbe8d75.jpg,train
IMG_20240417_115924_jpg.rf.007935dd296a3261fc82f8728bbba0a3.jpg,valid
IMG_5126_JPG.rf.86ccf99f5ec931ec6783ddf155143993.jpg,train
IMG_5127_JPG.rf.94e0700e7b9a679530ad261703271ae4.jpg,train
IMG_5128_JPG.rf.35737de58936492fd957becba7867100.jpg,train
IMG_5129_JPG.rf.8e2a6c14c2343d0f732079ae12829ea3.jpg,train
IMG_5130_JPG.rf.53b883e06ff97b0b6c4b54192eac844d.jpg,train
IMG_5131_JPG.rf.fe14203183dd319dd22731d6836d7a37.jpg,train
IMG_5132_JPG.rf.eae93efb62884705c0f4c39445aa1569.jpg,train
IMG_5133_JPG.rf.d6db9c6417c03860140f1a145fac4ced.jpg,train
IMG_5134_JPG.rf.8d931b554638ca7f3f78807db22a93c3.jpg,train
IMG_5135_JPG.rf.d5405e12924696478774d2754e56401d.jpg,train
IMG_5136_JPG.rf.23fec3faeef0d871cbb29eae1710aa75.jpg,train
IMG_5137_JPG.rf.42b3fd5ebc67ee02bd1697923816d270.jpg,train
IMG_5138_JPG.rf.df16ed1a71c0d4ad93f0fe8a209e6587.jpg,train
IMG_5139_JPG.rf.a83600c3a3d78c56a526d8f1ab057ea9.jpg,train
IMG_5140_JPG.rf.bf7cc806df70f51aec47def4e0e308fc.jpg,train
IMG_5141_JPG.rf.879ba45a3fbf949591cfdbc6be440b18.jpg,train
IMG_5142_JPG.rf.a71e70ffde6182de5963f79b8a112822.jpg,train
IMG_5143_JPG.rf.c2dbf519e1bb3a3648c5f1ea13c3bca2.jpg,train
IMG_5144_JPG.rf.eb2d016c556389da69fe5f673e04dd06.jpg,train
IMG_5145_JPG.rf.5044abb8c74e263d64ffa7c9005043ca.jpg,train
IMG_5146_JPG.rf.07374f08fedab5eb74f6ef189093a8ee.jpg,train
IMG_5147_JPG.rf.4e48f4c411651974b3017ddb6f063743.jpg,train
IMG_5148_JPG.rf.3002e470231a2497507bb38851678ce4.jpg,train
IMG_5149_JPG.rf.e23bd2100c000d5ae5f95467f0db481a.jpg,train
IMG_5150_JPG.rf.f9ee72d890274d944eb388158e9c2fb6.jpg,train
IMG_5151_JPG.rf.5d5d5c2981234572bf26446876ab6e46.jpg,train
IMG_5152_JPG.rf.57f8d258b5fb0d15e1a5971f616e8bac.jpg,valid
IMG_5153_JPG.rf.2bff55a33e82b9cbaff46beb4dac3eba.jpg,train
IMG_5154_JPG.rf.f497f3b2d0d68523a3020685b98c70eb.jpg,train
IMG_5155_JPG.rf.e4093a28b4f020bd997d7fae70b19cb6.jpg,train
IMG_5156_JPG.rf.697fcd1db6a82ae5d7f7c955a5f19fed.jpg,train
IMG_5157_JPG.rf.f8f19b015de981b54663715cf1b9358a.jpg,train
IMG_5158_JPG.rf.4166f75b5a9a5007a280af084ac90e61.jpg,train
IMG_5159_JPG.rf.eb39239c5d59105034b7f1793db949f5.jpg,train
IMG_5160_JPG.rf.e75ecf11d79f9720814ad7a73ff19cba.jpg,train
IMG_5161_JPG.rf.c5114aad01063e0844a7120aab16ae68.jpg,train
IMG_5162_JPG.rf.a4dd265fffdeb6fe17562f574875d8b8.jpg,train
IMG_5163_JPG.rf.a0d80720b617e2f015122510e5818351.jpg,train
IMG_5164_JPG.rf.ec216da11a32fdef87a9761de0eef7db.jpg,train
IMG_5165_JPG.rf.e3289ab0746d36fbc09467c0e499f1d7.jpg,train
IMG_5166_JPG.rf.6374714bd0285cb3ccfd260c380d81fe.jpg,train
IMG_5167_JPG.rf.de6b8ab2331b6e88317b6b639b9e2bbc.jpg,train
IMG_5168_JPG.rf.7be42c62fa73efc59ea92437e3d5f72d.jpg,train
IMG_5169_JPG.rf.36ca91357ac845df357cb33b23b8b166.jpg,train
IMG_5170_JPG.rf.146c40972f27b50656c4411cf1841a74.jpg,train
IMG_5171_JPG.rf.7a04702473741f9c9c974d882cf02736.jpg,train
IMG_5172_JPG.rf.495832ddd729287237e490c143b0647b.jpg,train
IMG_5173_JPG.rf.55c64025b2bdb8e208dd9e0797694e08.jpg,train
IMG_5174_JPG.rf.47c095efd855cd27aec5354f8b8daf5b.jpg,train
IMG_5175_JPG.rf.5f9681c4fb946a8db779b8e0758f4ddd.jpg,train
IMG_5176_JPG.rf.fb545210fdd497091c9f088198b13ffc.jpg,train
IMG_5177_JPG.rf.7013978690c37833cf224ef40d96e813.jpg,train
IMG_5178_JPG.rf.aac412d89dfed0ac188ee9ba6b7bebb4.jpg,train
IMG_5179_JPG.rf.3de6730e392e2c40de134ba26eaa3bff.jpg,train
IMG_5180_JPG.rf.be3ca3330b76c5dcc106a49b88e1a3c4.jpg,train
IMG_5181_JPG.rf.a3737358d849eb693cdf7fc4219ee098.jpg,train
IMG_5182_JPG.rf.c74000a72b5338d628cac3a864f993be.jpg,train
IMG_5183_JPG.rf.9f02afe4b6b13bb41fe86e585e08ae02.jpg,train
IMG_5184_JPG.rf.cf946f6e7b187e017c074c89c5fcba90.jpg,train
IMG_5185_JPG.rf.6815cd7b86bef9e7acbddf4c14188fe1.jpg,train
IMG_5186_JPG.rf.2c8b6a8173d5a1578fb10aa3c0f1f1ce.jpg,train
IMG_5187_JPG.rf.82497b7ffd5cac14d486c871a05907dd.jpg,train
IMG_5188_JPG.rf.a1180603ce7a11b5d09fb7e3c5f2261a.jpg,train
IMG_5189_JPG.rf.3be7e6a5fd6bdbaf3b104f8e287d0aac.jpg,valid
IMG_5190_JPG.rf.4df88492a270fcf3b59245b4a5e98c1a.jpg,train
IMG_5191_JPG.rf.1a39096908f5a72d1fca85f202fb6585.jpg,train
IMG_5192_JPG.rf.fb1be90fa8b5de0ba440de44cd746be7.jpg,train
IMG_5193_JPG.rf.560079c7725d3f0d551936679bdd77d8.jpg,train
IMG_5194_JPG.rf.38f004bcc0e5d7eadb99bdb1bbf9022b.jpg,train
IMG_5195_JPG.rf.578b7d65e04aa025322687d6dda5c0bd.jpg,train
IMG_5196_JPG.rf.6740999b4981e1376b84266f98799baf.jpg,train
IMG_5197_JPG.rf.5e5e4b25c3c2a88a31a10500333b328a.jpg,train
IMG_5198_JPG.rf.623ca56df7bf3efd28ccff4eaa51a223.jpg,train
IMG_5199_JPG.rf.fbbd938396fadfbad573a08eb31e92c9.jpg,train
IMG_5209_JPG.rf.e5f574782d86b9657616c6e052eb0884.jpg,train
IMG_5210_JPG.rf.4e50d31c5f79d54e39ad7aae6fe5fcff.jpg,train
IMG_5211_JPG.rf.e9fb6e03aa5ba8afbdaf2c05325e31c3.jpg,train
IMG_5212_JPG.rf.eaf2ccac8d35a331c041021d4c71c269.jpg,train
IMG_5213_JPG.rf.6014d86fa95cc94ea680b85fa6ae6df4.jpg,train
IMG_5214_JPG.rf.146cd8e1d89389243f4da290496655cc.jpg,train
IMG_5215_JPG.rf.dbb3c6388a1dd241907385fcea654526.jpg,valid
IMG_5216_JPG.rf.d9189442751b1a1c3db9bd5514ddfe6f.jpg,train
IMG_5217_JPG.rf.b6bd0e24328d4f3979e557cde1a63f91.jpg,train
IMG_5218_JPG.rf.14f67ca4e33e37b9131ed9d62cbde835.jpg,train
IMG_5219_JPG.rf.1573006ee4fbfd9541cea2932ca89196.jpg,train
IMG_5220_JPG.rf.7d568683351f6b46ac37bc20e91cb40a.jpg,train
IMG_5221_JPG.rf.88fab5b795ad99ada09d949623a4c19d.jpg,train
IMG_5222_JPG.rf.ac4b35408000dfe0ba772664cd9d2c92.jpg,train
IMG_5223_JPG.rf.826d26fabc239f421efbb7a0b4c3699f.jpg,train
IMG_5224_JPG.rf.7ff54ec36056166b85dada7f7129a440.jpg,train
IMG_5225_JPG.rf.c54e322448081020d981f84185d01927.jpg,train
IMG_5226_JPG.rf.7a34f49f951e96c6b4abda80f98b1fd4.jpg,train
IMG_5227_JPG.rf.0e946a6bddc86d41eb8182063043eba0.jpg,train
IMG_5228_JPG.rf.f04c4a376fd4fa45edc28dc78f9cf5cc.jpg,train
IMG_5229_JPG.rf.01188484868100d3d71f1788fac46fb9.jpg,train
IMG_5230_JPG.rf.5a3293c9f9cf899429fad166b0c9524f.jpg,train
IMG_5231_JPG.rf.d95c9cafc2846edfc0e6919f54fbdee6.jpg,train
IMG_5232_JPG.rf.54189b62b82327210f123d942a9bbb4e.jpg,train
IMG_5233_JPG.rf.c4e1b8a7f1d82c708d5fd8359a7bb0df.jpg,train
IMG_5234_JPG.rf.093285451b292e97f2e698a0ce4a3eae.jpg,valid
IMG_5235_JPG.rf.50c015537d9d6f15909ae0527c2b9b95.jpg,train
IMG_5236_JPG.rf.066ffadeaa7627359a8a8aca3ac4fd7e.jpg,train
IMG_5237_JPG.rf.260134828f51eb7a48ed824f87e96154.jpg,train
IMG_5238_JPG.rf.87a481db9b6df2a7877527d61f3ed18a.jpg,train
IMG_5239_JPG.rf.987779fd15f8818d0020bfcb5f44a1d5.jpg,train
IMG_5240_JPG.rf.d2bb945db15ca2d0b924f256911c5bca.jpg,train
IMG_5241_JPG.rf.6d24f3d13eefa941b85b3a9241e894dc.jpg,valid
IMG_5242_JPG.rf.b495cc8d39c92088fe25a38153527322.jpg,test
IMG_5243_JPG.rf.e3f45c410902f59f97a3434812b2cd25.jpg,test
IMG_5244_JPG.rf.78eb2e5de5b1db36ab2ce05d3a84c547.jpg,train
IMG_5245_JPG.rf.fe339103dff33b7b2327a8b2d13598cd.jpg,train
IMG_5246_JPG.rf.0068b92d945d7f13267bfc6c6f09fe98.jpg,train
IMG_5247_JPG.rf.9cb869e886780fb58cd8f70727ef88c8.jpg,train
IMG_5248_JPG.rf.19852a693e8d9a755da10b4102c828d9.jpg,train
IMG_5249_JPG.rf.738f5a00a7ed680107f9cff32d235b9b.jpg,train
IMG_5250_JPG.rf.9ccca5e0e50aa44cf62fda0552054aca.jpg,train
IMG_5251_JPG.rf.3a31ac7a786b35e81c845c7926db0c16.jpg,train
IMG_5252_JPG.rf.2181cc07f4cba99c846b8e58a7aec972.jpg,train
IMG_5253_JPG.rf.360277acd176a8d58f29ff1dd5004682.jpg,train
IMG_5254_JPG.rf.47e283af08ecc6acacb84b9841af9c20.jpg,train
IMG_5255_JPG.rf.6bd5e89388414c5184f7de26244f393e.jpg,train
IMG_5256_JPG.rf.d29ef020c8b083c2161d8dbabb6a6b7c.jpg,train
IMG_5257_JPG.rf.0a49f85de365b4a647e78e2d7e8d62d4.jpg,train
IMG_5258_JPG.rf.4312776d6bf12efb5d3f419454f13237.jpg,train
IMG_5259_JPG.rf.188bf971d8613dbcd5ddf25b28125e48.jpg,train
IMG_5260_JPG.rf.cc6ac215af70e5735107e5c543c0fd6e.jpg,train
IMG_5261_JPG.rf.b6ac0678a9d8a749c841cec5377a0c87.jpg,train
IMG_5262_JPG.rf.607bcc8d768daf35f23d27ea5fe2cfaf.jpg,train
IMG_5263_JPG.rf.6eddc9ee223f65632cd949134d068c39.jpg,train
IMG_5264_JPG.rf.6de4b1880aec546a7e17f1dff49acc7e.jpg,train
IMG_5265_JPG.rf.830abc9948a5dffae8ce6022305a8989.jpg,train
IMG_5266_JPG.rf.5de33437e2f06dc433984c2052ca5dcb.jpg,train
IMG_5267_JPG.rf.4eb082de8b5f122465199140be26b297.jpg,train
IMG_5268_JPG.rf.0f3231302bfa6c0e1c5d34df3afa7043.jpg,train
IMG_5269_JPG.rf.85d045b7f626f018b187bfa293265050.jpg,test
IMG_5270_JPG.rf.dd93c1f4e37cfc6c85b9467eb0787517.jpg,train
IMG_5271_JPG.rf.c9390d0e03d43112c1d9ec6e7ac7a528.jpg,train
IMG_5272_JPG.rf.94aaef7476a78df4b944890b9040c02f.jpg,train
IMG_5273_JPG.rf.12e664faa9bc9150d09f556a868c8227.jpg,train
IMG_5274_JPG.rf.ae30278ee58993902cd17fbf9117704e.jpg,train
IMG_5275_JPG.rf.d598f8f22cced52ebc6850379b1168cd.jpg,train
IMG_5276_JPG.rf.88bce6902dc4caa55fc6ff3ba1046418.jpg,train
IMG_5277_JPG.rf.4857eac09d4be77826967b4955839118.jpg,train
IMG_5278_JPG.rf.ca4df63d17fc9dd2795b29840d46d3d1.jpg,train
IMG_5279_JPG.rf.c931f8f0d5234ed3b71e6ed5312d79ed.jpg,train
IMG_5280_JPG.rf.ae52442495dc8d3396aff8acb6f71ee9.jpg,train
IMG_5281_JPG.rf.de3eb123a4d6e562232869322440e470.jpg,train
IMG_5282_JPG.rf.06c6e7d17de32370a71ed3ddf7559b96.jpg,train
IMG_5283_JPG.rf.1dbe94b1df958f8bd25fc5f70452138d.jpg,train
IMG_5284_JPG.rf.360b51d71d1440f6fa87b6610b5c0d8d.jpg,train
IMG_5285_JPG.rf.86d3e2673e94ac752a73f2147cdea386.jpg,train
IMG_5286_JPG.rf.52643ab1ac1d6c2220f89a4a47a7fbc2.jpg,train
IMG_5287_JPG.rf.8bea57b900c531cea002cec8622f6695.jpg,train
IMG_5288_JPG.rf.236cf451582b2e7e62ccd03cc97c7f81.jpg,train
IMG_5289_JPG.rf.d78266e5d4053c51e91b7b81c85dc5a4.jpg,train
IMG_5290_JPG.rf.0b5d550b3a4d97d02e1024b318e90ff0.jpg,train
IMG_5291_JPG.rf.3741ac336f17b8d45cd2bc8d21d3bec8.jpg,train
IMG_5292_JPG.rf.eab586cbf51c914a36b1a2c1811865ae.jpg,train
IMG_5293_JPG.rf.e209d527ba839c4694b4e7cf99341e7a.jpg,train
IMG_5294_JPG.rf.2a4fec91602d8ea456861cb8e3a05c55.jpg,train
IMG_5295_JPG.rf.b24afabbd2113ca958cec7beb4af7189.jpg,train
IMG_5296_JPG.rf.d3da4cb6a2146ec4bdc7af80eace4755.jpg,train
IMG_5297_JPG.rf.4de2cbe6231702ae164be74307a057e1.jpg,train
IMG_5298_JPG.rf.d653867d49e915b2c75155179df98faf.jpg,train
IMG_5299_JPG.rf.addf2752e9b1991dd9db99ba8b721bbe.jpg,train
IMG_5300_JPG.rf.ff688a3d043082255a37918c8d192ebe.jpg,train
IMG_5301_JPG.rf.b6eb41ac760377ac498084b604042681.jpg,train
IMG_5302_JPG.rf.866ab065dc2584215824b5c6877f3d3e.jpg,train
IMG_5303_JPG.rf.eab3f84cb048026e3fdeec60150443ee.jpg,train
IMG_5304_JPG.rf.2aac89286d7928ee1653a3cbdfa532d2.jpg,train
IMG_5305_JPG.rf.31ae64f0b66a9a06bb83a7a597ab609a.jpg,train
IMG_5306_JPG.rf.f7a25e595842cf1b90e0729dd53925bc.jpg,train
IMG_5307_JPG.rf.81abac7d721482ee3c5f5edcc65c6ccb.jpg,train
IMG_5308_JPG.rf.f40f27b2acebd2409c93726a631fd34e.jpg,train
IMG_5309_JPG.rf.99c5d67212808ef207c7634610438b6c.jpg,train
IMG_5310_JPG.rf.e8b033d06b146a4b5f0ba33c980f5713.jpg,train
IMG_5311_JPG.rf.7b412753189cbfb34fe944ccf2ae8092.jpg,train
IMG_5312_JPG.rf.8d6d98c8238590db935314a0348b6233.jpg,train
IMG_5313_JPG.rf.3ffd817dd26d9011f1b452241dee4e72.jpg,train
IMG_5314_JPG.rf.d1973aae96b5169e70239429d33908dc.jpg,train
IMG_5315_JPG.rf.65df8688bbc84cd0ee4ae2fd2b6e1335.jpg,train
IMG_5316_JPG.rf.ea9cfe6cf91273921c1c9ea1e814af2a.jpg,train
IMG_5317_JPG.rf.ef3fc2fefaeb05406d416d5c131c0d4e.jpg,train
IMG_5318_JPG.rf.47f88af8bb6f61793c278098e04295ef.jpg,train
IMG_5319_JPG.rf.e497d7f9fbf5fcea9f2e75f491f67756.jpg,train
IMG_5320_JPG.rf.7fdacfd46702a7f1b78aad54126ae1f9.jpg,train
IMG_5321_JPG.rf.13572a782e62ecdb322c9ccb00c870d7.jpg,train
IMG_5322_JPG.rf.8a8ae1d42d8ee1a32efeb9bf1a2d17cc.jpg,train
IMG_5323_JPG.rf.bbc93ce6c4d0e97844e6578a845b897f.jpg,train
