relpath,split_dir,stem,parse_route,family,date,time
ElectroCom61 A Multiclass Dataset for Detection of Electronic Components\ElectroCom61\test\images\IMG20240219113649_jpg.rf.739000e43b9a609949208514a7f7a363.jpg,test,IMG20240219113649,roboflow,ts_compact,20240219,113649
ElectroCom61 A Multiclass Dataset for Detection of Electronic Components\ElectroCom61\test\images\IMG20240219113831_jpg.rf.ed5be8ce7f85c63010b471366a38e691.jpg,test,IMG20240219113831,roboflow,ts_compact,20240219,113831
ElectroCom61 A Multiclass Dataset for Detection of Electronic Components\ElectroCom61\test\images\IMG20240219113926_jpg.rf.9724c69342e44e72e934b2fc66f21012.jpg,test,IMG20240219113926,roboflow,ts_compact,20240219,113926
ElectroCom61 A Multiclass Dataset for Detection of Electronic Components\ElectroCom61\test\images\IMG20240219114137_jpg.rf.26d61e3934b9d0bdc12450cb4ff08744.jpg,test,IMG20240219114137,roboflow,ts_compact,20240219,114137
ElectroCom61 A Multiclass Dataset for Detection of Electronic Components\ElectroCom61\test\images\IMG20240220114517_jpg.rf.04a180b57af90fa9de100a1fff18493b.jpg,test,IMG20240220114517,roboflow,ts_compact,20240220,114517
ElectroCom61 A Multiclass Dataset for Detection of Electronic Components\ElectroCom61\test\images\IMG20240220114741_jpg.rf.48fb8e9ea7f7be7950b669678d98fa07.jpg,test,IMG20240220114741,roboflow,ts_compact,20240220,114741
ElectroCom61 A Multiclass Dataset for Detection of Electronic Components\ElectroCom61\test\images\IMG20240220115100_jpg.rf.d1e0338cb21d08c8f1ac016ef5b80358.jpg,test,IMG20240220115100,roboflow,ts_compact,20240220,115100
ElectroCom61 A Multiclass Dataset for Detection of Electronic Components\ElectroCom61\test\images\IMG20240220115109_jpg.rf.78565e6efae921fc5eca8bb70668e3ad.jpg,test,IMG20240220115109,roboflow,ts_compact,20240220,115109
ElectroCom61 A Multiclass Dataset for Detection of Electronic Components\ElectroCom61\test\images\IMG20240220120432_jpg.rf.c9512f6a6925f4af0e4b0f4d9f07af3f.jpg,test,IMG20240220120432,roboflow,ts_compact,20240220,120432
ElectroCom61 A Multiclass Dataset for Detection of Electronic Components\ElectroCom61\test\images\IMG20240220120706_jpg.rf.b1dff83806d49403b448742f4f1c5f51.jpg,test,IMG20240220120706,roboflow,ts_compact,20240220,120706
ElectroCom61 A Multiclass Dataset for Detection of Electronic Components\ElectroCom61\test\images\IMG20240220120712_jpg.rf.96d18ff8984936b546ae711b100700f7.jpg,test,IMG20240220120712,roboflow,ts_compact,20240220,120712
ElectroCom61 A Multiclass Dataset for Detection of Electronic Components\ElectroCom61\test\images\IMG20240220121703_jpg.rf.55fe7748ced798efb890a1a72e617e5d.jpg,test,IMG20240220121703,roboflow,ts_compact,20240220,121703
ElectroCom61 A Multiclass Dataset for Detection of Electronic Components\ElectroCom61\test\images\IMG20240220133619_jpg.rf.8f5000c4ec4a4bd7f7171c5ceb22d602.jpg,test,IMG20240220133619,roboflow,ts_compact,20240220,133619
ElectroCom61 A Multiclass Dataset for Detection of Electronic Components\ElectroCom61\test\images\IMG20240220133854_jpg.rf.9f3c735ec1e8cd41f8bc3f804a58fa3a.jpg,test,IMG20240220133854,roboflow,ts_compact,20240220,133854
ElectroCom61 A Multiclass Dataset for Detection of Electronic Components\ElectroCom61\test\images\IMG20240220134311_jpg.rf.c86c6215934b48228e7e922810f1dc4d.jpg,test,IMG20240220134311,roboflow,ts_compact,20240220,134311
ElectroCom61 A Multiclass Dataset for Detection of Electronic Components\ElectroCom61\test\images\IMG20240220134537_jpg.rf.6e9cb5dae19821e0db09299098502a1e.jpg,test,IMG20240220134537,roboflow,ts_compact,20240220,134537
ElectroCom61 A Multiclass Dataset for Detection of Electronic Components\ElectroCom61\test\images\IMG20240220134651_jpg.rf.fb74ba5d99ba2393de9b6fcba342fb8a.jpg,test,IMG20240220134651,roboflow,ts_compact,20240220,134651
ElectroCom61 A Multiclass Dataset for Detection of Electronic Components\ElectroCom61\test\images\IMG20240220134719_jpg.rf.08f603752d2605e2714f8c5bcfe7a50f.jpg,test,IMG20240220134719,roboflow,ts_compact,20240220,134719
ElectroCom61 A Multiclass Dataset for Detection of Electronic Components\ElectroCom61\test\images\IMG20240220135003_jpg.rf.dc15732106daa440f79b169b6f4e1bd9.jpg,test,IMG20240220135003,roboflow,ts_compact,20240220,135003
ElectroCom61 A Multiclass Dataset for Detection of Electronic Components\ElectroCom61\test\images\IMG20240220135244_jpg.rf.67896633ce6b3c734bcc10ef21ad5823.jpg,test,IMG20240220135244,roboflow,ts_compact,20240220,135244
ElectroCom61 A Multiclass Dataset for Detection of Electronic Components\ElectroCom61\test\images\IMG20240228123032_jpg.rf.6fd6968fa07c5b4701d8d0a25f030732.jpg,test,IMG20240228123032,roboflow,ts_compact,20240228,123032
ElectroCom61 A Multiclass Dataset for Detection of Electronic Components\ElectroCom61\test\images\IMG20240228123642_jpg.rf.ea1b858851d68488ef362a87b3f5037e.jpg,test,IMG20240228123642,roboflow,ts_compact,20240228,123642
ElectroCom61 A Multiclass Dataset for Detection of Electronic Components\ElectroCom61\test\images\IMG20240228123723_jpg.rf.a9fa093d25b382134ff04f0dda702db6.jpg,test,IMG20240228123723,roboflow,ts_compact,20240228,123723
ElectroCom61 A Multiclass Dataset for Detection of Electronic Components\ElectroCom61\test\images\IMG20240228124445_jpg.rf.c6486ef417d1e1500fc957bd3df310ed.jpg,test,IMG20240228124445,roboflow,ts_compact,20240228,124445
ElectroCom61 A Multiclass Dataset for Detection of Electronic Components\ElectroCom61\test\images\IMG20240228124453_jpg.rf.2a9310ee50d085af5f0a6cc719399530.jpg,test,IMG20240228124453,roboflow,ts_compact,20240228,124453
ElectroCom61 A Multiclass Dataset for Detection of Electronic Components\ElectroCom61\test\images\IMG20240228125647_jpg.rf.8815024701d86cee3b7cf47770db4287.jpg,test,IMG20240228125647,roboflow,ts_compact,20240228,125647
ElectroCom61 A Multiclass Dataset for Detection of Electronic Components\ElectroCom61\test\images\IMG20240228125705_jpg.rf.99d41b064917fb9fd3011b4938528906.jpg,test,IMG20240228125705,roboflow,ts_compact,20240228,125705
ElectroCom61 A Multiclass Dataset for Detection of Electronic Components\ElectroCom61\test\images\IMG20240228131317_jpg.rf.437b2288d1052fbb817ca20bdfe4e14a.jpg,test,IMG20240228131317,roboflow,ts_compact,20240228,131317
ElectroCom61 A Multiclass Dataset for Detection of Electronic Components\ElectroCom61\test\images\IMG20240228131634_jpg.rf.10baba083450a3ed73a61b03d4cb014f.jpg,test,IMG20240228131634,roboflow,ts_compact,20240228,131634
ElectroCom61 A Multiclass Dataset for Detection of Electronic Components\ElectroCom61\test\images\IMG20240228131658_jpg.rf.1ee0658dc4471a39544b0dbdbfbfbb3c.jpg,test,IMG20240228131658,roboflow,ts_compact,20240228,131658
ElectroCom61 A Multiclass Dataset for Detection of Electronic Components\ElectroCom61\test\images\IMG20240228131921_01_jpg.rf.499285664f7a2269be464b7f9c04c3f2.jpg,test,IMG20240228131921_01,roboflow,ts_compact_sub,20240228,131921
ElectroCom61 A Multiclass Dataset for Detection of Electronic Components\ElectroCom61\test\images\IMG20240228132456_jpg.rf.eb64c1ed2dbcd1e6aa3444ccbcac9c4c.jpg,test,IMG20240228132456,roboflow,ts_compact,20240228,132456
ElectroCom61 A Multiclass Dataset for Detection of Electronic Components\ElectroCom61\test\images\IMG20240228132533_jpg.rf.143880b7203bf01cbc7f4389bf0950a9.jpg,test,IMG20240228132533,roboflow,ts_compact,20240228,132533
ElectroCom61 A Multiclass Dataset for Detection of Electronic Components\ElectroCom61\test\images\IMG20240228132935_jpg.rf.4e48dbee62b520471322d8e85eb76303.jpg,test,IMG20240228132935,roboflow,ts_compact,20240228,132935
ElectroCom61 A Multiclass Dataset for Detection of Electronic Components\ElectroCom61\test\images\IMG20240228133659_01_jpg.rf.3906dd240d26469fb41bc84188d1cb5c.jpg,test,IMG20240228133659_01,roboflow,ts_compact_sub,20240228,133659
ElectroCom61 A Multiclass Dataset for Detection of Electronic Components\ElectroCom61\test\images\IMG20240228135553_jpg.rf.eba81894b805784244573adc6e27013c.jpg,test,IMG20240228135553,roboflow,ts_compact,20240228,135553
ElectroCom61 A Multiclass Dataset for Detection of Electronic Components\ElectroCom61\test\images\IMG20240228142403_jpg.rf.a435ebefe7741245109277088757e380.jpg,test,IMG20240228142403,roboflow,ts_compact,20240228,142403
ElectroCom61 A Multiclass Dataset for Detection of Electronic Components\ElectroCom61\test\images\IMG20240303110129_jpg.rf.f69afec48f2ac3cf680a5de6ff36b2fe.jpg,test,IMG20240303110129,roboflow,ts_compact,20240303,110129
ElectroCom61 A Multiclass Dataset for Detection of Electronic Components\ElectroCom61\test\images\IMG20240303110214_jpg.rf.42a2d0ef482d33cbb5ce934a98a73fac.jpg,test,IMG20240303110214,roboflow,ts_compact,20240303,110214
ElectroCom61 A Multiclass Dataset for Detection of Electronic Components\ElectroCom61\test\images\IMG20240303110406_jpg.rf.093c14ba8b00880183879855c7ac7c55.jpg,test,IMG20240303110406,roboflow,ts_compact,20240303,110406
ElectroCom61 A Multiclass Dataset for Detection of Electronic Components\ElectroCom61\test\images\IMG20240303110414_jpg.rf.691bbd7eca1f9a50e1ed06825e417172.jpg,test,IMG20240303110414,roboflow,ts_compact,20240303,110414
ElectroCom61 A Multiclass Dataset for Detection of Electronic Components\ElectroCom61\test\images\IMG20240303110422_jpg.rf.4557efe72f4ddd25a4ec1ac70b352e8c.jpg,test,IMG20240303110422,roboflow,ts_compact,20240303,110422
ElectroCom61 A Multiclass Dataset for Detection of Electronic Components\ElectroCom61\test\images\IMG20240303110734_jpg.rf.908199f7e1fc14639e5a01dc803b0a5d.jpg,test,IMG20240303110734,roboflow,ts_compact,20240303,110734
ElectroCom61 A Multiclass Dataset for Detection of Electronic Components\ElectroCom61\test\images\IMG20240303111224_jpg.rf.0cb9be849b5133341b95270349e224a2.jpg,test,IMG20240303111224,roboflow,ts_compact,20240303,111224
ElectroCom61 A Multiclass Dataset for Detection of Electronic Components\ElectroCom61\test\images\IMG20240303111312_jpg.rf.4e9622644a995b74cf13a5632baaa0f0.jpg,test,IMG20240303111312,roboflow,ts_compact,20240303,111312
ElectroCom61 A Multiclass Dataset for Detection of Electronic Components\ElectroCom61\test\images\IMG20240306115356_jpg.rf.8b554c7e17663b5acb2d3ca35c1435d8.jpg,test,IMG20240306115356,roboflow,ts_compact,20240306,115356
ElectroCom61 A Multiclass Dataset for Detection of Electronic Components\ElectroCom61\test\images\IMG20240306115416_jpg.rf.227130def0038d5eff3592e8309e8762.jpg,test,IMG20240306115416,roboflow,ts_compact,20240306,115416
ElectroCom61 A Multiclass Dataset for Detection of Electronic Components\ElectroCom61\test\images\IMG20240306120839_jpg.rf.f01cef01b9afaf85fd1e7c6242112a6e.jpg,test,IMG20240306120839,roboflow,ts_compact,20240306,120839
ElectroCom61 A Multiclass Dataset for Detection of Electronic Components\ElectroCom61\test\images\IMG20240306121026_jpg.rf.95a158a09cf951fb282d828f12e83121.jpg,test,IMG20240306121026,roboflow,ts_compact,20240306,121026
ElectroCom61 A Multiclass Dataset for Detection of Electronic Components\ElectroCom61\test\images\IMG20240306143551_jpg.rf.7741f027f005c7bc1bf39d271abfcd68.jpg,test,IMG20240306143551,roboflow,ts_compact,20240306,143551
ElectroCom61 A Multiclass Dataset for Detection of Electronic Components\ElectroCom61\test\images\IMG20240306143620_jpg.rf.f146c19a5615d687720c0e4f8cf2a835.jpg,test,IMG20240306143620,roboflow,ts_compact,20240306,143620
ElectroCom61 A Multiclass Dataset for Detection of Electronic Components\ElectroCom61\test\images\IMG20240306143713_jpg.rf.307965d5bf18e193a696c151caee496f.jpg,test,IMG20240306143713,roboflow,ts_compact,20240306,143713
ElectroCom61 A Multiclass Dataset for Detection of Electronic Components\ElectroCom61\test\images\IMG20240306143950_jpg.rf.c6f94ec40dff9bbefa9d7b5f62305064.jpg,test,IMG20240306143950,roboflow,ts_compact,20240306,143950
ElectroCom61 A Multiclass Dataset for Detection of Electronic Components\ElectroCom61\test\images\IMG20240306144250_jpg.rf.3707cd5226a50fe9f9c3ba8b308d7420.jpg,test,IMG20240306144250,roboflow,ts_compact,20240306,144250
ElectroCom61 A Multiclass Dataset for Detection of Electronic Components\ElectroCom61\test\images\IMG20240306144311_jpg.rf.8e5e511d633218a92292a3e717375bf8.jpg,test,IMG20240306144311,roboflow,ts_compact,20240306,144311
ElectroCom61 A Multiclass Dataset for Detection of Electronic Components\ElectroCom61\test\images\IMG20240309112459_jpg.rf.f2f5b12f9e6ee60fc4a21900c6c30950.jpg,test,IMG20240309112459,roboflow,ts_compact,20240309,112459
ElectroCom61 A Multiclass Dataset for Detection of Electronic Components\ElectroCom61\test\images\IMG20240309112551_jpg.rf.60492e479f3c0b12a33c08d5e55c01b7.jpg,test,IMG20240309112551,roboflow,ts_compact,20240309,112551
ElectroCom61 A Multiclass Dataset for Detection of Electronic Components\ElectroCom61\test\images\IMG20240309112703_jpg.rf.8c7a677abdba7e75dbf5dddb42d89986.jpg,test,IMG20240309112703,roboflow,ts_compact,20240309,112703
ElectroCom61 A Multiclass Dataset for Detection of Electronic Components\ElectroCom61\test\images\IMG20240309112748_jpg.rf.b61e5944228f904b9e67156be26ba15d.jpg,test,IMG20240309112748,roboflow,ts_compact,20240309,112748
ElectroCom61 A Multiclass Dataset for Detection of Electronic Components\ElectroCom61\test\images\IMG20240309113417_jpg.rf.97d14d5a33935de3ba341eac65df071a.jpg,test,IMG20240309113417,roboflow,ts_compact,20240309,113417
ElectroCom61 A Multiclass Dataset for Detection of Electronic Components\ElectroCom61\test\images\IMG20240309113622_jpg.rf.6732f6ff991f411c6f24bf80081ed7c9.jpg,test,IMG20240309113622,roboflow,ts_compact,20240309,113622
ElectroCom61 A Multiclass Dataset for Detection of Electronic Components\ElectroCom61\test\images\IMG20240309114604_jpg.rf.562e29307759de4a2210a4ae3ebd519b.jpg,test,IMG20240309114604,roboflow,ts_compact,20240309,114604
ElectroCom61 A Multiclass Dataset for Detection of Electronic Components\ElectroCom61\test\images\IMG20240309114740_jpg.rf.c14b7c25f2fed4800e2187978d33247d.jpg,test,IMG20240309114740,roboflow,ts_compact,20240309,114740
ElectroCom61 A Multiclass Dataset for Detection of Electronic Components\ElectroCom61\test\images\IMG20240309114846_jpg.rf.9cf50aeb9825d11f47ea42ad302cc2a0.jpg,test,IMG20240309114846,roboflow,ts_compact,20240309,114846
ElectroCom61 A Multiclass Dataset for Detection of Electronic Components\ElectroCom61\test\images\IMG20240309115014_jpg.rf.ff12164246fc231f2ec876ee1fd2c8b4.jpg,test,IMG20240309115014,roboflow,ts_compact,20240309,115014
ElectroCom61 A Multiclass Dataset for Detection of Electronic Components\ElectroCom61\test\images\IMG20240309115204_jpg.rf.1671fdd07f252ac94f4d03a6b0d1d8bf.jpg,test,IMG20240309115204,roboflow,ts_compact,20240309,115204
ElectroCom61 A Multiclass Dataset for Detection of Electronic Components\ElectroCom61\test\images\IMG20240309115335_jpg.rf.6ad540faa5368da45bb973134108bc92.jpg,test,IMG20240309115335,roboflow,ts_compact,20240309,115335
ElectroCom61 A Multiclass Dataset for Detection of Electronic Components\ElectroCom61\test\images\IMG20240417115121_jpg.rf.13be37c45ead033f9d0ad1eb6b5d49e6.jpg,test,IMG20240417115121,roboflow,ts_compact,20240417,115121
ElectroCom61 A Multiclass Dataset for Detection of Electronic Components\ElectroCom61\test\images\IMG20240417115151_jpg.rf.e17a341aeb82ba75a36bcba2cc2c1a73.jpg,test,IMG20240417115151,roboflow,ts_compact,20240417,115151
ElectroCom61 A Multiclass Dataset for Detection of Electronic Components\ElectroCom61\test\images\IMG_20240219_113711_jpg.rf.73592dbfb956713954c415060015c988.jpg,test,IMG_20240219_113711,roboflow,ts_underscore,20240219,113711
ElectroCom61 A Multiclass Dataset for Detection of Electronic Components\ElectroCom61\test\images\IMG_20240219_113730_jpg.rf.43bcf0a8aa798b429ab2c0df3544050a.jpg,test,IMG_20240219_113730,roboflow,ts_underscore,20240219,113730
ElectroCom61 A Multiclass Dataset for Detection of Electronic Components\ElectroCom61\test\images\IMG_20240219_114018_jpg.rf.cc4cd7e4ff37ab830c5c2486c64928cb.jpg,test,IMG_20240219_114018,roboflow,ts_underscore,20240219,114018
ElectroCom61 A Multiclass Dataset for Detection of Electronic Components\ElectroCom61\test\images\IMG_20240219_114214_jpg.rf.9bab4688773675e4df3250dfa834ccee.jpg,test,IMG_20240219_114214,roboflow,ts_underscore,20240219,114214
ElectroCom61 A Multiclass Dataset for Detection of Electronic Components\ElectroCom61\test\images\IMG_20240219_115224_jpg.rf.5f67037e074d7be714f5f45783a15fcd.jpg,test,IMG_20240219_115224,roboflow,ts_underscore,20240219,115224
ElectroCom61 A Multiclass Dataset for Detection of Electronic Components\ElectroCom61\test\images\IMG_20240219_115342_jpg.rf.e0ac84daf7ebae808e72b4262a666558.jpg,test,IMG_20240219_115342,roboflow,ts_underscore,20240219,115342
ElectroCom61 A Multiclass Dataset for Detection of Electronic Components\ElectroCom61\test\images\IMG_20240220_114159_jpg.rf.0f552fb476fb128439104386f388a9e1.jpg,test,IMG_20240220_114159,roboflow,ts_underscore,20240220,114159
ElectroCom61 A Multiclass Dataset for Detection of Electronic Components\ElectroCom61\test\images\IMG_20240220_114930_jpg.rf.b443e1496d702c6d19987ab43b73930f.jpg,test,IMG_20240220_114930,roboflow,ts_underscore,20240220,114930
ElectroCom61 A Multiclass Dataset for Detection of Electronic Components\ElectroCom61\test\images\IMG_20240220_114936_jpg.rf.5b54d7d2ccb68d38b87483bdfca9172e.jpg,test,IMG_20240220_114936,roboflow,ts_underscore,20240220,114936
ElectroCom61 A Multiclass Dataset for Detection of Electronic Components\ElectroCom61\test\images\IMG_20240220_115051_jpg.rf.49e9d8d02f507512436a41a7966826d1.jpg,test,IMG_20240220_115051,roboflow,ts_underscore,20240220,115051
ElectroCom61 A Multiclass Dataset for Detection of Electronic Components\ElectroCom61\test\images\IMG_20240220_115127_jpg.rf.2ef9da86f74753542d0dc9991f49f8aa.jpg,test,IMG_20240220_115127,roboflow,ts_underscore,20240220,115127
ElectroCom61 A Multiclass Dataset for Detection of Electronic Components\ElectroCom61\test\images\IMG_20240220_115502_jpg.rf.caca3a276324e9f03b4c1615f4b80654.jpg,test,IMG_20240220_115502,roboflow,ts_underscore,20240220,115502
ElectroCom61 A Multiclass Dataset for Detection of Electronic Components\ElectroCom61\test\images\IMG_20240220_115539_jpg.rf.eda7266da9458a76b702c7f881428cc7.jpg,test,IMG_20240220_115539,roboflow,ts_underscore,20240220,115539
ElectroCom61 A Multiclass Dataset for Detection of Electronic Components\ElectroCom61\test\images\IMG_20240220_115849_jpg.rf.bbb5356805697fdfec52649f14a1a613.jpg,test,IMG_20240220_115849,roboflow,ts_underscore,20240220,115849
ElectroCom61 A Multiclass Dataset for Detection of Electronic Components\ElectroCom61\test\images\IMG_20240220_120146_jpg.rf.6e384cb143d3899adc87d26a3be971cf.jpg,test,IMG_20240220_120146,roboflow,ts_underscore,20240220,120146
ElectroCom61 A Multiclass Dataset for Detection of Electronic Components\ElectroCom61\test\images\IMG_20240220_120314_jpg.rf.8f38f201a072e90254dbe3bedc28e441.jpg,test,IMG_20240220_120314,roboflow,ts_underscore,20240220,120314
ElectroCom61 A Multiclass Dataset for Detection of Electronic Components\ElectroCom61\test\images\IMG_20240220_120420_jpg.rf.b13a9f50d46f1573627ffa5d272f5f4e.jpg,test,IMG_20240220_120420,roboflow,ts_underscore,20240220,120420
ElectroCom61 A Multiclass Dataset for Detection of Electronic Components\ElectroCom61\test\images\IMG_20240220_121153_jpg.rf.b72d5c89649bea09b7e40a57be3286d1.jpg,test,IMG_20240220_121153,roboflow,ts_underscore,20240220,121153
ElectroCom61 A Multiclass Dataset for Detection of Electronic Components\ElectroCom61\test\images\IMG_20240220_121405_jpg.rf.955301391da1ddddbb0261c30bccaedd.jpg,test,IMG_20240220_121405,roboflow,ts_underscore,20240220,121405
ElectroCom61 A Multiclass Dataset for Detection of Electronic Components\ElectroCom61\test\images\IMG_20240220_121536_jpg.rf.586596b30ec2e3ba5fb7dee0decda0e3.jpg,test,IMG_20240220_121536,roboflow,ts_underscore,20240220,121536
ElectroCom61 A Multiclass Dataset for Detection of Electronic Components\ElectroCom61\test\images\IMG_20240220_131552_jpg.rf.71080158437bc9ae0f7d54ae707c240c.jpg,test,IMG_20240220_131552,roboflow,ts_underscore,20240220,131552
ElectroCom61 A Multiclass Dataset for Detection of Electronic Components\ElectroCom61\test\images\IMG_20240220_131738_jpg.rf.fbe647d388305137d824ea8dc3bc97f9.jpg,test,IMG_20240220_131738,roboflow,ts_underscore,20240220,131738
ElectroCom61 A Multiclass Dataset for Detection of Electronic Components\ElectroCom61\test\images\IMG_20240220_132056_jpg.rf.a837dfe589d463b576be27cd1b010515.jpg,test,IMG_20240220_132056,roboflow,ts_underscore,20240220,132056
ElectroCom61 A Multiclass Dataset for Detection of Electronic Components\ElectroCom61\test\images\IMG_20240220_132104_jpg.rf.17babf06563ff7f0245b954ad07082bc.jpg,test,IMG_20240220_132104,roboflow,ts_underscore,20240220,132104
ElectroCom61 A Multiclass Dataset for Detection of Electronic Components\ElectroCom61\test\images\IMG_20240220_132322_jpg.rf.5d90ec795020ac9177d733d3df7f06c9.jpg,test,IMG_20240220_132322,roboflow,ts_underscore,20240220,132322
ElectroCom61 A Multiclass Dataset for Detection of Electronic Components\ElectroCom61\test\images\IMG_20240220_132601_jpg.rf.e135d5eb0963addffeef0116f2859568.jpg,test,IMG_20240220_132601,roboflow,ts_underscore,20240220,132601
ElectroCom61 A Multiclass Dataset for Detection of Electronic Components\ElectroCom61\test\images\IMG_20240220_132642_jpg.rf.419401059068264b9fcf74cdfd31a4c3.jpg,test,IMG_20240220_132642,roboflow,ts_underscore,20240220,132642
ElectroCom61 A Multiclass Dataset for Detection of Electronic Components\ElectroCom61\test\images\IMG_20240220_132702_jpg.rf.9afbefef4012ba90e2c01a45ace97118.jpg,test,IMG_20240220_132702,roboflow,ts_underscore,20240220,132702
ElectroCom61 A Multiclass Dataset for Detection of Electronic Components\ElectroCom61\test\images\IMG_20240220_132849_jpg.rf.da9b465f39e5e8d432bdfb22bcbab693.jpg,test,IMG_20240220_132849,roboflow,ts_underscore,20240220,132849
ElectroCom61 A Multiclass Dataset for Detection of Electronic Components\ElectroCom61\test\images\IMG_20240220_133024_jpg.rf.64df91f54b138445e1c1415caedcc635.jpg,test,IMG_20240220_133024,roboflow,ts_underscore,20240220,133024
ElectroCom61 A Multiclass Dataset for Detection of Electronic Components\ElectroCom61\test\images\IMG_20240220_133130_jpg.rf.eba77575e367ac0e848c7ed46fc5903e.jpg,test,IMG_20240220_133130,roboflow,ts_underscore,20240220,133130
ElectroCom61 A Multiclass Dataset for Detection of Electronic Components\ElectroCom61\test\images\IMG_20240220_133352_jpg.rf.bf2311f408e9b230dd5bd8f847f3a719.jpg,test,IMG_20240220_133352,roboflow,ts_underscore,20240220,133352
ElectroCom61 A Multiclass Dataset for Detection of Electronic Components\ElectroCom61\test\images\IMG_20240220_134137_jpg.rf.2ddd06351f0f48c9c1f0f5ff18c0547b.jpg,test,IMG_20240220_134137,roboflow,ts_underscore,20240220,134137
ElectroCom61 A Multiclass Dataset for Detection of Electronic Components\ElectroCom61\test\images\IMG_20240220_135316_jpg.rf.86ecdcb8ede74080b37939b00a813356.jpg,test,IMG_20240220_135316,roboflow,ts_underscore,20240220,135316
ElectroCom61 A Multiclass Dataset for Detection of Electronic Components\ElectroCom61\test\images\IMG_20240220_135322_jpg.rf.2d994b0cc8f3802324cdcbdcb6fdd82f.jpg,test,IMG_20240220_135322,roboflow,ts_underscore,20240220,135322
ElectroCom61 A Multiclass Dataset for Detection of Electronic Components\ElectroCom61\test\images\IMG_20240220_135410_jpg.rf.301c2957b7e25e18602c0cc3354047fa.jpg,test,IMG_20240220_135410,roboflow,ts_underscore,20240220,135410
ElectroCom61 A Multiclass Dataset for Detection of Electronic Components\ElectroCom61\test\images\IMG_20240220_135627_jpg.rf.0a74794fb5ce1f8eecb7d53f0effdb5e.jpg,test,IMG_20240220_135627,roboflow,ts_underscore,20240220,135627
ElectroCom61 A Multiclass Dataset for Detection of Electronic Components\ElectroCom61\test\images\IMG_20240220_135723_jpg.rf.0ff88ae88bf6b102c93373ad0a34778f.jpg,test,IMG_20240220_135723,roboflow,ts_underscore,20240220,135723
ElectroCom61 A Multiclass Dataset for Detection of Electronic Components\ElectroCom61\test\images\IMG_20240228_123102_jpg.rf.b9f18438512804aca24c2bd0c4b72299.jpg,test,IMG_20240228_123102,roboflow,ts_underscore,20240228,123102
ElectroCom61 A Multiclass Dataset for Detection of Electronic Components\ElectroCom61\test\images\IMG_20240228_123116_jpg.rf.3220aa9aef7e3bc7777145a86be7cf44.jpg,test,IMG_20240228_123116,roboflow,ts_underscore,20240228,123116
ElectroCom61 A Multiclass Dataset for Detection of Electronic Components\ElectroCom61\test\images\IMG_20240228_123641_jpg.rf.f4abc9c0bcb6416755a85bd6d036f715.jpg,test,IMG_20240228_123641,roboflow,ts_underscore,20240228,123641
ElectroCom61 A Multiclass Dataset for Detection of Electronic Components\ElectroCom61\test\images\IMG_20240228_123700_jpg.rf.f129c8b787843039cd11e35552fdd0c4.jpg,test,IMG_20240228_123700,roboflow,ts_underscore,20240228,123700
ElectroCom61 A Multiclass Dataset for Detection of Electronic Components\ElectroCom61\test\images\IMG_20240228_123716_jpg.rf.c1a8abba79e512ad3b271ad1fd7f1424.jpg,test,IMG_20240228_123716,roboflow,ts_underscore,20240228,123716
ElectroCom61 A Multiclass Dataset for Detection of Electronic Components\ElectroCom61\test\images\IMG_20240228_124433_jpg.rf.f0c84e41af2702587786a3a01f9ce87d.jpg,test,IMG_20240228_124433,roboflow,ts_underscore,20240228,124433
ElectroCom61 A Multiclass Dataset for Detection of Electronic Components\ElectroCom61\test\images\IMG_20240228_124619_jpg.rf.8b7faa9b763ae03eebb1c08260f899b1.jpg,test,IMG_20240228_124619,roboflow,ts_underscore,20240228,124619
ElectroCom61 A Multiclass Dataset for Detection of Electronic Components\ElectroCom61\test\images\IMG_20240228_125641_jpg.rf.7bec5fd95a8de6f97f14bbeb3deaf8ae.jpg,test,IMG_20240228_125641,roboflow,ts_underscore,20240228,125641
ElectroCom61 A Multiclass Dataset for Detection of Electronic Components\ElectroCom61\test\images\IMG_20240228_125719_jpg.rf.bcc68968898621daa5b94a7895e75c27.jpg,test,IMG_20240228_125719,roboflow,ts_underscore,20240228,125719
ElectroCom61 A Multiclass Dataset for Detection of Electronic Components\ElectroCom61\test\images\IMG_20240228_131018_jpg.rf.5b86dbc31381d86a84c689715c53f71a.jpg,test,IMG_20240228_131018,roboflow,ts_underscore,20240228,131018
ElectroCom61 A Multiclass Dataset for Detection of Electronic Components\ElectroCom61\test\images\IMG_20240228_131416_jpg.rf.678a6c01efd8521610930f1868f31220.jpg,test,IMG_20240228_131416,roboflow,ts_underscore,20240228,131416
ElectroCom61 A Multiclass Dataset for Detection of Electronic Components\ElectroCom61\test\images\IMG_20240228_131530_jpg.rf.a3e99f65a75bf1d59df6c102f3d7bb9e.jpg,test,IMG_20240228_131530,roboflow,ts_underscore,20240228,131530
ElectroCom61 A Multiclass Dataset for Detection of Electronic Components\ElectroCom61\test\images\IMG_20240228_132304_jpg.rf.9ad02584b327437c45fb118005bf821c.jpg,test,IMG_20240228_132304,roboflow,ts_underscore,20240228,132304
ElectroCom61 A Multiclass Dataset for Detection of Electronic Components\ElectroCom61\test\images\IMG_20240228_132345_jpg.rf.cf6a5fd3a131e46c4df392870e8157d0.jpg,test,IMG_20240228_132345,roboflow,ts_underscore,20240228,132345
ElectroCom61 A Multiclass Dataset for Detection of Electronic Components\ElectroCom61\test\images\IMG_20240228_132351_jpg.rf.a89adea384ebb787fb3034b79f129dfc.jpg,test,IMG_20240228_132351,roboflow,ts_underscore,20240228,132351
ElectroCom61 A Multiclass Dataset for Detection of Electronic Components\ElectroCom61\test\images\IMG_20240228_132355_jpg.rf.1c17a8b8cf4d37fdf475aa05278ef1c0.jpg,test,IMG_20240228_132355,roboflow,ts_underscore,20240228,132355
ElectroCom61 A Multiclass Dataset for Detection of Electronic Components\ElectroCom61\test\images\IMG_20240228_132436_jpg.rf.1f38f885e7816cf977d3ff6370fe9b4f.jpg,test,IMG_20240228_132436,roboflow,ts_underscore,20240228,132436
ElectroCom61 A Multiclass Dataset for Detection of Electronic Components\ElectroCom61\test\images\IMG_20240228_132444_jpg.rf.2516904628e0b15db734007e04edd52b.jpg,test,IMG_20240228_132444,roboflow,ts_underscore,20240228,132444
ElectroCom61 A Multiclass Dataset for Detection of Electronic Components\ElectroCom61\test\images\IMG_20240228_133000_jpg.rf.65570f0f0eedeed199f4921274fe091f.jpg,test,IMG_20240228_133000,roboflow,ts_underscore,20240228,133000
ElectroCom61 A Multiclass Dataset for Detection of Electronic Components\ElectroCom61\test\images\IMG_20240228_133010_jpg.rf.4d6436bd9fd0c23d38d67d236e661b37.jpg,test,IMG_20240228_133010,roboflow,ts_underscore,20240228,133010
ElectroCom61 A Multiclass Dataset for Detection of Electronic Components\ElectroCom61\test\images\IMG_20240228_133205_jpg.rf.703954a1693df222aa794866394d35cc.jpg,test,IMG_20240228_133205,roboflow,ts_underscore,20240228,133205
ElectroCom61 A Multiclass Dataset for Detection of Electronic Components\ElectroCom61\test\images\IMG_20240228_133453_jpg.rf.2d57d46c2c65f294a27aa5a65b64fb2d.jpg,test,IMG_20240228_133453,roboflow,ts_underscore,20240228,133453
ElectroCom61 A Multiclass Dataset for Detection of Electronic Components\ElectroCom61\test\images\IMG_20240228_135615_jpg.rf.595f3682cd5c6a1099b7f8dea268a8d6.jpg,test,IMG_20240228_135615,roboflow,ts_underscore,20240228,135615
ElectroCom61 A Multiclass Dataset for Detection of Electronic Components\ElectroCom61\test\images\IMG_20240228_135620_jpg.rf.951b7f77c51f44d38b00c864b84de6d7.jpg,test,IMG_20240228_135620,roboflow,ts_underscore,20240228,135620
ElectroCom61 A Multiclass Dataset for Detection of Electronic Components\ElectroCom61\test\images\IMG_20240228_135625_jpg.rf.82d14d356fd47cd746f2bc026e1bc4de.jpg,test,IMG_20240228_135625,roboflow,ts_underscore,20240228,135625
ElectroCom61 A Multiclass Dataset for Detection of Electronic Components\ElectroCom61\test\images\IMG_20240228_135857_jpg.rf.74cbf8bb1567609d816831fa83f2c871.jpg,test,IMG_20240228_135857,roboflow,ts_underscore,20240228,135857
ElectroCom61 A Multiclass Dataset for Detection of Electronic Components\ElectroCom61\test\images\IMG_20240228_140555_jpg.rf.5d923cfa5b47e55090dfe75b09aa12f8.jpg,test,IMG_20240228_140555,roboflow,ts_underscore,20240228,140555
ElectroCom61 A Multiclass Dataset for Detection of Electronic Components\ElectroCom61\test\images\IMG_20240228_141050_jpg.rf.30a351721524a996d3ecd2acc61bb960.jpg,test,IMG_20240228_141050,roboflow,ts_underscore,20240228,141050
ElectroCom61 A Multiclass Dataset for Detection of Electronic Components\ElectroCom61\test\images\IMG_20240228_141139_jpg.rf.fe90078c696587c9fc3d417bfd1028c3.jpg,test,IMG_20240228_141139,roboflow,ts_underscore,20240228,141139
ElectroCom61 A Multiclass Dataset for Detection of Electronic Components\ElectroCom61\test\images\IMG_20240228_141443_jpg.rf.185fa7cad8d4545b764313c408901aff.jpg,test,IMG_20240228_141443,roboflow,ts_underscore,20240228,141443
ElectroCom61 A Multiclass Dataset for Detection of Electronic Components\ElectroCom61\test\images\IMG_20240303_105837_jpg.rf.f757de19c155f88dfc26781e3fae6b7d.jpg,test,IMG_20240303_105837,roboflow,ts_underscore,20240303,105837
ElectroCom61 A Multiclass Dataset for Detection of Electronic Components\ElectroCom61\test\images\IMG_20240303_110048_jpg.rf.c50edfb679bdaba9931fef8a32fe0f5a.jpg,test,IMG_20240303_110048,roboflow,ts_underscore,20240303,110048
ElectroCom61 A Multiclass Dataset for Detection of Electronic Components\ElectroCom61\test\images\IMG_20240303_110113_jpg.rf.6391ffd4829f13ad169dcc9940182129.jpg,test,IMG_20240303_110113,roboflow,ts_underscore,20240303,110113
ElectroCom61 A Multiclass Dataset for Detection of Electronic Components\ElectroCom61\test\images\IMG_20240303_110324_jpg.rf.c8119350ae364bf9a091a6a2fd7d3b8a.jpg,test,IMG_20240303_110324,roboflow,ts_underscore,20240303,110324
ElectroCom61 A Multiclass Dataset for Detection of Electronic Components\ElectroCom61\test\images\IMG_20240303_110412_jpg.rf.e84776e98b94a3137555090d892852a2.jpg,test,IMG_20240303_110412,roboflow,ts_underscore,20240303,110412
ElectroCom61 A Multiclass Dataset for Detection of Electronic Components\ElectroCom61\test\images\IMG_20240303_110604_jpg.rf.1661e74922b224221db2fc0d3612a51d.jpg,test,IMG_20240303_110604,roboflow,ts_underscore,20240303,110604
ElectroCom61 A Multiclass Dataset for Detection of Electronic Components\ElectroCom61\test\images\IMG_20240303_110904_jpg.rf.f2c156f565c5f914b60718aaaef7e6a0.jpg,test,IMG_20240303_110904,roboflow,ts_underscore,20240303,110904
ElectroCom61 A Multiclass Dataset for Detection of Electronic Components\ElectroCom61\test\images\IMG_20240303_111206_jpg.rf.d258c6e53736840c89e8a0320e08ce36.jpg,test,IMG_20240303_111206,roboflow,ts_underscore,20240303,111206
ElectroCom61 A Multiclass Dataset for Detection of Electronic Components\ElectroCom61\test\images\IMG_20240303_111459_jpg.rf.11f445399013e3da38d39fabb2ee25f1.jpg,test,IMG_20240303_111459,roboflow,ts_underscore,20240303,111459
ElectroCom61 A Multiclass Dataset for Detection of Electronic Components\ElectroCom61\test\images\IMG_20240303_111552_jpg.rf.a1d3f09ed89b2661735f8879933ffe24.jpg,test,IMG_20240303_111552,roboflow,ts_underscore,20240303,111552
ElectroCom61 A Multiclass Dataset for Detection of Electronic Components\ElectroCom61\test\images\IMG_20240306_115212_jpg.rf.11cf9b22ebc8c34e923a759a54c1624e.jpg,test,IMG_20240306_115212,roboflow,ts_underscore,20240306,115212
ElectroCom61 A Multiclass Dataset for Detection of Electronic Components\ElectroCom61\test\images\IMG_20240306_120025_jpg.rf.8b0845d16314799cc4f470ec7b37f810.jpg,test,IMG_20240306_120025,roboflow,ts_underscore,20240306,120025
ElectroCom61 A Multiclass Dataset for Detection of Electronic Components\ElectroCom61\test\images\IMG_20240306_120259_jpg.rf.0af669d95432e3687176e0aebca1836d.jpg,test,IMG_20240306_120259,roboflow,ts_underscore,20240306,120259
ElectroCom61 A Multiclass Dataset for Detection of Electronic Components\ElectroCom61\test\images\IMG_20240306_120433_jpg.rf.962769289037319b32952b8dba6c966b.jpg,test,IMG_20240306_120433,roboflow,ts_underscore,20240306,120433
ElectroCom61 A Multiclass Dataset for Detection of Electronic Components\ElectroCom61\test\images\IMG_20240306_120648_jpg.rf.067731625dc3398e3a1105397428edeb.jpg,test,IMG_20240306_120648,roboflow,ts_underscore,20240306,120648
ElectroCom61 A Multiclass Dataset for Detection of Electronic Components\ElectroCom61\test\images\IMG_20240306_120752_jpg.rf.82276aa1b943f41819d50577adc1b2f0.jpg,test,IMG_20240306_120752,roboflow,ts_underscore,20240306,120752
ElectroCom61 A Multiclass Dataset for Detection of Electronic Components\ElectroCom61\test\images\IMG_20240306_120807_jpg.rf.e5a36fae12c0f1befd4f2df7c5c694a4.jpg,test,IMG_20240306_120807,roboflow,ts_underscore,20240306,120807
ElectroCom61 A Multiclass Dataset for Detection of Electronic Components\ElectroCom61\test\images\IMG_20240306_121004_jpg.rf.df33d1000f8f6b4c01ee93ef518a61d2.jpg,test,IMG_20240306_121004,roboflow,ts_underscore,20240306,121004
ElectroCom61 A Multiclass Dataset for Detection of Electronic Components\ElectroCom61\test\images\IMG_20240306_143648_jpg.rf.7c326233b042232c6daf340b1ffaefff.jpg,test,IMG_20240306_143648,roboflow,ts_underscore,20240306,143648
ElectroCom61 A Multiclass Dataset for Detection of Electronic Components\ElectroCom61\test\images\IMG_20240306_143742_jpg.rf.8c2c0bf64346f4d0d887d9dbe81a7cd4.jpg,test,IMG_20240306_143742,roboflow,ts_underscore,20240306,143742
ElectroCom61 A Multiclass Dataset for Detection of Electronic Components\ElectroCom61\test\images\IMG_20240306_143943_jpg.rf.59afcfb92025019e4ed8ede91a198934.jpg,test,IMG_20240306_143943,roboflow,ts_underscore,20240306,143943
ElectroCom61 A Multiclass Dataset for Detection of Electronic Components\ElectroCom61\test\images\IMG_20240306_144146_jpg.rf.16ef13c3da594c732895ca0c74d170f3.jpg,test,IMG_20240306_144146,roboflow,ts_underscore,20240306,144146
ElectroCom61 A Multiclass Dataset for Detection of Electronic Components\ElectroCom61\test\images\IMG_20240306_144150_jpg.rf.0ebb8f67a5e9b4c96570ff12a6b7b15e.jpg,test,IMG_20240306_144150,roboflow,ts_underscore,20240306,144150
ElectroCom61 A Multiclass Dataset for Detection of Electronic Components\ElectroCom61\test\images\IMG_20240306_144215_jpg.rf.8266022dfc1469529aaea5c6fcf34a1b.jpg,test,IMG_20240306_144215,roboflow,ts_underscore,20240306,144215
ElectroCom61 A Multiclass Dataset for Detection of Electronic Components\ElectroCom61\test\images\IMG_20240309_112657_jpg.rf.581891d5b4996d3cafae13d413193c05.jpg,test,IMG_20240309_112657,roboflow,ts_underscore,20240309,112657
ElectroCom61 A Multiclass Dataset for Detection of Electronic Components\ElectroCom61\test\images\IMG_20240309_112841_jpg.rf.cc5852497e5fcd9ff2175a8c3408978a.jpg,test,IMG_20240309_112841,roboflow,ts_underscore,20240309,112841
ElectroCom61 A Multiclass Dataset for Detection of Electronic Components\ElectroCom61\test\images\IMG_20240309_112934_jpg.rf.3355d61862de284fb4d077c88001e4ae.jpg,test,IMG_20240309_112934,roboflow,ts_underscore,20240309,112934
ElectroCom61 A Multiclass Dataset for Detection of Electronic Components\ElectroCom61\test\images\IMG_20240309_113054_jpg.rf.76cbf1a60e0f66c520167d6568ae3409.jpg,test,IMG_20240309_113054,roboflow,ts_underscore,20240309,113054
ElectroCom61 A Multiclass Dataset for Detection of Electronic Components\ElectroCom61\test\images\IMG_20240309_113356_jpg.rf.d0f07ff64ee895962ccfc3edbc5fd5dc.jpg,test,IMG_20240309_113356,roboflow,ts_underscore,20240309,113356
ElectroCom61 A Multiclass Dataset for Detection of Electronic Components\ElectroCom61\test\images\IMG_20240309_113550_jpg.rf.2b51b28276f4c688962ca5a71b951754.jpg,test,IMG_20240309_113550,roboflow,ts_underscore,20240309,113550
ElectroCom61 A Multiclass Dataset for Detection of Electronic Components\ElectroCom61\test\images\IMG_20240309_113625_jpg.rf.5e31475aed19167bf813daecb500270d.jpg,test,IMG_20240309_113625,roboflow,ts_underscore,20240309,113625
ElectroCom61 A Multiclass Dataset for Detection of Electronic Components\ElectroCom61\test\images\IMG_20240309_113711_jpg.rf.8bff1ea46ff73dba44517862ff57d0a5.jpg,test,IMG_20240309_113711,roboflow,ts_underscore,20240309,113711
ElectroCom61 A Multiclass Dataset for Detection of Electronic Components\ElectroCom61\test\images\IMG_20240309_113723_jpg.rf.e5cff6f8234a1e533956d2d457f9ec14.jpg,test,IMG_20240309_113723,roboflow,ts_underscore,20240309,113723
ElectroCom61 A Multiclass Dataset for Detection of Electronic Components\ElectroCom61\test\images\IMG_20240309_113834_jpg.rf.a00f74b8ff0f1f083009839ab52267e7.jpg,test,IMG_20240309_113834,roboflow,ts_underscore,20240309,113834
ElectroCom61 A Multiclass Dataset for Detection of Electronic Components\ElectroCom61\test\images\IMG_20240309_114006_jpg.rf.4e16accad12dface4a511baeb33f13bb.jpg,test,IMG_20240309_114006,roboflow,ts_underscore,20240309,114006
ElectroCom61 A Multiclass Dataset for Detection of Electronic Components\ElectroCom61\test\images\IMG_20240309_114140_jpg.rf.10d5c63d601ba51b7d3b7f2105a11b85.jpg,test,IMG_20240309_114140,roboflow,ts_underscore,20240309,114140
ElectroCom61 A Multiclass Dataset for Detection of Electronic Components\ElectroCom61\test\images\IMG_20240309_114741_jpg.rf.978c3ec24fde2a0dfa63e79171ae78f0.jpg,test,IMG_20240309_114741,roboflow,ts_underscore,20240309,114741
ElectroCom61 A Multiclass Dataset for Detection of Electronic Components\ElectroCom61\test\images\IMG_20240309_114840_jpg.rf.093337ac18ab6f932bedcb9b9964fa32.jpg,test,IMG_20240309_114840,roboflow,ts_underscore,20240309,114840
ElectroCom61 A Multiclass Dataset for Detection of Electronic Components\ElectroCom61\test\images\IMG_20240309_115144_jpg.rf.0455676e52950ffa7b79475294c70e06.jpg,test,IMG_20240309_115144,roboflow,ts_underscore,20240309,115144
ElectroCom61 A Multiclass Dataset for Detection of Electronic Components\ElectroCom61\test\images\IMG_20240309_115637_jpg.rf.d11c1ededec619711299428046b1026f.jpg,test,IMG_20240309_115637,roboflow,ts_underscore,20240309,115637
ElectroCom61 A Multiclass Dataset for Detection of Electronic Components\ElectroCom61\test\images\IMG_20240309_115756_jpg.rf.a40490bd6abd60f95255a99b9b761340.jpg,test,IMG_20240309_115756,roboflow,ts_underscore,20240309,115756
ElectroCom61 A Multiclass Dataset for Detection of Electronic Components\ElectroCom61\test\images\IMG_20240309_115840_jpg.rf.6925c2be2eeddc221ffae03b2d646fd4.jpg,test,IMG_20240309_115840,roboflow,ts_underscore,20240309,115840
ElectroCom61 A Multiclass Dataset for Detection of Electronic Components\ElectroCom61\test\images\IMG_20240309_115958_jpg.rf.b9d023a0f6ab45d90a1d6b509fc05c3b.jpg,test,IMG_20240309_115958,roboflow,ts_underscore,20240309,115958
ElectroCom61 A Multiclass Dataset for Detection of Electronic Components\ElectroCom61\test\images\IMG_20240309_120210_jpg.rf.5b2b41d3908a6c8d2cc6fd4f3006bdab.jpg,test,IMG_20240309_120210,roboflow,ts_underscore,20240309,120210
ElectroCom61 A Multiclass Dataset for Detection of Electronic Components\ElectroCom61\test\images\IMG_20240417_115042_jpg.rf.d8becf3b60a547ab345e4a53d91bed32.jpg,test,IMG_20240417_115042,roboflow,ts_underscore,20240417,115042
ElectroCom61 A Multiclass Dataset for Detection of Electronic Components\ElectroCom61\test\images\IMG_20240417_115155_jpg.rf.70ab43ef5bac80b97d24b52ad710b961.jpg,test,IMG_20240417_115155,roboflow,ts_underscore,20240417,115155
ElectroCom61 A Multiclass Dataset for Detection of Electronic Components\ElectroCom61\test\images\IMG_20240417_115349_jpg.rf.dfc99d0e111e482969ece3572475d1e9.jpg,test,IMG_20240417_115349,roboflow,ts_underscore,20240417,115349
ElectroCom61 A Multiclass Dataset for Detection of Electronic Components\ElectroCom61\test\images\IMG_20240417_115403_jpg.rf.53bf73aaed5e9a595b54d404d5be531e.jpg,test,IMG_20240417_115403,roboflow,ts_underscore,20240417,115403
ElectroCom61 A Multiclass Dataset for Detection of Electronic Components\ElectroCom61\test\images\IMG_5146_JPG.rf.78a2f8d3c5aaf0650fce6cee7c4b6b83.jpg,test,IMG_5146,roboflow,counter,,
ElectroCom61 A Multiclass Dataset for Detection of Electronic Components\ElectroCom61\test\images\IMG_5193_JPG.rf.b18f51aa6ccef2f012b40d4b723ae271.jpg,test,IMG_5193,roboflow,counter,,
ElectroCom61 A Multiclass Dataset for Detection of Electronic Components\ElectroCom61\test\images\IMG_5212_JPG.rf.64d6edbe30bd3be32e1a4e764c147bb0.jpg,test,IMG_5212,roboflow,counter,,
ElectroCom61 A Multiclass Dataset for Detection of Electronic Components\ElectroCom61\test\images\IMG_5225_JPG.rf.d9458a6cdb3978a8dd7e53c19ac8b14b.jpg,test,IMG_5225,roboflow,counter,,
ElectroCom61 A Multiclass Dataset for Detection of Electronic Components\ElectroCom61\test\images\IMG_5227_JPG.rf.9cda8d3da2185be5734de8ab4043b206.jpg,test,IMG_5227,roboflow,counter,,
ElectroCom61 A Multiclass Dataset for Detection of Electronic Components\ElectroCom61\test\images\IMG_5229_JPG.rf.716e8ad846e9bc2c9a2fc21266bf280e.jpg,test,IMG_5229,roboflow,counter,,
ElectroCom61 A Multiclass Dataset for Detection of Electronic Components\ElectroCom61\test\images\IMG_5231_JPG.rf.27e3293413d73eb843e2c4931afa8bfb.jpg,test,IMG_5231,roboflow,counter,,
ElectroCom61 A Multiclass Dataset for Detection of Electronic Components\ElectroCom61\test\images\IMG_5233_JPG.rf.946cd7ccb8a81fe04ba84d5e8652b21b.jpg,test,IMG_5233,roboflow,counter,,
ElectroCom61 A Multiclass Dataset for Detection of Electronic Components\ElectroCom61\test\images\IMG_5238_JPG.rf.28fc9f778168921bf7926bd0c4c445ac.jpg,test,IMG_5238,roboflow,counter,,
ElectroCom61 A Multiclass Dataset for Detection of Electronic Components\ElectroCom61\test\images\IMG_5240_JPG.rf.a372077df3a7990dbfb9160db1229128.jpg,test,IMG_5240,roboflow,counter,,
ElectroCom61 A Multiclass Dataset for Detection of Electronic Components\ElectroCom61\test\images\IMG_5250_JPG.rf.7ba529c0533023be529c6079f8dc4a86.jpg,test,IMG_5250,roboflow,counter,,
ElectroCom61 A Multiclass Dataset for Detection of Electronic Components\ElectroCom61\test\images\IMG_5258_JPG.rf.4775a060d228ff97c956687dc99c00a0.jpg,test,IMG_5258,roboflow,counter,,
ElectroCom61 A Multiclass Dataset for Detection of Electronic Components\ElectroCom61\test\images\IMG_5268_JPG.rf.0ec67ed3886071375e0772292b2782bb.jpg,test,IMG_5268,roboflow,counter,,
ElectroCom61 A Multiclass Dataset for Detection of Electronic Components\ElectroCom61\test\images\IMG_5279_JPG.rf.628e3b503a2320fe33ef0b45d731aa38.jpg,test,IMG_5279,roboflow,counter,,
ElectroCom61 A Multiclass Dataset for Detection of Electronic Components\ElectroCom61\test\images\IMG_5296_JPG.rf.2941acd1f061976defc115b03b2c8967.jpg,test,IMG_5296,roboflow,counter,,
ElectroCom61 A Multiclass Dataset for Detection of Electronic Components\ElectroCom61\test\images\IMG_5298_JPG.rf.df5409ccac597fc47724d561d844147f.jpg,test,IMG_5298,roboflow,counter,,
ElectroCom61 A Multiclass Dataset for Detection of Electronic Components\ElectroCom61\test\images\IMG_5299_JPG.rf.ff8ad5632cceaf978ec907f4cd4fc307.jpg,test,IMG_5299,roboflow,counter,,
ElectroCom61 A Multiclass Dataset for Detection of Electronic Components\ElectroCom61\test\images\IMG_5300_JPG.rf.7617b4a6f59b97e8aa621425bd37e306.jpg,test,IMG_5300,roboflow,counter,,
ElectroCom61 A Multiclass Dataset for Detection of Electronic Components\ElectroCom61\test\images\IMG_5304_JPG.rf.5fd7f6e7ae7269eb51d34916a28a5948.jpg,test,IMG_5304,roboflow,counter,,
ElectroCom61 A Multiclass Dataset for Detection of Electronic Components\ElectroCom61\test\images\IMG_5314_JPG.rf.9eb98caef1746b2425b32ff5831207f1.jpg,test,IMG_5314,roboflow,counter,,
ElectroCom61 A Multiclass Dataset for Detection of Electronic Components\ElectroCom61\train\images\IMG20240219113638_jpg.rf.ccc7798e93d0b231fc026cb6fc6d836a.jpg,train,IMG20240219113638,roboflow,ts_compact,20240219,113638
ElectroCom61 A Multiclass Dataset for Detection of Electronic Components\ElectroCom61\train\images\IMG20240219113715_jpg.rf.d2b6c21ec259afce5e9622e6b4742314.jpg,train,IMG20240219113715,roboflow,ts_compact,20240219,113715
ElectroCom61 A Multiclass Dataset for Detection of Electronic Components\ElectroCom61\train\images\IMG20240219113726_jpg.rf.faab8dfe47c0199df2befddbefe69c2b.jpg,train,IMG20240219113726,roboflow,ts_compact,20240219,113726
ElectroCom61 A Multiclass Dataset for Detection of Electronic Components\ElectroCom61\train\images\IMG20240219113811_jpg.rf.160fd506997574f8731c4f30b8e4240d.jpg,train,IMG20240219113811,roboflow,ts_compact,20240219,113811
ElectroCom61 A Multiclass Dataset for Detection of Electronic Components\ElectroCom61\train\images\IMG20240219113827_jpg.rf.766f82f9beda01fbce537cfb79cdee61.jpg,train,IMG20240219113827,roboflow,ts_compact,20240219,113827
ElectroCom61 A Multiclass Dataset for Detection of Electronic Components\ElectroCom61\train\images\IMG20240219114019_jpg.rf.ae28b80f2f736d06aa5b8d919acb56b5.jpg,train,IMG20240219114019,roboflow,ts_compact,20240219,114019
ElectroCom61 A Multiclass Dataset for Detection of Electronic Components\ElectroCom61\train\images\IMG20240219114129_jpg.rf.9e4bdd4eec47159247e2cd32d8c2a5e7.jpg,train,IMG20240219114129,roboflow,ts_compact,20240219,114129
ElectroCom61 A Multiclass Dataset for Detection of Electronic Components\ElectroCom61\train\images\IMG20240219114134_jpg.rf.491823e2fa79fcac893e994f9a957f52.jpg,train,IMG20240219114134,roboflow,ts_compact,20240219,114134
ElectroCom61 A Multiclass Dataset for Detection of Electronic Components\ElectroCom61\train\images\IMG20240219114248_jpg.rf.e7f03c82af8c4dd892daff9a5d936a0c.jpg,train,IMG20240219114248,roboflow,ts_compact,20240219,114248
ElectroCom61 A Multiclass Dataset for Detection of Electronic Components\ElectroCom61\train\images\IMG20240219114301_jpg.rf.6ead5a1264a6ec9f3e32b87438f3a5ed.jpg,train,IMG20240219114301,roboflow,ts_compact,20240219,114301
ElectroCom61 A Multiclass Dataset for Detection of Electronic Components\ElectroCom61\train\images\IMG20240219114308_jpg.rf.de5f94053bd4eecda6f8df7a940cedb6.jpg,train,IMG20240219114308,roboflow,ts_compact,20240219,114308
ElectroCom61 A Multiclass Dataset for Detection of Electronic Components\ElectroCom61\train\images\IMG20240219114447_jpg.rf.cf086e3cddcea053fe78bed6ed0992a0.jpg,train,IMG20240219114447,roboflow,ts_compact,20240219,114447
ElectroCom61 A Multiclass Dataset for Detection of Electronic Components\ElectroCom61\train\images\IMG20240219114702_jpg.rf.d4364b275b6eec12dda82d038fd5138a.jpg,train,IMG20240219114702,roboflow,ts_compact,20240219,114702
ElectroCom61 A Multiclass Dataset for Detection of Electronic Components\ElectroCom61\train\images\IMG20240219114753_jpg.rf.e94b1dabd8ec69d02a490eb1f473c41b.jpg,train,IMG20240219114753,roboflow,ts_compact,20240219,114753
ElectroCom61 A Multiclass Dataset for Detection of Electronic Components\ElectroCom61\train\images\IMG20240219114926_jpg.rf.21219dc9cbb877298a1bbdbabaed1687.jpg,train,IMG20240219114926,roboflow,ts_compact,20240219,114926
ElectroCom61 A Multiclass Dataset for Detection of Electronic Components\ElectroCom61\train\images\IMG20240219114955_jpg.rf.8c75bf4b9b6715ef94253e4a5e003d6c.jpg,train,IMG20240219114955,roboflow,ts_compact,20240219,114955
ElectroCom61 A Multiclass Dataset for Detection of Electronic Components\ElectroCom61\train\images\IMG20240219115229_jpg.rf.5045102f6bcd29619b7d64750efe3e1b.jpg,train,IMG20240219115229,roboflow,ts_compact,20240219,115229
ElectroCom61 A Multiclass Dataset for Detection of Electronic Components\ElectroCom61\train\images\IMG20240219115245_jpg.rf.205a5421e61a76a7630e99f5eafbadfc.jpg,train,IMG20240219115245,roboflow,ts_compact,20240219,115245
ElectroCom61 A Multiclass Dataset for Detection of Electronic Components\ElectroCom61\train\images\IMG20240219115331_jpg.rf.fb3d1a649e7544063093e6765a6b6c57.jpg,train,IMG20240219115331,roboflow,ts_compact,20240219,115331
ElectroCom61 A Multiclass Dataset for Detection of Electronic Components\ElectroCom61\train\images\IMG20240219115446_jpg.rf.0eaaac285688493baeefa0febc1b663e.jpg,train,IMG20240219115446,roboflow,ts_compact,20240219,115446
ElectroCom61 A Multiclass Dataset for Detection of Electronic Components\ElectroCom61\train\images\IMG20240219120243_jpg.rf.f65a9c2c7234abd41d6c0d8f6ea313c5.jpg,train,IMG20240219120243,roboflow,ts_compact,20240219,120243
ElectroCom61 A Multiclass Dataset for Detection of Electronic Components\ElectroCom61\train\images\IMG20240219120257_jpg.rf.5a986a81044cec57e0a6a7687130a213.jpg,train,IMG20240219120257,roboflow,ts_compact,20240219,120257
ElectroCom61 A Multiclass Dataset for Detection of Electronic Components\ElectroCom61\train\images\IMG20240219120325_jpg.rf.a0936ad54829e2078127b13e9688f046.jpg,train,IMG20240219120325,roboflow,ts_compact,20240219,120325
ElectroCom61 A Multiclass Dataset for Detection of Electronic Components\ElectroCom61\train\images\IMG20240220114538_jpg.rf.98623154aaf66f426b12a0978a2317a1.jpg,train,IMG20240220114538,roboflow,ts_compact,20240220,114538
ElectroCom61 A Multiclass Dataset for Detection of Electronic Components\ElectroCom61\train\images\IMG20240220114548_jpg.rf.9d62bd6dc3aaf5fa5450309024c13b37.jpg,train,IMG20240220114548,roboflow,ts_compact,20240220,114548
ElectroCom61 A Multiclass Dataset for Detection of Electronic Components\ElectroCom61\train\images\IMG20240220114727_jpg.rf.db8d98d49afd7019c65c834b85f7b69b.jpg,train,IMG20240220114727,roboflow,ts_compact,20240220,114727
ElectroCom61 A Multiclass Dataset for Detection of Electronic Components\ElectroCom61\train\images\IMG20240220114804_jpg.rf.7bd17c1891af0c973c71719733b41028.jpg,train,IMG20240220114804,roboflow,ts_compact,20240220,114804
ElectroCom61 A Multiclass Dataset for Detection of Electronic Components\ElectroCom61\train\images\IMG20240220115011_jpg.rf.357d8dc181d59db72f51f9b0cee9717a.jpg,train,IMG20240220115011,roboflow,ts_compact,20240220,115011
ElectroCom61 A Multiclass Dataset for Detection of Electronic Components\ElectroCom61\train\images\IMG20240220115056_jpg.rf.4f283138c80e2f67bc3fa4e6ad9ebb7e.jpg,train,IMG20240220115056,roboflow,ts_compact,20240220,115056
ElectroCom61 A Multiclass Dataset for Detection of Electronic Components\ElectroCom61\train\images\IMG20240220115311_jpg.rf.77d04f76bb00f8790d63e6e17338613f.jpg,train,IMG20240220115311,roboflow,ts_compact,20240220,115311
ElectroCom61 A Multiclass Dataset for Detection of Electronic Components\ElectroCom61\train\images\IMG20240220115326_jpg.rf.febb205e351923729f7b5f2fef8aefc5.jpg,train,IMG20240220115326,roboflow,ts_compact,20240220,115326
ElectroCom61 A Multiclass Dataset for Detection of Electronic Components\ElectroCom61\train\images\IMG20240220115423_jpg.rf.a7c885882d8d3024ed331546a8c821d8.jpg,train,IMG20240220115423,roboflow,ts_compact,20240220,115423
ElectroCom61 A Multiclass Dataset for Detection of Electronic Components\ElectroCom61\train\images\IMG20240220115433_jpg.rf.74a268d546ffaa9048b676ae6016c3e1.jpg,train,IMG20240220115433,roboflow,ts_compact,20240220,115433
ElectroCom61 A Multiclass Dataset for Detection of Electronic Components\ElectroCom61\train\images\IMG20240220115509_jpg.rf.56f1171f5c8e27fbb70bcdf52be796d0.jpg,train,IMG20240220115509,roboflow,ts_compact,20240220,115509
ElectroCom61 A Multiclass Dataset for Detection of Electronic Components\ElectroCom61\train\images\IMG20240220115520_jpg.rf.98bd00411e147ee0d328c87d54aad288.jpg,train,IMG20240220115520,roboflow,ts_compact,20240220,115520
ElectroCom61 A Multiclass Dataset for Detection of Electronic Components\ElectroCom61\train\images\IMG20240220115613_jpg.rf.73e8f7d41a99a76ecd2b28779e7d51d1.jpg,train,IMG20240220115613,roboflow,ts_compact,20240220,115613
ElectroCom61 A Multiclass Dataset for Detection of Electronic Components\ElectroCom61\train\images\IMG20240220115659_jpg.rf.357647b9f7c8656c17d81b728c144357.jpg,train,IMG20240220115659,roboflow,ts_compact,20240220,115659
ElectroCom61 A Multiclass Dataset for Detection of Electronic Components\ElectroCom61\train\images\IMG20240220115710_jpg.rf.2b543ad7a26272dbb7d9c219e2942f56.jpg,train,IMG20240220115710,roboflow,ts_compact,20240220,115710
ElectroCom61 A Multiclass Dataset for Detection of Electronic Components\ElectroCom61\train\images\IMG20240220115805_jpg.rf.1479e9a95acb2a7399b392bc0f0c57dc.jpg,train,IMG20240220115805,roboflow,ts_compact,20240220,115805
ElectroCom61 A Multiclass Dataset for Detection of Electronic Components\ElectroCom61\train\images\IMG20240220115829_jpg.rf.6e9ee168cbf2e74d3ad6873b7125b2df.jpg,train,IMG20240220115829,roboflow,ts_compact,20240220,115829
ElectroCom61 A Multiclass Dataset for Detection of Electronic Components\ElectroCom61\train\images\IMG20240220115900_jpg.rf.0a29d9e63bca855b7c50830eb9bee86d.jpg,train,IMG20240220115900,roboflow,ts_compact,20240220,115900
ElectroCom61 A Multiclass Dataset for Detection of Electronic Components\ElectroCom61\train\images\IMG20240220120113_jpg.rf.dddc99ddc339a4c5aa79b9bd3df58f78.jpg,train,IMG20240220120113,roboflow,ts_compact,20240220,120113
ElectroCom61 A Multiclass Dataset for Detection of Electronic Components\ElectroCom61\train\images\IMG20240220120328_jpg.rf.ad76a1b88bb015ebd22e8ce6b85a4f83.jpg,train,IMG20240220120328,roboflow,ts_compact,20240220,120328
ElectroCom61 A Multiclass Dataset for Detection of Electronic Components\ElectroCom61\train\images\IMG20240220120353_jpg.rf.7aead747c7c1121ebe7e2fc1ea2ba355.jpg,train,IMG20240220120353,roboflow,ts_compact,20240220,120353
ElectroCom61 A Multiclass Dataset for Detection of Electronic Components\ElectroCom61\train\images\IMG20240220120402_jpg.rf.6aa1fbdcc3485de4beb40f37edf42d30.jpg,train,IMG20240220120402,roboflow,ts_compact,20240220,120402
ElectroCom61 A Multiclass Dataset for Detection of Electronic Components\ElectroCom61\train\images\IMG20240220120453_jpg.rf.19ab23d56d11081baaaa7acd30e24ffd.jpg,train,IMG20240220120453,roboflow,ts_compact,20240220,120453
ElectroCom61 A Multiclass Dataset for Detection of Electronic Components\ElectroCom61\train\images\IMG20240220120634_jpg.rf.8cc03fe9fee3c5853faf89e3f67f1857.jpg,train,IMG20240220120634,roboflow,ts_compact,20240220,120634
ElectroCom61 A Multiclass Dataset for Detection of Electronic Components\ElectroCom61\train\images\IMG20240220120801_jpg.rf.77849e656e63d999deff263ad295a0fd.jpg,train,IMG20240220120801,roboflow,ts_compact,20240220,120801
ElectroCom61 A Multiclass Dataset for Detection of Electronic Components\ElectroCom61\train\images\IMG20240220120808_jpg.rf.d46228326d00ad8e54bf3556bd4d9b30.jpg,train,IMG20240220120808,roboflow,ts_compact,20240220,120808
ElectroCom61 A Multiclass Dataset for Detection of Electronic Components\ElectroCom61\train\images\IMG20240220120856_jpg.rf.a5708a08515ef29f37b7f228fc05559d.jpg,train,IMG20240220120856,roboflow,ts_compact,20240220,120856
ElectroCom61 A Multiclass Dataset for Detection of Electronic Components\ElectroCom61\train\images\IMG20240220120900_jpg.rf.fad134a613d8919010e4a8f4a6f64aec.jpg,train,IMG20240220120900,roboflow,ts_compact,20240220,120900
ElectroCom61 A Multiclass Dataset for Detection of Electronic Components\ElectroCom61\train\images\IMG20240220121103_jpg.rf.7fcf269ecba9e128d455de2d42bf6ecf.jpg,train,IMG20240220121103,roboflow,ts_compact,20240220,121103
ElectroCom61 A Multiclass Dataset for Detection of Electronic Components\ElectroCom61\train\images\IMG20240220121114_jpg.rf.acd92b4ada3a9f6984f6a764e9f1c4ee.jpg,train,IMG20240220121114,roboflow,ts_compact,20240220,121114
ElectroCom61 A Multiclass Dataset for Detection of Electronic Components\ElectroCom61\train\images\IMG20240220121138_jpg.rf.130a220b078c64e353bde1c5e5a5a0a8.jpg,train,IMG20240220121138,roboflow,ts_compact,20240220,121138
ElectroCom61 A Multiclass Dataset for Detection of Electronic Components\ElectroCom61\train\images\IMG20240220121238_jpg.rf.e7306c3da984fb78b5f3c86c3e7eb3b0.jpg,train,IMG20240220121238,roboflow,ts_compact,20240220,121238
ElectroCom61 A Multiclass Dataset for Detection of Electronic Components\ElectroCom61\train\images\IMG20240220121315_jpg.rf.c70f18dc092ed6bd5c6468e1ee63673b.jpg,train,IMG20240220121315,roboflow,ts_compact,20240220,121315
ElectroCom61 A Multiclass Dataset for Detection of Electronic Components\ElectroCom61\train\images\IMG20240220121322_jpg.rf.9fde047d154d25aa4498238f63440774.jpg,train,IMG20240220121322,roboflow,ts_compact,20240220,121322
ElectroCom61 A Multiclass Dataset for Detection of Electronic Components\ElectroCom61\train\images\IMG20240220121349_jpg.rf.02e7c26bb8e28ded9c1d1cdbae226557.jpg,train,IMG20240220121349,roboflow,ts_compact,20240220,121349
ElectroCom61 A Multiclass Dataset for Detection of Electronic Components\ElectroCom61\train\images\IMG20240220121408_jpg.rf.b7174627226b97bd6cbf00bf8c04e0ba.jpg,train,IMG20240220121408,roboflow,ts_compact,20240220,121408
ElectroCom61 A Multiclass Dataset for Detection of Electronic Components\ElectroCom61\train\images\IMG20240220121412_jpg.rf.96d53e7d9661a89334053aa8216c1b37.jpg,train,IMG20240220121412,roboflow,ts_compact,20240220,121412
ElectroCom61 A Multiclass Dataset for Detection of Electronic Components\ElectroCom61\train\images\IMG20240220121429_jpg.rf.a5e0abc1184b1df8cd9b72035fc620d8.jpg,train,IMG20240220121429,roboflow,ts_compact,20240220,121429
ElectroCom61 A Multiclass Dataset for Detection of Electronic Components\ElectroCom61\train\images\IMG20240220121458_jpg.rf.1fc84c5540828001d615962cf465aeea.jpg,train,IMG20240220121458,roboflow,ts_compact,20240220,121458
ElectroCom61 A Multiclass Dataset for Detection of Electronic Components\ElectroCom61\train\images\IMG20240220121511_jpg.rf.5bb19b61a683f373c26c6a4fa68d8c99.jpg,train,IMG20240220121511,roboflow,ts_compact,20240220,121511
ElectroCom61 A Multiclass Dataset for Detection of Electronic Components\ElectroCom61\train\images\IMG20240220121528_jpg.rf.18ba5280b3ec7623167b2eb91bed2bc4.jpg,train,IMG20240220121528,roboflow,ts_compact,20240220,121528
ElectroCom61 A Multiclass Dataset for Detection of Electronic Components\ElectroCom61\train\images\IMG20240220121541_jpg.rf.aa526fa3e990c342f188a3abf0253b1c.jpg,train,IMG20240220121541,roboflow,ts_compact,20240220,121541
ElectroCom61 A Multiclass Dataset for Detection of Electronic Components\ElectroCom61\train\images\IMG20240220121605_jpg.rf.f7dbbf9574488ca55bd70701cbc18dc8.jpg,train,IMG20240220121605,roboflow,ts_compact,20240220,121605
ElectroCom61 A Multiclass Dataset for Detection of Electronic Components\ElectroCom61\train\images\IMG20240220121621_jpg.rf.ae0cabe79d07839f0105ded7237d684a.jpg,train,IMG20240220121621,roboflow,ts_compact,20240220,121621
ElectroCom61 A Multiclass Dataset for Detection of Electronic Components\ElectroCom61\train\images\IMG20240220121641_jpg.rf.cbe53930f290fac3d51f2e8f41d2cc49.jpg,train,IMG20240220121641,roboflow,ts_compact,20240220,121641
ElectroCom61 A Multiclass Dataset for Detection of Electronic Components\ElectroCom61\train\images\IMG20240220121646_jpg.rf.5aef2137592a6bb63c48402c426934d7.jpg,train,IMG20240220121646,roboflow,ts_compact,20240220,121646
ElectroCom61 A Multiclass Dataset for Detection of Electronic Components\ElectroCom61\train\images\IMG20240220121750_jpg.rf.574126e1879a49e7e821077516d95f10.jpg,train,IMG20240220121750,roboflow,ts_compact,20240220,121750
ElectroCom61 A Multiclass Dataset for Detection of Electronic Components\ElectroCom61\train\images\IMG20240220121756_jpg.rf.0c7b3dfc30ac8f4083c0cc7e08947dd9.jpg,train,IMG20240220121756,roboflow,ts_compact,20240220,121756
ElectroCom61 A Multiclass Dataset for Detection of Electronic Components\ElectroCom61\train\images\IMG20240220121800_jpg.rf.e69286ece76cc6034f47a2fcca55d885.jpg,train,IMG20240220121800,roboflow,ts_compact,20240220,121800
ElectroCom61 A Multiclass Dataset for Detection of Electronic Components\ElectroCom61\train\images\IMG20240220122108_jpg.rf.2ee0386c59312d1a5c16f8ff54e51bf1.jpg,train,IMG20240220122108,roboflow,ts_compact,20240220,122108
ElectroCom61 A Multiclass Dataset for Detection of Electronic Components\ElectroCom61\train\images\IMG20240220122137_jpg.rf.de74d06e7b4b13278aeabd34fbd90926.jpg,train,IMG20240220122137,roboflow,ts_compact,20240220,122137
ElectroCom61 A Multiclass Dataset for Detection of Electronic Components\ElectroCom61\train\images\IMG20240220122146_jpg.rf.18e5599ce838681c385353a8290e49d6.jpg,train,IMG20240220122146,roboflow,ts_compact,20240220,122146
ElectroCom61 A Multiclass Dataset for Detection of Electronic Components\ElectroCom61\train\images\IMG20240220122153_jpg.rf.9f1a31c8191f9448c47ce5cbc1ea07b4.jpg,train,IMG20240220122153,roboflow,ts_compact,20240220,122153
ElectroCom61 A Multiclass Dataset for Detection of Electronic Components\ElectroCom61\train\images\IMG20240220122219_jpg.rf.e0eae60cf750b8ec2ef7df60a185fb43.jpg,train,IMG20240220122219,roboflow,ts_compact,20240220,122219
ElectroCom61 A Multiclass Dataset for Detection of Electronic Components\ElectroCom61\train\images\IMG20240220122236_jpg.rf.95d71334a56ddf574d6db3bd479e5249.jpg,train,IMG20240220122236,roboflow,ts_compact,20240220,122236
ElectroCom61 A Multiclass Dataset for Detection of Electronic Components\ElectroCom61\train\images\IMG20240220122259_jpg.rf.577ddfa495b1b21edf27b852ff6511ce.jpg,train,IMG20240220122259,roboflow,ts_compact,20240220,122259
ElectroCom61 A Multiclass Dataset for Detection of Electronic Components\ElectroCom61\train\images\IMG20240220122320_jpg.rf.00297f9a00232cac14a103abb7769b9e.jpg,train,IMG20240220122320,roboflow,ts_compact,20240220,122320
ElectroCom61 A Multiclass Dataset for Detection of Electronic Components\ElectroCom61\train\images\IMG20240220122330_jpg.rf.8014cbc7a1736b46a077c3ac0a52faf1.jpg,train,IMG20240220122330,roboflow,ts_compact,20240220,122330
ElectroCom61 A Multiclass Dataset for Detection of Electronic Components\ElectroCom61\train\images\IMG20240220133541_jpg.rf.078b9a9adc60ced173806ed2300df7d9.jpg,train,IMG20240220133541,roboflow,ts_compact,20240220,133541
ElectroCom61 A Multiclass Dataset for Detection of Electronic Components\ElectroCom61\train\images\IMG20240220133745_jpg.rf.5dee242f624b186a0f6dff888b06ae88.jpg,train,IMG20240220133745,roboflow,ts_compact,20240220,133745
ElectroCom61 A Multiclass Dataset for Detection of Electronic Components\ElectroCom61\train\images\IMG20240220133803_jpg.rf.97cf1776db23b0a155022c49d63fd57b.jpg,train,IMG20240220133803,roboflow,ts_compact,20240220,133803
ElectroCom61 A Multiclass Dataset for Detection of Electronic Components\ElectroCom61\train\images\IMG20240220133809_jpg.rf.e5086d4c3e802669ff2cb634bcd127e8.jpg,train,IMG20240220133809,roboflow,ts_compact,20240220,133809
ElectroCom61 A Multiclass Dataset for Detection of Electronic Components\ElectroCom61\train\images\IMG20240220133817_jpg.rf.fa9fc56fc89ecfdc82cca210c8c25179.jpg,train,IMG20240220133817,roboflow,ts_compact,20240220,133817
ElectroCom61 A Multiclass Dataset for Detection of Electronic Components\ElectroCom61\train\images\IMG20240220133847_jpg.rf.26f62b4401607bc5d2f93f4c064f2f54.jpg,train,IMG20240220133847,roboflow,ts_compact,20240220,133847
ElectroCom61 A Multiclass Dataset for Detection of Electronic Components\ElectroCom61\train\images\IMG20240220134019_jpg.rf.aad8871484b2c85b99989a8606ba3096.jpg,train,IMG20240220134019,roboflow,ts_compact,20240220,134019
ElectroCom61 A Multiclass Dataset for Detection of Electronic Components\ElectroCom61\train\images\IMG20240220134040_jpg.rf.3e09c7de5b370873407de07717d1146a.jpg,train,IMG20240220134040,roboflow,ts_compact,20240220,134040
ElectroCom61 A Multiclass Dataset for Detection of Electronic Components\ElectroCom61\train\images\IMG20240220134102_jpg.rf.0921304b1a08586d6908024a5e98a59e.jpg,train,IMG20240220134102,roboflow,ts_compact,20240220,134102
ElectroCom61 A Multiclass Dataset for Detection of Electronic Components\ElectroCom61\train\images\IMG20240220134138_jpg.rf.4969103b83799d1d3387308ed2704daf.jpg,train,IMG20240220134138,roboflow,ts_compact,20240220,134138
ElectroCom61 A Multiclass Dataset for Detection of Electronic Components\ElectroCom61\train\images\IMG20240220134151_jpg.rf.4176addf5011ed5bf076c630b2a5ff20.jpg,train,IMG20240220134151,roboflow,ts_compact,20240220,134151
ElectroCom61 A Multiclass Dataset for Detection of Electronic Components\ElectroCom61\train\images\IMG20240220134200_jpg.rf.7db04057608bb3d82fb20a4837488115.jpg,train,IMG20240220134200,roboflow,ts_compact,20240220,134200
ElectroCom61 A Multiclass Dataset for Detection of Electronic Components\ElectroCom61\train\images\IMG20240220134256_jpg.rf.af61f9dd9a89e49277622946e49ea1a9.jpg,train,IMG20240220134256,roboflow,ts_compact,20240220,134256
ElectroCom61 A Multiclass Dataset for Detection of Electronic Components\ElectroCom61\train\images\IMG20240220134301_jpg.rf.2c3f9ff3625d8946826d77626dd42eee.jpg,train,IMG20240220134301,roboflow,ts_compact,20240220,134301
ElectroCom61 A Multiclass Dataset for Detection of Electronic Components\ElectroCom61\train\images\IMG20240220134404_jpg.rf.dcfd83def0959cf33a0f3d33d5edacae.jpg,train,IMG20240220134404,roboflow,ts_compact,20240220,134404
ElectroCom61 A Multiclass Dataset for Detection of Electronic Components\ElectroCom61\train\images\IMG20240220134408_jpg.rf.8aef315e3afaaa6920c56964c7081090.jpg,train,IMG20240220134408,roboflow,ts_compact,20240220,134408
ElectroCom61 A Multiclass Dataset for Detection of Electronic Components\ElectroCom61\train\images\IMG20240220134414_jpg.rf.74adcc7bf3474e6709905421ad7575ce.jpg,train,IMG20240220134414,roboflow,ts_compact,20240220,134414
ElectroCom61 A Multiclass Dataset for Detection of Electronic Components\ElectroCom61\train\images\IMG20240220134424_jpg.rf.01ef968670e3864863becaeee58b9a3c.jpg,train,IMG20240220134424,roboflow,ts_compact,20240220,134424
ElectroCom61 A Multiclass Dataset for Detection of Electronic Components\ElectroCom61\train\images\IMG20240220134439_jpg.rf.dd82cf76f8c2d23c2f7f5079143c0870.jpg,train,IMG20240220134439,roboflow,ts_compact,20240220,134439
ElectroCom61 A Multiclass Dataset for Detection of Electronic Components\ElectroCom61\train\images\IMG20240220134510_jpg.rf.df9fba27e63133f19db89acb03c9138c.jpg,train,IMG20240220134510,roboflow,ts_compact,20240220,134510
ElectroCom61 A Multiclass Dataset for Detection of Electronic Components\ElectroCom61\train\images\IMG20240220134531_jpg.rf.1e284221c9f3cb8a7b64de7c841eafd5.jpg,train,IMG20240220134531,roboflow,ts_compact,20240220,134531
ElectroCom61 A Multiclass Dataset for Detection of Electronic Components\ElectroCom61\train\images\IMG20240220134608_jpg.rf.35d0c5b95896b8bb452fdfc947ff7dbc.jpg,train,IMG20240220134608,roboflow,ts_compact,20240220,134608
ElectroCom61 A Multiclass Dataset for Detection of Electronic Components\ElectroCom61\train\images\IMG20240220134618_jpg.rf.d5d699d8c6b5d0bd460ee1513e0270cf.jpg,train,IMG20240220134618,roboflow,ts_compact,20240220,134618
ElectroCom61 A Multiclass Dataset for Detection of Electronic Components\ElectroCom61\train\images\IMG20240220134733_jpg.rf.ecdb373a3b2f944aa57d28ba5f837076.jpg,train,IMG20240220134733,roboflow,ts_compact,20240220,134733
ElectroCom61 A Multiclass Dataset for Detection of Electronic Components\ElectroCom61\train\images\IMG20240220134757_jpg.rf.0e09a2e329a00e465cde9ff6c0d1e1c0.jpg,train,IMG20240220134757,roboflow,ts_compact,20240220,134757
ElectroCom61 A Multiclass Dataset for Detection of Electronic Components\ElectroCom61\train\images\IMG20240220134801_jpg.rf.86110f4b246fc5a875b5828201e9a7f7.jpg,train,IMG20240220134801,roboflow,ts_compact,20240220,134801
ElectroCom61 A Multiclass Dataset for Detection of Electronic Components\ElectroCom61\train\images\IMG20240220134809_jpg.rf.92953d6e8853361f7acf3ec359d0f9b6.jpg,train,IMG20240220134809,roboflow,ts_compact,20240220,134809
ElectroCom61 A Multiclass Dataset for Detection of Electronic Components\ElectroCom61\train\images\IMG20240220134841_jpg.rf.c5122534d121339cd5796e80db05b432.jpg,train,IMG20240220134841,roboflow,ts_compact,20240220,134841
ElectroCom61 A Multiclass Dataset for Detection of Electronic Components\ElectroCom61\train\images\IMG20240220134845_jpg.rf.6b8e3cc4992cac6ebce914baa31f67ec.jpg,train,IMG20240220134845,roboflow,ts_compact,20240220,134845
ElectroCom61 A Multiclass Dataset for Detection of Electronic Components\ElectroCom61\train\images\IMG20240220134904_jpg.rf.f923f6fd2bf96bccac18abd6c931ecbe.jpg,train,IMG20240220134904,roboflow,ts_compact,20240220,134904
ElectroCom61 A Multiclass Dataset for Detection of Electronic Components\ElectroCom61\train\images\IMG20240220135008_jpg.rf.2cec7169eda0da4ecdff787cb0f2aced.jpg,train,IMG20240220135008,roboflow,ts_compact,20240220,135008
ElectroCom61 A Multiclass Dataset for Detection of Electronic Components\ElectroCom61\train\images\IMG20240220135041_jpg.rf.9f1845952faf23b274b34a21cf2b1fc9.jpg,train,IMG20240220135041,roboflow,ts_compact,20240220,135041
ElectroCom61 A Multiclass Dataset for Detection of Electronic Components\ElectroCom61\train\images\IMG20240220135044_jpg.rf.7a04ca6e915130d8b0016aea7fd5a310.jpg,train,IMG20240220135044,roboflow,ts_compact,20240220,135044
ElectroCom61 A Multiclass Dataset for Detection of Electronic Components\ElectroCom61\train\images\IMG20240220135239_jpg.rf.e4b09c9016f67e7d43c64a7d735d438d.jpg,train,IMG20240220135239,roboflow,ts_compact,20240220,135239
ElectroCom61 A Multiclass Dataset for Detection of Electronic Components\ElectroCom61\train\images\IMG20240220135303_jpg.rf.264aede357e279189ebfe390d8218fdc.jpg,train,IMG20240220135303,roboflow,ts_compact,20240220,135303
ElectroCom61 A Multiclass Dataset for Detection of Electronic Components\ElectroCom61\train\images\IMG20240220135313_jpg.rf.a2340b457d7c3ce30b7fc1b7c8d1e352.jpg,train,IMG20240220135313,roboflow,ts_compact,20240220,135313
ElectroCom61 A Multiclass Dataset for Detection of Electronic Components\ElectroCom61\train\images\IMG20240220135324_jpg.rf.39bbfcb1123a759bda6cc5b6f0bff6a4.jpg,train,IMG20240220135324,roboflow,ts_compact,20240220,135324
ElectroCom61 A Multiclass Dataset for Detection of Electronic Components\ElectroCom61\train\images\IMG20240220135346_jpg.rf.b0cf3ac1b98be075adb167524971e329.jpg,train,IMG20240220135346,roboflow,ts_compact,20240220,135346
ElectroCom61 A Multiclass Dataset for Detection of Electronic Components\ElectroCom61\train\images\IMG20240220135357_jpg.rf.08da03ef5fc820f4dc451008eb038748.jpg,train,IMG20240220135357,roboflow,ts_compact,20240220,135357
ElectroCom61 A Multiclass Dataset for Detection of Electronic Components\ElectroCom61\train\images\IMG20240220135358_jpg.rf.3ac57c579f5e64a0e1444583a97e973f.jpg,train,IMG20240220135358,roboflow,ts_compact,20240220,135358
ElectroCom61 A Multiclass Dataset for Detection of Electronic Components\ElectroCom61\train\images\IMG20240220135421_jpg.rf.5eda16d7983b726580402a3dfe07c2db.jpg,train,IMG20240220135421,roboflow,ts_compact,20240220,135421
ElectroCom61 A Multiclass Dataset for Detection of Electronic Components\ElectroCom61\train\images\IMG20240220135435_jpg.rf.6ec67619b40318a8ec5252b8bd619f6f.jpg,train,IMG20240220135435,roboflow,ts_compact,20240220,135435
ElectroCom61 A Multiclass Dataset for Detection of Electronic Components\ElectroCom61\train\images\IMG20240220135456_jpg.rf.c76f7021a434ea72348904acf07151a3.jpg,train,IMG20240220135456,roboflow,ts_compact,20240220,135456
ElectroCom61 A Multiclass Dataset for Detection of Electronic Components\ElectroCom61\train\images\IMG20240220135511_jpg.rf.373d03829a14d2b3d36111d05c003228.jpg,train,IMG20240220135511,roboflow,ts_compact,20240220,135511
ElectroCom61 A Multiclass Dataset for Detection of Electronic Components\ElectroCom61\train\images\IMG20240220135518_jpg.rf.5f08464f74df7edcf00aecd47853a912.jpg,train,IMG20240220135518,roboflow,ts_compact,20240220,135518
ElectroCom61 A Multiclass Dataset for Detection of Electronic Components\ElectroCom61\train\images\IMG20240220135539_jpg.rf.bcba07f19322a28229a42556caa6878c.jpg,train,IMG20240220135539,roboflow,ts_compact,20240220,135539
ElectroCom61 A Multiclass Dataset for Detection of Electronic Components\ElectroCom61\train\images\IMG20240220135548_jpg.rf.a34da5cc4c9c7042335804e72777a68e.jpg,train,IMG20240220135548,roboflow,ts_compact,20240220,135548
ElectroCom61 A Multiclass Dataset for Detection of Electronic Components\ElectroCom61\train\images\IMG20240220135617_jpg.rf.cf987784707193e08beb91c7b0dbac63.jpg,train,IMG20240220135617,roboflow,ts_compact,20240220,135617
ElectroCom61 A Multiclass Dataset for Detection of Electronic Components\ElectroCom61\train\images\IMG20240220135629_jpg.rf.82a9b9306290dad36d776b9db5a3ccb7.jpg,train,IMG20240220135629,roboflow,ts_compact,20240220,135629
ElectroCom61 A Multiclass Dataset for Detection of Electronic Components\ElectroCom61\train\images\IMG20240220135633_jpg.rf.22a324ec261027505be040bcd13bf286.jpg,train,IMG20240220135633,roboflow,ts_compact,20240220,135633
ElectroCom61 A Multiclass Dataset for Detection of Electronic Components\ElectroCom61\train\images\IMG20240220135847_jpg.rf.8d4e7a869af69dca4204b17e2c1bdba5.jpg,train,IMG20240220135847,roboflow,ts_compact,20240220,135847
ElectroCom61 A Multiclass Dataset for Detection of Electronic Components\ElectroCom61\train\images\IMG20240220135853_jpg.rf.e46dc2950c32f1831706d30daca4c4c1.jpg,train,IMG20240220135853,roboflow,ts_compact,20240220,135853
ElectroCom61 A Multiclass Dataset for Detection of Electronic Components\ElectroCom61\train\images\IMG20240220135937_jpg.rf.4d19dd108811879cbef01b8252b7cd51.jpg,train,IMG20240220135937,roboflow,ts_compact,20240220,135937
ElectroCom61 A Multiclass Dataset for Detection of Electronic Components\ElectroCom61\train\images\IMG20240228122809_jpg.rf.2ad1d36ac0e370ce62ee52664f404529.jpg,train,IMG20240228122809,roboflow,ts_compact,20240228,122809
ElectroCom61 A Multiclass Dataset for Detection of Electronic Components\ElectroCom61\train\images\IMG20240228122949_jpg.rf.cf1b4a6dc1c8ec02ba0d322ac4e1d923.jpg,train,IMG20240228122949,roboflow,ts_compact,20240228,122949
ElectroCom61 A Multiclass Dataset for Detection of Electronic Components\ElectroCom61\train\images\IMG20240228122955_jpg.rf.68dcdc6ebc58eff9e61d3b35c54f2bfb.jpg,train,IMG20240228122955,roboflow,ts_compact,20240228,122955
ElectroCom61 A Multiclass Dataset for Detection of Electronic Components\ElectroCom61\train\images\IMG20240228123001_jpg.rf.0467580115579b6469aaf0ca928501fd.jpg,train,IMG20240228123001,roboflow,ts_compact,20240228,123001
ElectroCom61 A Multiclass Dataset for Detection of Electronic Components\ElectroCom61\train\images\IMG20240228123131_jpg.rf.7c34910330033de211c3b1d7ea825b34.jpg,train,IMG20240228123131,roboflow,ts_compact,20240228,123131
ElectroCom61 A Multiclass Dataset for Detection of Electronic Components\ElectroCom61\train\images\IMG20240228123218_jpg.rf.2d855c53bba237e681f84bea10af2b68.jpg,train,IMG20240228123218,roboflow,ts_compact,20240228,123218
ElectroCom61 A Multiclass Dataset for Detection of Electronic Components\ElectroCom61\train\images\IMG20240228123246_jpg.rf.861af21b3a3dbe4383b85365445500ff.jpg,train,IMG20240228123246,roboflow,ts_compact,20240228,123246
ElectroCom61 A Multiclass Dataset for Detection of Electronic Components\ElectroCom61\train\images\IMG20240228123253_jpg.rf.d8db09e1d655bffecaf2d8191b27327f.jpg,train,IMG20240228123253,roboflow,ts_compact,20240228,123253
ElectroCom61 A Multiclass Dataset for Detection of Electronic Components\ElectroCom61\train\images\IMG20240228123330_jpg.rf.767b5743aa2278f2f7ccb6b1c907dff3.jpg,train,IMG20240228123330,roboflow,ts_compact,20240228,123330
ElectroCom61 A Multiclass Dataset for Detection of Electronic Components\ElectroCom61\train\images\IMG20240228123402_jpg.rf.c00da48640a6282bd8db1e116ecbb360.jpg,train,IMG20240228123402,roboflow,ts_compact,20240228,123402
ElectroCom61 A Multiclass Dataset for Detection of Electronic Components\ElectroCom61\train\images\IMG20240228123408_jpg.rf.9513a24f25069b2f1a3ae860ca525ead.jpg,train,IMG20240228123408,roboflow,ts_compact,20240228,123408
ElectroCom61 A Multiclass Dataset for Detection of Electronic Components\ElectroCom61\train\images\IMG20240228123449_jpg.rf.d993e2dd3522eaf3c209c000bc5fadaa.jpg,train,IMG20240228123449,roboflow,ts_compact,20240228,123449
ElectroCom61 A Multiclass Dataset for Detection of Electronic Components\ElectroCom61\train\images\IMG20240228123455_jpg.rf.e5a05c6002ff192152442bbab198f2f3.jpg,train,IMG20240228123455,roboflow,ts_compact,20240228,123455
ElectroCom61 A Multiclass Dataset for Detection of Electronic Components\ElectroCom61\train\images\IMG20240228123512_jpg.rf.64aaf999711b24b5c79e4f87db5fe93f.jpg,train,IMG20240228123512,roboflow,ts_compact,20240228,123512
ElectroCom61 A Multiclass Dataset for Detection of Electronic Components\ElectroCom61\train\images\IMG20240228123522_jpg.rf.ac0afd6727c861255fbf56894f40791c.jpg,train,IMG20240228123522,roboflow,ts_compact,20240228,123522
ElectroCom61 A Multiclass Dataset for Detection of Electronic Components\ElectroCom61\train\images\IMG20240228123605_jpg.rf.5169422e767a0b20fbf713131fc3ccd1.jpg,train,IMG20240228123605,roboflow,ts_compact,20240228,123605
ElectroCom61 A Multiclass Dataset for Detection of Electronic Components\ElectroCom61\train\images\IMG20240228123614_jpg.rf.83ee328fbeb15c8b50772d6c79555f29.jpg,train,IMG20240228123614,roboflow,ts_compact,20240228,123614
ElectroCom61 A Multiclass Dataset for Detection of Electronic Components\ElectroCom61\train\images\IMG20240228123708_jpg.rf.da3833fc8e877a6ec27d592e229ae268.jpg,train,IMG20240228123708,roboflow,ts_compact,20240228,123708
ElectroCom61 A Multiclass Dataset for Detection of Electronic Components\ElectroCom61\train\images\IMG20240228123750_jpg.rf.2ad1c76805125518b678608799416c31.jpg,train,IMG20240228123750,roboflow,ts_compact,20240228,123750
ElectroCom61 A Multiclass Dataset for Detection of Electronic Components\ElectroCom61\train\images\IMG20240228123839_jpg.rf.5c68287203d403d2c06bbf83f32d68ed.jpg,train,IMG20240228123839,roboflow,ts_compact,20240228,123839
ElectroCom61 A Multiclass Dataset for Detection of Electronic Components\ElectroCom61\train\images\IMG20240228124228_jpg.rf.7d59707bdd8c1cd45493a7ffab5b8d03.jpg,train,IMG20240228124228,roboflow,ts_compact,20240228,124228
ElectroCom61 A Multiclass Dataset for Detection of Electronic Components\ElectroCom61\train\images\IMG20240228124247_jpg.rf.b9b15bc84f7a3c06c1abcf837d8db4c4.jpg,train,IMG20240228124247,roboflow,ts_compact,20240228,124247
ElectroCom61 A Multiclass Dataset for Detection of Electronic Components\ElectroCom61\train\images\IMG20240228124330_jpg.rf.e398a3e2bae04b129dbd818e7661615d.jpg,train,IMG20240228124330,roboflow,ts_compact,20240228,124330
ElectroCom61 A Multiclass Dataset for Detection of Electronic Components\ElectroCom61\train\images\IMG20240228124357_jpg.rf.048fb866843a74397f674603d5396f70.jpg,train,IMG20240228124357,roboflow,ts_compact,20240228,124357
ElectroCom61 A Multiclass Dataset for Detection of Electronic Components\ElectroCom61\train\images\IMG20240228124412_jpg.rf.b78fb30b6cd1efa4fb60ee457b9dc83d.jpg,train,IMG20240228124412,roboflow,ts_compact,20240228,124412
ElectroCom61 A Multiclass Dataset for Detection of Electronic Components\ElectroCom61\train\images\IMG20240228124440_jpg.rf.6ce9345f28f3bc1aaebd6eeb94117505.jpg,train,IMG20240228124440,roboflow,ts_compact,20240228,124440
ElectroCom61 A Multiclass Dataset for Detection of Electronic Components\ElectroCom61\train\images\IMG20240228124711_jpg.rf.765ac9e425342f95c78079e9b0a91287.jpg,train,IMG20240228124711,roboflow,ts_compact,20240228,124711
ElectroCom61 A Multiclass Dataset for Detection of Electronic Components\ElectroCom61\train\images\IMG20240228124718_jpg.rf.8991b3c11f55bf15197e746845e4051d.jpg,train,IMG20240228124718,roboflow,ts_compact,20240228,124718
ElectroCom61 A Multiclass Dataset for Detection of Electronic Components\ElectroCom61\train\images\IMG20240228124844_jpg.rf.e53db5127b113b54eda7d5f0d5ffe84e.jpg,train,IMG20240228124844,roboflow,ts_compact,20240228,124844
ElectroCom61 A Multiclass Dataset for Detection of Electronic Components\ElectroCom61\train\images\IMG20240228124919_jpg.rf.eebad8481f91d1e20c5a556f18daca49.jpg,train,IMG20240228124919,roboflow,ts_compact,20240228,124919
ElectroCom61 A Multiclass Dataset for Detection of Electronic Components\ElectroCom61\train\images\IMG20240228124925_jpg.rf.e7f0cef994801ab722df319ecef5d0dc.jpg,train,IMG20240228124925,roboflow,ts_compact,20240228,124925
ElectroCom61 A Multiclass Dataset for Detection of Electronic Components\ElectroCom61\train\images\IMG20240228125017_jpg.rf.da97cb11c99f5507c96f9b115dc0d5c2.jpg,train,IMG20240228125017,roboflow,ts_compact,20240228,125017
ElectroCom61 A Multiclass Dataset for Detection of Electronic Components\ElectroCom61\train\images\IMG20240228125025_jpg.rf.1274b0ccc3a2c075e1497f9ba08d3c4e.jpg,train,IMG20240228125025,roboflow,ts_compact,20240228,125025
ElectroCom61 A Multiclass Dataset for Detection of Electronic Components\ElectroCom61\train\images\IMG20240228125228_jpg.rf.2c2b3ba7d63f91f458671157485c3371.jpg,train,IMG20240228125228,roboflow,ts_compact,20240228,125228
ElectroCom61 A Multiclass Dataset for Detection of Electronic Components\ElectroCom61\train\images\IMG20240228125312_jpg.rf.1f61c78010db919b8efc9ff1733dbcb8.jpg,train,IMG20240228125312,roboflow,ts_compact,20240228,125312
ElectroCom61 A Multiclass Dataset for Detection of Electronic Components\ElectroCom61\train\images\IMG20240228125428_jpg.rf.108652661d320cb675a4f2f19761d29a.jpg,train,IMG20240228125428,roboflow,ts_compact,20240228,125428
ElectroCom61 A Multiclass Dataset for Detection of Electronic Components\ElectroCom61\train\images\IMG20240228125654_jpg.rf.ccb2a47abc722300d5a439e275e06df4.jpg,train,IMG20240228125654,roboflow,ts_compact,20240228,125654
ElectroCom61 A Multiclass Dataset for Detection of Electronic Components\ElectroCom61\train\images\IMG20240228125738_jpg.rf.71c8cf31fe901dea99048e195818d257.jpg,train,IMG20240228125738,roboflow,ts_compact,20240228,125738
ElectroCom61 A Multiclass Dataset for Detection of Electronic Components\ElectroCom61\train\images\IMG20240228125746_jpg.rf.e0ece5a876bb986ffed1700d14405a13.jpg,train,IMG20240228125746,roboflow,ts_compact,20240228,125746
ElectroCom61 A Multiclass Dataset for Detection of Electronic Components\ElectroCom61\train\images\IMG20240228125752_jpg.rf.c0bfde2b24b85ef674ae2ada403f3f60.jpg,train,IMG20240228125752,roboflow,ts_compact,20240228,125752
ElectroCom61 A Multiclass Dataset for Detection of Electronic Components\ElectroCom61\train\images\IMG20240228125809_jpg.rf.e4fd0b57f5a2c9ff12d3cfc904c533c7.jpg,train,IMG20240228125809,roboflow,ts_compact,20240228,125809
ElectroCom61 A Multiclass Dataset for Detection of Electronic Components\ElectroCom61\train\images\IMG20240228125831_jpg.rf.08ec775408d8cbe9915982e3ea7fc57b.jpg,train,IMG20240228125831,roboflow,ts_compact,20240228,125831
ElectroCom61 A Multiclass Dataset for Detection of Electronic Components\ElectroCom61\train\images\IMG20240228125846_jpg.rf.bf226024755468f1430cb71fd05fe65d.jpg,train,IMG20240228125846,roboflow,ts_compact,20240228,125846
ElectroCom61 A Multiclass Dataset for Detection of Electronic Components\ElectroCom61\train\images\IMG20240228130031_jpg.rf.58729b2c7a5a443efd193eca7b728c0e.jpg,train,IMG20240228130031,roboflow,ts_compact,20240228,130031
ElectroCom61 A Multiclass Dataset for Detection of Electronic Components\ElectroCom61\train\images\IMG20240228130036_jpg.rf.df0545d74f5f02d36d288646a3bb4a08.jpg,train,IMG20240228130036,roboflow,ts_compact,20240228,130036
ElectroCom61 A Multiclass Dataset for Detection of Electronic Components\ElectroCom61\train\images\IMG20240228130041_jpg.rf.479da79d3fcb93bb002fb0c995b9a9ae.jpg,train,IMG20240228130041,roboflow,ts_compact,20240228,130041
ElectroCom61 A Multiclass Dataset for Detection of Electronic Components\ElectroCom61\train\images\IMG20240228130254_jpg.rf.996b1a0664d6d32304cc00aa916a6201.jpg,train,IMG20240228130254,roboflow,ts_compact,20240228,130254
ElectroCom61 A Multiclass Dataset for Detection of Electronic Components\ElectroCom61\train\images\IMG20240228130308_jpg.rf.a4ae2223fd0c7e5e60d5760262167b30.jpg,train,IMG20240228130308,roboflow,ts_compact,20240228,130308
ElectroCom61 A Multiclass Dataset for Detection of Electronic Components\ElectroCom61\train\images\IMG20240228130343_jpg.rf.62079a1459d11fe8f16ed7182f8516f6.jpg,train,IMG20240228130343,roboflow,ts_compact,20240228,130343
ElectroCom61 A Multiclass Dataset for Detection of Electronic Components\ElectroCom61\train\images\IMG20240228130425_jpg.rf.0fa1f24632aa9307429592812c85f1df.jpg,train,IMG20240228130425,roboflow,ts_compact,20240228,130425
ElectroCom61 A Multiclass Dataset for Detection of Electronic Components\ElectroCom61\train\images\IMG20240228130517_jpg.rf.6b794df0a4391bfdc9c888ee6e6a45d2.jpg,train,IMG20240228130517,roboflow,ts_compact,20240228,130517
ElectroCom61 A Multiclass Dataset for Detection of Electronic Components\ElectroCom61\train\images\IMG20240228130615_jpg.rf.f613253a1dbd27250b6b622740e6c074.jpg,train,IMG20240228130615,roboflow,ts_compact,20240228,130615
ElectroCom61 A Multiclass Dataset for Detection of Electronic Components\ElectroCom61\train\images\IMG20240228130624_jpg.rf.059b4a179901e801e8928587ce6d2550.jpg,train,IMG20240228130624,roboflow,ts_compact,20240228,130624
ElectroCom61 A Multiclass Dataset for Detection of Electronic Components\ElectroCom61\train\images\IMG20240228130701_jpg.rf.a0403114b608ae6189accab5e4575f33.jpg,train,IMG20240228130701,roboflow,ts_compact,20240228,130701
ElectroCom61 A Multiclass Dataset for Detection of Electronic Components\ElectroCom61\train\images\IMG20240228130706_jpg.rf.469b63f120aa4b2f580cc5a824008b30.jpg,train,IMG20240228130706,roboflow,ts_compact,20240228,130706
ElectroCom61 A Multiclass Dataset for Detection of Electronic Components\ElectroCom61\train\images\IMG20240228130819_jpg.rf.79321e2d901144ec334bf2590bbc36ea.jpg,train,IMG20240228130819,roboflow,ts_compact,20240228,130819
ElectroCom61 A Multiclass Dataset for Detection of Electronic Components\ElectroCom61\train\images\IMG20240228130858_jpg.rf.baed900c9b0f02256dde4727bb612a75.jpg,train,IMG20240228130858,roboflow,ts_compact,20240228,130858
ElectroCom61 A Multiclass Dataset for Detection of Electronic Components\ElectroCom61\train\images\IMG20240228130905_jpg.rf.8ef720ae9d668fadc077c0df259d6118.jpg,train,IMG20240228130905,roboflow,ts_compact,20240228,130905
ElectroCom61 A Multiclass Dataset for Detection of Electronic Components\ElectroCom61\train\images\IMG20240228130950_jpg.rf.641e9031421e741329aedb0f2bd7a703.jpg,train,IMG20240228130950,roboflow,ts_compact,20240228,130950
ElectroCom61 A Multiclass Dataset for Detection of Electronic Components\ElectroCom61\train\images\IMG20240228131006_jpg.rf.3b5a9c67fdd408d5d8645bb90e7e40b6.jpg,train,IMG20240228131006,roboflow,ts_compact,20240228,131006
ElectroCom61 A Multiclass Dataset for Detection of Electronic Components\ElectroCom61\train\images\IMG20240228131034_jpg.rf.ae110b04a54369f0b6c00ec6445a46bf.jpg,train,IMG20240228131034,roboflow,ts_compact,20240228,131034
ElectroCom61 A Multiclass Dataset for Detection of Electronic Components\ElectroCom61\train\images\IMG20240228131243_jpg.rf.7f800168dbce533a64f23d29b37d2d99.jpg,train,IMG20240228131243,roboflow,ts_compact,20240228,131243
ElectroCom61 A Multiclass Dataset for Detection of Electronic Components\ElectroCom61\train\images\IMG20240228131259_jpg.rf.7fb354d04bce32a2b452fd2042382816.jpg,train,IMG20240228131259,roboflow,ts_compact,20240228,131259
ElectroCom61 A Multiclass Dataset for Detection of Electronic Components\ElectroCom61\train\images\IMG20240228131341_jpg.rf.770837dfd1e0fd54a20aedbcfd9393dd.jpg,train,IMG20240228131341,roboflow,ts_compact,20240228,131341
ElectroCom61 A Multiclass Dataset for Detection of Electronic Components\ElectroCom61\train\images\IMG20240228131414_jpg.rf.12d1c4e1a1793e5bf4e67471744c4a8e.jpg,train,IMG20240228131414,roboflow,ts_compact,20240228,131414
ElectroCom61 A Multiclass Dataset for Detection of Electronic Components\ElectroCom61\train\images\IMG20240228131420_jpg.rf.7bd19a79869fa6baee8b1353151e4cd1.jpg,train,IMG20240228131420,roboflow,ts_compact,20240228,131420
ElectroCom61 A Multiclass Dataset for Detection of Electronic Components\ElectroCom61\train\images\IMG20240228131602_jpg.rf.a6dfe92e9b695b519f6e7401e332cc35.jpg,train,IMG20240228131602,roboflow,ts_compact,20240228,131602
ElectroCom61 A Multiclass Dataset for Detection of Electronic Components\ElectroCom61\train\images\IMG20240228131753_jpg.rf.3e83948e156a61c77460cd0a9bf21676.jpg,train,IMG20240228131753,roboflow,ts_compact,20240228,131753
ElectroCom61 A Multiclass Dataset for Detection of Electronic Components\ElectroCom61\train\images\IMG20240228131832_jpg.rf.7430161d29611aad4355fa8e895bac1c.jpg,train,IMG20240228131832,roboflow,ts_compact,20240228,131832
ElectroCom61 A Multiclass Dataset for Detection of Electronic Components\ElectroCom61\train\images\IMG20240228131843_jpg.rf.f6c093dbdb4337218cec57dbea06532a.jpg,train,IMG20240228131843,roboflow,ts_compact,20240228,131843
ElectroCom61 A Multiclass Dataset for Detection of Electronic Components\ElectroCom61\train\images\IMG20240228131859_jpg.rf.8c66198020f0e2b2b2d30f21593546ea.jpg,train,IMG20240228131859,roboflow,ts_compact,20240228,131859
ElectroCom61 A Multiclass Dataset for Detection of Electronic Components\ElectroCom61\train\images\IMG20240228131905_jpg.rf.d885947856c483d58ad0802459159dfe.jpg,train,IMG20240228131905,roboflow,ts_compact,20240228,131905
ElectroCom61 A Multiclass Dataset for Detection of Electronic Components\ElectroCom61\train\images\IMG20240228132045_jpg.rf.e730f90599b9f20b8c4bd152b3f20444.jpg,train,IMG20240228132045,roboflow,ts_compact,20240228,132045
ElectroCom61 A Multiclass Dataset for Detection of Electronic Components\ElectroCom61\train\images\IMG20240228132127_jpg.rf.979410977b250f10e1ae3cd61ea0103a.jpg,train,IMG20240228132127,roboflow,ts_compact,20240228,132127
ElectroCom61 A Multiclass Dataset for Detection of Electronic Components\ElectroCom61\train\images\IMG20240228132302_jpg.rf.ff90b27feba1a18501366a5839032647.jpg,train,IMG20240228132302,roboflow,ts_compact,20240228,132302
ElectroCom61 A Multiclass Dataset for Detection of Electronic Components\ElectroCom61\train\images\IMG20240228132319_jpg.rf.6331b5edfe0e0b70f60ebb35ab64d77f.jpg,train,IMG20240228132319,roboflow,ts_compact,20240228,132319
ElectroCom61 A Multiclass Dataset for Detection of Electronic Components\ElectroCom61\train\images\IMG20240228132335_jpg.rf.1abefa37a2c1f95024a6719de4f37c64.jpg,train,IMG20240228132335,roboflow,ts_compact,20240228,132335
ElectroCom61 A Multiclass Dataset for Detection of Electronic Components\ElectroCom61\train\images\IMG20240228132345_jpg.rf.43c8643f9f992619f32adfba66084680.jpg,train,IMG20240228132345,roboflow,ts_compact,20240228,132345
ElectroCom61 A Multiclass Dataset for Detection of Electronic Components\ElectroCom61\train\images\IMG20240228132354_jpg.rf.66c0417038035e6bdbebac710a31a92b.jpg,train,IMG20240228132354,roboflow,ts_compact,20240228,132354
ElectroCom61 A Multiclass Dataset for Detection of Electronic Components\ElectroCom61\train\images\IMG20240228132440_jpg.rf.c3b09085e7960849df36009ef273971e.jpg,train,IMG20240228132440,roboflow,ts_compact,20240228,132440
ElectroCom61 A Multiclass Dataset for Detection of Electronic Components\ElectroCom61\train\images\IMG20240228132445_jpg.rf.e0852a78fa06cf2c54dbb180352eb7e4.jpg,train,IMG20240228132445,roboflow,ts_compact,20240228,132445
ElectroCom61 A Multiclass Dataset for Detection of Electronic Components\ElectroCom61\train\images\IMG20240228132524_jpg.rf.eb032a8e73174d83c63a9c345983f436.jpg,train,IMG20240228132524,roboflow,ts_compact,20240228,132524
ElectroCom61 A Multiclass Dataset for Detection of Electronic Components\ElectroCom61\train\images\IMG20240228132544_jpg.rf.af79c1612849991b0981b517e8a9b2e0.jpg,train,IMG20240228132544,roboflow,ts_compact,20240228,132544
ElectroCom61 A Multiclass Dataset for Detection of Electronic Components\ElectroCom61\train\images\IMG20240228132559_jpg.rf.6f93f70c2ec60f85efe33a042833ad6c.jpg,train,IMG20240228132559,roboflow,ts_compact,20240228,132559
ElectroCom61 A Multiclass Dataset for Detection of Electronic Components\ElectroCom61\train\images\IMG20240228132725_jpg.rf.3961bec85ced57bbed52e3532453ef42.jpg,train,IMG20240228132725,roboflow,ts_compact,20240228,132725
ElectroCom61 A Multiclass Dataset for Detection of Electronic Components\ElectroCom61\train\images\IMG20240228132732_jpg.rf.cfed1ba1d7123a98fafb5d0d33c198d8.jpg,train,IMG20240228132732,roboflow,ts_compact,20240228,132732
ElectroCom61 A Multiclass Dataset for Detection of Electronic Components\ElectroCom61\train\images\IMG20240228132838_jpg.rf.89131c268219ea7825c5d21a2fad0c50.jpg,train,IMG20240228132838,roboflow,ts_compact,20240228,132838
ElectroCom61 A Multiclass Dataset for Detection of Electronic Components\ElectroCom61\train\images\IMG20240228132855_jpg.rf.c1836197be0c8c42efe44d0aaee53d4f.jpg,train,IMG20240228132855,roboflow,ts_compact,20240228,132855
ElectroCom61 A Multiclass Dataset for Detection of Electronic Components\ElectroCom61\train\images\IMG20240228133008_jpg.rf.3ae5e94f1fcc371802e0f167882f15d8.jpg,train,IMG20240228133008,roboflow,ts_compact,20240228,133008
ElectroCom61 A Multiclass Dataset for Detection of Electronic Components\ElectroCom61\train\images\IMG20240228133029_jpg.rf.9e7777d5d15cc19872dd919c1bfee27a.jpg,train,IMG20240228133029,roboflow,ts_compact,20240228,133029
ElectroCom61 A Multiclass Dataset for Detection of Electronic Components\ElectroCom61\train\images\IMG20240228133058_jpg.rf.81bcbd4e0481328815c1135fd354f396.jpg,train,IMG20240228133058,roboflow,ts_compact,20240228,133058
ElectroCom61 A Multiclass Dataset for Detection of Electronic Components\ElectroCom61\train\images\IMG20240228133110_01_jpg.rf.7c36b8149bdc475ab68f9e88d3e8bc7a.jpg,train,IMG20240228133110_01,roboflow,ts_compact_sub,20240228,133110
ElectroCom61 A Multiclass Dataset for Detection of Electronic Components\ElectroCom61\train\images\IMG20240228133137_jpg.rf.2269bcaa1b03c04ea45fd31f960acceb.jpg,train,IMG20240228133137,roboflow,ts_compact,20240228,133137
ElectroCom61 A Multiclass Dataset for Detection of Electronic Components\ElectroCom61\train\images\IMG20240228133155_jpg.rf.0131a9fed8ed99cd22a136a6e9dc110e.jpg,train,IMG20240228133155,roboflow,ts_compact,20240228,133155
ElectroCom61 A Multiclass Dataset for Detection of Electronic Components\ElectroCom61\train\images\IMG20240228133740_01_jpg.rf.6b62cb639231afcf8aa888c59c588319.jpg,train,IMG20240228133740_01,roboflow,ts_compact_sub,20240228,133740
ElectroCom61 A Multiclass Dataset for Detection of Electronic Components\ElectroCom61\train\images\IMG20240228133759_jpg.rf.3da09e435ecbe0dd26ff886520a223e6.jpg,train,IMG20240228133759,roboflow,ts_compact,20240228,133759
ElectroCom61 A Multiclass Dataset for Detection of Electronic Components\ElectroCom61\train\images\IMG20240228133815_jpg.rf.bbaef554e2689ac59367ce8107c9bd89.jpg,train,IMG20240228133815,roboflow,ts_compact,20240228,133815
ElectroCom61 A Multiclass Dataset for Detection of Electronic Components\ElectroCom61\train\images\IMG20240228133904_jpg.rf.3b61301776a6eb7b152e305e8c426b18.jpg,train,IMG20240228133904,roboflow,ts_compact,20240228,133904
ElectroCom61 A Multiclass Dataset for Detection of Electronic Components\ElectroCom61\train\images\IMG20240228133928_jpg.rf.5c85dd7a613e23d06cf96bdb115f6c1e.jpg,train,IMG20240228133928,roboflow,ts_compact,20240228,133928
ElectroCom61 A Multiclass Dataset for Detection of Electronic Components\ElectroCom61\train\images\IMG20240228133955_jpg.rf.cb1376afa8fed49881eade7f3279490c.jpg,train,IMG20240228133955,roboflow,ts_compact,20240228,133955
ElectroCom61 A Multiclass Dataset for Detection of Electronic Components\ElectroCom61\train\images\IMG20240228134000_jpg.rf.c8746257b62285b4d3f683ec7f5fa3d6.jpg,train,IMG20240228134000,roboflow,ts_compact,20240228,134000
ElectroCom61 A Multiclass Dataset for Detection of Electronic Components\ElectroCom61\train\images\IMG20240228134136_jpg.rf.f1ff6e2f3d6939b2e7632e2d8dfa7e23.jpg,train,IMG20240228134136,roboflow,ts_compact,20240228,134136
ElectroCom61 A Multiclass Dataset for Detection of Electronic Components\ElectroCom61\train\images\IMG20240228134144_jpg.rf.0963cff52f0a51be07712dd4b75fbbf1.jpg,train,IMG20240228134144,roboflow,ts_compact,20240228,134144
ElectroCom61 A Multiclass Dataset for Detection of Electronic Components\ElectroCom61\train\images\IMG20240228135201_jpg.rf.4dd2052d0d1133218c3d629f1d74cf09.jpg,train,IMG20240228135201,roboflow,ts_compact,20240228,135201
ElectroCom61 A Multiclass Dataset for Detection of Electronic Components\ElectroCom61\train\images\IMG20240228135335_jpg.rf.3f399be2c8ed4659742730b9ec9c780a.jpg,train,IMG20240228135335,roboflow,ts_compact,20240228,135335
ElectroCom61 A Multiclass Dataset for Detection of Electronic Components\ElectroCom61\train\images\IMG20240228135348_jpg.rf.add153e8cbe11b9e750a9d8f7d7b958e.jpg,train,IMG20240228135348,roboflow,ts_compact,20240228,135348
ElectroCom61 A Multiclass Dataset for Detection of Electronic Components\ElectroCom61\train\images\IMG20240228135418_jpg.rf.f8fe62752d58d287ae518427b31f0554.jpg,train,IMG20240228135418,roboflow,ts_compact,20240228,135418
ElectroCom61 A Multiclass Dataset for Detection of Electronic Components\ElectroCom61\train\images\IMG20240228135459_jpg.rf.45a427e09f7ec3c896d26c8d0f903404.jpg,train,IMG20240228135459,roboflow,ts_compact,20240228,135459
ElectroCom61 A Multiclass Dataset for Detection of Electronic Components\ElectroCom61\train\images\IMG20240228135507_jpg.rf.3193ebdacc6a3a239b2836077b142a1c.jpg,train,IMG20240228135507,roboflow,ts_compact,20240228,135507
ElectroCom61 A Multiclass Dataset for Detection of Electronic Components\ElectroCom61\train\images\IMG20240228135513_jpg.rf.a2c3cc44dcfa8d7b64ef2b4befb03de3.jpg,train,IMG20240228135513,roboflow,ts_compact,20240228,135513
ElectroCom61 A Multiclass Dataset for Detection of Electronic Components\ElectroCom61\train\images\IMG20240228142057_jpg.rf.f2f59024ab139f813525045134b93d55.jpg,train,IMG20240228142057,roboflow,ts_compact,20240228,142057
ElectroCom61 A Multiclass Dataset for Detection of Electronic Components\ElectroCom61\train\images\IMG20240228142107_jpg.rf.fc8738858de60db6bf0a238f9c9c8f8f.jpg,train,IMG20240228142107,roboflow,ts_compact,20240228,142107
ElectroCom61 A Multiclass Dataset for Detection of Electronic Components\ElectroCom61\train\images\IMG20240228142135_jpg.rf.504e68cc895f2e591b35dc10c92817f9.jpg,train,IMG20240228142135,roboflow,ts_compact,20240228,142135
ElectroCom61 A Multiclass Dataset for Detection of Electronic Components\ElectroCom61\train\images\IMG20240228142159_jpg.rf.12a28423c84cfd07a8181c7500d62a39.jpg,train,IMG20240228142159,roboflow,ts_compact,20240228,142159
ElectroCom61 A Multiclass Dataset for Detection of Electronic Components\ElectroCom61\train\images\IMG20240228142222_jpg.rf.5c23fa0848f3a9e375bc5c4858e070e7.jpg,train,IMG20240228142222,roboflow,ts_compact,20240228,142222
ElectroCom61 A Multiclass Dataset for Detection of Electronic Components\ElectroCom61\train\images\IMG20240228142259_jpg.rf.470d1658db6e507de7bd36eb55aa1419.jpg,train,IMG20240228142259,roboflow,ts_compact,20240228,142259
ElectroCom61 A Multiclass Dataset for Detection of Electronic Components\ElectroCom61\train\images\IMG20240228142313_jpg.rf.0d5b811b7a256a2246988656522b52f2.jpg,train,IMG20240228142313,roboflow,ts_compact,20240228,142313
ElectroCom61 A Multiclass Dataset for Detection of Electronic Components\ElectroCom61\train\images\IMG20240228142346_jpg.rf.b18715ac3cfd8f365931ff7b4c133b6f.jpg,train,IMG20240228142346,roboflow,ts_compact,20240228,142346
ElectroCom61 A Multiclass Dataset for Detection of Electronic Components\ElectroCom61\train\images\IMG20240228142356_jpg.rf.32e9e29da4b876fcbc458e3f5b8361d6.jpg,train,IMG20240228142356,roboflow,ts_compact,20240228,142356
ElectroCom61 A Multiclass Dataset for Detection of Electronic Components\ElectroCom61\train\images\IMG20240228142434_jpg.rf.394debe4ef45a7164b5926ebba73cbdf.jpg,train,IMG20240228142434,roboflow,ts_compact,20240228,142434
ElectroCom61 A Multiclass Dataset for Detection of Electronic Components\ElectroCom61\train\images\IMG20240303105743_jpg.rf.c23cb66fb78392e64008b4372f50ec0f.jpg,train,IMG20240303105743,roboflow,ts_compact,20240303,105743
ElectroCom61 A Multiclass Dataset for Detection of Electronic Components\ElectroCom61\train\images\IMG20240303105750_jpg.rf.80ea04ba7f8c8e09f1ad7dd1ca727d37.jpg,train,IMG20240303105750,roboflow,ts_compact,20240303,105750
ElectroCom61 A Multiclass Dataset for Detection of Electronic Components\ElectroCom61\train\images\IMG20240303105800_jpg.rf.552fa3fdbbc652a7ac71f9335ff1d9c5.jpg,train,IMG20240303105800,roboflow,ts_compact,20240303,105800
ElectroCom61 A Multiclass Dataset for Detection of Electronic Components\ElectroCom61\train\images\IMG20240303105812_jpg.rf.aecfbba2bab3f08d618914220a54f7ae.jpg,train,IMG20240303105812,roboflow,ts_compact,20240303,105812
ElectroCom61 A Multiclass Dataset for Detection of Electronic Components\ElectroCom61\train\images\IMG20240303105820_jpg.rf.f6e2d8c17b338271b137331a4a4fe483.jpg,train,IMG20240303105820,roboflow,ts_compact,20240303,105820
ElectroCom61 A Multiclass Dataset for Detection of Electronic Components\ElectroCom61\train\images\IMG20240303105838_jpg.rf.92169042ff81024e57d2e62f3c724462.jpg,train,IMG20240303105838,roboflow,ts_compact,20240303,105838
ElectroCom61 A Multiclass Dataset for Detection of Electronic Components\ElectroCom61\train\images\IMG20240303105852_jpg.rf.838c014e2e39aa49229d2bcd24c0b7f4.jpg,train,IMG20240303105852,roboflow,ts_compact,20240303,105852
ElectroCom61 A Multiclass Dataset for Detection of Electronic Components\ElectroCom61\train\images\IMG20240303105921_jpg.rf.bd3d09686201a0e7a690466931e708f2.jpg,train,IMG20240303105921,roboflow,ts_compact,20240303,105921
ElectroCom61 A Multiclass Dataset for Detection of Electronic Components\ElectroCom61\train\images\IMG20240303105934_jpg.rf.e7cd2c27f22f483a27a3effe8baa622e.jpg,train,IMG20240303105934,roboflow,ts_compact,20240303,105934
ElectroCom61 A Multiclass Dataset for Detection of Electronic Components\ElectroCom61\train\images\IMG20240303105939_jpg.rf.08a0768dd8d2ce946274c77c74266905.jpg,train,IMG20240303105939,roboflow,ts_compact,20240303,105939
ElectroCom61 A Multiclass Dataset for Detection of Electronic Components\ElectroCom61\train\images\IMG20240303110007_jpg.rf.d2e342acd1e8f2ce6b40c9dfaea674b3.jpg,train,IMG20240303110007,roboflow,ts_compact,20240303,110007
ElectroCom61 A Multiclass Dataset for Detection of Electronic Components\ElectroCom61\train\images\IMG20240303110030_jpg.rf.dd25de3b20203769334e2ecde95b7f08.jpg,train,IMG20240303110030,roboflow,ts_compact,20240303,110030
ElectroCom61 A Multiclass Dataset for Detection of Electronic Components\ElectroCom61\train\images\IMG20240303110037_jpg.rf.42c47edc0238f934ac4b0296659a7967.jpg,train,IMG20240303110037,roboflow,ts_compact,20240303,110037
ElectroCom61 A Multiclass Dataset for Detection of Electronic Components\ElectroCom61\train\images\IMG20240303110054_jpg.rf.2ba2b72b9441f36e70f157e8391980b1.jpg,train,IMG20240303110054,roboflow,ts_compact,20240303,110054
ElectroCom61 A Multiclass Dataset for Detection of Electronic Components\ElectroCom61\train\images\IMG20240303110158_jpg.rf.008b7a8abdde482ac8e9dc536361e5f5.jpg,train,IMG20240303110158,roboflow,ts_compact,20240303,110158
ElectroCom61 A Multiclass Dataset for Detection of Electronic Components\ElectroCom61\train\images\IMG20240303110236_jpg.rf.820279af19b519dc5654c53e48ad9491.jpg,train,IMG20240303110236,roboflow,ts_compact,20240303,110236
ElectroCom61 A Multiclass Dataset for Detection of Electronic Components\ElectroCom61\train\images\IMG20240303110252_jpg.rf.9642f966ca3ca6022d19fe826c09346c.jpg,train,IMG20240303110252,roboflow,ts_compact,20240303,110252
ElectroCom61 A Multiclass Dataset for Detection of Electronic Components\ElectroCom61\train\images\IMG20240303110327_jpg.rf.b91916c1dff6ba1f707206e2832da94e.jpg,train,IMG20240303110327,roboflow,ts_compact,20240303,110327
ElectroCom61 A Multiclass Dataset for Detection of Electronic Components\ElectroCom61\train\images\IMG20240303110336_jpg.rf.71c29932439944d195dd9400ea380b05.jpg,train,IMG20240303110336,roboflow,ts_compact,20240303,110336
ElectroCom61 A Multiclass Dataset for Detection of Electronic Components\ElectroCom61\train\images\IMG20240303110517_jpg.rf.6302f98982cf6326a9c0508a93198ece.jpg,train,IMG20240303110517,roboflow,ts_compact,20240303,110517
ElectroCom61 A Multiclass Dataset for Detection of Electronic Components\ElectroCom61\train\images\IMG20240303110620_jpg.rf.f41d69edb9e3be8cc7a85bd4b00e0e2d.jpg,train,IMG20240303110620,roboflow,ts_compact,20240303,110620
ElectroCom61 A Multiclass Dataset for Detection of Electronic Components\ElectroCom61\train\images\IMG20240303110638_jpg.rf.c1d9157144399ac657ea0e9cd9575797.jpg,train,IMG20240303110638,roboflow,ts_compact,20240303,110638
ElectroCom61 A Multiclass Dataset for Detection of Electronic Components\ElectroCom61\train\images\IMG20240303110723_jpg.rf.70e3725d9cc39e1c3765282e7367c790.jpg,train,IMG20240303110723,roboflow,ts_compact,20240303,110723
ElectroCom61 A Multiclass Dataset for Detection of Electronic Components\ElectroCom61\train\images\IMG20240303110728_jpg.rf.f43c49175f6379c327c000d2848a3ec6.jpg,train,IMG20240303110728,roboflow,ts_compact,20240303,110728
ElectroCom61 A Multiclass Dataset for Detection of Electronic Components\ElectroCom61\train\images\IMG20240303110821_jpg.rf.ce82df22d47913fa6446ff9d6d759e4b.jpg,train,IMG20240303110821,roboflow,ts_compact,20240303,110821
ElectroCom61 A Multiclass Dataset for Detection of Electronic Components\ElectroCom61\train\images\IMG20240303110835_jpg.rf.ffc6ce2498a18c5d7c5310eb8ed6bf3d.jpg,train,IMG20240303110835,roboflow,ts_compact,20240303,110835
ElectroCom61 A Multiclass Dataset for Detection of Electronic Components\ElectroCom61\train\images\IMG20240303110947_jpg.rf.ca8818bddcef2a25e379ef432afb5b34.jpg,train,IMG20240303110947,roboflow,ts_compact,20240303,110947
ElectroCom61 A Multiclass Dataset for Detection of Electronic Components\ElectroCom61\train\images\IMG20240303111006_jpg.rf.5fa5f5506f25d4f36e70d728eccea0c9.jpg,train,IMG20240303111006,roboflow,ts_compact,20240303,111006
ElectroCom61 A Multiclass Dataset for Detection of Electronic Components\ElectroCom61\train\images\IMG20240303111039_jpg.rf.1b4ba342da4ea921c1d6a6ff5d19bec8.jpg,train,IMG20240303111039,roboflow,ts_compact,20240303,111039
ElectroCom61 A Multiclass Dataset for Detection of Electronic Components\ElectroCom61\train\images\IMG20240303111042_jpg.rf.8ed67d6d1c0e1f99374e94231d2e7b40.jpg,train,IMG20240303111042,roboflow,ts_compact,20240303,111042
ElectroCom61 A Multiclass Dataset for Detection of Electronic Components\ElectroCom61\train\images\IMG20240303111124_jpg.rf.119d0c7948d42a068d8a485fa3a1880f.jpg,train,IMG20240303111124,roboflow,ts_compact,20240303,111124
ElectroCom61 A Multiclass Dataset for Detection of Electronic Components\ElectroCom61\train\images\IMG20240303111139_jpg.rf.f56bf018f2c76f377afbb36c18f48f8a.jpg,train,IMG20240303111139,roboflow,ts_compact,20240303,111139
ElectroCom61 A Multiclass Dataset for Detection of Electronic Components\ElectroCom61\train\images\IMG20240303111152_jpg.rf.21d0c72358375292ab30dfdf637158e0.jpg,train,IMG20240303111152,roboflow,ts_compact,20240303,111152
ElectroCom61 A Multiclass Dataset for Detection of Electronic Components\ElectroCom61\train\images\IMG20240303111159_jpg.rf.8c53c4778a6a9e572eaaaa3bbad08eaa.jpg,train,IMG20240303111159,roboflow,ts_compact,20240303,111159
ElectroCom61 A Multiclass Dataset for Detection of Electronic Components\ElectroCom61\train\images\IMG20240303111228_jpg.rf.b9f96ee113882cd2fa99b15f2fcb726c.jpg,train,IMG20240303111228,roboflow,ts_compact,20240303,111228
ElectroCom61 A Multiclass Dataset for Detection of Electronic Components\ElectroCom61\train\images\IMG20240303111243_jpg.rf.44486b1bd7e945f71537bba657f3c99a.jpg,train,IMG20240303111243,roboflow,ts_compact,20240303,111243
ElectroCom61 A Multiclass Dataset for Detection of Electronic Components\ElectroCom61\train\images\IMG20240303111248_jpg.rf.efabad0b7ec39615a204145c45193024.jpg,train,IMG20240303111248,roboflow,ts_compact,20240303,111248
ElectroCom61 A Multiclass Dataset for Detection of Electronic Components\ElectroCom61\train\images\IMG20240303111258_jpg.rf.8ce1df81376e22bb52aa223820ef470a.jpg,train,IMG20240303111258,roboflow,ts_compact,20240303,111258
ElectroCom61 A Multiclass Dataset for Detection of Electronic Components\ElectroCom61\train\images\IMG20240303111302_jpg.rf.0cc14d9b5d64c14ed249311ec9d15aa2.jpg,train,IMG20240303111302,roboflow,ts_compact,20240303,111302
ElectroCom61 A Multiclass Dataset for Detection of Electronic Components\ElectroCom61\train\images\IMG20240303111325_jpg.rf.fa85fd5dada6f4903587b868488ca209.jpg,train,IMG20240303111325,roboflow,ts_compact,20240303,111325
ElectroCom61 A Multiclass Dataset for Detection of Electronic Components\ElectroCom61\train\images\IMG20240303111332_jpg.rf.5615a6b24428fd0f4dfc601825aa37c1.jpg,train,IMG20240303111332,roboflow,ts_compact,20240303,111332
ElectroCom61 A Multiclass Dataset for Detection of Electronic Components\ElectroCom61\train\images\IMG20240303111615_jpg.rf.65ead46c3a4b684abdc57c1bcf81165a.jpg,train,IMG20240303111615,roboflow,ts_compact,20240303,111615
ElectroCom61 A Multiclass Dataset for Detection of Electronic Components\ElectroCom61\train\images\IMG20240303111645_jpg.rf.a1dac7e927d9790541c52fb022402a14.jpg,train,IMG20240303111645,roboflow,ts_compact,20240303,111645
ElectroCom61 A Multiclass Dataset for Detection of Electronic Components\ElectroCom61\train\images\IMG20240303111705_jpg.rf.7496479638ff04ef6587a9077cddd837.jpg,train,IMG20240303111705,roboflow,ts_compact,20240303,111705
ElectroCom61 A Multiclass Dataset for Detection of Electronic Components\ElectroCom61\train\images\IMG20240303111709_jpg.rf.df780d6e0066a45c9b60da8c1c3deea7.jpg,train,IMG20240303111709,roboflow,ts_compact,20240303,111709
ElectroCom61 A Multiclass Dataset for Detection of Electronic Components\ElectroCom61\train\images\IMG20240303111716_jpg.rf.be769bee8c9b990941906cdf6d6f4314.jpg,train,IMG20240303111716,roboflow,ts_compact,20240303,111716
ElectroCom61 A Multiclass Dataset for Detection of Electronic Components\ElectroCom61\train\images\IMG20240303111738_jpg.rf.09cd18692c1e51e239f6d8d9f2ceeec1.jpg,train,IMG20240303111738,roboflow,ts_compact,20240303,111738
ElectroCom61 A Multiclass Dataset for Detection of Electronic Components\ElectroCom61\train\images\IMG20240303111744_jpg.rf.486612a9d059736ff98ef79fee7817c4.jpg,train,IMG20240303111744,roboflow,ts_compact,20240303,111744
ElectroCom61 A Multiclass Dataset for Detection of Electronic Components\ElectroCom61\train\images\IMG20240303111804_jpg.rf.f6619fb81480bcbcddf18da6243d3ad1.jpg,train,IMG20240303111804,roboflow,ts_compact,20240303,111804
ElectroCom61 A Multiclass Dataset for Detection of Electronic Components\ElectroCom61\train\images\IMG20240303111808_jpg.rf.06592adf8c0d38f98d4a7baac8354cab.jpg,train,IMG20240303111808,roboflow,ts_compact,20240303,111808
ElectroCom61 A Multiclass Dataset for Detection of Electronic Components\ElectroCom61\train\images\IMG20240303111815_jpg.rf.f74418d945fc31019f1e0558965a6180.jpg,train,IMG20240303111815,roboflow,ts_compact,20240303,111815
ElectroCom61 A Multiclass Dataset for Detection of Electronic Components\ElectroCom61\train\images\IMG20240303111821_jpg.rf.9d7f1ffd3a9b05be79cea77292ffd4c7.jpg,train,IMG20240303111821,roboflow,ts_compact,20240303,111821
ElectroCom61 A Multiclass Dataset for Detection of Electronic Components\ElectroCom61\train\images\IMG20240303111838_jpg.rf.103cefb4e3c92ed45c8eed002f0767f1.jpg,train,IMG20240303111838,roboflow,ts_compact,20240303,111838
ElectroCom61 A Multiclass Dataset for Detection of Electronic Components\ElectroCom61\train\images\IMG20240303111843_jpg.rf.aa35bd0ec3f25a7317b74ef5567c307f.jpg,train,IMG20240303111843,roboflow,ts_compact,20240303,111843
ElectroCom61 A Multiclass Dataset for Detection of Electronic Components\ElectroCom61\train\images\IMG20240303111847_jpg.rf.9005c099005a19a779f2a1fc1575888b.jpg,train,IMG20240303111847,roboflow,ts_compact,20240303,111847
ElectroCom61 A Multiclass Dataset for Detection of Electronic Components\ElectroCom61\train\images\IMG20240303111850_jpg.rf.dd46a6bca975b78580238740ba4e4cb6.jpg,train,IMG20240303111850,roboflow,ts_compact,20240303,111850
ElectroCom61 A Multiclass Dataset for Detection of Electronic Components\ElectroCom61\train\images\IMG20240303111919_jpg.rf.3a6016b39c6bd9847b621ed0a9115118.jpg,train,IMG20240303111919,roboflow,ts_compact,20240303,111919
ElectroCom61 A Multiclass Dataset for Detection of Electronic Components\ElectroCom61\train\images\IMG20240303111929_jpg.rf.290fdc4df2532948ba46b7c11e5a7c8e.jpg,train,IMG20240303111929,roboflow,ts_compact,20240303,111929
ElectroCom61 A Multiclass Dataset for Detection of Electronic Components\ElectroCom61\train\images\IMG20240306115331_jpg.rf.cadcdb4695f8929c58cd03ef04c75ac9.jpg,train,IMG20240306115331,roboflow,ts_compact,20240306,115331
ElectroCom61 A Multiclass Dataset for Detection of Electronic Components\ElectroCom61\train\images\IMG20240306115335_jpg.rf.327b002aaccf00133d849072c0d62a19.jpg,train,IMG20240306115335,roboflow,ts_compact,20240306,115335
ElectroCom61 A Multiclass Dataset for Detection of Electronic Components\ElectroCom61\train\images\IMG20240306115613_jpg.rf.06d80f5b64adb5f9b9cc5ea67fc2f811.jpg,train,IMG20240306115613,roboflow,ts_compact,20240306,115613
ElectroCom61 A Multiclass Dataset for Detection of Electronic Components\ElectroCom61\train\images\IMG20240306115619_jpg.rf.31ea918665f45c6b3d47e004ae7a6e8e.jpg,train,IMG20240306115619,roboflow,ts_compact,20240306,115619
ElectroCom61 A Multiclass Dataset for Detection of Electronic Components\ElectroCom61\train\images\IMG20240306115634_jpg.rf.d8241ee6f1b0d511fdddfdc49d7c4603.jpg,train,IMG20240306115634,roboflow,ts_compact,20240306,115634
ElectroCom61 A Multiclass Dataset for Detection of Electronic Components\ElectroCom61\train\images\IMG20240306115645_jpg.rf.4932ee7337969f3433f1f24ce60da240.jpg,train,IMG20240306115645,roboflow,ts_compact,20240306,115645
ElectroCom61 A Multiclass Dataset for Detection of Electronic Components\ElectroCom61\train\images\IMG20240306115737_jpg.rf.83b06426af828d34f8ab4ce26d85a13b.jpg,train,IMG20240306115737,roboflow,ts_compact,20240306,115737
ElectroCom61 A Multiclass Dataset for Detection of Electronic Components\ElectroCom61\train\images\IMG20240306115813_jpg.rf.e3e9669eb5884ddbf25ee32eb746fe45.jpg,train,IMG20240306115813,roboflow,ts_compact,20240306,115813
ElectroCom61 A Multiclass Dataset for Detection of Electronic Components\ElectroCom61\train\images\IMG20240306115829_jpg.rf.60605702eac96394f06c68dcb9ec53f1.jpg,train,IMG20240306115829,roboflow,ts_compact,20240306,115829
ElectroCom61 A Multiclass Dataset for Detection of Electronic Components\ElectroCom61\train\images\IMG20240306115840_jpg.rf.288685292b03673589ca76e1cfc7ca79.jpg,train,IMG20240306115840,roboflow,ts_compact,20240306,115840
ElectroCom61 A Multiclass Dataset for Detection of Electronic Components\ElectroCom61\train\images\IMG20240306115900_jpg.rf.6df09a2972383e91c500a1c4b7080fd2.jpg,train,IMG20240306115900,roboflow,ts_compact,20240306,115900
ElectroCom61 A Multiclass Dataset for Detection of Electronic Components\ElectroCom61\train\images\IMG20240306115903_jpg.rf.f2412a134470951e6d34a55569ea0514.jpg,train,IMG20240306115903,roboflow,ts_compact,20240306,115903
ElectroCom61 A Multiclass Dataset for Detection of Electronic Components\ElectroCom61\train\images\IMG20240306115958_jpg.rf.8e53adf86f121a339310d5d46d31ca89.jpg,train,IMG20240306115958,roboflow,ts_compact,20240306,115958
ElectroCom61 A Multiclass Dataset for Detection of Electronic Components\ElectroCom61\train\images\IMG20240306120018_jpg.rf.d925947f1533752cd5d2aeb81830c1a8.jpg,train,IMG20240306120018,roboflow,ts_compact,20240306,120018
ElectroCom61 A Multiclass Dataset for Detection of Electronic Components\ElectroCom61\train\images\IMG20240306120031_jpg.rf.d94806b7e0a29763f3082e5611a749fa.jpg,train,IMG20240306120031,roboflow,ts_compact,20240306,120031
ElectroCom61 A Multiclass Dataset for Detection of Electronic Components\ElectroCom61\train\images\IMG20240306120053_jpg.rf.10d4588f0c7b05315f63b8ef10252a6e.jpg,train,IMG20240306120053,roboflow,ts_compact,20240306,120053
ElectroCom61 A Multiclass Dataset for Detection of Electronic Components\ElectroCom61\train\images\IMG20240306120637_jpg.rf.d899e2399ec73c8dc83e5bea78b9a03e.jpg,train,IMG20240306120637,roboflow,ts_compact,20240306,120637
ElectroCom61 A Multiclass Dataset for Detection of Electronic Components\ElectroCom61\train\images\IMG20240306120649_jpg.rf.eed4600e1466830b7d85769e5b1a6368.jpg,train,IMG20240306120649,roboflow,ts_compact,20240306,120649
ElectroCom61 A Multiclass Dataset for Detection of Electronic Components\ElectroCom61\train\images\IMG20240306120710_01_jpg.rf.3efce977b2c4a5ce294115ce63ca41ef.jpg,train,IMG20240306120710_01,roboflow,ts_compact_sub,20240306,120710
ElectroCom61 A Multiclass Dataset for Detection of Electronic Components\ElectroCom61\train\images\IMG20240306120710_jpg.rf.7f6522ba3a3d71e0d1893ee00e7fe49f.jpg,train,IMG20240306120710,roboflow,ts_compact,20240306,120710
ElectroCom61 A Multiclass Dataset for Detection of Electronic Components\ElectroCom61\train\images\IMG20240306120717_jpg.rf.8792ec47b9aba633ee6133d91b3dc5ed.jpg,train,IMG20240306120717,roboflow,ts_compact,20240306,120717
ElectroCom61 A Multiclass Dataset for Detection of Electronic Components\ElectroCom61\train\images\IMG20240306120810_jpg.rf.ab9f7a4db9187e613d39f5f2e6cfffbb.jpg,train,IMG20240306120810,roboflow,ts_compact,20240306,120810
ElectroCom61 A Multiclass Dataset for Detection of Electronic Components\ElectroCom61\train\images\IMG20240306120817_jpg.rf.e4d521c8d0dd14f4ed727b74ccab054e.jpg,train,IMG20240306120817,roboflow,ts_compact,20240306,120817
ElectroCom61 A Multiclass Dataset for Detection of Electronic Components\ElectroCom61\train\images\IMG20240306120846_jpg.rf.07aba30d52e69bb0e63914f4df105828.jpg,train,IMG20240306120846,roboflow,ts_compact,20240306,120846
ElectroCom61 A Multiclass Dataset for Detection of Electronic Components\ElectroCom61\train\images\IMG20240306120929_jpg.rf.acdea000dbd2f2750cea1e562caf10ff.jpg,train,IMG20240306120929,roboflow,ts_compact,20240306,120929
ElectroCom61 A Multiclass Dataset for Detection of Electronic Components\ElectroCom61\train\images\IMG20240306120953_jpg.rf.3e77ec05fedbe47f3d45710d96e23e4c.jpg,train,IMG20240306120953,roboflow,ts_compact,20240306,120953
ElectroCom61 A Multiclass Dataset for Detection of Electronic Components\ElectroCom61\train\images\IMG20240306120959_jpg.rf.9e7443971b18b8f4558d703dc28863be.jpg,train,IMG20240306120959,roboflow,ts_compact,20240306,120959
ElectroCom61 A Multiclass Dataset for Detection of Electronic Components\ElectroCom61\train\images\IMG20240306121019_jpg.rf.40bae18f6a96f0ba4e804ae6ed43f047.jpg,train,IMG20240306121019,roboflow,ts_compact,20240306,121019
ElectroCom61 A Multiclass Dataset for Detection of Electronic Components\ElectroCom61\train\images\IMG20240306143339_jpg.rf.93140853ee1d441c4b4ae349eb822a29.jpg,train,IMG20240306143339,roboflow,ts_compact,20240306,143339
ElectroCom61 A Multiclass Dataset for Detection of Electronic Components\ElectroCom61\train\images\IMG20240306143343_jpg.rf.2b15e116b3620997e6b85c5221bfa147.jpg,train,IMG20240306143343,roboflow,ts_compact,20240306,143343
ElectroCom61 A Multiclass Dataset for Detection of Electronic Components\ElectroCom61\train\images\IMG20240306143409_jpg.rf.1ae26b67596745062a5d0de834fd72e5.jpg,train,IMG20240306143409,roboflow,ts_compact,20240306,143409
ElectroCom61 A Multiclass Dataset for Detection of Electronic Components\ElectroCom61\train\images\IMG20240306143413_jpg.rf.61d6c238560d3e2a54abdb0a7205391f.jpg,train,IMG20240306143413,roboflow,ts_compact,20240306,143413
ElectroCom61 A Multiclass Dataset for Detection of Electronic Components\ElectroCom61\train\images\IMG20240306143454_jpg.rf.0c6eda3f7954385fc50d046edb81a87d.jpg,train,IMG20240306143454,roboflow,ts_compact,20240306,143454
ElectroCom61 A Multiclass Dataset for Detection of Electronic Components\ElectroCom61\train\images\IMG20240306143458_jpg.rf.f2dbf51999269781b1646246e7dcca17.jpg,train,IMG20240306143458,roboflow,ts_compact,20240306,143458
ElectroCom61 A Multiclass Dataset for Detection of Electronic Components\ElectroCom61\train\images\IMG20240306143505_jpg.rf.83e2e9d86f893ad018e256d3c1430834.jpg,train,IMG20240306143505,roboflow,ts_compact,20240306,143505
ElectroCom61 A Multiclass Dataset for Detection of Electronic Components\ElectroCom61\train\images\IMG20240306143520_jpg.rf.cc98f41c000019aab0dc8ddde5ec16a6.jpg,train,IMG20240306143520,roboflow,ts_compact,20240306,143520
ElectroCom61 A Multiclass Dataset for Detection of Electronic Components\ElectroCom61\train\images\IMG20240306143528_jpg.rf.bf3bb4be3d399f41f28f5a0c5d3ef5db.jpg,train,IMG20240306143528,roboflow,ts_compact,20240306,143528
ElectroCom61 A Multiclass Dataset for Detection of Electronic Components\ElectroCom61\train\images\IMG20240306143544_jpg.rf.0a70472379f29dada4e438c23adb72d8.jpg,train,IMG20240306143544,roboflow,ts_compact,20240306,143544
ElectroCom61 A Multiclass Dataset for Detection of Electronic Components\ElectroCom61\train\images\IMG20240306143547_jpg.rf.911e1be442f0776827e1dfb016c48b5c.jpg,train,IMG20240306143547,roboflow,ts_compact,20240306,143547
ElectroCom61 A Multiclass Dataset for Detection of Electronic Components\ElectroCom61\train\images\IMG20240306143645_jpg.rf.53644c5f8699f25281d59001f897fdce.jpg,train,IMG20240306143645,roboflow,ts_compact,20240306,143645
ElectroCom61 A Multiclass Dataset for Detection of Electronic Components\ElectroCom61\train\images\IMG20240306143651_jpg.rf.29a03bed99580c646ddf93c14e516d55.jpg,train,IMG20240306143651,roboflow,ts_compact,20240306,143651
ElectroCom61 A Multiclass Dataset for Detection of Electronic Components\ElectroCom61\train\images\IMG20240306143703_jpg.rf.ca8b5a59cc17e493df392da5d6506a47.jpg,train,IMG20240306143703,roboflow,ts_compact,20240306,143703
ElectroCom61 A Multiclass Dataset for Detection of Electronic Components\ElectroCom61\train\images\IMG20240306143705_jpg.rf.1a12f4cc2029bab6bc7d6141002e858c.jpg,train,IMG20240306143705,roboflow,ts_compact,20240306,143705
ElectroCom61 A Multiclass Dataset for Detection of Electronic Components\ElectroCom61\train\images\IMG20240306143708_jpg.rf.030e68f1553d2c1ced83d966fb74a9c9.jpg,train,IMG20240306143708,roboflow,ts_compact,20240306,143708
ElectroCom61 A Multiclass Dataset for Detection of Electronic Components\ElectroCom61\train\images\IMG20240306143732_jpg.rf.e30b58263e3bd9d3cb2bf24f7d0f62b7.jpg,train,IMG20240306143732,roboflow,ts_compact,20240306,143732
ElectroCom61 A Multiclass Dataset for Detection of Electronic Components\ElectroCom61\train\images\IMG20240306143736_jpg.rf.3cca46cc9d3631c7caba2f93087990ac.jpg,train,IMG20240306143736,roboflow,ts_compact,20240306,143736
ElectroCom61 A Multiclass Dataset for Detection of Electronic Components\ElectroCom61\train\images\IMG20240306143741_jpg.rf.292a70b9d2e84fd3c89b6f5bf42e1572.jpg,train,IMG20240306143741,roboflow,ts_compact,20240306,143741
ElectroCom61 A Multiclass Dataset for Detection of Electronic Components\ElectroCom61\train\images\IMG20240306143745_jpg.rf.364099079ae948621c1eda2d1311f0f3.jpg,train,IMG20240306143745,roboflow,ts_compact,20240306,143745
ElectroCom61 A Multiclass Dataset for Detection of Electronic Components\ElectroCom61\train\images\IMG20240306143800_jpg.rf.87d838ae354814001b82d503d58aecb9.jpg,train,IMG20240306143800,roboflow,ts_compact,20240306,143800
ElectroCom61 A Multiclass Dataset for Detection of Electronic Components\ElectroCom61\train\images\IMG20240306143829_jpg.rf.764fa659821761c11edcfd004e76f979.jpg,train,IMG20240306143829,roboflow,ts_compact,20240306,143829
ElectroCom61 A Multiclass Dataset for Detection of Electronic Components\ElectroCom61\train\images\IMG20240306143832_jpg.rf.5dfbfc9b520a2cc3f10c2dde97d1433b.jpg,train,IMG20240306143832,roboflow,ts_compact,20240306,143832
ElectroCom61 A Multiclass Dataset for Detection of Electronic Components\ElectroCom61\train\images\IMG20240306143852_jpg.rf.3a88994c3b6848b66f81ef90f15da4b8.jpg,train,IMG20240306143852,roboflow,ts_compact,20240306,143852
ElectroCom61 A Multiclass Dataset for Detection of Electronic Components\ElectroCom61\train\images\IMG20240306143938_jpg.rf.c24a25a2cd39627097cc15b66bceb141.jpg,train,IMG20240306143938,roboflow,ts_compact,20240306,143938
ElectroCom61 A Multiclass Dataset for Detection of Electronic Components\ElectroCom61\train\images\IMG20240306143941_jpg.rf.fa58b28ca4b5922630160c5240c124bb.jpg,train,IMG20240306143941,roboflow,ts_compact,20240306,143941
ElectroCom61 A Multiclass Dataset for Detection of Electronic Components\ElectroCom61\train\images\IMG20240306143943_jpg.rf.e09207e74f28d8c073bb0194fe41f5ca.jpg,train,IMG20240306143943,roboflow,ts_compact,20240306,143943
ElectroCom61 A Multiclass Dataset for Detection of Electronic Components\ElectroCom61\train\images\IMG20240306143952_jpg.rf.04f2559dd84fdb0c7b67211fbf3cc602.jpg,train,IMG20240306143952,roboflow,ts_compact,20240306,143952
ElectroCom61 A Multiclass Dataset for Detection of Electronic Components\ElectroCom61\train\images\IMG20240306144012_jpg.rf.6008acb00086c6942fe49950f7813ec3.jpg,train,IMG20240306144012,roboflow,ts_compact,20240306,144012
ElectroCom61 A Multiclass Dataset for Detection of Electronic Components\ElectroCom61\train\images\IMG20240306144030_jpg.rf.750f3efaa31a0e1a6d1dc5fabd76ae8e.jpg,train,IMG20240306144030,roboflow,ts_compact,20240306,144030
ElectroCom61 A Multiclass Dataset for Detection of Electronic Components\ElectroCom61\train\images\IMG20240306144041_jpg.rf.16afef375613331cf154d6b24d1cd592.jpg,train,IMG20240306144041,roboflow,ts_compact,20240306,144041
ElectroCom61 A Multiclass Dataset for Detection of Electronic Components\ElectroCom61\train\images\IMG20240306144056_jpg.rf.04e6574b40d56418aeac9161453bfa43.jpg,train,IMG20240306144056,roboflow,ts_compact,20240306,144056
ElectroCom61 A Multiclass Dataset for Detection of Electronic Components\ElectroCom61\train\images\IMG20240306144233_jpg.rf.41e6d445228c804a5e7a434b48de2ed1.jpg,train,IMG20240306144233,roboflow,ts_compact,20240306,144233
ElectroCom61 A Multiclass Dataset for Detection of Electronic Components\ElectroCom61\train\images\IMG20240306144236_jpg.rf.ef37fc9915512ef04a8f03f74a691142.jpg,train,IMG20240306144236,roboflow,ts_compact,20240306,144236
ElectroCom61 A Multiclass Dataset for Detection of Electronic Components\ElectroCom61\train\images\IMG20240306144240_jpg.rf.756dda8bdb0c1fcd227f74ad2b5f8c2f.jpg,train,IMG20240306144240,roboflow,ts_compact,20240306,144240
ElectroCom61 A Multiclass Dataset for Detection of Electronic Components\ElectroCom61\train\images\IMG20240306144246_jpg.rf.0e258edfd7c965f1d0b23aa8cf14e76d.jpg,train,IMG20240306144246,roboflow,ts_compact,20240306,144246
ElectroCom61 A Multiclass Dataset for Detection of Electronic Components\ElectroCom61\train\images\IMG20240306144325_jpg.rf.98f0a9560ef763f01b4c1dae5b86636e.jpg,train,IMG20240306144325,roboflow,ts_compact,20240306,144325
ElectroCom61 A Multiclass Dataset for Detection of Electronic Components\ElectroCom61\train\images\IMG20240306144328_jpg.rf.20a19fd97a2ff923d74a76a8e0df5fcd.jpg,train,IMG20240306144328,roboflow,ts_compact,20240306,144328
ElectroCom61 A Multiclass Dataset for Detection of Electronic Components\ElectroCom61\train\images\IMG20240306144330_jpg.rf.7059d7ebf2b21df00d0beca6f5154bbb.jpg,train,IMG20240306144330,roboflow,ts_compact,20240306,144330
ElectroCom61 A Multiclass Dataset for Detection of Electronic Components\ElectroCom61\train\images\IMG20240306144334_jpg.rf.2c1398c399ccce79a71157f87b934e8b.jpg,train,IMG20240306144334,roboflow,ts_compact,20240306,144334
ElectroCom61 A Multiclass Dataset for Detection of Electronic Components\ElectroCom61\train\images\IMG20240306144337_jpg.rf.0372bd060df395455940a22cb4baa068.jpg,train,IMG20240306144337,roboflow,ts_compact,20240306,144337
ElectroCom61 A Multiclass Dataset for Detection of Electronic Components\ElectroCom61\train\images\IMG20240306144339_jpg.rf.747f30df340e7ad8b92f5d58dc90b266.jpg,train,IMG20240306144339,roboflow,ts_compact,20240306,144339
ElectroCom61 A Multiclass Dataset for Detection of Electronic Components\ElectroCom61\train\images\IMG20240306144350_jpg.rf.b70611495dd6d46238a424b6acfdcadf.jpg,train,IMG20240306144350,roboflow,ts_compact,20240306,144350
ElectroCom61 A Multiclass Dataset for Detection of Electronic Components\ElectroCom61\train\images\IMG20240306144355_jpg.rf.c957dbc26132be21ff2d6416b44201a7.jpg,train,IMG20240306144355,roboflow,ts_compact,20240306,144355
ElectroCom61 A Multiclass Dataset for Detection of Electronic Components\ElectroCom61\train\images\IMG20240306144358_jpg.rf.b1d25771c891d9c10bfccc12849c8772.jpg,train,IMG20240306144358,roboflow,ts_compact,20240306,144358
ElectroCom61 A Multiclass Dataset for Detection of Electronic Components\ElectroCom61\train\images\IMG20240306144400_jpg.rf.1f4af88810702b84e0b5328de9a5713a.jpg,train,IMG20240306144400,roboflow,ts_compact,20240306,144400
ElectroCom61 A Multiclass Dataset for Detection of Electronic Components\ElectroCom61\train\images\IMG20240306144402_jpg.rf.2ef1a44fd117d9bfc210dd8cb4f96f1c.jpg,train,IMG20240306144402,roboflow,ts_compact,20240306,144402
ElectroCom61 A Multiclass Dataset for Detection of Electronic Components\ElectroCom61\train\images\IMG20240309112450_jpg.rf.03550a0c406982ee73fe0e8d4851f746.jpg,train,IMG20240309112450,roboflow,ts_compact,20240309,112450
ElectroCom61 A Multiclass Dataset for Detection of Electronic Components\ElectroCom61\train\images\IMG20240309112554_jpg.rf.f21305bee10d8d5cdb785d4b1ba424c3.jpg,train,IMG20240309112554,roboflow,ts_compact,20240309,112554
ElectroCom61 A Multiclass Dataset for Detection of Electronic Components\ElectroCom61\train\images\IMG20240309112600_jpg.rf.6f52a7ffc206a8d8cc85a8fc41114754.jpg,train,IMG20240309112600,roboflow,ts_compact,20240309,112600
ElectroCom61 A Multiclass Dataset for Detection of Electronic Components\ElectroCom61\train\images\IMG20240309112608_jpg.rf.c07aa6a9e66a5e03b13a1aedf2f8cf9c.jpg,train,IMG20240309112608,roboflow,ts_compact,20240309,112608
ElectroCom61 A Multiclass Dataset for Detection of Electronic Components\ElectroCom61\train\images\IMG20240309112646_jpg.rf.0dd9c2e65ecfca9770f8cecab1d253e2.jpg,train,IMG20240309112646,roboflow,ts_compact,20240309,112646
ElectroCom61 A Multiclass Dataset for Detection of Electronic Components\ElectroCom61\train\images\IMG20240309112658_jpg.rf.42c5cada7e3e86726ff1b3e8e7924514.jpg,train,IMG20240309112658,roboflow,ts_compact,20240309,112658
ElectroCom61 A Multiclass Dataset for Detection of Electronic Components\ElectroCom61\train\images\IMG20240309112712_jpg.rf.eda507996343862fba2b9c00b822263b.jpg,train,IMG20240309112712,roboflow,ts_compact,20240309,112712
ElectroCom61 A Multiclass Dataset for Detection of Electronic Components\ElectroCom61\train\images\IMG20240309112733_jpg.rf.8096324c0341f55b153d15aa625dc056.jpg,train,IMG20240309112733,roboflow,ts_compact,20240309,112733
ElectroCom61 A Multiclass Dataset for Detection of Electronic Components\ElectroCom61\train\images\IMG20240309112739_jpg.rf.f71db00e912f65b5ced5267c399d5bd7.jpg,train,IMG20240309112739,roboflow,ts_compact,20240309,112739
ElectroCom61 A Multiclass Dataset for Detection of Electronic Components\ElectroCom61\train\images\IMG20240309112846_jpg.rf.a2e9c6f37847f1e0bef2f1f53a7e2896.jpg,train,IMG20240309112846,roboflow,ts_compact,20240309,112846
ElectroCom61 A Multiclass Dataset for Detection of Electronic Components\ElectroCom61\train\images\IMG20240309112926_jpg.rf.924aa18bcdc74e0836e949b6c5d9ba1c.jpg,train,IMG20240309112926,roboflow,ts_compact,20240309,112926
ElectroCom61 A Multiclass Dataset for Detection of Electronic Components\ElectroCom61\train\images\IMG20240309112930_jpg.rf.b9f68576c257eacfded9c4ab791b0fec.jpg,train,IMG20240309112930,roboflow,ts_compact,20240309,112930
ElectroCom61 A Multiclass Dataset for Detection of Electronic Components\ElectroCom61\train\images\IMG20240309112935_jpg.rf.27ea2bcc16e445cbb08508612027a3c0.jpg,train,IMG20240309112935,roboflow,ts_compact,20240309,112935
ElectroCom61 A Multiclass Dataset for Detection of Electronic Components\ElectroCom61\train\images\IMG20240309112942_jpg.rf.04d76d9f110efee2676239ff3ac6ff1b.jpg,train,IMG20240309112942,roboflow,ts_compact,20240309,112942
ElectroCom61 A Multiclass Dataset for Detection of Electronic Components\ElectroCom61\train\images\IMG20240309113201_jpg.rf.0b8c9492538bc637c56587a0323fb42d.jpg,train,IMG20240309113201,roboflow,ts_compact,20240309,113201
ElectroCom61 A Multiclass Dataset for Detection of Electronic Components\ElectroCom61\train\images\IMG20240309113209_jpg.rf.1f4ed878d5e02e6232bff74c712069ec.jpg,train,IMG20240309113209,roboflow,ts_compact,20240309,113209
ElectroCom61 A Multiclass Dataset for Detection of Electronic Components\ElectroCom61\train\images\IMG20240309113226_jpg.rf.9fb4650dececc320d5cf2d77b43a898b.jpg,train,IMG20240309113226,roboflow,ts_compact,20240309,113226
ElectroCom61 A Multiclass Dataset for Detection of Electronic Components\ElectroCom61\train\images\IMG20240309113351_jpg.rf.6c8c2c9aac6b60e8a67a2262b220d3bf.jpg,train,IMG20240309113351,roboflow,ts_compact,20240309,113351
ElectroCom61 A Multiclass Dataset for Detection of Electronic Components\ElectroCom61\train\images\IMG20240309113411_jpg.rf.5beb83fd14f0e265cdee289bf27c4aa4.jpg,train,IMG20240309113411,roboflow,ts_compact,20240309,113411
ElectroCom61 A Multiclass Dataset for Detection of Electronic Components\ElectroCom61\train\images\IMG20240309113436_jpg.rf.c8619ab40d09816a70b332a8e6d51088.jpg,train,IMG20240309113436,roboflow,ts_compact,20240309,113436
ElectroCom61 A Multiclass Dataset for Detection of Electronic Components\ElectroCom61\train\images\IMG20240309113441_jpg.rf.09c612245f592f9c70debde14244e5bf.jpg,train,IMG20240309113441,roboflow,ts_compact,20240309,113441
ElectroCom61 A Multiclass Dataset for Detection of Electronic Components\ElectroCom61\train\images\IMG20240309113452_jpg.rf.65726cfe0267244c95943b93ddbe107c.jpg,train,IMG20240309113452,roboflow,ts_compact,20240309,113452
ElectroCom61 A Multiclass Dataset for Detection of Electronic Components\ElectroCom61\train\images\IMG20240309113505_jpg.rf.0d9bd12e787fb19f73857ee891245f65.jpg,train,IMG20240309113505,roboflow,ts_compact,20240309,113505
ElectroCom61 A Multiclass Dataset for Detection of Electronic Components\ElectroCom61\train\images\IMG20240309113559_jpg.rf.be0bd2f75a127e361c2eb513263bc944.jpg,train,IMG20240309113559,roboflow,ts_compact,20240309,113559
ElectroCom61 A Multiclass Dataset for Detection of Electronic Components\ElectroCom61\train\images\IMG20240309113628_jpg.rf.228c37f9da093b196cef6dd665265cf4.jpg,train,IMG20240309113628,roboflow,ts_compact,20240309,113628
ElectroCom61 A Multiclass Dataset for Detection of Electronic Components\ElectroCom61\train\images\IMG20240309113708_jpg.rf.de772d1de73e92f51e09cc755a1432e6.jpg,train,IMG20240309113708,roboflow,ts_compact,20240309,113708
ElectroCom61 A Multiclass Dataset for Detection of Electronic Components\ElectroCom61\train\images\IMG20240309113719_jpg.rf.862bf86eca6a1d717807542bd28f4cf8.jpg,train,IMG20240309113719,roboflow,ts_compact,20240309,113719
ElectroCom61 A Multiclass Dataset for Detection of Electronic Components\ElectroCom61\train\images\IMG20240309113738_jpg.rf.796ab3cc3041c3c4332f57346eef789f.jpg,train,IMG20240309113738,roboflow,ts_compact,20240309,113738
ElectroCom61 A Multiclass Dataset for Detection of Electronic Components\ElectroCom61\train\images\IMG20240309113749_jpg.rf.cac03e25d4ded414ecc788f8bbd88a85.jpg,train,IMG20240309113749,roboflow,ts_compact,20240309,113749
ElectroCom61 A Multiclass Dataset for Detection of Electronic Components\ElectroCom61\train\images\IMG20240309114405_jpg.rf.5ec486bdac9fc53d661fecb76f37bbb0.jpg,train,IMG20240309114405,roboflow,ts_compact,20240309,114405
ElectroCom61 A Multiclass Dataset for Detection of Electronic Components\ElectroCom61\train\images\IMG20240309114409_jpg.rf.21e20654f40d243d532b1afc47b8ad7e.jpg,train,IMG20240309114409,roboflow,ts_compact,20240309,114409
ElectroCom61 A Multiclass Dataset for Detection of Electronic Components\ElectroCom61\train\images\IMG20240309114414_jpg.rf.887e8a87fb41a11cf535106d42425a6c.jpg,train,IMG20240309114414,roboflow,ts_compact,20240309,114414
ElectroCom61 A Multiclass Dataset for Detection of Electronic Components\ElectroCom61\train\images\IMG20240309114439_jpg.rf.d8c975c583e9fc1b4b8d57ec72e0b610.jpg,train,IMG20240309114439,roboflow,ts_compact,20240309,114439
ElectroCom61 A Multiclass Dataset for Detection of Electronic Components\ElectroCom61\train\images\IMG20240309114448_jpg.rf.f5e64cde26e0ef3f73105ce15ae5dfa5.jpg,train,IMG20240309114448,roboflow,ts_compact,20240309,114448
ElectroCom61 A Multiclass Dataset for Detection of Electronic Components\ElectroCom61\train\images\IMG20240309114455_jpg.rf.56938ba2a9f4cad92358d3b415f1efbd.jpg,train,IMG20240309114455,roboflow,ts_compact,20240309,114455
ElectroCom61 A Multiclass Dataset for Detection of Electronic Components\ElectroCom61\train\images\IMG20240309114538_jpg.rf.c460ad2a825709cdc612781cad321283.jpg,train,IMG20240309114538,roboflow,ts_compact,20240309,114538
ElectroCom61 A Multiclass Dataset for Detection of Electronic Components\ElectroCom61\train\images\IMG20240309114544_jpg.rf.750985d60ba9a9a6972ab2d5053603c0.jpg,train,IMG20240309114544,roboflow,ts_compact,20240309,114544
ElectroCom61 A Multiclass Dataset for Detection of Electronic Components\ElectroCom61\train\images\IMG20240309114608_jpg.rf.7f071dfea87c0754ea80c63c4c124da3.jpg,train,IMG20240309114608,roboflow,ts_compact,20240309,114608
ElectroCom61 A Multiclass Dataset for Detection of Electronic Components\ElectroCom61\train\images\IMG20240309114611_jpg.rf.9781dceb15942467ec62e386fa0fae25.jpg,train,IMG20240309114611,roboflow,ts_compact,20240309,114611
ElectroCom61 A Multiclass Dataset for Detection of Electronic Components\ElectroCom61\train\images\IMG20240309114636_jpg.rf.ccccc1056c01e5856e35c9dcf51e8fcd.jpg,train,IMG20240309114636,roboflow,ts_compact,20240309,114636
ElectroCom61 A Multiclass Dataset for Detection of Electronic Components\ElectroCom61\train\images\IMG20240309114647_jpg.rf.6c4031c69ed8e4b4b3728c76c9235c3c.jpg,train,IMG20240309114647,roboflow,ts_compact,20240309,114647
ElectroCom61 A Multiclass Dataset for Detection of Electronic Components\ElectroCom61\train\images\IMG20240309114656_jpg.rf.5cdee24de6502c37b50d54f7cc72475b.jpg,train,IMG20240309114656,roboflow,ts_compact,20240309,114656
ElectroCom61 A Multiclass Dataset for Detection of Electronic Components\ElectroCom61\train\images\IMG20240309114753_jpg.rf.aff0a6e15164051c89513b1d98be859c.jpg,train,IMG20240309114753,roboflow,ts_compact,20240309,114753
ElectroCom61 A Multiclass Dataset for Detection of Electronic Components\ElectroCom61\train\images\IMG20240309114823_jpg.rf.978736c97f4ead9e2232237a316bcae3.jpg,train,IMG20240309114823,roboflow,ts_compact,20240309,114823
ElectroCom61 A Multiclass Dataset for Detection of Electronic Components\ElectroCom61\train\images\IMG20240309114826_jpg.rf.d3be3e7da0c22b055867069fb2a3a697.jpg,train,IMG20240309114826,roboflow,ts_compact,20240309,114826
ElectroCom61 A Multiclass Dataset for Detection of Electronic Components\ElectroCom61\train\images\IMG20240309114831_jpg.rf.9a1a5d1848f5ce24652de1a94ae3125e.jpg,train,IMG20240309114831,roboflow,ts_compact,20240309,114831
ElectroCom61 A Multiclass Dataset for Detection of Electronic Components\ElectroCom61\train\images\IMG20240309114933_jpg.rf.94a951d5490b63751765ee7797024987.jpg,train,IMG20240309114933,roboflow,ts_compact,20240309,114933
ElectroCom61 A Multiclass Dataset for Detection of Electronic Components\ElectroCom61\train\images\IMG20240309114938_jpg.rf.c7d8fc1587320b64330c8251133a72da.jpg,train,IMG20240309114938,roboflow,ts_compact,20240309,114938
ElectroCom61 A Multiclass Dataset for Detection of Electronic Components\ElectroCom61\train\images\IMG20240309114943_jpg.rf.15bb55e69cd2eac0f01ac88fd64369a9.jpg,train,IMG20240309114943,roboflow,ts_compact,20240309,114943
ElectroCom61 A Multiclass Dataset for Detection of Electronic Components\ElectroCom61\train\images\IMG20240309114949_jpg.rf.06aa17ade05af4eed40df38cbb2ca1f5.jpg,train,IMG20240309114949,roboflow,ts_compact,20240309,114949
ElectroCom61 A Multiclass Dataset for Detection of Electronic Components\ElectroCom61\train\images\IMG20240309115032_jpg.rf.079e5d971a63599f79f50d3221d9e9e8.jpg,train,IMG20240309115032,roboflow,ts_compact,20240309,115032
ElectroCom61 A Multiclass Dataset for Detection of Electronic Components\ElectroCom61\train\images\IMG20240309115107_jpg.rf.8ba255f5cb8d74b2f023dd91f92a88a3.jpg,train,IMG20240309115107,roboflow,ts_compact,20240309,115107
ElectroCom61 A Multiclass Dataset for Detection of Electronic Components\ElectroCom61\train\images\IMG20240309115134_jpg.rf.b711512a0cb644da94b849fb51b9f409.jpg,train,IMG20240309115134,roboflow,ts_compact,20240309,115134
ElectroCom61 A Multiclass Dataset for Detection of Electronic Components\ElectroCom61\train\images\IMG20240309115144_jpg.rf.fa5817a880a60ee4c69b30a36da440ec.jpg,train,IMG20240309115144,roboflow,ts_compact,20240309,115144
ElectroCom61 A Multiclass Dataset for Detection of Electronic Components\ElectroCom61\train\images\IMG20240309115151_jpg.rf.ad2997cf72bfe840732adad544e7c3af.jpg,train,IMG20240309115151,roboflow,ts_compact,20240309,115151
ElectroCom61 A Multiclass Dataset for Detection of Electronic Components\ElectroCom61\train\images\IMG20240309115210_jpg.rf.7263ab285d8eeff24ba0e086b5d08b95.jpg,train,IMG20240309115210,roboflow,ts_compact,20240309,115210
ElectroCom61 A Multiclass Dataset for Detection of Electronic Components\ElectroCom61\train\images\IMG20240309115234_jpg.rf.df38733085a2220b906ac3cf2c8bd0dc.jpg,train,IMG20240309115234,roboflow,ts_compact,20240309,115234
ElectroCom61 A Multiclass Dataset for Detection of Electronic Components\ElectroCom61\train\images\IMG20240309115240_jpg.rf.a3463415cae98f492ea57cb3d049b1c8.jpg,train,IMG20240309115240,roboflow,ts_compact,20240309,115240
ElectroCom61 A Multiclass Dataset for Detection of Electronic Components\ElectroCom61\train\images\IMG20240309115347_jpg.rf.becf750116ba8c4f87590344456fcc58.jpg,train,IMG20240309115347,roboflow,ts_compact,20240309,115347
ElectroCom61 A Multiclass Dataset for Detection of Electronic Components\ElectroCom61\train\images\IMG20240309115405_jpg.rf.ff1821b269e19245000f47308672a02d.jpg,train,IMG20240309115405,roboflow,ts_compact,20240309,115405
ElectroCom61 A Multiclass Dataset for Detection of Electronic Components\ElectroCom61\train\images\IMG20240309115419_jpg.rf.7c3f5152bc662eec3dc9b8179c5ee090.jpg,train,IMG20240309115419,roboflow,ts_compact,20240309,115419
ElectroCom61 A Multiclass Dataset for Detection of Electronic Components\ElectroCom61\train\images\IMG20240309115425_jpg.rf.f7ac2ea254b427a290bcaa6a36ebc7ea.jpg,train,IMG20240309115425,roboflow,ts_compact,20240309,115425
ElectroCom61 A Multiclass Dataset for Detection of Electronic Components\ElectroCom61\train\images\IMG20240309115431_jpg.rf.d82cb992193ea6fc6da414a52a27df4d.jpg,train,IMG20240309115431,roboflow,ts_compact,20240309,115431
ElectroCom61 A Multiclass Dataset for Detection of Electronic Components\ElectroCom61\train\images\IMG20240309115514_jpg.rf.0ac2f84ed4275fe6066a9d2b3b1ba0d5.jpg,train,IMG20240309115514,roboflow,ts_compact,20240309,115514
ElectroCom61 A Multiclass Dataset for Detection of Electronic Components\ElectroCom61\train\images\IMG20240309115523_jpg.rf.9b1a6d618627c3371290316d69a09b88.jpg,train,IMG20240309115523,roboflow,ts_compact,20240309,115523
ElectroCom61 A Multiclass Dataset for Detection of Electronic Components\ElectroCom61\train\images\IMG20240309115608_jpg.rf.5a585ba2d7eb53713f60a5d6692c5b73.jpg,train,IMG20240309115608,roboflow,ts_compact,20240309,115608
ElectroCom61 A Multiclass Dataset for Detection of Electronic Components\ElectroCom61\train\images\IMG20240309115615_jpg.rf.18f21f4dd0f7fa6dc78fce549d65fdc2.jpg,train,IMG20240309115615,roboflow,ts_compact,20240309,115615
ElectroCom61 A Multiclass Dataset for Detection of Electronic Components\ElectroCom61\train\images\IMG20240309115622_jpg.rf.d9cbce8bb3d9b40dd6259220fceada52.jpg,train,IMG20240309115622,roboflow,ts_compact,20240309,115622
ElectroCom61 A Multiclass Dataset for Detection of Electronic Components\ElectroCom61\train\images\IMG20240309115642_jpg.rf.a3305da033a87dd4a2c3f7bbac184c29.jpg,train,IMG20240309115642,roboflow,ts_compact,20240309,115642
ElectroCom61 A Multiclass Dataset for Detection of Electronic Components\ElectroCom61\train\images\IMG20240309115720_jpg.rf.e212e6fb1b9d2a2eae361852c770cd5b.jpg,train,IMG20240309115720,roboflow,ts_compact,20240309,115720
ElectroCom61 A Multiclass Dataset for Detection of Electronic Components\ElectroCom61\train\images\IMG20240309115735_jpg.rf.dd99aad1a9ee3968db93b07a04e503dd.jpg,train,IMG20240309115735,roboflow,ts_compact,20240309,115735
ElectroCom61 A Multiclass Dataset for Detection of Electronic Components\ElectroCom61\train\images\IMG20240309115740_jpg.rf.2bd50d0442482611bf271be9c299532e.jpg,train,IMG20240309115740,roboflow,ts_compact,20240309,115740
ElectroCom61 A Multiclass Dataset for Detection of Electronic Components\ElectroCom61\train\images\IMG20240309115753_jpg.rf.a4e69fc54591ce621f3358e4cc4e89e0.jpg,train,IMG20240309115753,roboflow,ts_compact,20240309,115753
ElectroCom61 A Multiclass Dataset for Detection of Electronic Components\ElectroCom61\train\images\IMG20240309115800_jpg.rf.ef0f5de75858bc20caec6d9f9a0bd729.jpg,train,IMG20240309115800,roboflow,ts_compact,20240309,115800
ElectroCom61 A Multiclass Dataset for Detection of Electronic Components\ElectroCom61\train\images\IMG20240309115805_jpg.rf.abc7f2f5ca6068b0ce30e1b9b0d63629.jpg,train,IMG20240309115805,roboflow,ts_compact,20240309,115805
ElectroCom61 A Multiclass Dataset for Detection of Electronic Components\ElectroCom61\train\images\IMG20240309115839_jpg.rf.e56667622362120107ee44ebd9af81ba.jpg,train,IMG20240309115839,roboflow,ts_compact,20240309,115839
ElectroCom61 A Multiclass Dataset for Detection of Electronic Components\ElectroCom61\train\images\IMG20240309115912_jpg.rf.bb02d59850ebfeeb18c4dc3c2ba041eb.jpg,train,IMG20240309115912,roboflow,ts_compact,20240309,115912
ElectroCom61 A Multiclass Dataset for Detection of Electronic Components\ElectroCom61\train\images\IMG20240309115921_jpg.rf.3eb1c0cbb549705ced375fb986ee3b5c.jpg,train,IMG20240309115921,roboflow,ts_compact,20240309,115921
ElectroCom61 A Multiclass Dataset for Detection of Electronic Components\ElectroCom61\train\images\IMG20240309115928_jpg.rf.0d16578b6126a1e699e0b1031ce6300c.jpg,train,IMG20240309115928,roboflow,ts_compact,20240309,115928
ElectroCom61 A Multiclass Dataset for Detection of Electronic Components\ElectroCom61\train\images\IMG20240309115958_jpg.rf.53885792f0290dfda2e0563efb27ee11.jpg,train,IMG20240309115958,roboflow,ts_compact,20240309,115958
ElectroCom61 A Multiclass Dataset for Detection of Electronic Components\ElectroCom61\train\images\IMG20240309120005_jpg.rf.3ccb8566d2ce906260acc05a600355da.jpg,train,IMG20240309120005,roboflow,ts_compact,20240309,120005
ElectroCom61 A Multiclass Dataset for Detection of Electronic Components\ElectroCom61\train\images\IMG20240309120406_jpg.rf.e4ecd5fbe23854bd85c6eb70c8d60f05.jpg,train,IMG20240309120406,roboflow,ts_compact,20240309,120406
ElectroCom61 A Multiclass Dataset for Detection of Electronic Components\ElectroCom61\train\images\IMG20240309120418_jpg.rf.6c902b7592f8426041328143582636d4.jpg,train,IMG20240309120418,roboflow,ts_compact,20240309,120418
ElectroCom61 A Multiclass Dataset for Detection of Electronic Components\ElectroCom61\train\images\IMG20240309120445_jpg.rf.f030f8eeec882b5f472907b15aea063f.jpg,train,IMG20240309120445,roboflow,ts_compact,20240309,120445
ElectroCom61 A Multiclass Dataset for Detection of Electronic Components\ElectroCom61\train\images\IMG20240309120458_jpg.rf.953eb14f58db2abface544a266d982c8.jpg,train,IMG20240309120458,roboflow,ts_compact,20240309,120458
ElectroCom61 A Multiclass Dataset for Detection of Electronic Components\ElectroCom61\train\images\IMG20240309120506_jpg.rf.58136ceaefac396ce97119f5cef9c23d.jpg,train,IMG20240309120506,roboflow,ts_compact,20240309,120506
ElectroCom61 A Multiclass Dataset for Detection of Electronic Components\ElectroCom61\train\images\IMG20240309120534_jpg.rf.3b7f90edd22c0936b79ca87a8de6d44b.jpg,train,IMG20240309120534,roboflow,ts_compact,20240309,120534
ElectroCom61 A Multiclass Dataset for Detection of Electronic Components\ElectroCom61\train\images\IMG20240309120605_jpg.rf.cf72ef4ad09ccf08bdc757ced4230a53.jpg,train,IMG20240309120605,roboflow,ts_compact,20240309,120605
ElectroCom61 A Multiclass Dataset for Detection of Electronic Components\ElectroCom61\train\images\IMG20240309120611_jpg.rf.5621409493845e7cdeeb38286ed609f2.jpg,train,IMG20240309120611,roboflow,ts_compact,20240309,120611
ElectroCom61 A Multiclass Dataset for Detection of Electronic Components\ElectroCom61\train\images\IMG20240309120653_jpg.rf.a57a93ccf8af20de20e0e6b6912d3951.jpg,train,IMG20240309120653,roboflow,ts_compact,20240309,120653
ElectroCom61 A Multiclass Dataset for Detection of Electronic Components\ElectroCom61\train\images\IMG20240417115028_jpg.rf.0b367cd3ea33c20108db6ca778c6e97b.jpg,train,IMG20240417115028,roboflow,ts_compact,20240417,115028
ElectroCom61 A Multiclass Dataset for Detection of Electronic Components\ElectroCom61\train\images\IMG20240417115035_jpg.rf.6401444f38c8d69ab451dff655c621d1.jpg,train,IMG20240417115035,roboflow,ts_compact,20240417,115035
ElectroCom61 A Multiclass Dataset for Detection of Electronic Components\ElectroCom61\train\images\IMG20240417115059_jpg.rf.163c6fdecac30aa0ea3672d53e8baf15.jpg,train,IMG20240417115059,roboflow,ts_compact,20240417,115059
ElectroCom61 A Multiclass Dataset for Detection of Electronic Components\ElectroCom61\train\images\IMG20240417115201_jpg.rf.b772bf37d4a8fc24a571c20e986490b8.jpg,train,IMG20240417115201,roboflow,ts_compact,20240417,115201
ElectroCom61 A Multiclass Dataset for Detection of Electronic Components\ElectroCom61\train\images\IMG20240417115347_jpg.rf.e9829d97e6391b8f626720000b9b0135.jpg,train,IMG20240417115347,roboflow,ts_compact,20240417,115347
ElectroCom61 A Multiclass Dataset for Detection of Electronic Components\ElectroCom61\train\images\IMG20240417115517_jpg.rf.e7278692702516a0ba78dcd4be4e615f.jpg,train,IMG20240417115517,roboflow,ts_compact,20240417,115517
ElectroCom61 A Multiclass Dataset for Detection of Electronic Components\ElectroCom61\train\images\IMG20240417115534_jpg.rf.b6ff75b8bc6e05e7a84f1a77cc789f11.jpg,train,IMG20240417115534,roboflow,ts_compact,20240417,115534
ElectroCom61 A Multiclass Dataset for Detection of Electronic Components\ElectroCom61\train\images\IMG20240417115542_jpg.rf.c81944dc24aea09432a434d20b22a8b8.jpg,train,IMG20240417115542,roboflow,ts_compact,20240417,115542
ElectroCom61 A Multiclass Dataset for Detection of Electronic Components\ElectroCom61\train\images\IMG20240417115614_jpg.rf.847f7f649649b8b35068d4cb8fbaf586.jpg,train,IMG20240417115614,roboflow,ts_compact,20240417,115614
ElectroCom61 A Multiclass Dataset for Detection of Electronic Components\ElectroCom61\train\images\IMG20240417115728_jpg.rf.4ed17431fce821a06266489b99d4c50e.jpg,train,IMG20240417115728,roboflow,ts_compact,20240417,115728
ElectroCom61 A Multiclass Dataset for Detection of Electronic Components\ElectroCom61\train\images\IMG20240417120332_jpg.rf.08d4296c759ae032884cf115081d4111.jpg,train,IMG20240417120332,roboflow,ts_compact,20240417,120332
ElectroCom61 A Multiclass Dataset for Detection of Electronic Components\ElectroCom61\train\images\IMG20240417120351_jpg.rf.fc823112bbf81915411f52318bd3d581.jpg,train,IMG20240417120351,roboflow,ts_compact,20240417,120351
ElectroCom61 A Multiclass Dataset for Detection of Electronic Components\ElectroCom61\train\images\IMG20240417120415_jpg.rf.47ef0d8ac9668e3e335a780f52a27d72.jpg,train,IMG20240417120415,roboflow,ts_compact,20240417,120415
ElectroCom61 A Multiclass Dataset for Detection of Electronic Components\ElectroCom61\train\images\IMG20240417120447_jpg.rf.143ae1d99b9d4d42b332fbac4cd07158.jpg,train,IMG20240417120447,roboflow,ts_compact,20240417,120447
ElectroCom61 A Multiclass Dataset for Detection of Electronic Components\ElectroCom61\train\images\IMG20240417120455_jpg.rf.59e94195ed40d7f8854250317b51aaef.jpg,train,IMG20240417120455,roboflow,ts_compact,20240417,120455
ElectroCom61 A Multiclass Dataset for Detection of Electronic Components\ElectroCom61\train\images\IMG_20240219_113620_jpg.rf.823e7f3bbf6c75840e4c8143d5417d47.jpg,train,IMG_20240219_113620,roboflow,ts_underscore,20240219,113620
ElectroCom61 A Multiclass Dataset for Detection of Electronic Components\ElectroCom61\train\images\IMG_20240219_113626_jpg.rf.964e3426611b2dab872e9db55a1e0385.jpg,train,IMG_20240219_113626,roboflow,ts_underscore,20240219,113626
ElectroCom61 A Multiclass Dataset for Detection of Electronic Components\ElectroCom61\train\images\IMG_20240219_113631_jpg.rf.c5ba9f6dfd90b2571407aa3e4edbf483.jpg,train,IMG_20240219_113631,roboflow,ts_underscore,20240219,113631
ElectroCom61 A Multiclass Dataset for Detection of Electronic Components\ElectroCom61\train\images\IMG_20240219_113639_jpg.rf.11a9b8e0f409b57ad2fa22027e7689ed.jpg,train,IMG_20240219_113639,roboflow,ts_underscore,20240219,113639
ElectroCom61 A Multiclass Dataset for Detection of Electronic Components\ElectroCom61\train\images\IMG_20240219_113715_jpg.rf.556606f674c6e412aea8f95bf49b7d82.jpg,train,IMG_20240219_113715,roboflow,ts_underscore,20240219,113715
ElectroCom61 A Multiclass Dataset for Detection of Electronic Components\ElectroCom61\train\images\IMG_20240219_113719_jpg.rf.29e98e591de13b2e5a4a655c1bcca23c.jpg,train,IMG_20240219_113719,roboflow,ts_underscore,20240219,113719
ElectroCom61 A Multiclass Dataset for Detection of Electronic Components\ElectroCom61\train\images\IMG_20240219_113739_jpg.rf.bff0f66805be02b019fe6972b70e2ae1.jpg,train,IMG_20240219_113739,roboflow,ts_underscore,20240219,113739
ElectroCom61 A Multiclass Dataset for Detection of Electronic Components\ElectroCom61\train\images\IMG_20240219_113808_jpg.rf.9b2a5fe60ce6f7e5967c53f6563892fe.jpg,train,IMG_20240219_113808,roboflow,ts_underscore,20240219,113808
ElectroCom61 A Multiclass Dataset for Detection of Electronic Components\ElectroCom61\train\images\IMG_20240219_113837_jpg.rf.1c40b8771f755fe0fc9e851c247955e1.jpg,train,IMG_20240219_113837,roboflow,ts_underscore,20240219,113837
ElectroCom61 A Multiclass Dataset for Detection of Electronic Components\ElectroCom61\train\images\IMG_20240219_113917_jpg.rf.9f87092f8e34fe1902b6ab22c70844ec.jpg,train,IMG_20240219_113917,roboflow,ts_underscore,20240219,113917
ElectroCom61 A Multiclass Dataset for Detection of Electronic Components\ElectroCom61\train\images\IMG_20240219_113922_jpg.rf.eb877172e90f25be8bc63c024ce8f751.jpg,train,IMG_20240219_113922,roboflow,ts_underscore,20240219,113922
ElectroCom61 A Multiclass Dataset for Detection of Electronic Components\ElectroCom61\train\images\IMG_20240219_114005_jpg.rf.1eeb7c6eb5a1a4c3ba020e5a7f4b4614.jpg,train,IMG_20240219_114005,roboflow,ts_underscore,20240219,114005
ElectroCom61 A Multiclass Dataset for Detection of Electronic Components\ElectroCom61\train\images\IMG_20240219_114012_jpg.rf.6381ad6f256f64cad253c02c15d85948.jpg,train,IMG_20240219_114012,roboflow,ts_underscore,20240219,114012
ElectroCom61 A Multiclass Dataset for Detection of Electronic Components\ElectroCom61\train\images\IMG_20240219_114140_jpg.rf.c27f63da4589974f5bbceef4fc4781be.jpg,train,IMG_20240219_114140,roboflow,ts_underscore,20240219,114140
ElectroCom61 A Multiclass Dataset for Detection of Electronic Components\ElectroCom61\train\images\IMG_20240219_114209_jpg.rf.adc2c2e7cd65d60e986d8d3783d26c43.jpg,train,IMG_20240219_114209,roboflow,ts_underscore,20240219,114209
ElectroCom61 A Multiclass Dataset for Detection of Electronic Components\ElectroCom61\train\images\IMG_20240219_114241_jpg.rf.31010ae7e587afe5d66827952e1bf662.jpg,train,IMG_20240219_114241,roboflow,ts_underscore,20240219,114241
ElectroCom61 A Multiclass Dataset for Detection of Electronic Components\ElectroCom61\train\images\IMG_20240219_114244_jpg.rf.35a6686f4e7bf08304edfe96d2a17b06.jpg,train,IMG_20240219_114244,roboflow,ts_underscore,20240219,114244
ElectroCom61 A Multiclass Dataset for Detection of Electronic Components\ElectroCom61\train\images\IMG_20240219_114253_jpg.rf.695cbf752529ef494f2e6cd369e85ec0.jpg,train,IMG_20240219_114253,roboflow,ts_underscore,20240219,114253
ElectroCom61 A Multiclass Dataset for Detection of Electronic Components\ElectroCom61\train\images\IMG_20240219_114442_jpg.rf.b9b912edb222b3335d2f887a5d6ad61f.jpg,train,IMG_20240219_114442,roboflow,ts_underscore,20240219,114442
ElectroCom61 A Multiclass Dataset for Detection of Electronic Components\ElectroCom61\train\images\IMG_20240219_114447_jpg.rf.8f8e510e496959fb0566a562ed913877.jpg,train,IMG_20240219_114447,roboflow,ts_underscore,20240219,114447
ElectroCom61 A Multiclass Dataset for Detection of Electronic Components\ElectroCom61\train\images\IMG_20240219_114451_jpg.rf.a9cfcb95864a549b7484e4cc0715c396.jpg,train,IMG_20240219_114451,roboflow,ts_underscore,20240219,114451
ElectroCom61 A Multiclass Dataset for Detection of Electronic Components\ElectroCom61\train\images\IMG_20240219_114614_jpg.rf.7f4e44fa7786639f11c9f16b5b7ef9be.jpg,train,IMG_20240219_114614,roboflow,ts_underscore,20240219,114614
ElectroCom61 A Multiclass Dataset for Detection of Electronic Components\ElectroCom61\train\images\IMG_20240219_114643_jpg.rf.967a1287be20537174e2f2d1dce69dee.jpg,train,IMG_20240219_114643,roboflow,ts_underscore,20240219,114643
ElectroCom61 A Multiclass Dataset for Detection of Electronic Components\ElectroCom61\train\images\IMG_20240219_114646_jpg.rf.aa56b2193d8e9ffa41f3a8f4963484ea.jpg,train,IMG_20240219_114646,roboflow,ts_underscore,20240219,114646
ElectroCom61 A Multiclass Dataset for Detection of Electronic Components\ElectroCom61\train\images\IMG_20240219_114652_jpg.rf.2928ca7a2fbdfa4292b2b99371874e97.jpg,train,IMG_20240219_114652,roboflow,ts_underscore,20240219,114652
ElectroCom61 A Multiclass Dataset for Detection of Electronic Components\ElectroCom61\train\images\IMG_20240219_114745_jpg.rf.1dbb78120785a6aba86332cc2a960ced.jpg,train,IMG_20240219_114745,roboflow,ts_underscore,20240219,114745
ElectroCom61 A Multiclass Dataset for Detection of Electronic Components\ElectroCom61\train\images\IMG_20240219_114818_jpg.rf.a220ae338eae00e070d01a138963eaa2.jpg,train,IMG_20240219_114818,roboflow,ts_underscore,20240219,114818
ElectroCom61 A Multiclass Dataset for Detection of Electronic Components\ElectroCom61\train\images\IMG_20240219_114826_jpg.rf.331a408189184af6f143528e9e18cd7b.jpg,train,IMG_20240219_114826,roboflow,ts_underscore,20240219,114826
ElectroCom61 A Multiclass Dataset for Detection of Electronic Components\ElectroCom61\train\images\IMG_20240219_114906_jpg.rf.64cd6b78f7cef75253a591482bd3627a.jpg,train,IMG_20240219_114906,roboflow,ts_underscore,20240219,114906
ElectroCom61 A Multiclass Dataset for Detection of Electronic Components\ElectroCom61\train\images\IMG_20240219_114911_jpg.rf.abc196931afcb1459ed799f108b759bc.jpg,train,IMG_20240219_114911,roboflow,ts_underscore,20240219,114911
ElectroCom61 A Multiclass Dataset for Detection of Electronic Components\ElectroCom61\train\images\IMG_20240219_114958_jpg.rf.6473a3886ef3a290c4e67b0616f81077.jpg,train,IMG_20240219_114958,roboflow,ts_underscore,20240219,114958
ElectroCom61 A Multiclass Dataset for Detection of Electronic Components\ElectroCom61\train\images\IMG_20240219_115215_jpg.rf.be16f9be8028b3ca1e0aeb6fe691c3d9.jpg,train,IMG_20240219_115215,roboflow,ts_underscore,20240219,115215
ElectroCom61 A Multiclass Dataset for Detection of Electronic Components\ElectroCom61\train\images\IMG_20240219_115220_jpg.rf.5c635d31d6c048e8b0e48348c43d9df1.jpg,train,IMG_20240219_115220,roboflow,ts_underscore,20240219,115220
ElectroCom61 A Multiclass Dataset for Detection of Electronic Components\ElectroCom61\train\images\IMG_20240219_115257_jpg.rf.3fb024b41c71ecb2619c8a3fc0d27b8a.jpg,train,IMG_20240219_115257,roboflow,ts_underscore,20240219,115257
ElectroCom61 A Multiclass Dataset for Detection of Electronic Components\ElectroCom61\train\images\IMG_20240219_115336_jpg.rf.00817b182895d617a49c56d93e926529.jpg,train,IMG_20240219_115336,roboflow,ts_underscore,20240219,115336
ElectroCom61 A Multiclass Dataset for Detection of Electronic Components\ElectroCom61\train\images\IMG_20240219_115347_jpg.rf.67d865fe9148aa94197cfaf960dda176.jpg,train,IMG_20240219_115347,roboflow,ts_underscore,20240219,115347
ElectroCom61 A Multiclass Dataset for Detection of Electronic Components\ElectroCom61\train\images\IMG_20240219_115433_jpg.rf.13d4a002012caf9243bbaf10cb41dec5.jpg,train,IMG_20240219_115433,roboflow,ts_underscore,20240219,115433
ElectroCom61 A Multiclass Dataset for Detection of Electronic Components\ElectroCom61\train\images\IMG_20240219_115438_jpg.rf.cafb2f0e14a7c3e9f4545722344246a1.jpg,train,IMG_20240219_115438,roboflow,ts_underscore,20240219,115438
ElectroCom61 A Multiclass Dataset for Detection of Electronic Components\ElectroCom61\train\images\IMG_20240219_115455_jpg.rf.9e2849f4ba7493276edf4cd77aa3b100.jpg,train,IMG_20240219_115455,roboflow,ts_underscore,20240219,115455
ElectroCom61 A Multiclass Dataset for Detection of Electronic Components\ElectroCom61\train\images\IMG_20240219_115811_jpg.rf.a63b0969a3a908a5f6f558f84ef24582.jpg,train,IMG_20240219_115811,roboflow,ts_underscore,20240219,115811
ElectroCom61 A Multiclass Dataset for Detection of Electronic Components\ElectroCom61\train\images\IMG_20240219_115821_jpg.rf.90bb48c110ae1cd312fe8e8e8339e60f.jpg,train,IMG_20240219_115821,roboflow,ts_underscore,20240219,115821
ElectroCom61 A Multiclass Dataset for Detection of Electronic Components\ElectroCom61\train\images\IMG_20240219_115933_jpg.rf.53cc1118fcb27a4aa11ea27262a7ae15.jpg,train,IMG_20240219_115933,roboflow,ts_underscore,20240219,115933
ElectroCom61 A Multiclass Dataset for Detection of Electronic Components\ElectroCom61\train\images\IMG_20240219_115941_jpg.rf.c2095fe7a0d7d033776e753ae688cb68.jpg,train,IMG_20240219_115941,roboflow,ts_underscore,20240219,115941
ElectroCom61 A Multiclass Dataset for Detection of Electronic Components\ElectroCom61\train\images\IMG_20240219_120158_jpg.rf.e36d2fb5bba2174686ea27980eea7394.jpg,train,IMG_20240219_120158,roboflow,ts_underscore,20240219,120158
ElectroCom61 A Multiclass Dataset for Detection of Electronic Components\ElectroCom61\train\images\IMG_20240219_120205_jpg.rf.48adbfdbb26209f80819474cf7c44ed1.jpg,train,IMG_20240219_120205,roboflow,ts_underscore,20240219,120205
ElectroCom61 A Multiclass Dataset for Detection of Electronic Components\ElectroCom61\train\images\IMG_20240219_120248_jpg.rf.05d1e9cf94024160fa116162b6a37c0c.jpg,train,IMG_20240219_120248,roboflow,ts_underscore,20240219,120248
ElectroCom61 A Multiclass Dataset for Detection of Electronic Components\ElectroCom61\train\images\IMG_20240219_120254_jpg.rf.12755c201a14ebb6e6fe779b9f0fe868.jpg,train,IMG_20240219_120254,roboflow,ts_underscore,20240219,120254
ElectroCom61 A Multiclass Dataset for Detection of Electronic Components\ElectroCom61\train\images\IMG_20240220_114205_jpg.rf.44874d0f064ec7b9fc5d74d48a607dd0.jpg,train,IMG_20240220_114205,roboflow,ts_underscore,20240220,114205
ElectroCom61 A Multiclass Dataset for Detection of Electronic Components\ElectroCom61\train\images\IMG_20240220_114213_jpg.rf.91420d2cb4866c98220129379160b04b.jpg,train,IMG_20240220_114213,roboflow,ts_underscore,20240220,114213
ElectroCom61 A Multiclass Dataset for Detection of Electronic Components\ElectroCom61\train\images\IMG_20240220_114220_jpg.rf.5cf204da2e355f1def2a9deb904adf01.jpg,train,IMG_20240220_114220,roboflow,ts_underscore,20240220,114220
ElectroCom61 A Multiclass Dataset for Detection of Electronic Components\ElectroCom61\train\images\IMG_20240220_114230_jpg.rf.e3ab6b3d0fd0dfede5da19add1bec2d9.jpg,train,IMG_20240220_114230,roboflow,ts_underscore,20240220,114230
ElectroCom61 A Multiclass Dataset for Detection of Electronic Components\ElectroCom61\train\images\IMG_20240220_114312_jpg.rf.1eb5daafa2e02c8ac8baa9307c9ca249.jpg,train,IMG_20240220_114312,roboflow,ts_underscore,20240220,114312
ElectroCom61 A Multiclass Dataset for Detection of Electronic Components\ElectroCom61\train\images\IMG_20240220_114318_jpg.rf.f01aa0b8a593bd6cacf10563e118de8e.jpg,train,IMG_20240220_114318,roboflow,ts_underscore,20240220,114318
ElectroCom61 A Multiclass Dataset for Detection of Electronic Components\ElectroCom61\train\images\IMG_20240220_114326_jpg.rf.7437146b9ec5f91510d181d84a803b38.jpg,train,IMG_20240220_114326,roboflow,ts_underscore,20240220,114326
ElectroCom61 A Multiclass Dataset for Detection of Electronic Components\ElectroCom61\train\images\IMG_20240220_114332_jpg.rf.be868a312ad7ddd2e2ff3c43a7f020a1.jpg,train,IMG_20240220_114332,roboflow,ts_underscore,20240220,114332
ElectroCom61 A Multiclass Dataset for Detection of Electronic Components\ElectroCom61\train\images\IMG_20240220_114533_jpg.rf.364ed8a72496e9724f736e8128ffb10c.jpg,train,IMG_20240220_114533,roboflow,ts_underscore,20240220,114533
ElectroCom61 A Multiclass Dataset for Detection of Electronic Components\ElectroCom61\train\images\IMG_20240220_114541_jpg.rf.b761440fbc2810757b0fb7e515906425.jpg,train,IMG_20240220_114541,roboflow,ts_underscore,20240220,114541
ElectroCom61 A Multiclass Dataset for Detection of Electronic Components\ElectroCom61\train\images\IMG_20240220_114554_jpg.rf.f7751263c6e54e34228bd3e54d12ba91.jpg,train,IMG_20240220_114554,roboflow,ts_underscore,20240220,114554
ElectroCom61 A Multiclass Dataset for Detection of Electronic Components\ElectroCom61\train\images\IMG_20240220_114617_jpg.rf.016c1b13c311baa79eb949285ef8b91f.jpg,train,IMG_20240220_114617,roboflow,ts_underscore,20240220,114617
ElectroCom61 A Multiclass Dataset for Detection of Electronic Components\ElectroCom61\train\images\IMG_20240220_114621_jpg.rf.4649af529f6032bfee742a0d9af1bbce.jpg,train,IMG_20240220_114621,roboflow,ts_underscore,20240220,114621
ElectroCom61 A Multiclass Dataset for Detection of Electronic Components\ElectroCom61\train\images\IMG_20240220_114627_jpg.rf.893fb1b50acc1dd0cba8f39bb6e7b6b8.jpg,train,IMG_20240220_114627,roboflow,ts_underscore,20240220,114627
ElectroCom61 A Multiclass Dataset for Detection of Electronic Components\ElectroCom61\train\images\IMG_20240220_114642_jpg.rf.152da8063f4f28ff39492ded2cc6d31d.jpg,train,IMG_20240220_114642,roboflow,ts_underscore,20240220,114642
ElectroCom61 A Multiclass Dataset for Detection of Electronic Components\ElectroCom61\train\images\IMG_20240220_114647_jpg.rf.b73caf2b53f3ae9c41a8445450e54c2a.jpg,train,IMG_20240220_114647,roboflow,ts_underscore,20240220,114647
ElectroCom61 A Multiclass Dataset for Detection of Electronic Components\ElectroCom61\train\images\IMG_20240220_114731_jpg.rf.b3ca4e4701dd8fdd0aea35a048e74272.jpg,train,IMG_20240220_114731,roboflow,ts_underscore,20240220,114731
ElectroCom61 A Multiclass Dataset for Detection of Electronic Components\ElectroCom61\train\images\IMG_20240220_114740_jpg.rf.e62fae626f44ea514284105a96ebb7ee.jpg,train,IMG_20240220_114740,roboflow,ts_underscore,20240220,114740
ElectroCom61 A Multiclass Dataset for Detection of Electronic Components\ElectroCom61\train\images\IMG_20240220_114746_jpg.rf.c032dfb52d8028d64d4dc72a4d276433.jpg,train,IMG_20240220_114746,roboflow,ts_underscore,20240220,114746
ElectroCom61 A Multiclass Dataset for Detection of Electronic Components\ElectroCom61\train\images\IMG_20240220_114750_jpg.rf.0ca8430857d5313250978988a30961a0.jpg,train,IMG_20240220_114750,roboflow,ts_underscore,20240220,114750
ElectroCom61 A Multiclass Dataset for Detection of Electronic Components\ElectroCom61\train\images\IMG_20240220_114919_jpg.rf.2a6970737f6178855b056c48b4d2d08b.jpg,train,IMG_20240220_114919,roboflow,ts_underscore,20240220,114919
ElectroCom61 A Multiclass Dataset for Detection of Electronic Components\ElectroCom61\train\images\IMG_20240220_114924_jpg.rf.54cfe9d1f708a35c5b107fec7dbd0412.jpg,train,IMG_20240220_114924,roboflow,ts_underscore,20240220,114924
ElectroCom61 A Multiclass Dataset for Detection of Electronic Components\ElectroCom61\train\images\IMG_20240220_115006_jpg.rf.c66a85f6098afd569e2046b8d657654b.jpg,train,IMG_20240220_115006,roboflow,ts_underscore,20240220,115006
ElectroCom61 A Multiclass Dataset for Detection of Electronic Components\ElectroCom61\train\images\IMG_20240220_115016_jpg.rf.f4aea3db07e49e766a66facf83d37829.jpg,train,IMG_20240220_115016,roboflow,ts_underscore,20240220,115016
ElectroCom61 A Multiclass Dataset for Detection of Electronic Components\ElectroCom61\train\images\IMG_20240220_115021_jpg.rf.813ec38f42daaabb58d32167ff2e8b95.jpg,train,IMG_20240220_115021,roboflow,ts_underscore,20240220,115021
ElectroCom61 A Multiclass Dataset for Detection of Electronic Components\ElectroCom61\train\images\IMG_20240220_115044_jpg.rf.0209849141ebbc786e829679b5ab2384.jpg,train,IMG_20240220_115044,roboflow,ts_underscore,20240220,115044
ElectroCom61 A Multiclass Dataset for Detection of Electronic Components\ElectroCom61\train\images\IMG_20240220_115047_jpg.rf.97d3e7a2702c95fd4cb862a55504a77d.jpg,train,IMG_20240220_115047,roboflow,ts_underscore,20240220,115047
ElectroCom61 A Multiclass Dataset for Detection of Electronic Components\ElectroCom61\train\images\IMG_20240220_115123_jpg.rf.fb1013a07923d05aae40504f39f7c6bc.jpg,train,IMG_20240220_115123,roboflow,ts_underscore,20240220,115123
ElectroCom61 A Multiclass Dataset for Detection of Electronic Components\ElectroCom61\train\images\IMG_20240220_115132_jpg.rf.0d08fe66c02ecf4e38efb5b0455714ae.jpg,train,IMG_20240220_115132,roboflow,ts_underscore,20240220,115132
ElectroCom61 A Multiclass Dataset for Detection of Electronic Components\ElectroCom61\train\images\IMG_20240220_115211_jpg.rf.c196c2c2c72d12828bf25db3f741d307.jpg,train,IMG_20240220_115211,roboflow,ts_underscore,20240220,115211
ElectroCom61 A Multiclass Dataset for Detection of Electronic Components\ElectroCom61\train\images\IMG_20240220_115224_jpg.rf.046004354cb583d5a85e3ab1f4a3d676.jpg,train,IMG_20240220_115224,roboflow,ts_underscore,20240220,115224
ElectroCom61 A Multiclass Dataset for Detection of Electronic Components\ElectroCom61\train\images\IMG_20240220_115229_jpg.rf.4230e9051f25e7a6491946796ddb3f66.jpg,train,IMG_20240220_115229,roboflow,ts_underscore,20240220,115229
ElectroCom61 A Multiclass Dataset for Detection of Electronic Components\ElectroCom61\train\images\IMG_20240220_115304_jpg.rf.198ae8ff4a3c5ae460589678ca9d5938.jpg,train,IMG_20240220_115304,roboflow,ts_underscore,20240220,115304
ElectroCom61 A Multiclass Dataset for Detection of Electronic Components\ElectroCom61\train\images\IMG_20240220_115315_jpg.rf.1bb8f6cb678ee8ea91c5ffb9777ee38f.jpg,train,IMG_20240220_115315,roboflow,ts_underscore,20240220,115315
ElectroCom61 A Multiclass Dataset for Detection of Electronic Components\ElectroCom61\train\images\IMG_20240220_115316_jpg.rf.d4c1af3fc49425783d0509089b9827c1.jpg,train,IMG_20240220_115316,roboflow,ts_underscore,20240220,115316
ElectroCom61 A Multiclass Dataset for Detection of Electronic Components\ElectroCom61\train\images\IMG_20240220_115321_jpg.rf.a382646ddf66932e62da58620fcfea68.jpg,train,IMG_20240220_115321,roboflow,ts_underscore,20240220,115321
ElectroCom61 A Multiclass Dataset for Detection of Electronic Components\ElectroCom61\train\images\IMG_20240220_115418_jpg.rf.d5f3c84e3be439bfd4ab9d9db2e15f6d.jpg,train,IMG_20240220_115418,roboflow,ts_underscore,20240220,115418
ElectroCom61 A Multiclass Dataset for Detection of Electronic Components\ElectroCom61\train\images\IMG_20240220_115427_jpg.rf.151ef6565facbe57b39b8c24d099bb85.jpg,train,IMG_20240220_115427,roboflow,ts_underscore,20240220,115427
ElectroCom61 A Multiclass Dataset for Detection of Electronic Components\ElectroCom61\train\images\IMG_20240220_115533_jpg.rf.bdc70f34637de6dcc480d473539134e1.jpg,train,IMG_20240220_115533,roboflow,ts_underscore,20240220,115533
ElectroCom61 A Multiclass Dataset for Detection of Electronic Components\ElectroCom61\train\images\IMG_20240220_115618_jpg.rf.4dc9c1559574a94787984bebd0f13db5.jpg,train,IMG_20240220_115618,roboflow,ts_underscore,20240220,115618
ElectroCom61 A Multiclass Dataset for Detection of Electronic Components\ElectroCom61\train\images\IMG_20240220_115625_jpg.rf.aabf50481a53efa7079e18fd996b4abe.jpg,train,IMG_20240220_115625,roboflow,ts_underscore,20240220,115625
ElectroCom61 A Multiclass Dataset for Detection of Electronic Components\ElectroCom61\train\images\IMG_20240220_115715_jpg.rf.5a7314f2954771b6ff8c9651108cba98.jpg,train,IMG_20240220_115715,roboflow,ts_underscore,20240220,115715
ElectroCom61 A Multiclass Dataset for Detection of Electronic Components\ElectroCom61\train\images\IMG_20240220_115747_jpg.rf.c29fe09260012f561453f5a734d4ffdd.jpg,train,IMG_20240220_115747,roboflow,ts_underscore,20240220,115747
ElectroCom61 A Multiclass Dataset for Detection of Electronic Components\ElectroCom61\train\images\IMG_20240220_115756_jpg.rf.84af2e7b5c92ba6172d1c22c9da37e5c.jpg,train,IMG_20240220_115756,roboflow,ts_underscore,20240220,115756
ElectroCom61 A Multiclass Dataset for Detection of Electronic Components\ElectroCom61\train\images\IMG_20240220_115857_jpg.rf.57d7fd61dbb6f2228f234cc6ffad4d30.jpg,train,IMG_20240220_115857,roboflow,ts_underscore,20240220,115857
ElectroCom61 A Multiclass Dataset for Detection of Electronic Components\ElectroCom61\train\images\IMG_20240220_115903_jpg.rf.8bab6970c76cf94a6c571adcd1149ee2.jpg,train,IMG_20240220_115903,roboflow,ts_underscore,20240220,115903
ElectroCom61 A Multiclass Dataset for Detection of Electronic Components\ElectroCom61\train\images\IMG_20240220_115909_jpg.rf.2cb8642cf4a87a14d3d521245fb18f26.jpg,train,IMG_20240220_115909,roboflow,ts_underscore,20240220,115909
ElectroCom61 A Multiclass Dataset for Detection of Electronic Components\ElectroCom61\train\images\IMG_20240220_115924_jpg.rf.a691786d9b21c2d7df05758522fe3187.jpg,train,IMG_20240220_115924,roboflow,ts_underscore,20240220,115924
ElectroCom61 A Multiclass Dataset for Detection of Electronic Components\ElectroCom61\train\images\IMG_20240220_115930_jpg.rf.ee17e32d69bde6060e7f09236baa453f.jpg,train,IMG_20240220_115930,roboflow,ts_underscore,20240220,115930
ElectroCom61 A Multiclass Dataset for Detection of Electronic Components\ElectroCom61\train\images\IMG_20240220_115942_jpg.rf.725415354f820140817a189ebbfe2a7b.jpg,train,IMG_20240220_115942,roboflow,ts_underscore,20240220,115942
ElectroCom61 A Multiclass Dataset for Detection of Electronic Components\ElectroCom61\train\images\IMG_20240220_120103_jpg.rf.4d22f1ca55feaed226a30698a64bb2be.jpg,train,IMG_20240220_120103,roboflow,ts_underscore,20240220,120103
ElectroCom61 A Multiclass Dataset for Detection of Electronic Components\ElectroCom61\train\images\IMG_20240220_120248_jpg.rf.cb0a7104b16f87568e3b0ddf4b12b007.jpg,train,IMG_20240220_120248,roboflow,ts_underscore,20240220,120248
ElectroCom61 A Multiclass Dataset for Detection of Electronic Components\ElectroCom61\train\images\IMG_20240220_120308_jpg.rf.c0ab3cff5e31547626bb65cfb2388771.jpg,train,IMG_20240220_120308,roboflow,ts_underscore,20240220,120308
ElectroCom61 A Multiclass Dataset for Detection of Electronic Components\ElectroCom61\train\images\IMG_20240220_120346_jpg.rf.1fc863eb2bfc480214ee320cad763cc3.jpg,train,IMG_20240220_120346,roboflow,ts_underscore,20240220,120346
ElectroCom61 A Multiclass Dataset for Detection of Electronic Components\ElectroCom61\train\images\IMG_20240220_120357_jpg.rf.00ca9b7d79c89c6ba7341d0b4eb7bc15.jpg,train,IMG_20240220_120357,roboflow,ts_underscore,20240220,120357
ElectroCom61 A Multiclass Dataset for Detection of Electronic Components\ElectroCom61\train\images\IMG_20240220_120501_jpg.rf.399d90ac757fc7193f2e3c7661b6005c.jpg,train,IMG_20240220_120501,roboflow,ts_underscore,20240220,120501
ElectroCom61 A Multiclass Dataset for Detection of Electronic Components\ElectroCom61\train\images\IMG_20240220_120505_jpg.rf.4916b0ffe8ca9b8bdd0249a1337e0725.jpg,train,IMG_20240220_120505,roboflow,ts_underscore,20240220,120505
ElectroCom61 A Multiclass Dataset for Detection of Electronic Components\ElectroCom61\train\images\IMG_20240220_120508_jpg.rf.26669fa95b77d12054e99afbe9b62634.jpg,train,IMG_20240220_120508,roboflow,ts_underscore,20240220,120508
ElectroCom61 A Multiclass Dataset for Detection of Electronic Components\ElectroCom61\train\images\IMG_20240220_120515_jpg.rf.b720be6e608f2ed50e32f9534047007f.jpg,train,IMG_20240220_120515,roboflow,ts_underscore,20240220,120515
ElectroCom61 A Multiclass Dataset for Detection of Electronic Components\ElectroCom61\train\images\IMG_20240220_120539_jpg.rf.6f36069e0ef5b71a42169962ab954cae.jpg,train,IMG_20240220_120539,roboflow,ts_underscore,20240220,120539
ElectroCom61 A Multiclass Dataset for Detection of Electronic Components\ElectroCom61\train\images\IMG_20240220_120907_jpg.rf.dc76d49ac8f13f30b4ed5575c8946ac7.jpg,train,IMG_20240220_120907,roboflow,ts_underscore,20240220,120907
ElectroCom61 A Multiclass Dataset for Detection of Electronic Components\ElectroCom61\train\images\IMG_20240220_121114_jpg.rf.c98bcb96069b41fe659d38c5d5bcb61e.jpg,train,IMG_20240220_121114,roboflow,ts_underscore,20240220,121114
ElectroCom61 A Multiclass Dataset for Detection of Electronic Components\ElectroCom61\train\images\IMG_20240220_121133_jpg.rf.b9125d22c3e59a9d4d2dd7537025ae87.jpg,train,IMG_20240220_121133,roboflow,ts_underscore,20240220,121133
ElectroCom61 A Multiclass Dataset for Detection of Electronic Components\ElectroCom61\train\images\IMG_20240220_121143_jpg.rf.3a1ecc987e4be255bee5bdbe98940df7.jpg,train,IMG_20240220_121143,roboflow,ts_underscore,20240220,121143
ElectroCom61 A Multiclass Dataset for Detection of Electronic Components\ElectroCom61\train\images\IMG_20240220_121201_jpg.rf.4365aa95e4f525f5bcc23604c229fcdd.jpg,train,IMG_20240220_121201,roboflow,ts_underscore,20240220,121201
ElectroCom61 A Multiclass Dataset for Detection of Electronic Components\ElectroCom61\train\images\IMG_20240220_121228_jpg.rf.4ddbc020f9bed5b2a8912206ed7ddb41.jpg,train,IMG_20240220_121228,roboflow,ts_underscore,20240220,121228
ElectroCom61 A Multiclass Dataset for Detection of Electronic Components\ElectroCom61\train\images\IMG_20240220_121242_jpg.rf.c1e661459111cc056e3e0d3907ed15f7.jpg,train,IMG_20240220_121242,roboflow,ts_underscore,20240220,121242
ElectroCom61 A Multiclass Dataset for Detection of Electronic Components\ElectroCom61\train\images\IMG_20240220_121252_jpg.rf.a9eb45ae5c8d01fa63929cd7f7abb424.jpg,train,IMG_20240220_121252,roboflow,ts_underscore,20240220,121252
ElectroCom61 A Multiclass Dataset for Detection of Electronic Components\ElectroCom61\train\images\IMG_20240220_121303_jpg.rf.43fbcc7e38a5988b99bfe6d23d748cb5.jpg,train,IMG_20240220_121303,roboflow,ts_underscore,20240220,121303
ElectroCom61 A Multiclass Dataset for Detection of Electronic Components\ElectroCom61\train\images\IMG_20240220_121322_jpg.rf.e0997bd9126617f6448ce914413fd100.jpg,train,IMG_20240220_121322,roboflow,ts_underscore,20240220,121322
ElectroCom61 A Multiclass Dataset for Detection of Electronic Components\ElectroCom61\train\images\IMG_20240220_121328_jpg.rf.3277ea0fd26eddd5585c467fcd2a66e8.jpg,train,IMG_20240220_121328,roboflow,ts_underscore,20240220,121328
ElectroCom61 A Multiclass Dataset for Detection of Electronic Components\ElectroCom61\train\images\IMG_20240220_121334_jpg.rf.f9d335db003b9cd5280f826e430163e1.jpg,train,IMG_20240220_121334,roboflow,ts_underscore,20240220,121334
ElectroCom61 A Multiclass Dataset for Detection of Electronic Components\ElectroCom61\train\images\IMG_20240220_121340_jpg.rf.34f1c3cfd6fb310d3ceff4bdb5c108c0.jpg,train,IMG_20240220_121340,roboflow,ts_underscore,20240220,121340
ElectroCom61 A Multiclass Dataset for Detection of Electronic Components\ElectroCom61\train\images\IMG_20240220_121346_jpg.rf.f905696e5946a23d3abfe2ac7667eb19.jpg,train,IMG_20240220_121346,roboflow,ts_underscore,20240220,121346
ElectroCom61 A Multiclass Dataset for Detection of Electronic Components\ElectroCom61\train\images\IMG_20240220_121455_jpg.rf.4165e7dbdfaca0a2962e7edfda9dba53.jpg,train,IMG_20240220_121455,roboflow,ts_underscore,20240220,121455
ElectroCom61 A Multiclass Dataset for Detection of Electronic Components\ElectroCom61\train\images\IMG_20240220_121506_jpg.rf.ab8ea031cace600d6b7ddbc7fc710091.jpg,train,IMG_20240220_121506,roboflow,ts_underscore,20240220,121506
ElectroCom61 A Multiclass Dataset for Detection of Electronic Components\ElectroCom61\train\images\IMG_20240220_121512_jpg.rf.52ef1b29773c4cd47833e847029fc6a8.jpg,train,IMG_20240220_121512,roboflow,ts_underscore,20240220,121512
ElectroCom61 A Multiclass Dataset for Detection of Electronic Components\ElectroCom61\train\images\IMG_20240220_121525_jpg.rf.7d7232aed678439c7653ca9373b39a0b.jpg,train,IMG_20240220_121525,roboflow,ts_underscore,20240220,121525
ElectroCom61 A Multiclass Dataset for Detection of Electronic Components\ElectroCom61\train\images\IMG_20240220_121603_jpg.rf.773b234e63475166c8dde62595120088.jpg,train,IMG_20240220_121603,roboflow,ts_underscore,20240220,121603
ElectroCom61 A Multiclass Dataset for Detection of Electronic Components\ElectroCom61\train\images\IMG_20240220_121611_jpg.rf.9ede096a1c88695f2a4ad80cda45327f.jpg,train,IMG_20240220_121611,roboflow,ts_underscore,20240220,121611
ElectroCom61 A Multiclass Dataset for Detection of Electronic Components\ElectroCom61\train\images\IMG_20240220_121628_jpg.rf.88219faad670adf0a43e17365567db1e.jpg,train,IMG_20240220_121628,roboflow,ts_underscore,20240220,121628
ElectroCom61 A Multiclass Dataset for Detection of Electronic Components\ElectroCom61\train\images\IMG_20240220_121637_jpg.rf.d3447c4b79135916cbb9a87d41a35e67.jpg,train,IMG_20240220_121637,roboflow,ts_underscore,20240220,121637
ElectroCom61 A Multiclass Dataset for Detection of Electronic Components\ElectroCom61\train\images\IMG_20240220_121656_jpg.rf.16990a1659dee8123b6fe29fcf32caab.jpg,train,IMG_20240220_121656,roboflow,ts_underscore,20240220,121656
ElectroCom61 A Multiclass Dataset for Detection of Electronic Components\ElectroCom61\train\images\IMG_20240220_121702_jpg.rf.65e0b0a37423bd2254cb2e641cb90af5.jpg,train,IMG_20240220_121702,roboflow,ts_underscore,20240220,121702
ElectroCom61 A Multiclass Dataset for Detection of Electronic Components\ElectroCom61\train\images\IMG_20240220_121746_jpg.rf.ebda10e5373ae8d5d4364cfd9a12c338.jpg,train,IMG_20240220_121746,roboflow,ts_underscore,20240220,121746
ElectroCom61 A Multiclass Dataset for Detection of Electronic Components\ElectroCom61\train\images\IMG_20240220_121809_jpg.rf.5551b5a600a37c5c7288cd834cfcb0ef.jpg,train,IMG_20240220_121809,roboflow,ts_underscore,20240220,121809
ElectroCom61 A Multiclass Dataset for Detection of Electronic Components\ElectroCom61\train\images\IMG_20240220_121907_jpg.rf.057b196b620705509d559f4b21551a13.jpg,train,IMG_20240220_121907,roboflow,ts_underscore,20240220,121907
ElectroCom61 A Multiclass Dataset for Detection of Electronic Components\ElectroCom61\train\images\IMG_20240220_121939_jpg.rf.5e12ae4c097f3385d7ba1e74773fa68f.jpg,train,IMG_20240220_121939,roboflow,ts_underscore,20240220,121939
ElectroCom61 A Multiclass Dataset for Detection of Electronic Components\ElectroCom61\train\images\IMG_20240220_121944_jpg.rf.7dbd291106c9ecf6073534501978a6de.jpg,train,IMG_20240220_121944,roboflow,ts_underscore,20240220,121944
ElectroCom61 A Multiclass Dataset for Detection of Electronic Components\ElectroCom61\train\images\IMG_20240220_121951_jpg.rf.38113674c986215da996fdcac88607f5.jpg,train,IMG_20240220_121951,roboflow,ts_underscore,20240220,121951
ElectroCom61 A Multiclass Dataset for Detection of Electronic Components\ElectroCom61\train\images\IMG_20240220_121957_jpg.rf.4410d30b3a450a1c2c1cf071bcfead21.jpg,train,IMG_20240220_121957,roboflow,ts_underscore,20240220,121957
ElectroCom61 A Multiclass Dataset for Detection of Electronic Components\ElectroCom61\train\images\IMG_20240220_122012_jpg.rf.aeb57585772bb92a5d1b6b9d8723aeda.jpg,train,IMG_20240220_122012,roboflow,ts_underscore,20240220,122012
ElectroCom61 A Multiclass Dataset for Detection of Electronic Components\ElectroCom61\train\images\IMG_20240220_122017_jpg.rf.9ef4bb579ba0de10cd624cd003be02bb.jpg,train,IMG_20240220_122017,roboflow,ts_underscore,20240220,122017
ElectroCom61 A Multiclass Dataset for Detection of Electronic Components\ElectroCom61\train\images\IMG_20240220_122022_jpg.rf.0f0d2ac49697fc4055504e897e8e6da0.jpg,train,IMG_20240220_122022,roboflow,ts_underscore,20240220,122022
ElectroCom61 A Multiclass Dataset for Detection of Electronic Components\ElectroCom61\train\images\IMG_20240220_122028_jpg.rf.4ef3eb2bfccb8ab5e1a7135b4b7efcc1.jpg,train,IMG_20240220_122028,roboflow,ts_underscore,20240220,122028
ElectroCom61 A Multiclass Dataset for Detection of Electronic Components\ElectroCom61\train\images\IMG_20240220_122035_jpg.rf.37f3d6eed7d042d4a450cd42abff0ebb.jpg,train,IMG_20240220_122035,roboflow,ts_underscore,20240220,122035
ElectroCom61 A Multiclass Dataset for Detection of Electronic Components\ElectroCom61\train\images\IMG_20240220_131426_jpg.rf.9695cf717b77e378faee36d6af7d4836.jpg,train,IMG_20240220_131426,roboflow,ts_underscore,20240220,131426
ElectroCom61 A Multiclass Dataset for Detection of Electronic Components\ElectroCom61\train\images\IMG_20240220_131443_jpg.rf.c3323025ee8ffe8e4715008a5f6475b3.jpg,train,IMG_20240220_131443,roboflow,ts_underscore,20240220,131443
ElectroCom61 A Multiclass Dataset for Detection of Electronic Components\ElectroCom61\train\images\IMG_20240220_131451_jpg.rf.925bbf699d51628ec834d67742c83758.jpg,train,IMG_20240220_131451,roboflow,ts_underscore,20240220,131451
ElectroCom61 A Multiclass Dataset for Detection of Electronic Components\ElectroCom61\train\images\IMG_20240220_131456_jpg.rf.af618bc6b7d6f0bc2b45af2ce213d03f.jpg,train,IMG_20240220_131456,roboflow,ts_underscore,20240220,131456
ElectroCom61 A Multiclass Dataset for Detection of Electronic Components\ElectroCom61\train\images\IMG_20240220_131503_jpg.rf.67a63ada50ea6b7183030aff48e3d7fe.jpg,train,IMG_20240220_131503,roboflow,ts_underscore,20240220,131503
ElectroCom61 A Multiclass Dataset for Detection of Electronic Components\ElectroCom61\train\images\IMG_20240220_131506_jpg.rf.b54fd04a478c26564d61a1408d05986b.jpg,train,IMG_20240220_131506,roboflow,ts_underscore,20240220,131506
ElectroCom61 A Multiclass Dataset for Detection of Electronic Components\ElectroCom61\train\images\IMG_20240220_131513_jpg.rf.26f11c22f1b760a95275ad058690f1c9.jpg,train,IMG_20240220_131513,roboflow,ts_underscore,20240220,131513
ElectroCom61 A Multiclass Dataset for Detection of Electronic Components\ElectroCom61\train\images\IMG_20240220_131522_jpg.rf.36b5a43952003c693cd694c50bbf65da.jpg,train,IMG_20240220_131522,roboflow,ts_underscore,20240220,131522
ElectroCom61 A Multiclass Dataset for Detection of Electronic Components\ElectroCom61\train\images\IMG_20240220_131548_jpg.rf.3f82b598ab22630d668da414d0aab2d2.jpg,train,IMG_20240220_131548,roboflow,ts_underscore,20240220,131548
ElectroCom61 A Multiclass Dataset for Detection of Electronic Components\ElectroCom61\train\images\IMG_20240220_131606_jpg.rf.0a449c62d4d77b974a6edbfbafb1dcd8.jpg,train,IMG_20240220_131606,roboflow,ts_underscore,20240220,131606
ElectroCom61 A Multiclass Dataset for Detection of Electronic Components\ElectroCom61\train\images\IMG_20240220_131654_jpg.rf.2d608184f3b62b530649bdd72dfee707.jpg,train,IMG_20240220_131654,roboflow,ts_underscore,20240220,131654
ElectroCom61 A Multiclass Dataset for Detection of Electronic Components\ElectroCom61\train\images\IMG_20240220_131745_jpg.rf.1e4a6b5cbb3ce5da5a3a88d8e911ac27.jpg,train,IMG_20240220_131745,roboflow,ts_underscore,20240220,131745
ElectroCom61 A Multiclass Dataset for Detection of Electronic Components\ElectroCom61\train\images\IMG_20240220_131827_jpg.rf.5a4fdaec159b38ffa40687dd70e5ccbd.jpg,train,IMG_20240220_131827,roboflow,ts_underscore,20240220,131827
ElectroCom61 A Multiclass Dataset for Detection of Electronic Components\ElectroCom61\train\images\IMG_20240220_131832_jpg.rf.462c0f525bf25740d28c4959ece62246.jpg,train,IMG_20240220_131832,roboflow,ts_underscore,20240220,131832
ElectroCom61 A Multiclass Dataset for Detection of Electronic Components\ElectroCom61\train\images\IMG_20240220_131840_jpg.rf.f3d4f21176d6c4c031e3b67096614f85.jpg,train,IMG_20240220_131840,roboflow,ts_underscore,20240220,131840
ElectroCom61 A Multiclass Dataset for Detection of Electronic Components\ElectroCom61\train\images\IMG_20240220_131851_jpg.rf.cd09b15b1605fd5dc19bd146fbb6cfbf.jpg,train,IMG_20240220_131851,roboflow,ts_underscore,20240220,131851
ElectroCom61 A Multiclass Dataset for Detection of Electronic Components\ElectroCom61\train\images\IMG_20240220_131918_jpg.rf.718dfceb491c0c244f17d6f105507b98.jpg,train,IMG_20240220_131918,roboflow,ts_underscore,20240220,131918
ElectroCom61 A Multiclass Dataset for Detection of Electronic Components\ElectroCom61\train\images\IMG_20240220_131946_jpg.rf.7f3b516d8e0fa467a7a55374ee937b15.jpg,train,IMG_20240220_131946,roboflow,ts_underscore,20240220,131946
ElectroCom61 A Multiclass Dataset for Detection of Electronic Components\ElectroCom61\train\images\IMG_20240220_131951_jpg.rf.a5ef1df4dad2d3f712c3e75a93806680.jpg,train,IMG_20240220_131951,roboflow,ts_underscore,20240220,131951
ElectroCom61 A Multiclass Dataset for Detection of Electronic Components\ElectroCom61\train\images\IMG_20240220_131954_jpg.rf.752eb44f98097bf5d7cd446f7f26a2e4.jpg,train,IMG_20240220_131954,roboflow,ts_underscore,20240220,131954
ElectroCom61 A Multiclass Dataset for Detection of Electronic Components\ElectroCom61\train\images\IMG_20240220_131958_jpg.rf.8fed6d6019c6e7897042c7e2da11bf3d.jpg,train,IMG_20240220_131958,roboflow,ts_underscore,20240220,131958
ElectroCom61 A Multiclass Dataset for Detection of Electronic Components\ElectroCom61\train\images\IMG_20240220_132006_jpg.rf.a1dd8fba00c6453b9d4e5ca1e0d0662f.jpg,train,IMG_20240220_132006,roboflow,ts_underscore,20240220,132006
ElectroCom61 A Multiclass Dataset for Detection of Electronic Components\ElectroCom61\train\images\IMG_20240220_132018_jpg.rf.d59630b0c19a4281ada016ebcd8f394e.jpg,train,IMG_20240220_132018,roboflow,ts_underscore,20240220,132018
ElectroCom61 A Multiclass Dataset for Detection of Electronic Components\ElectroCom61\train\images\IMG_20240220_132036_jpg.rf.262ef42e0d6c6aa6bb113ada010103e5.jpg,train,IMG_20240220_132036,roboflow,ts_underscore,20240220,132036
ElectroCom61 A Multiclass Dataset for Detection of Electronic Components\ElectroCom61\train\images\IMG_20240220_132039_jpg.rf.ee5394c469a16d4fd1417677ee29c1a9.jpg,train,IMG_20240220_132039,roboflow,ts_underscore,20240220,132039
ElectroCom61 A Multiclass Dataset for Detection of Electronic Components\ElectroCom61\train\images\IMG_20240220_132043_jpg.rf.5b8004186563e2fb41813b9c56da73a1.jpg,train,IMG_20240220_132043,roboflow,ts_underscore,20240220,132043
ElectroCom61 A Multiclass Dataset for Detection of Electronic Components\ElectroCom61\train\images\IMG_20240220_132047_jpg.rf.27be3afaf4edc9431056aebbb59b2d54.jpg,train,IMG_20240220_132047,roboflow,ts_underscore,20240220,132047
ElectroCom61 A Multiclass Dataset for Detection of Electronic Components\ElectroCom61\train\images\IMG_20240220_132059_jpg.rf.e29991d9f1b37a3efc7e1409ffebec59.jpg,train,IMG_20240220_132059,roboflow,ts_underscore,20240220,132059
ElectroCom61 A Multiclass Dataset for Detection of Electronic Components\ElectroCom61\train\images\IMG_20240220_132120_jpg.rf.189109253e9c6252505f9aa5fee3b8be.jpg,train,IMG_20240220_132120,roboflow,ts_underscore,20240220,132120
ElectroCom61 A Multiclass Dataset for Detection of Electronic Components\ElectroCom61\train\images\IMG_20240220_132126_jpg.rf.1f6e95271d8c2e2ca3b381df2f557d9b.jpg,train,IMG_20240220_132126,roboflow,ts_underscore,20240220,132126
ElectroCom61 A Multiclass Dataset for Detection of Electronic Components\ElectroCom61\train\images\IMG_20240220_132303_jpg.rf.6f50f99d2c2daf5eeff202f8b1553ccf.jpg,train,IMG_20240220_132303,roboflow,ts_underscore,20240220,132303
ElectroCom61 A Multiclass Dataset for Detection of Electronic Components\ElectroCom61\train\images\IMG_20240220_132340_jpg.rf.cc4b1a48286f337b89b1c5d0f984f04e.jpg,train,IMG_20240220_132340,roboflow,ts_underscore,20240220,132340
ElectroCom61 A Multiclass Dataset for Detection of Electronic Components\ElectroCom61\train\images\IMG_20240220_132359_jpg.rf.be3e718b3f83cce5feb0286064c21cfd.jpg,train,IMG_20240220_132359,roboflow,ts_underscore,20240220,132359
ElectroCom61 A Multiclass Dataset for Detection of Electronic Components\ElectroCom61\train\images\IMG_20240220_132403_jpg.rf.7ca05e953ef17ba816380de0c97e2e85.jpg,train,IMG_20240220_132403,roboflow,ts_underscore,20240220,132403
ElectroCom61 A Multiclass Dataset for Detection of Electronic Components\ElectroCom61\train\images\IMG_20240220_132408_jpg.rf.4902c1a3d4841dd0d933c6b28b26f88b.jpg,train,IMG_20240220_132408,roboflow,ts_underscore,20240220,132408
ElectroCom61 A Multiclass Dataset for Detection of Electronic Components\ElectroCom61\train\images\IMG_20240220_132419_jpg.rf.c68211dcaaea8febda1bfa5bd2c29e3b.jpg,train,IMG_20240220_132419,roboflow,ts_underscore,20240220,132419
ElectroCom61 A Multiclass Dataset for Detection of Electronic Components\ElectroCom61\train\images\IMG_20240220_132422_jpg.rf.a507df1d1b35c79bd2bc7c9de4831ecd.jpg,train,IMG_20240220_132422,roboflow,ts_underscore,20240220,132422
ElectroCom61 A Multiclass Dataset for Detection of Electronic Components\ElectroCom61\train\images\IMG_20240220_132439_jpg.rf.21d0702eac6ab3dde5d06be723d0db81.jpg,train,IMG_20240220_132439,roboflow,ts_underscore,20240220,132439
ElectroCom61 A Multiclass Dataset for Detection of Electronic Components\ElectroCom61\train\images\IMG_20240220_132444_jpg.rf.32b7015e625163250c5a41a3b3a9f5c4.jpg,train,IMG_20240220_132444,roboflow,ts_underscore,20240220,132444
ElectroCom61 A Multiclass Dataset for Detection of Electronic Components\ElectroCom61\train\images\IMG_20240220_132456_jpg.rf.57c49ee1cc4ccf109fc9119740ad768b.jpg,train,IMG_20240220_132456,roboflow,ts_underscore,20240220,132456
ElectroCom61 A Multiclass Dataset for Detection of Electronic Components\ElectroCom61\train\images\IMG_20240220_132508_jpg.rf.31c5d8576f3286570f1cbff864602d2b.jpg,train,IMG_20240220_132508,roboflow,ts_underscore,20240220,132508
ElectroCom61 A Multiclass Dataset for Detection of Electronic Components\ElectroCom61\train\images\IMG_20240220_132516_jpg.rf.e66a4048676cc7fc28aefcfbe5cbe779.jpg,train,IMG_20240220_132516,roboflow,ts_underscore,20240220,132516
ElectroCom61 A Multiclass Dataset for Detection of Electronic Components\ElectroCom61\train\images\IMG_20240220_132521_jpg.rf.efde21e3fb3ee4cf4c927c07145a8e2d.jpg,train,IMG_20240220_132521,roboflow,ts_underscore,20240220,132521
ElectroCom61 A Multiclass Dataset for Detection of Electronic Components\ElectroCom61\train\images\IMG_20240220_132541_jpg.rf.09193cf972b4ea8ef444e6646f713503.jpg,train,IMG_20240220_132541,roboflow,ts_underscore,20240220,132541
ElectroCom61 A Multiclass Dataset for Detection of Electronic Components\ElectroCom61\train\images\IMG_20240220_132547_jpg.rf.73b04127b3adbc2ad679d42f92b7e7ec.jpg,train,IMG_20240220_132547,roboflow,ts_underscore,20240220,132547
ElectroCom61 A Multiclass Dataset for Detection of Electronic Components\ElectroCom61\train\images\IMG_20240220_132626_jpg.rf.8a13680193b94aa073491d67b98af408.jpg,train,IMG_20240220_132626,roboflow,ts_underscore,20240220,132626
ElectroCom61 A Multiclass Dataset for Detection of Electronic Components\ElectroCom61\train\images\IMG_20240220_132638_jpg.rf.9cb797cfcd601fe7ea4775119b1a1085.jpg,train,IMG_20240220_132638,roboflow,ts_underscore,20240220,132638
ElectroCom61 A Multiclass Dataset for Detection of Electronic Components\ElectroCom61\train\images\IMG_20240220_132648_jpg.rf.4de95bca5d02a0452cbf3d711ad1bd59.jpg,train,IMG_20240220_132648,roboflow,ts_underscore,20240220,132648
ElectroCom61 A Multiclass Dataset for Detection of Electronic Components\ElectroCom61\train\images\IMG_20240220_132712_jpg.rf.bd811692808a6e5a4b3395fbac6c4ee7.jpg,train,IMG_20240220_132712,roboflow,ts_underscore,20240220,132712
ElectroCom61 A Multiclass Dataset for Detection of Electronic Components\ElectroCom61\train\images\IMG_20240220_132740_jpg.rf.cd35dc2d140db0f61c12124dad08c32d.jpg,train,IMG_20240220_132740,roboflow,ts_underscore,20240220,132740
ElectroCom61 A Multiclass Dataset for Detection of Electronic Components\ElectroCom61\train\images\IMG_20240220_132840_jpg.rf.dc4daff50eb580b747cef436bf1fdfc4.jpg,train,IMG_20240220_132840,roboflow,ts_underscore,20240220,132840
ElectroCom61 A Multiclass Dataset for Detection of Electronic Components\ElectroCom61\train\images\IMG_20240220_132844_jpg.rf.71b1ff4ed726ce0de0705891974f08c5.jpg,train,IMG_20240220_132844,roboflow,ts_underscore,20240220,132844
ElectroCom61 A Multiclass Dataset for Detection of Electronic Components\ElectroCom61\train\images\IMG_20240220_132900_jpg.rf.5dba3ad8ae878558286a43363777be89.jpg,train,IMG_20240220_132900,roboflow,ts_underscore,20240220,132900
ElectroCom61 A Multiclass Dataset for Detection of Electronic Components\ElectroCom61\train\images\IMG_20240220_132908_jpg.rf.a3118e87e52a2df2daff24afd7acef1e.jpg,train,IMG_20240220_132908,roboflow,ts_underscore,20240220,132908
ElectroCom61 A Multiclass Dataset for Detection of Electronic Components\ElectroCom61\train\images\IMG_20240220_132923_jpg.rf.438ab1c9945402e60efc417759ee3911.jpg,train,IMG_20240220_132923,roboflow,ts_underscore,20240220,132923
ElectroCom61 A Multiclass Dataset for Detection of Electronic Components\ElectroCom61\train\images\IMG_20240220_132948_jpg.rf.5e2b1b9ef7e5eb23eda609432db66795.jpg,train,IMG_20240220_132948,roboflow,ts_underscore,20240220,132948
ElectroCom61 A Multiclass Dataset for Detection of Electronic Components\ElectroCom61\train\images\IMG_20240220_133020_jpg.rf.afc23f555c14ce5052e106f883cb691a.jpg,train,IMG_20240220_133020,roboflow,ts_underscore,20240220,133020
ElectroCom61 A Multiclass Dataset for Detection of Electronic Components\ElectroCom61\train\images\IMG_20240220_133046_jpg.rf.afd12f49a2c6df14242f5c67d73e8908.jpg,train,IMG_20240220_133046,roboflow,ts_underscore,20240220,133046
ElectroCom61 A Multiclass Dataset for Detection of Electronic Components\ElectroCom61\train\images\IMG_20240220_133052_jpg.rf.1b7618fc235d8c67503f3127628dff05.jpg,train,IMG_20240220_133052,roboflow,ts_underscore,20240220,133052
ElectroCom61 A Multiclass Dataset for Detection of Electronic Components\ElectroCom61\train\images\IMG_20240220_133110_jpg.rf.8221ad13fc8007ab5be0be95752d5d5b.jpg,train,IMG_20240220_133110,roboflow,ts_underscore,20240220,133110
ElectroCom61 A Multiclass Dataset for Detection of Electronic Components\ElectroCom61\train\images\IMG_20240220_133117_jpg.rf.6a87507f66cbf06fcf1e40ba5075e910.jpg,train,IMG_20240220_133117,roboflow,ts_underscore,20240220,133117
ElectroCom61 A Multiclass Dataset for Detection of Electronic Components\ElectroCom61\train\images\IMG_20240220_133321_jpg.rf.5f6a41bbcd198e9dddc6998c9e7bb943.jpg,train,IMG_20240220_133321,roboflow,ts_underscore,20240220,133321
ElectroCom61 A Multiclass Dataset for Detection of Electronic Components\ElectroCom61\train\images\IMG_20240220_133330_jpg.rf.c37f585ed5354288b08c1374a68b87c0.jpg,train,IMG_20240220_133330,roboflow,ts_underscore,20240220,133330
ElectroCom61 A Multiclass Dataset for Detection of Electronic Components\ElectroCom61\train\images\IMG_20240220_133336_jpg.rf.e87c832f8b5f249a5ac6c4a7d6766458.jpg,train,IMG_20240220_133336,roboflow,ts_underscore,20240220,133336
ElectroCom61 A Multiclass Dataset for Detection of Electronic Components\ElectroCom61\train\images\IMG_20240220_133400_jpg.rf.a672166709055b49f664f6472b428699.jpg,train,IMG_20240220_133400,roboflow,ts_underscore,20240220,133400
ElectroCom61 A Multiclass Dataset for Detection of Electronic Components\ElectroCom61\train\images\IMG_20240220_133411_jpg.rf.92850a45c415c792497c2333c958a720.jpg,train,IMG_20240220_133411,roboflow,ts_underscore,20240220,133411
ElectroCom61 A Multiclass Dataset for Detection of Electronic Components\ElectroCom61\train\images\IMG_20240220_134008_jpg.rf.c108647f323034e437016f0b266b50d8.jpg,train,IMG_20240220_134008,roboflow,ts_underscore,20240220,134008
ElectroCom61 A Multiclass Dataset for Detection of Electronic Components\ElectroCom61\train\images\IMG_20240220_134025_jpg.rf.27422ca4efca59e5491f8bb5c8d7614c.jpg,train,IMG_20240220_134025,roboflow,ts_underscore,20240220,134025
ElectroCom61 A Multiclass Dataset for Detection of Electronic Components\ElectroCom61\train\images\IMG_20240220_134041_jpg.rf.d915167fd5b95a8924fac86090e04363.jpg,train,IMG_20240220_134041,roboflow,ts_underscore,20240220,134041
ElectroCom61 A Multiclass Dataset for Detection of Electronic Components\ElectroCom61\train\images\IMG_20240220_134050_jpg.rf.e7dc02820abe56949ea665293836fd43.jpg,train,IMG_20240220_134050,roboflow,ts_underscore,20240220,134050
ElectroCom61 A Multiclass Dataset for Detection of Electronic Components\ElectroCom61\train\images\IMG_20240220_134114_jpg.rf.61bb0772a0937d028310acfc878a5635.jpg,train,IMG_20240220_134114,roboflow,ts_underscore,20240220,134114
ElectroCom61 A Multiclass Dataset for Detection of Electronic Components\ElectroCom61\train\images\IMG_20240220_134146_jpg.rf.81b96f57de1324ff46572912b462a8e2.jpg,train,IMG_20240220_134146,roboflow,ts_underscore,20240220,134146
ElectroCom61 A Multiclass Dataset for Detection of Electronic Components\ElectroCom61\train\images\IMG_20240220_134155_jpg.rf.18cdbd2d07a7411350276c35f1e91121.jpg,train,IMG_20240220_134155,roboflow,ts_underscore,20240220,134155
ElectroCom61 A Multiclass Dataset for Detection of Electronic Components\ElectroCom61\train\images\IMG_20240220_134320_jpg.rf.19c33dcd5edae692c74917e9d0f93092.jpg,train,IMG_20240220_134320,roboflow,ts_underscore,20240220,134320
ElectroCom61 A Multiclass Dataset for Detection of Electronic Components\ElectroCom61\train\images\IMG_20240220_134324_jpg.rf.a92fb88120fd45db8c1155b30891bc26.jpg,train,IMG_20240220_134324,roboflow,ts_underscore,20240220,134324
ElectroCom61 A Multiclass Dataset for Detection of Electronic Components\ElectroCom61\train\images\IMG_20240220_134334_jpg.rf.9c73e203e8901d0660ef32a732cc9df4.jpg,train,IMG_20240220_134334,roboflow,ts_underscore,20240220,134334
ElectroCom61 A Multiclass Dataset for Detection of Electronic Components\ElectroCom61\train\images\IMG_20240220_134339_jpg.rf.547cbf66e535ff7fb3f1d026e73c1f28.jpg,train,IMG_20240220_134339,roboflow,ts_underscore,20240220,134339
ElectroCom61 A Multiclass Dataset for Detection of Electronic Components\ElectroCom61\train\images\IMG_20240220_134404_jpg.rf.ff4a7eec78dd486bd30209fce0110911.jpg,train,IMG_20240220_134404,roboflow,ts_underscore,20240220,134404
ElectroCom61 A Multiclass Dataset for Detection of Electronic Components\ElectroCom61\train\images\IMG_20240220_134409_jpg.rf.c5c9ff8f380c6db76cb5ccc36bbe5994.jpg,train,IMG_20240220_134409,roboflow,ts_underscore,20240220,134409
ElectroCom61 A Multiclass Dataset for Detection of Electronic Components\ElectroCom61\train\images\IMG_20240220_134428_jpg.rf.131336ff58f18455e55a0591259718c6.jpg,train,IMG_20240220_134428,roboflow,ts_underscore,20240220,134428
ElectroCom61 A Multiclass Dataset for Detection of Electronic Components\ElectroCom61\train\images\IMG_20240220_134436_jpg.rf.fba1f63ee4f195e6350c3e866af9ae35.jpg,train,IMG_20240220_134436,roboflow,ts_underscore,20240220,134436
ElectroCom61 A Multiclass Dataset for Detection of Electronic Components\ElectroCom61\train\images\IMG_20240220_134453_jpg.rf.9edccb472efa19a336c502475bbb2c87.jpg,train,IMG_20240220_134453,roboflow,ts_underscore,20240220,134453
ElectroCom61 A Multiclass Dataset for Detection of Electronic Components\ElectroCom61\train\images\IMG_20240220_134510_jpg.rf.a7c44186dad54d4731955eef48d93b4e.jpg,train,IMG_20240220_134510,roboflow,ts_underscore,20240220,134510
ElectroCom61 A Multiclass Dataset for Detection of Electronic Components\ElectroCom61\train\images\IMG_20240220_134533_jpg.rf.258d317b53b2fab9340c76bacdb32112.jpg,train,IMG_20240220_134533,roboflow,ts_underscore,20240220,134533
ElectroCom61 A Multiclass Dataset for Detection of Electronic Components\ElectroCom61\train\images\IMG_20240220_134541_jpg.rf.f3c93cee721b97d63455154a9ae04982.jpg,train,IMG_20240220_134541,roboflow,ts_underscore,20240220,134541
ElectroCom61 A Multiclass Dataset for Detection of Electronic Components\ElectroCom61\train\images\IMG_20240220_134610_jpg.rf.eb1e3adf47c3796ec7a268586504b5b3.jpg,train,IMG_20240220_134610,roboflow,ts_underscore,20240220,134610
ElectroCom61 A Multiclass Dataset for Detection of Electronic Components\ElectroCom61\train\images\IMG_20240220_134615_jpg.rf.6ddae58f89a2f09addad736ac2333bed.jpg,train,IMG_20240220_134615,roboflow,ts_underscore,20240220,134615
ElectroCom61 A Multiclass Dataset for Detection of Electronic Components\ElectroCom61\train\images\IMG_20240220_134623_jpg.rf.385dce07ffec0d5c7baa90508cc1b7a2.jpg,train,IMG_20240220_134623,roboflow,ts_underscore,20240220,134623
ElectroCom61 A Multiclass Dataset for Detection of Electronic Components\ElectroCom61\train\images\IMG_20240220_134653_jpg.rf.626ff379887f57638425b37c3ae2c5c7.jpg,train,IMG_20240220_134653,roboflow,ts_underscore,20240220,134653
ElectroCom61 A Multiclass Dataset for Detection of Electronic Components\ElectroCom61\train\images\IMG_20240220_134719_jpg.rf.6a4ecaf0bdc8423d433d11abcc5403c6.jpg,train,IMG_20240220_134719,roboflow,ts_underscore,20240220,134719
ElectroCom61 A Multiclass Dataset for Detection of Electronic Components\ElectroCom61\train\images\IMG_20240220_134732_jpg.rf.6a7b966b94689abeac0c9a65d2345d42.jpg,train,IMG_20240220_134732,roboflow,ts_underscore,20240220,134732
ElectroCom61 A Multiclass Dataset for Detection of Electronic Components\ElectroCom61\train\images\IMG_20240220_134757_jpg.rf.62c5cfb3a9e7b1ba598c93b274d20da2.jpg,train,IMG_20240220_134757,roboflow,ts_underscore,20240220,134757
ElectroCom61 A Multiclass Dataset for Detection of Electronic Components\ElectroCom61\train\images\IMG_20240220_134807_jpg.rf.163f3c1fd2365a9b8a96f1e2472dcefc.jpg,train,IMG_20240220_134807,roboflow,ts_underscore,20240220,134807
ElectroCom61 A Multiclass Dataset for Detection of Electronic Components\ElectroCom61\train\images\IMG_20240220_134820_jpg.rf.50781de3a5a6c7883d42bb9486b2b8dc.jpg,train,IMG_20240220_134820,roboflow,ts_underscore,20240220,134820
ElectroCom61 A Multiclass Dataset for Detection of Electronic Components\ElectroCom61\train\images\IMG_20240220_134842_jpg.rf.332311164c00c6c4d6a146b33c9603a5.jpg,train,IMG_20240220_134842,roboflow,ts_underscore,20240220,134842
ElectroCom61 A Multiclass Dataset for Detection of Electronic Components\ElectroCom61\train\images\IMG_20240220_134846_jpg.rf.3473a563546badbb6bd992008a5bc90b.jpg,train,IMG_20240220_134846,roboflow,ts_underscore,20240220,134846
ElectroCom61 A Multiclass Dataset for Detection of Electronic Components\ElectroCom61\train\images\IMG_20240220_134850_jpg.rf.052b75c3bf521b0a5cf10d70c913f5b5.jpg,train,IMG_20240220_134850,roboflow,ts_underscore,20240220,134850
ElectroCom61 A Multiclass Dataset for Detection of Electronic Components\ElectroCom61\train\images\IMG_20240220_134857_jpg.rf.a0493f87e02a2a8c1e555579292fbdea.jpg,train,IMG_20240220_134857,roboflow,ts_underscore,20240220,134857
ElectroCom61 A Multiclass Dataset for Detection of Electronic Components\ElectroCom61\train\images\IMG_20240220_134936_jpg.rf.6cab7d0e49ffb9f0ed094299e3721d51.jpg,train,IMG_20240220_134936,roboflow,ts_underscore,20240220,134936
ElectroCom61 A Multiclass Dataset for Detection of Electronic Components\ElectroCom61\train\images\IMG_20240220_134947_jpg.rf.09b9fc5b5cb93adf77e55fc6182b447c.jpg,train,IMG_20240220_134947,roboflow,ts_underscore,20240220,134947
ElectroCom61 A Multiclass Dataset for Detection of Electronic Components\ElectroCom61\train\images\IMG_20240220_135005_jpg.rf.1f0248a9e648c63de59bcee9c6ecbb52.jpg,train,IMG_20240220_135005,roboflow,ts_underscore,20240220,135005
ElectroCom61 A Multiclass Dataset for Detection of Electronic Components\ElectroCom61\train\images\IMG_20240220_135037_jpg.rf.663cfc5f818f52a18bbf9347c3eff9f2.jpg,train,IMG_20240220_135037,roboflow,ts_underscore,20240220,135037
ElectroCom61 A Multiclass Dataset for Detection of Electronic Components\ElectroCom61\train\images\IMG_20240220_135042_jpg.rf.8ad8f2e96d31c595d2bd7b71abef60ec.jpg,train,IMG_20240220_135042,roboflow,ts_underscore,20240220,135042
ElectroCom61 A Multiclass Dataset for Detection of Electronic Components\ElectroCom61\train\images\IMG_20240220_135221_jpg.rf.95d71ef9647a1ab2c2c5648c3c7bf6dd.jpg,train,IMG_20240220_135221,roboflow,ts_underscore,20240220,135221
ElectroCom61 A Multiclass Dataset for Detection of Electronic Components\ElectroCom61\train\images\IMG_20240220_135229_jpg.rf.853d0075e86ca357088bcd028d8a68bf.jpg,train,IMG_20240220_135229,roboflow,ts_underscore,20240220,135229
ElectroCom61 A Multiclass Dataset for Detection of Electronic Components\ElectroCom61\train\images\IMG_20240220_135235_jpg.rf.d0200a797c8b94dd8cbb377cf82006e5.jpg,train,IMG_20240220_135235,roboflow,ts_underscore,20240220,135235
ElectroCom61 A Multiclass Dataset for Detection of Electronic Components\ElectroCom61\train\images\IMG_20240220_135301_jpg.rf.0a6c773e8ba5f6a111564c61dc2248ef.jpg,train,IMG_20240220_135301,roboflow,ts_underscore,20240220,135301
ElectroCom61 A Multiclass Dataset for Detection of Electronic Components\ElectroCom61\train\images\IMG_20240220_135332_jpg.rf.ccd85b7f3fdcd314c17cd39f5df94148.jpg,train,IMG_20240220_135332,roboflow,ts_underscore,20240220,135332
ElectroCom61 A Multiclass Dataset for Detection of Electronic Components\ElectroCom61\train\images\IMG_20240220_135401_jpg.rf.b05487e74b5cf0aa783995f8d0a9173f.jpg,train,IMG_20240220_135401,roboflow,ts_underscore,20240220,135401
ElectroCom61 A Multiclass Dataset for Detection of Electronic Components\ElectroCom61\train\images\IMG_20240220_135417_jpg.rf.ad596bb85b22b67ee46ddc35d1a5b19f.jpg,train,IMG_20240220_135417,roboflow,ts_underscore,20240220,135417
ElectroCom61 A Multiclass Dataset for Detection of Electronic Components\ElectroCom61\train\images\IMG_20240220_135431_jpg.rf.c89afb1a9f75098f889eac31df3641f2.jpg,train,IMG_20240220_135431,roboflow,ts_underscore,20240220,135431
ElectroCom61 A Multiclass Dataset for Detection of Electronic Components\ElectroCom61\train\images\IMG_20240220_135437_jpg.rf.f739d3f25ee459056642c4116051794b.jpg,train,IMG_20240220_135437,roboflow,ts_underscore,20240220,135437
ElectroCom61 A Multiclass Dataset for Detection of Electronic Components\ElectroCom61\train\images\IMG_20240220_135448_jpg.rf.3162f22eda0e831dab0ef234b0d3bcd4.jpg,train,IMG_20240220_135448,roboflow,ts_underscore,20240220,135448
ElectroCom61 A Multiclass Dataset for Detection of Electronic Components\ElectroCom61\train\images\IMG_20240220_135451_jpg.rf.220e788a9d7204a2ffbf24afc2ad84e3.jpg,train,IMG_20240220_135451,roboflow,ts_underscore,20240220,135451
ElectroCom61 A Multiclass Dataset for Detection of Electronic Components\ElectroCom61\train\images\IMG_20240220_135458_jpg.rf.0d4a7412bf1c83eb2f1e99f4027c82a6.jpg,train,IMG_20240220_135458,roboflow,ts_underscore,20240220,135458
ElectroCom61 A Multiclass Dataset for Detection of Electronic Components\ElectroCom61\train\images\IMG_20240220_135503_jpg.rf.d82847f9e9b103c87e9fb6d5e8c0c96d.jpg,train,IMG_20240220_135503,roboflow,ts_underscore,20240220,135503
ElectroCom61 A Multiclass Dataset for Detection of Electronic Components\ElectroCom61\train\images\IMG_20240220_135507_jpg.rf.fb98d4ccf6ed85be4a4edc8e0fcb6f40.jpg,train,IMG_20240220_135507,roboflow,ts_underscore,20240220,135507
ElectroCom61 A Multiclass Dataset for Detection of Electronic Components\ElectroCom61\train\images\IMG_20240220_135512_jpg.rf.790020fa628b13b38511b173c5be34ac.jpg,train,IMG_20240220_135512,roboflow,ts_underscore,20240220,135512
ElectroCom61 A Multiclass Dataset for Detection of Electronic Components\ElectroCom61\train\images\IMG_20240220_135522_jpg.rf.dedae16e4e951e95fe4c4bd693b3b165.jpg,train,IMG_20240220_135522,roboflow,ts_underscore,20240220,135522
ElectroCom61 A Multiclass Dataset for Detection of Electronic Components\ElectroCom61\train\images\IMG_20240220_135537_jpg.rf.16fffb4b7bd9044a05e6919468a7fd74.jpg,train,IMG_20240220_135537,roboflow,ts_underscore,20240220,135537
ElectroCom61 A Multiclass Dataset for Detection of Electronic Components\ElectroCom61\train\images\IMG_20240220_135540_jpg.rf.ce31fe2f91b8c91f4ac66230c7c0d964.jpg,train,IMG_20240220_135540,roboflow,ts_underscore,20240220,135540
ElectroCom61 A Multiclass Dataset for Detection of Electronic Components\ElectroCom61\train\images\IMG_20240220_135545_jpg.rf.55d4cb8ec1ac5ec77af0cf1d678adf6d.jpg,train,IMG_20240220_135545,roboflow,ts_underscore,20240220,135545
ElectroCom61 A Multiclass Dataset for Detection of Electronic Components\ElectroCom61\train\images\IMG_20240220_135557_jpg.rf.f20009378ad0ee5eee0a2778c943bf66.jpg,train,IMG_20240220_135557,roboflow,ts_underscore,20240220,135557
ElectroCom61 A Multiclass Dataset for Detection of Electronic Components\ElectroCom61\train\images\IMG_20240220_135608_jpg.rf.f0aff946f48afe47daf3fe6d9cf374bc.jpg,train,IMG_20240220_135608,roboflow,ts_underscore,20240220,135608
ElectroCom61 A Multiclass Dataset for Detection of Electronic Components\ElectroCom61\train\images\IMG_20240220_135718_jpg.rf.d5ffc78ba1af26037686f09f94bf4c66.jpg,train,IMG_20240220_135718,roboflow,ts_underscore,20240220,135718
ElectroCom61 A Multiclass Dataset for Detection of Electronic Components\ElectroCom61\train\images\IMG_20240220_135735_jpg.rf.5f7b09dab05edc782044335206512a0c.jpg,train,IMG_20240220_135735,roboflow,ts_underscore,20240220,135735
ElectroCom61 A Multiclass Dataset for Detection of Electronic Components\ElectroCom61\train\images\IMG_20240220_135738_jpg.rf.f1329a3d9c532c2b3eab8c3c9a80350e.jpg,train,IMG_20240220_135738,roboflow,ts_underscore,20240220,135738
ElectroCom61 A Multiclass Dataset for Detection of Electronic Components\ElectroCom61\train\images\IMG_20240220_135752_jpg.rf.e20262ac1436b13001e42bb2220cb92c.jpg,train,IMG_20240220_135752,roboflow,ts_underscore,20240220,135752
ElectroCom61 A Multiclass Dataset for Detection of Electronic Components\ElectroCom61\train\images\IMG_20240220_135755_jpg.rf.21ce5a6ae7b138d80ddadcb27433f5c3.jpg,train,IMG_20240220_135755,roboflow,ts_underscore,20240220,135755
ElectroCom61 A Multiclass Dataset for Detection of Electronic Components\ElectroCom61\train\images\IMG_20240220_135806_jpg.rf.8ec74f674d8bebf85422c210ce09f659.jpg,train,IMG_20240220_135806,roboflow,ts_underscore,20240220,135806
ElectroCom61 A Multiclass Dataset for Detection of Electronic Components\ElectroCom61\train\images\IMG_20240220_135817_jpg.rf.ab80d235552f0b855e0bcbdfa7f33c02.jpg,train,IMG_20240220_135817,roboflow,ts_underscore,20240220,135817
ElectroCom61 A Multiclass Dataset for Detection of Electronic Components\ElectroCom61\train\images\IMG_20240220_135821_jpg.rf.999df10340493ed72c6c18014f444479.jpg,train,IMG_20240220_135821,roboflow,ts_underscore,20240220,135821
ElectroCom61 A Multiclass Dataset for Detection of Electronic Components\ElectroCom61\train\images\IMG_20240220_135834_jpg.rf.84994f86273cd9ec039e36988a0aa78a.jpg,train,IMG_20240220_135834,roboflow,ts_underscore,20240220,135834
ElectroCom61 A Multiclass Dataset for Detection of Electronic Components\ElectroCom61\train\images\IMG_20240220_135838_jpg.rf.f87be6c6bd17f06dd07448e2f00e225a.jpg,train,IMG_20240220_135838,roboflow,ts_underscore,20240220,135838
ElectroCom61 A Multiclass Dataset for Detection of Electronic Components\ElectroCom61\train\images\IMG_20240228_122819_jpg.rf.d768e4abf938edb6cf731fca82edfe6f.jpg,train,IMG_20240228_122819,roboflow,ts_underscore,20240228,122819
ElectroCom61 A Multiclass Dataset for Detection of Electronic Components\ElectroCom61\train\images\IMG_20240228_122853_jpg.rf.c2ed0aa56c6368ba1bdb990a41a22de9.jpg,train,IMG_20240228_122853,roboflow,ts_underscore,20240228,122853
ElectroCom61 A Multiclass Dataset for Detection of Electronic Components\ElectroCom61\train\images\IMG_20240228_122950_jpg.rf.68976628f4ad20108b528fea90dc00bb.jpg,train,IMG_20240228_122950,roboflow,ts_underscore,20240228,122950
ElectroCom61 A Multiclass Dataset for Detection of Electronic Components\ElectroCom61\train\images\IMG_20240228_122954_jpg.rf.64752239e2efda99022f3746d3de7f19.jpg,train,IMG_20240228_122954,roboflow,ts_underscore,20240228,122954
ElectroCom61 A Multiclass Dataset for Detection of Electronic Components\ElectroCom61\train\images\IMG_20240228_123007_jpg.rf.fc39e6bebbd6f06e243d2d4e085ca156.jpg,train,IMG_20240228_123007,roboflow,ts_underscore,20240228,123007
ElectroCom61 A Multiclass Dataset for Detection of Electronic Components\ElectroCom61\train\images\IMG_20240228_123015_jpg.rf.600d373b7a8c83136dd1ac07ac0e6168.jpg,train,IMG_20240228_123015,roboflow,ts_underscore,20240228,123015
ElectroCom61 A Multiclass Dataset for Detection of Electronic Components\ElectroCom61\train\images\IMG_20240228_123023_jpg.rf.7ce06bdd816432bd8d59fc7ed0e2005a.jpg,train,IMG_20240228_123023,roboflow,ts_underscore,20240228,123023
ElectroCom61 A Multiclass Dataset for Detection of Electronic Components\ElectroCom61\train\images\IMG_20240228_123219_jpg.rf.75c669e8136cce9de98e1e1280f565af.jpg,train,IMG_20240228_123219,roboflow,ts_underscore,20240228,123219
ElectroCom61 A Multiclass Dataset for Detection of Electronic Components\ElectroCom61\train\images\IMG_20240228_123225_jpg.rf.bc210e1c0349b00c312b7febbbbed0be.jpg,train,IMG_20240228_123225,roboflow,ts_underscore,20240228,123225
ElectroCom61 A Multiclass Dataset for Detection of Electronic Components\ElectroCom61\train\images\IMG_20240228_123232_jpg.rf.2b15415d837ad8759050c5f6efe9c9fe.jpg,train,IMG_20240228_123232,roboflow,ts_underscore,20240228,123232
ElectroCom61 A Multiclass Dataset for Detection of Electronic Components\ElectroCom61\train\images\IMG_20240228_123301_jpg.rf.fdccc9ce7042aa64d9b2e33019845ff6.jpg,train,IMG_20240228_123301,roboflow,ts_underscore,20240228,123301
ElectroCom61 A Multiclass Dataset for Detection of Electronic Components\ElectroCom61\train\images\IMG_20240228_123305_jpg.rf.8cfc648232cadba2f92854ce3f8462a2.jpg,train,IMG_20240228_123305,roboflow,ts_underscore,20240228,123305
ElectroCom61 A Multiclass Dataset for Detection of Electronic Components\ElectroCom61\train\images\IMG_20240228_123315_jpg.rf.a7bd3c188d67a05f261696d10d7b1a35.jpg,train,IMG_20240228_123315,roboflow,ts_underscore,20240228,123315
ElectroCom61 A Multiclass Dataset for Detection of Electronic Components\ElectroCom61\train\images\IMG_20240228_123320_jpg.rf.3f15388977bb2d2c4e1b07b6ace95b88.jpg,train,IMG_20240228_123320,roboflow,ts_underscore,20240228,123320
ElectroCom61 A Multiclass Dataset for Detection of Electronic Components\ElectroCom61\train\images\IMG_20240228_123331_jpg.rf.4565e919936f4fce3ec822c5d63bf812.jpg,train,IMG_20240228_123331,roboflow,ts_underscore,20240228,123331
ElectroCom61 A Multiclass Dataset for Detection of Electronic Components\ElectroCom61\train\images\IMG_20240228_123336_jpg.rf.f8d9d2f1a128155a797bfa28ee3b6d91.jpg,train,IMG_20240228_123336,roboflow,ts_underscore,20240228,123336
ElectroCom61 A Multiclass Dataset for Detection of Electronic Components\ElectroCom61\train\images\IMG_20240228_123348_jpg.rf.aa03f0df306b16a59c87d81d73d1199d.jpg,train,IMG_20240228_123348,roboflow,ts_underscore,20240228,123348
ElectroCom61 A Multiclass Dataset for Detection of Electronic Components\ElectroCom61\train\images\IMG_20240228_123449_jpg.rf.3953a327ae2f5d29b092ec661052aa55.jpg,train,IMG_20240228_123449,roboflow,ts_underscore,20240228,123449
ElectroCom61 A Multiclass Dataset for Detection of Electronic Components\ElectroCom61\train\images\IMG_20240228_123455_jpg.rf.dca09a16080722d05d9bd54a8f77eff2.jpg,train,IMG_20240228_123455,roboflow,ts_underscore,20240228,123455
ElectroCom61 A Multiclass Dataset for Detection of Electronic Components\ElectroCom61\train\images\IMG_20240228_123505_jpg.rf.6be7ae4913db83d607e233e18657bea4.jpg,train,IMG_20240228_123505,roboflow,ts_underscore,20240228,123505
ElectroCom61 A Multiclass Dataset for Detection of Electronic Components\ElectroCom61\train\images\IMG_20240228_123521_jpg.rf.064e669b294b8f1bb554117ba81980bd.jpg,train,IMG_20240228_123521,roboflow,ts_underscore,20240228,123521
ElectroCom61 A Multiclass Dataset for Detection of Electronic Components\ElectroCom61\train\images\IMG_20240228_123529_jpg.rf.4e8262a58554dda24f2445fdd9dc1882.jpg,train,IMG_20240228_123529,roboflow,ts_underscore,20240228,123529
ElectroCom61 A Multiclass Dataset for Detection of Electronic Components\ElectroCom61\train\images\IMG_20240228_123603_jpg.rf.42438aa0be092d72a53cf987b7fd127b.jpg,train,IMG_20240228_123603,roboflow,ts_underscore,20240228,123603
ElectroCom61 A Multiclass Dataset for Detection of Electronic Components\ElectroCom61\train\images\IMG_20240228_123622_jpg.rf.bab33af4a5ccedae595097230b420a35.jpg,train,IMG_20240228_123622,roboflow,ts_underscore,20240228,123622
ElectroCom61 A Multiclass Dataset for Detection of Electronic Components\ElectroCom61\train\images\IMG_20240228_123627_jpg.rf.853bd346097c5e995deb9ef726070350.jpg,train,IMG_20240228_123627,roboflow,ts_underscore,20240228,123627
ElectroCom61 A Multiclass Dataset for Detection of Electronic Components\ElectroCom61\train\images\IMG_20240228_123720_jpg.rf.afe13b82918359907877a93480128dd7.jpg,train,IMG_20240228_123720,roboflow,ts_underscore,20240228,123720
ElectroCom61 A Multiclass Dataset for Detection of Electronic Components\ElectroCom61\train\images\IMG_20240228_123733_jpg.rf.d854b841fda77182f9973428adffb0e3.jpg,train,IMG_20240228_123733,roboflow,ts_underscore,20240228,123733
ElectroCom61 A Multiclass Dataset for Detection of Electronic Components\ElectroCom61\train\images\IMG_20240228_123744_jpg.rf.95b87edbc2a4dde4ffed6084da8ec67a.jpg,train,IMG_20240228_123744,roboflow,ts_underscore,20240228,123744
ElectroCom61 A Multiclass Dataset for Detection of Electronic Components\ElectroCom61\train\images\IMG_20240228_123818_jpg.rf.058b6c7af71aa10beb45b0b5a8b05be4.jpg,train,IMG_20240228_123818,roboflow,ts_underscore,20240228,123818
ElectroCom61 A Multiclass Dataset for Detection of Electronic Components\ElectroCom61\train\images\IMG_20240228_123822_jpg.rf.be5d96ba00bd8b8bcd3bbe0c396d7f07.jpg,train,IMG_20240228_123822,roboflow,ts_underscore,20240228,123822
ElectroCom61 A Multiclass Dataset for Detection of Electronic Components\ElectroCom61\train\images\IMG_20240228_123831_jpg.rf.b40a21c2108ec9f56b2561d54c243440.jpg,train,IMG_20240228_123831,roboflow,ts_underscore,20240228,123831
ElectroCom61 A Multiclass Dataset for Detection of Electronic Components\ElectroCom61\train\images\IMG_20240228_123838_jpg.rf.05ed9785a2ac656008d358543f52b5b3.jpg,train,IMG_20240228_123838,roboflow,ts_underscore,20240228,123838
ElectroCom61 A Multiclass Dataset for Detection of Electronic Components\ElectroCom61\train\images\IMG_20240228_123845_jpg.rf.e605914823405511a036a7d92cc18588.jpg,train,IMG_20240228_123845,roboflow,ts_underscore,20240228,123845
ElectroCom61 A Multiclass Dataset for Detection of Electronic Components\ElectroCom61\train\images\IMG_20240228_123901_jpg.rf.df073db4d0d23715f53f8631fcebfef3.jpg,train,IMG_20240228_123901,roboflow,ts_underscore,20240228,123901
ElectroCom61 A Multiclass Dataset for Detection of Electronic Components\ElectroCom61\train\images\IMG_20240228_123921_jpg.rf.2efce91f3ec591309db030018557fd7f.jpg,train,IMG_20240228_123921,roboflow,ts_underscore,20240228,123921
ElectroCom61 A Multiclass Dataset for Detection of Electronic Components\ElectroCom61\train\images\IMG_20240228_123928_jpg.rf.f4250db2710e654a744bf6037208ff1e.jpg,train,IMG_20240228_123928,roboflow,ts_underscore,20240228,123928
ElectroCom61 A Multiclass Dataset for Detection of Electronic Components\ElectroCom61\train\images\IMG_20240228_124134_jpg.rf.2fff5a543dc496de142c3b18ed25977b.jpg,train,IMG_20240228_124134,roboflow,ts_underscore,20240228,124134
ElectroCom61 A Multiclass Dataset for Detection of Electronic Components\ElectroCom61\train\images\IMG_20240228_124237_jpg.rf.ad773299258e777f2949a43ec7854a9e.jpg,train,IMG_20240228_124237,roboflow,ts_underscore,20240228,124237
ElectroCom61 A Multiclass Dataset for Detection of Electronic Components\ElectroCom61\train\images\IMG_20240228_124254_jpg.rf.cbbead01815b95ad19b457b5b1bb9137.jpg,train,IMG_20240228_124254,roboflow,ts_underscore,20240228,124254
ElectroCom61 A Multiclass Dataset for Detection of Electronic Components\ElectroCom61\train\images\IMG_20240228_124302_jpg.rf.e932793215088a78de19bca93de86ed5.jpg,train,IMG_20240228_124302,roboflow,ts_underscore,20240228,124302
ElectroCom61 A Multiclass Dataset for Detection of Electronic Components\ElectroCom61\train\images\IMG_20240228_124341_jpg.rf.e8139b7abb8ba34f402c24783e6de759.jpg,train,IMG_20240228_124341,roboflow,ts_underscore,20240228,124341
ElectroCom61 A Multiclass Dataset for Detection of Electronic Components\ElectroCom61\train\images\IMG_20240228_124357_jpg.rf.2217b6184575a34d8065363e738489b8.jpg,train,IMG_20240228_124357,roboflow,ts_underscore,20240228,124357
ElectroCom61 A Multiclass Dataset for Detection of Electronic Components\ElectroCom61\train\images\IMG_20240228_124406_jpg.rf.3d2dca2185fb0c03e3b0e66bf9d1fab5.jpg,train,IMG_20240228_124406,roboflow,ts_underscore,20240228,124406
ElectroCom61 A Multiclass Dataset for Detection of Electronic Components\ElectroCom61\train\images\IMG_20240228_124415_jpg.rf.e3b857fd529c5a47d389262088b0cf01.jpg,train,IMG_20240228_124415,roboflow,ts_underscore,20240228,124415
ElectroCom61 A Multiclass Dataset for Detection of Electronic Components\ElectroCom61\train\images\IMG_20240228_124449_jpg.rf.6e4e3a3a99498b3389eb84618c42755e.jpg,train,IMG_20240228_124449,roboflow,ts_underscore,20240228,124449
ElectroCom61 A Multiclass Dataset for Detection of Electronic Components\ElectroCom61\train\images\IMG_20240228_124512_jpg.rf.2838237d22f2f01672316af5935fd515.jpg,train,IMG_20240228_124512,roboflow,ts_underscore,20240228,124512
ElectroCom61 A Multiclass Dataset for Detection of Electronic Components\ElectroCom61\train\images\IMG_20240228_124520_jpg.rf.6d6c05e972862a6ca248019785709d81.jpg,train,IMG_20240228_124520,roboflow,ts_underscore,20240228,124520
ElectroCom61 A Multiclass Dataset for Detection of Electronic Components\ElectroCom61\train\images\IMG_20240228_124540_jpg.rf.7348721129be2c76b1093a3a5f80a66b.jpg,train,IMG_20240228_124540,roboflow,ts_underscore,20240228,124540
ElectroCom61 A Multiclass Dataset for Detection of Electronic Components\ElectroCom61\train\images\IMG_20240228_124553_jpg.rf.e9d4524a994747bc3bc2424293906438.jpg,train,IMG_20240228_124553,roboflow,ts_underscore,20240228,124553
ElectroCom61 A Multiclass Dataset for Detection of Electronic Components\ElectroCom61\train\images\IMG_20240228_124709_jpg.rf.443caa6a4ee19615f23a5ff784b09f38.jpg,train,IMG_20240228_124709,roboflow,ts_underscore,20240228,124709
ElectroCom61 A Multiclass Dataset for Detection of Electronic Components\ElectroCom61\train\images\IMG_20240228_124721_jpg.rf.3ef9e207a58cab1cc3bb9b8809ad0cab.jpg,train,IMG_20240228_124721,roboflow,ts_underscore,20240228,124721
ElectroCom61 A Multiclass Dataset for Detection of Electronic Components\ElectroCom61\train\images\IMG_20240228_124750_jpg.rf.61e0b6bf6f7e57f8997e63eb2134b89c.jpg,train,IMG_20240228_124750,roboflow,ts_underscore,20240228,124750
ElectroCom61 A Multiclass Dataset for Detection of Electronic Components\ElectroCom61\train\images\IMG_20240228_124754_jpg.rf.e4888b7eea551dacdd56c028bcf68077.jpg,train,IMG_20240228_124754,roboflow,ts_underscore,20240228,124754
ElectroCom61 A Multiclass Dataset for Detection of Electronic Components\ElectroCom61\train\images\IMG_20240228_124806_jpg.rf.cf294db9323857acacdec9755ad2ea03.jpg,train,IMG_20240228_124806,roboflow,ts_underscore,20240228,124806
ElectroCom61 A Multiclass Dataset for Detection of Electronic Components\ElectroCom61\train\images\IMG_20240228_124846_jpg.rf.9a296b908c6b9f7d865f0bf42e751c7a.jpg,train,IMG_20240228_124846,roboflow,ts_underscore,20240228,124846
ElectroCom61 A Multiclass Dataset for Detection of Electronic Components\ElectroCom61\train\images\IMG_20240228_124856_jpg.rf.c4dceb0d04b46b2ecc5c407a168a2269.jpg,train,IMG_20240228_124856,roboflow,ts_underscore,20240228,124856
ElectroCom61 A Multiclass Dataset for Detection of Electronic Components\ElectroCom61\train\images\IMG_20240228_124904_jpg.rf.426b510f6966d11c7242b1cc7be049f1.jpg,train,IMG_20240228_124904,roboflow,ts_underscore,20240228,124904
ElectroCom61 A Multiclass Dataset for Detection of Electronic Components\ElectroCom61\train\images\IMG_20240228_124911_jpg.rf.2d6ad2d693c1a6d8f0960b1ef33938d6.jpg,train,IMG_20240228_124911,roboflow,ts_underscore,20240228,124911
ElectroCom61 A Multiclass Dataset for Detection of Electronic Components\ElectroCom61\train\images\IMG_20240228_124921_jpg.rf.e5f6d147d21b9a118ec4160304a8a14f.jpg,train,IMG_20240228_124921,roboflow,ts_underscore,20240228,124921
ElectroCom61 A Multiclass Dataset for Detection of Electronic Components\ElectroCom61\train\images\IMG_20240228_124930_jpg.rf.cc291b93c6a647f09a39b32cd3321f13.jpg,train,IMG_20240228_124930,roboflow,ts_underscore,20240228,124930
ElectroCom61 A Multiclass Dataset for Detection of Electronic Components\ElectroCom61\train\images\IMG_20240228_124938_jpg.rf.ee90e92318bc5a16a5cdef442ce88a72.jpg,train,IMG_20240228_124938,roboflow,ts_underscore,20240228,124938
ElectroCom61 A Multiclass Dataset for Detection of Electronic Components\ElectroCom61\train\images\IMG_20240228_124946_jpg.rf.fd19cb0e0db4b773f03abc088c49735f.jpg,train,IMG_20240228_124946,roboflow,ts_underscore,20240228,124946
ElectroCom61 A Multiclass Dataset for Detection of Electronic Components\ElectroCom61\train\images\IMG_20240228_125010_jpg.rf.bdb270c19f10eae7df7cb2a009b848d1.jpg,train,IMG_20240228_125010,roboflow,ts_underscore,20240228,125010
ElectroCom61 A Multiclass Dataset for Detection of Electronic Components\ElectroCom61\train\images\IMG_20240228_125619_jpg.rf.314d010d455215258ee2a1d09341a339.jpg,train,IMG_20240228_125619,roboflow,ts_underscore,20240228,125619
ElectroCom61 A Multiclass Dataset for Detection of Electronic Components\ElectroCom61\train\images\IMG_20240228_125628_jpg.rf.c86f7ff6f1e98a1f505164b1f66ede44.jpg,train,IMG_20240228_125628,roboflow,ts_underscore,20240228,125628
ElectroCom61 A Multiclass Dataset for Detection of Electronic Components\ElectroCom61\train\images\IMG_20240228_125632_jpg.rf.83b5336d18655af2f7f8406d292da87d.jpg,train,IMG_20240228_125632,roboflow,ts_underscore,20240228,125632
ElectroCom61 A Multiclass Dataset for Detection of Electronic Components\ElectroCom61\train\images\IMG_20240228_125646_jpg.rf.6d2aa9482f93fcf2c92e3dc26544c012.jpg,train,IMG_20240228_125646,roboflow,ts_underscore,20240228,125646
ElectroCom61 A Multiclass Dataset for Detection of Electronic Components\ElectroCom61\train\images\IMG_20240228_125656_jpg.rf.1da8e30e8290c786cb9a021f80f5d12e.jpg,train,IMG_20240228_125656,roboflow,ts_underscore,20240228,125656
ElectroCom61 A Multiclass Dataset for Detection of Electronic Components\ElectroCom61\train\images\IMG_20240228_125748_jpg.rf.a023e47344d60a93abfaede60a98cd4f.jpg,train,IMG_20240228_125748,roboflow,ts_underscore,20240228,125748
ElectroCom61 A Multiclass Dataset for Detection of Electronic Components\ElectroCom61\train\images\IMG_20240228_125752_jpg.rf.1bba82fbf616e17572e47f95e3cf39d2.jpg,train,IMG_20240228_125752,roboflow,ts_underscore,20240228,125752
ElectroCom61 A Multiclass Dataset for Detection of Electronic Components\ElectroCom61\train\images\IMG_20240228_125837_jpg.rf.87f0333ddb838e7e453049eb7c93bae1.jpg,train,IMG_20240228_125837,roboflow,ts_underscore,20240228,125837
ElectroCom61 A Multiclass Dataset for Detection of Electronic Components\ElectroCom61\train\images\IMG_20240228_125848_jpg.rf.d20a33eb48d6b2aa844e93e2e619bf44.jpg,train,IMG_20240228_125848,roboflow,ts_underscore,20240228,125848
ElectroCom61 A Multiclass Dataset for Detection of Electronic Components\ElectroCom61\train\images\IMG_20240228_125854_jpg.rf.141ac42575916927359c25694f236d4e.jpg,train,IMG_20240228_125854,roboflow,ts_underscore,20240228,125854
ElectroCom61 A Multiclass Dataset for Detection of Electronic Components\ElectroCom61\train\images\IMG_20240228_125906_jpg.rf.680f46b8c5e4cce37d97b37d9d6aaa73.jpg,train,IMG_20240228_125906,roboflow,ts_underscore,20240228,125906
ElectroCom61 A Multiclass Dataset for Detection of Electronic Components\ElectroCom61\train\images\IMG_20240228_130024_jpg.rf.6110bbbf8ae2ceae39fb77de935ad0cb.jpg,train,IMG_20240228_130024,roboflow,ts_underscore,20240228,130024
ElectroCom61 A Multiclass Dataset for Detection of Electronic Components\ElectroCom61\train\images\IMG_20240228_130042_jpg.rf.925dc1b49def395942d610189bb0cad8.jpg,train,IMG_20240228_130042,roboflow,ts_underscore,20240228,130042
ElectroCom61 A Multiclass Dataset for Detection of Electronic Components\ElectroCom61\train\images\IMG_20240228_130230_jpg.rf.722d9bc004126e03030ca3c39cd3ada0.jpg,train,IMG_20240228_130230,roboflow,ts_underscore,20240228,130230
ElectroCom61 A Multiclass Dataset for Detection of Electronic Components\ElectroCom61\train\images\IMG_20240228_130257_jpg.rf.3b50ecdeed653a04f1aeccaa28bb86be.jpg,train,IMG_20240228_130257,roboflow,ts_underscore,20240228,130257
ElectroCom61 A Multiclass Dataset for Detection of Electronic Components\ElectroCom61\train\images\IMG_20240228_130306_jpg.rf.90f8e8539e041bcf85820d379d1aa13c.jpg,train,IMG_20240228_130306,roboflow,ts_underscore,20240228,130306
ElectroCom61 A Multiclass Dataset for Detection of Electronic Components\ElectroCom61\train\images\IMG_20240228_130319_jpg.rf.0090eb3675c20089ee5b330f4f725e61.jpg,train,IMG_20240228_130319,roboflow,ts_underscore,20240228,130319
ElectroCom61 A Multiclass Dataset for Detection of Electronic Components\ElectroCom61\train\images\IMG_20240228_130348_jpg.rf.7b956d43a756fd03997c8e1403a9f1bb.jpg,train,IMG_20240228_130348,roboflow,ts_underscore,20240228,130348
ElectroCom61 A Multiclass Dataset for Detection of Electronic Components\ElectroCom61\train\images\IMG_20240228_130431_jpg.rf.83666028e298292b2dda522e2cc6ba2e.jpg,train,IMG_20240228_130431,roboflow,ts_underscore,20240228,130431
ElectroCom61 A Multiclass Dataset for Detection of Electronic Components\ElectroCom61\train\images\IMG_20240228_130435_jpg.rf.0b8d118e952a123ef17aef0571126aa8.jpg,train,IMG_20240228_130435,roboflow,ts_underscore,20240228,130435
ElectroCom61 A Multiclass Dataset for Detection of Electronic Components\ElectroCom61\train\images\IMG_20240228_130516_jpg.rf.a72584d9bc94619c01171a4c011c76b4.jpg,train,IMG_20240228_130516,roboflow,ts_underscore,20240228,130516
ElectroCom61 A Multiclass Dataset for Detection of Electronic Components\ElectroCom61\train\images\IMG_20240228_130525_jpg.rf.2fb1c3cd0936e1f22d7b214e5c8fd356.jpg,train,IMG_20240228_130525,roboflow,ts_underscore,20240228,130525
ElectroCom61 A Multiclass Dataset for Detection of Electronic Components\ElectroCom61\train\images\IMG_20240228_130615_jpg.rf.93cccaf20f9a307c77dc113ea868613e.jpg,train,IMG_20240228_130615,roboflow,ts_underscore,20240228,130615
ElectroCom61 A Multiclass Dataset for Detection of Electronic Components\ElectroCom61\train\images\IMG_20240228_130630_jpg.rf.722f232d2781a193c09849461cfe0d9f.jpg,train,IMG_20240228_130630,roboflow,ts_underscore,20240228,130630
ElectroCom61 A Multiclass Dataset for Detection of Electronic Components\ElectroCom61\train\images\IMG_20240228_130656_jpg.rf.15bbc32b06b27fdbd882f71ab677c65f.jpg,train,IMG_20240228_130656,roboflow,ts_underscore,20240228,130656
ElectroCom61 A Multiclass Dataset for Detection of Electronic Components\ElectroCom61\train\images\IMG_20240228_130705_jpg.rf.bce955050a3a6f932ed9162d96f5390f.jpg,train,IMG_20240228_130705,roboflow,ts_underscore,20240228,130705
ElectroCom61 A Multiclass Dataset for Detection of Electronic Components\ElectroCom61\train\images\IMG_20240228_130813_jpg.rf.5b2a293cd7161a972d9aa0630d460c37.jpg,train,IMG_20240228_130813,roboflow,ts_underscore,20240228,130813
ElectroCom61 A Multiclass Dataset for Detection of Electronic Components\ElectroCom61\train\images\IMG_20240228_131005_jpg.rf.4093420b67676f0e0ab056866084ac92.jpg,train,IMG_20240228_131005,roboflow,ts_underscore,20240228,131005
ElectroCom61 A Multiclass Dataset for Detection of Electronic Components\ElectroCom61\train\images\IMG_20240228_131008_jpg.rf.61c107d498c322788fcbdf4b25eebcb8.jpg,train,IMG_20240228_131008,roboflow,ts_underscore,20240228,131008
ElectroCom61 A Multiclass Dataset for Detection of Electronic Components\ElectroCom61\train\images\IMG_20240228_131014_jpg.rf.05c91f0e4f867d57df1b4946da8f36db.jpg,train,IMG_20240228_131014,roboflow,ts_underscore,20240228,131014
ElectroCom61 A Multiclass Dataset for Detection of Electronic Components\ElectroCom61\train\images\IMG_20240228_131314_jpg.rf.e01ba7b404a3ff5e2ce78296013cca08.jpg,train,IMG_20240228_131314,roboflow,ts_underscore,20240228,131314
ElectroCom61 A Multiclass Dataset for Detection of Electronic Components\ElectroCom61\train\images\IMG_20240228_131348_jpg.rf.329f8271f3bc19f6fcb447e7c82deeee.jpg,train,IMG_20240228_131348,roboflow,ts_underscore,20240228,131348
ElectroCom61 A Multiclass Dataset for Detection of Electronic Components\ElectroCom61\train\images\IMG_20240228_131358_jpg.rf.cd55cd97a0005c229f3a7119d83e0910.jpg,train,IMG_20240228_131358,roboflow,ts_underscore,20240228,131358
ElectroCom61 A Multiclass Dataset for Detection of Electronic Components\ElectroCom61\train\images\IMG_20240228_131410_jpg.rf.74d2e7c2e40b676d24319047eb5a821e.jpg,train,IMG_20240228_131410,roboflow,ts_underscore,20240228,131410
ElectroCom61 A Multiclass Dataset for Detection of Electronic Components\ElectroCom61\train\images\IMG_20240228_131519_jpg.rf.c8e0499051d889a08805212eed0293dd.jpg,train,IMG_20240228_131519,roboflow,ts_underscore,20240228,131519
ElectroCom61 A Multiclass Dataset for Detection of Electronic Components\ElectroCom61\train\images\IMG_20240228_131524_jpg.rf.f3034f6495294e8afe5b8519fc1686b0.jpg,train,IMG_20240228_131524,roboflow,ts_underscore,20240228,131524
ElectroCom61 A Multiclass Dataset for Detection of Electronic Components\ElectroCom61\train\images\IMG_20240228_131536_jpg.rf.cb0980cec0d2bbd133eb7393a32e30e1.jpg,train,IMG_20240228_131536,roboflow,ts_underscore,20240228,131536
ElectroCom61 A Multiclass Dataset for Detection of Electronic Components\ElectroCom61\train\images\IMG_20240228_131542_jpg.rf.d8a5b2138e46b4f021cf560b6a7d1886.jpg,train,IMG_20240228_131542,roboflow,ts_underscore,20240228,131542
ElectroCom61 A Multiclass Dataset for Detection of Electronic Components\ElectroCom61\train\images\IMG_20240228_131557_jpg.rf.de3456b31562713a193d6b3d9a4bee7e.jpg,train,IMG_20240228_131557,roboflow,ts_underscore,20240228,131557
ElectroCom61 A Multiclass Dataset for Detection of Electronic Components\ElectroCom61\train\images\IMG_20240228_131608_jpg.rf.6248b2f78d2481741bb96d57bf2e6d72.jpg,train,IMG_20240228_131608,roboflow,ts_underscore,20240228,131608
ElectroCom61 A Multiclass Dataset for Detection of Electronic Components\ElectroCom61\train\images\IMG_20240228_131617_jpg.rf.c0702d4ba30abd4b7b8e1346b17ca951.jpg,train,IMG_20240228_131617,roboflow,ts_underscore,20240228,131617
ElectroCom61 A Multiclass Dataset for Detection of Electronic Components\ElectroCom61\train\images\IMG_20240228_131627_jpg.rf.2ed303f3933a7f9f3c7cee73a7631b06.jpg,train,IMG_20240228_131627,roboflow,ts_underscore,20240228,131627
ElectroCom61 A Multiclass Dataset for Detection of Electronic Components\ElectroCom61\train\images\IMG_20240228_131640_jpg.rf.70ec58d680f9afc92248b5437663dac3.jpg,train,IMG_20240228_131640,roboflow,ts_underscore,20240228,131640
ElectroCom61 A Multiclass Dataset for Detection of Electronic Components\ElectroCom61\train\images\IMG_20240228_131657_jpg.rf.edc6e8862b8317546bb7d168b8637634.jpg,train,IMG_20240228_131657,roboflow,ts_underscore,20240228,131657
ElectroCom61 A Multiclass Dataset for Detection of Electronic Components\ElectroCom61\train\images\IMG_20240228_131821_jpg.rf.ecf1f92e3e4156460ad2c97d840898c6.jpg,train,IMG_20240228_131821,roboflow,ts_underscore,20240228,131821
ElectroCom61 A Multiclass Dataset for Detection of Electronic Components\ElectroCom61\train\images\IMG_20240228_131829_jpg.rf.e89419de3461bec538ff329a2ff92ae5.jpg,train,IMG_20240228_131829,roboflow,ts_underscore,20240228,131829
ElectroCom61 A Multiclass Dataset for Detection of Electronic Components\ElectroCom61\train\images\IMG_20240228_131832_jpg.rf.9c5f50bc7e47d32bc65740a76bd299fb.jpg,train,IMG_20240228_131832,roboflow,ts_underscore,20240228,131832
ElectroCom61 A Multiclass Dataset for Detection of Electronic Components\ElectroCom61\train\images\IMG_20240228_131854_jpg.rf.a361f0193451c843d28e521a4183d4f5.jpg,train,IMG_20240228_131854,roboflow,ts_underscore,20240228,131854
ElectroCom61 A Multiclass Dataset for Detection of Electronic Components\ElectroCom61\train\images\IMG_20240228_131857_jpg.rf.4bd2d005b6dfca040cc24f4c07b1e76d.jpg,train,IMG_20240228_131857,roboflow,ts_underscore,20240228,131857
ElectroCom61 A Multiclass Dataset for Detection of Electronic Components\ElectroCom61\train\images\IMG_20240228_131859_jpg.rf.5bda9ca6e2d2d6c75cc5c636b0069d54.jpg,train,IMG_20240228_131859,roboflow,ts_underscore,20240228,131859
ElectroCom61 A Multiclass Dataset for Detection of Electronic Components\ElectroCom61\train\images\IMG_20240228_131907_jpg.rf.ee520d028c87bb268d3c2cf1791ad544.jpg,train,IMG_20240228_131907,roboflow,ts_underscore,20240228,131907
ElectroCom61 A Multiclass Dataset for Detection of Electronic Components\ElectroCom61\train\images\IMG_20240228_132253_jpg.rf.1d6ca9b86ae676c182abb57f7e9f2df1.jpg,train,IMG_20240228_132253,roboflow,ts_underscore,20240228,132253
ElectroCom61 A Multiclass Dataset for Detection of Electronic Components\ElectroCom61\train\images\IMG_20240228_132316_jpg.rf.4c45fbda5312611d79c8deb72024914c.jpg,train,IMG_20240228_132316,roboflow,ts_underscore,20240228,132316
ElectroCom61 A Multiclass Dataset for Detection of Electronic Components\ElectroCom61\train\images\IMG_20240228_132320_jpg.rf.d197fc27eaf93d56df710fa5c6d49024.jpg,train,IMG_20240228_132320,roboflow,ts_underscore,20240228,132320
ElectroCom61 A Multiclass Dataset for Detection of Electronic Components\ElectroCom61\train\images\IMG_20240228_132324_jpg.rf.3f22e1e10a9e819206359e99c8bcc53d.jpg,train,IMG_20240228_132324,roboflow,ts_underscore,20240228,132324
ElectroCom61 A Multiclass Dataset for Detection of Electronic Components\ElectroCom61\train\images\IMG_20240228_132332_jpg.rf.e02237b2f467044ac3dc7dccaff4f39c.jpg,train,IMG_20240228_132332,roboflow,ts_underscore,20240228,132332
ElectroCom61 A Multiclass Dataset for Detection of Electronic Components\ElectroCom61\train\images\IMG_20240228_132418_jpg.rf.ab8879d3de6bcc94db5d89e9c429fa07.jpg,train,IMG_20240228_132418,roboflow,ts_underscore,20240228,132418
ElectroCom61 A Multiclass Dataset for Detection of Electronic Components\ElectroCom61\train\images\IMG_20240228_132419_jpg.rf.49fbb45e3b7bad9762314b6c19c164a6.jpg,train,IMG_20240228_132419,roboflow,ts_underscore,20240228,132419
ElectroCom61 A Multiclass Dataset for Detection of Electronic Components\ElectroCom61\train\images\IMG_20240228_132424_jpg.rf.51cc9c2378521ad7d0a7a702964154c3.jpg,train,IMG_20240228_132424,roboflow,ts_underscore,20240228,132424
ElectroCom61 A Multiclass Dataset for Detection of Electronic Components\ElectroCom61\train\images\IMG_20240228_132451_jpg.rf.c0e6dd1ae7726bf0872865c01d439647.jpg,train,IMG_20240228_132451,roboflow,ts_underscore,20240228,132451
ElectroCom61 A Multiclass Dataset for Detection of Electronic Components\ElectroCom61\train\images\IMG_20240228_132500_jpg.rf.137807b5c1871eb26abb67f5f4f49266.jpg,train,IMG_20240228_132500,roboflow,ts_underscore,20240228,132500
ElectroCom61 A Multiclass Dataset for Detection of Electronic Components\ElectroCom61\train\images\IMG_20240228_132504_jpg.rf.975c400bd35576bfdd2dec92864094dc.jpg,train,IMG_20240228_132504,roboflow,ts_underscore,20240228,132504
ElectroCom61 A Multiclass Dataset for Detection of Electronic Components\ElectroCom61\train\images\IMG_20240228_132510_jpg.rf.f30e640eb5bf43a86be36416a5534e65.jpg,train,IMG_20240228_132510,roboflow,ts_underscore,20240228,132510
ElectroCom61 A Multiclass Dataset for Detection of Electronic Components\ElectroCom61\train\images\IMG_20240228_132515_jpg.rf.fe77af13399e892bc5ae3a3effa66a8a.jpg,train,IMG_20240228_132515,roboflow,ts_underscore,20240228,132515
ElectroCom61 A Multiclass Dataset for Detection of Electronic Components\ElectroCom61\train\images\IMG_20240228_132527_jpg.rf.35fecc607388167d566e1d7359aca50c.jpg,train,IMG_20240228_132527,roboflow,ts_underscore,20240228,132527
ElectroCom61 A Multiclass Dataset for Detection of Electronic Components\ElectroCom61\train\images\IMG_20240228_132535_jpg.rf.de08fa87ee56baef8adc24f38babfda2.jpg,train,IMG_20240228_132535,roboflow,ts_underscore,20240228,132535
ElectroCom61 A Multiclass Dataset for Detection of Electronic Components\ElectroCom61\train\images\IMG_20240228_132539_jpg.rf.ce149acf328456336add8e9e6f89e25f.jpg,train,IMG_20240228_132539,roboflow,ts_underscore,20240228,132539
ElectroCom61 A Multiclass Dataset for Detection of Electronic Components\ElectroCom61\train\images\IMG_20240228_132543_jpg.rf.4a6148c44e05cbc6498b9aa424ac7cf3.jpg,train,IMG_20240228_132543,roboflow,ts_underscore,20240228,132543
ElectroCom61 A Multiclass Dataset for Detection of Electronic Components\ElectroCom61\train\images\IMG_20240228_132547_jpg.rf.cdc138f33dcd8d079719c88e5da2563c.jpg,train,IMG_20240228_132547,roboflow,ts_underscore,20240228,132547
ElectroCom61 A Multiclass Dataset for Detection of Electronic Components\ElectroCom61\train\images\IMG_20240228_132601_jpg.rf.d9edf1fb0f8cbb21eb976f9b4fbff63f.jpg,train,IMG_20240228_132601,roboflow,ts_underscore,20240228,132601
ElectroCom61 A Multiclass Dataset for Detection of Electronic Components\ElectroCom61\train\images\IMG_20240228_132605_jpg.rf.cc04351623f548d422ca74cf8df0cf1a.jpg,train,IMG_20240228_132605,roboflow,ts_underscore,20240228,132605
ElectroCom61 A Multiclass Dataset for Detection of Electronic Components\ElectroCom61\train\images\IMG_20240228_132917_jpg.rf.ce50923c9f326ba09c2ffa327cdbbbec.jpg,train,IMG_20240228_132917,roboflow,ts_underscore,20240228,132917
ElectroCom61 A Multiclass Dataset for Detection of Electronic Components\ElectroCom61\train\images\IMG_20240228_132923_jpg.rf.4b8e7c38abbb1da5150d58c3b4cd9476.jpg,train,IMG_20240228_132923,roboflow,ts_underscore,20240228,132923
ElectroCom61 A Multiclass Dataset for Detection of Electronic Components\ElectroCom61\train\images\IMG_20240228_132927_jpg.rf.59155d74d9d374818a404c8715f02ea7.jpg,train,IMG_20240228_132927,roboflow,ts_underscore,20240228,132927
ElectroCom61 A Multiclass Dataset for Detection of Electronic Components\ElectroCom61\train\images\IMG_20240228_132934_jpg.rf.0ed5783adff56e28be5cd8266e5c20fd.jpg,train,IMG_20240228_132934,roboflow,ts_underscore,20240228,132934
ElectroCom61 A Multiclass Dataset for Detection of Electronic Components\ElectroCom61\train\images\IMG_20240228_132943_jpg.rf.25346479eb0778b4174371db739949bf.jpg,train,IMG_20240228_132943,roboflow,ts_underscore,20240228,132943
ElectroCom61 A Multiclass Dataset for Detection of Electronic Components\ElectroCom61\train\images\IMG_20240228_132953_jpg.rf.b14c47fd7c6845dbbaf1006309c4ced4.jpg,train,IMG_20240228_132953,roboflow,ts_underscore,20240228,132953
ElectroCom61 A Multiclass Dataset for Detection of Electronic Components\ElectroCom61\train\images\IMG_20240228_133006_jpg.rf.a7aee1424430e20023888dbdbd4f6f34.jpg,train,IMG_20240228_133006,roboflow,ts_underscore,20240228,133006
ElectroCom61 A Multiclass Dataset for Detection of Electronic Components\ElectroCom61\train\images\IMG_20240228_133018_jpg.rf.c8c42878e241666c7716ab6bd0e9f4ff.jpg,train,IMG_20240228_133018,roboflow,ts_underscore,20240228,133018
ElectroCom61 A Multiclass Dataset for Detection of Electronic Components\ElectroCom61\train\images\IMG_20240228_133024_jpg.rf.29b5455e46f9cd2833bc778432066a0e.jpg,train,IMG_20240228_133024,roboflow,ts_underscore,20240228,133024
ElectroCom61 A Multiclass Dataset for Detection of Electronic Components\ElectroCom61\train\images\IMG_20240228_133047_jpg.rf.41c0bde5ca87f033fe3eb4e635587d97.jpg,train,IMG_20240228_133047,roboflow,ts_underscore,20240228,133047
ElectroCom61 A Multiclass Dataset for Detection of Electronic Components\ElectroCom61\train\images\IMG_20240228_133109_jpg.rf.995c554295a094c42adf80d0bc1f000d.jpg,train,IMG_20240228_133109,roboflow,ts_underscore,20240228,133109
ElectroCom61 A Multiclass Dataset for Detection of Electronic Components\ElectroCom61\train\images\IMG_20240228_133113_jpg.rf.3132f94d141e003c710bdac685cca6f3.jpg,train,IMG_20240228_133113,roboflow,ts_underscore,20240228,133113
ElectroCom61 A Multiclass Dataset for Detection of Electronic Components\ElectroCom61\train\images\IMG_20240228_133123_jpg.rf.0a4fcdedac8428b1d64252f7311d9a05.jpg,train,IMG_20240228_133123,roboflow,ts_underscore,20240228,133123
ElectroCom61 A Multiclass Dataset for Detection of Electronic Components\ElectroCom61\train\images\IMG_20240228_133145_jpg.rf.207d7bd04be116d63abefd076ab000fd.jpg,train,IMG_20240228_133145,roboflow,ts_underscore,20240228,133145
ElectroCom61 A Multiclass Dataset for Detection of Electronic Components\ElectroCom61\train\images\IMG_20240228_133157_jpg.rf.41b8351c418ece06b04989f02976f716.jpg,train,IMG_20240228_133157,roboflow,ts_underscore,20240228,133157
ElectroCom61 A Multiclass Dataset for Detection of Electronic Components\ElectroCom61\train\images\IMG_20240228_133510_jpg.rf.f5c55b2b1d3dea9b878217f4e7c14d24.jpg,train,IMG_20240228_133510,roboflow,ts_underscore,20240228,133510
ElectroCom61 A Multiclass Dataset for Detection of Electronic Components\ElectroCom61\train\images\IMG_20240228_133527_jpg.rf.b7e69368a00cf9e6bb4fe58deb7c7cb4.jpg,train,IMG_20240228_133527,roboflow,ts_underscore,20240228,133527
ElectroCom61 A Multiclass Dataset for Detection of Electronic Components\ElectroCom61\train\images\IMG_20240228_133530_jpg.rf.8d6103499dd3e00c1508a49f53930d4d.jpg,train,IMG_20240228_133530,roboflow,ts_underscore,20240228,133530
ElectroCom61 A Multiclass Dataset for Detection of Electronic Components\ElectroCom61\train\images\IMG_20240228_133539_jpg.rf.47a6e6bbb4b7bdd26d666acf6a4797e1.jpg,train,IMG_20240228_133539,roboflow,ts_underscore,20240228,133539
ElectroCom61 A Multiclass Dataset for Detection of Electronic Components\ElectroCom61\train\images\IMG_20240228_133557_jpg.rf.8f00526919eed30ef79244f1b81486be.jpg,train,IMG_20240228_133557,roboflow,ts_underscore,20240228,133557
ElectroCom61 A Multiclass Dataset for Detection of Electronic Components\ElectroCom61\train\images\IMG_20240228_133600_jpg.rf.2ddbc4dbf859b627314992009a79221c.jpg,train,IMG_20240228_133600,roboflow,ts_underscore,20240228,133600
ElectroCom61 A Multiclass Dataset for Detection of Electronic Components\ElectroCom61\train\images\IMG_20240228_133607_jpg.rf.2dd2b96c26e5c96e6cbadb531dee08c3.jpg,train,IMG_20240228_133607,roboflow,ts_underscore,20240228,133607
ElectroCom61 A Multiclass Dataset for Detection of Electronic Components\ElectroCom61\train\images\IMG_20240228_133631_jpg.rf.3ac2547818c23a053d8ace67fea1b2b4.jpg,train,IMG_20240228_133631,roboflow,ts_underscore,20240228,133631
ElectroCom61 A Multiclass Dataset for Detection of Electronic Components\ElectroCom61\train\images\IMG_20240228_133640_jpg.rf.9cec54266709a697c522b51dffce0507.jpg,train,IMG_20240228_133640,roboflow,ts_underscore,20240228,133640
ElectroCom61 A Multiclass Dataset for Detection of Electronic Components\ElectroCom61\train\images\IMG_20240228_135521_jpg.rf.ed3c7423a53684f503e547180ba6a9ac.jpg,train,IMG_20240228_135521,roboflow,ts_underscore,20240228,135521
ElectroCom61 A Multiclass Dataset for Detection of Electronic Components\ElectroCom61\train\images\IMG_20240228_135641_jpg.rf.f0ac28ba5e398e977e4564c5aa2c3c6c.jpg,train,IMG_20240228_135641,roboflow,ts_underscore,20240228,135641
ElectroCom61 A Multiclass Dataset for Detection of Electronic Components\ElectroCom61\train\images\IMG_20240228_135656_jpg.rf.391c020101fcc91e4833e7d6b6bc99d2.jpg,train,IMG_20240228_135656,roboflow,ts_underscore,20240228,135656
ElectroCom61 A Multiclass Dataset for Detection of Electronic Components\ElectroCom61\train\images\IMG_20240228_135706_jpg.rf.312594daa32c139bc3bf4f613bf2c44a.jpg,train,IMG_20240228_135706,roboflow,ts_underscore,20240228,135706
ElectroCom61 A Multiclass Dataset for Detection of Electronic Components\ElectroCom61\train\images\IMG_20240228_135713_jpg.rf.9414969e4a51400da0efdd393e7f3676.jpg,train,IMG_20240228_135713,roboflow,ts_underscore,20240228,135713
ElectroCom61 A Multiclass Dataset for Detection of Electronic Components\ElectroCom61\train\images\IMG_20240228_135720_jpg.rf.80e66f79dbc7ff37d225116b1da6b92d.jpg,train,IMG_20240228_135720,roboflow,ts_underscore,20240228,135720
ElectroCom61 A Multiclass Dataset for Detection of Electronic Components\ElectroCom61\train\images\IMG_20240228_135734_jpg.rf.00c9243854e6b6bdba9150cb47c13d63.jpg,train,IMG_20240228_135734,roboflow,ts_underscore,20240228,135734
ElectroCom61 A Multiclass Dataset for Detection of Electronic Components\ElectroCom61\train\images\IMG_20240228_135854_jpg.rf.d25dae8b3bff7d095bcc4493591f33c4.jpg,train,IMG_20240228_135854,roboflow,ts_underscore,20240228,135854
ElectroCom61 A Multiclass Dataset for Detection of Electronic Components\ElectroCom61\train\images\IMG_20240228_135906_jpg.rf.35015c617580d949c4ff28c7858acf72.jpg,train,IMG_20240228_135906,roboflow,ts_underscore,20240228,135906
ElectroCom61 A Multiclass Dataset for Detection of Electronic Components\ElectroCom61\train\images\IMG_20240228_135909_jpg.rf.dedca0b9f8d2176a0f0b912db5a824b3.jpg,train,IMG_20240228_135909,roboflow,ts_underscore,20240228,135909
ElectroCom61 A Multiclass Dataset for Detection of Electronic Components\ElectroCom61\train\images\IMG_20240228_135924_jpg.rf.03c4f3edf61e55343038ad4ab9195bc0.jpg,train,IMG_20240228_135924,roboflow,ts_underscore,20240228,135924
ElectroCom61 A Multiclass Dataset for Detection of Electronic Components\ElectroCom61\train\images\IMG_20240228_140058_jpg.rf.471f8658a1e0f65b2b4b42f5497e5d89.jpg,train,IMG_20240228_140058,roboflow,ts_underscore,20240228,140058
ElectroCom61 A Multiclass Dataset for Detection of Electronic Components\ElectroCom61\train\images\IMG_20240228_140101_jpg.rf.c296927cbb4101744ab024c9d69f8554.jpg,train,IMG_20240228_140101,roboflow,ts_underscore,20240228,140101
ElectroCom61 A Multiclass Dataset for Detection of Electronic Components\ElectroCom61\train\images\IMG_20240228_140129_jpg.rf.5c85f4d727958986b913c1e0a331c1f2.jpg,train,IMG_20240228_140129,roboflow,ts_underscore,20240228,140129
ElectroCom61 A Multiclass Dataset for Detection of Electronic Components\ElectroCom61\train\images\IMG_20240228_140134_jpg.rf.b022915731e8abc412509a772cb6d747.jpg,train,IMG_20240228_140134,roboflow,ts_underscore,20240228,140134
ElectroCom61 A Multiclass Dataset for Detection of Electronic Components\ElectroCom61\train\images\IMG_20240228_140137_jpg.rf.09a3f9734badc1b10793a37eb15b5db8.jpg,train,IMG_20240228_140137,roboflow,ts_underscore,20240228,140137
ElectroCom61 A Multiclass Dataset for Detection of Electronic Components\ElectroCom61\train\images\IMG_20240228_140145_jpg.rf.cb6e910672f2cc2d8e9889259b1fbbe9.jpg,train,IMG_20240228_140145,roboflow,ts_underscore,20240228,140145
ElectroCom61 A Multiclass Dataset for Detection of Electronic Components\ElectroCom61\train\images\IMG_20240228_140150_jpg.rf.e2be02cec33d45ca0207559120218bd9.jpg,train,IMG_20240228_140150,roboflow,ts_underscore,20240228,140150
ElectroCom61 A Multiclass Dataset for Detection of Electronic Components\ElectroCom61\train\images\IMG_20240228_140218_jpg.rf.e49e8ed4d26efc7dd9969047d554ed22.jpg,train,IMG_20240228_140218,roboflow,ts_underscore,20240228,140218
ElectroCom61 A Multiclass Dataset for Detection of Electronic Components\ElectroCom61\train\images\IMG_20240228_140224_jpg.rf.fd6c0bbf1646523f78eddbe0e9fafec7.jpg,train,IMG_20240228_140224,roboflow,ts_underscore,20240228,140224
ElectroCom61 A Multiclass Dataset for Detection of Electronic Components\ElectroCom61\train\images\IMG_20240228_140229_jpg.rf.01d7189cc592d7d222fd4bab15683c00.jpg,train,IMG_20240228_140229,roboflow,ts_underscore,20240228,140229
ElectroCom61 A Multiclass Dataset for Detection of Electronic Components\ElectroCom61\train\images\IMG_20240228_140238_jpg.rf.9b062850341cd818665a838e5140057e.jpg,train,IMG_20240228_140238,roboflow,ts_underscore,20240228,140238
ElectroCom61 A Multiclass Dataset for Detection of Electronic Components\ElectroCom61\train\images\IMG_20240228_140249_jpg.rf.098cecf710f5f7bced9a5359b72c31bc.jpg,train,IMG_20240228_140249,roboflow,ts_underscore,20240228,140249
ElectroCom61 A Multiclass Dataset for Detection of Electronic Components\ElectroCom61\train\images\IMG_20240228_140319_jpg.rf.f04fea9c2830a2617df706572166eea6.jpg,train,IMG_20240228_140319,roboflow,ts_underscore,20240228,140319
ElectroCom61 A Multiclass Dataset for Detection of Electronic Components\ElectroCom61\train\images\IMG_20240228_140418_jpg.rf.8155b4c141110ca50a5ec4d469095628.jpg,train,IMG_20240228_140418,roboflow,ts_underscore,20240228,140418
ElectroCom61 A Multiclass Dataset for Detection of Electronic Components\ElectroCom61\train\images\IMG_20240228_140434_jpg.rf.1eae8ec0df4fa428209ab0871ae839de.jpg,train,IMG_20240228_140434,roboflow,ts_underscore,20240228,140434
ElectroCom61 A Multiclass Dataset for Detection of Electronic Components\ElectroCom61\train\images\IMG_20240228_140455_jpg.rf.3ae5398fc20315c1e3468b54eed71f09.jpg,train,IMG_20240228_140455,roboflow,ts_underscore,20240228,140455
ElectroCom61 A Multiclass Dataset for Detection of Electronic Components\ElectroCom61\train\images\IMG_20240228_140503_jpg.rf.21170e6e79a99c8cf15d0e4d9f1db462.jpg,train,IMG_20240228_140503,roboflow,ts_underscore,20240228,140503
ElectroCom61 A Multiclass Dataset for Detection of Electronic Components\ElectroCom61\train\images\IMG_20240228_140533_jpg.rf.abfd5d962178df9c12193fba80a1b09f.jpg,train,IMG_20240228_140533,roboflow,ts_underscore,20240228,140533
ElectroCom61 A Multiclass Dataset for Detection of Electronic Components\ElectroCom61\train\images\IMG_20240228_140537_jpg.rf.6e8cea3f5e0ee61b33f7b4a2fafad6c6.jpg,train,IMG_20240228_140537,roboflow,ts_underscore,20240228,140537
ElectroCom61 A Multiclass Dataset for Detection of Electronic Components\ElectroCom61\train\images\IMG_20240228_140544_jpg.rf.a91da2a0d12837a52827a90d7a86cb79.jpg,train,IMG_20240228_140544,roboflow,ts_underscore,20240228,140544
ElectroCom61 A Multiclass Dataset for Detection of Electronic Components\ElectroCom61\train\images\IMG_20240228_140547_jpg.rf.a181a6dbd80eb3265b9fdd86392007cd.jpg,train,IMG_20240228_140547,roboflow,ts_underscore,20240228,140547
ElectroCom61 A Multiclass Dataset for Detection of Electronic Components\ElectroCom61\train\images\IMG_20240228_140558_jpg.rf.e265ca5d9f22d3ba56ce9281da4d347b.jpg,train,IMG_20240228_140558,roboflow,ts_underscore,20240228,140558
ElectroCom61 A Multiclass Dataset for Detection of Electronic Components\ElectroCom61\train\images\IMG_20240228_140602_jpg.rf.d92904cb356bbfc2463a54c138f19a9e.jpg,train,IMG_20240228_140602,roboflow,ts_underscore,20240228,140602
ElectroCom61 A Multiclass Dataset for Detection of Electronic Components\ElectroCom61\train\images\IMG_20240228_140644_jpg.rf.8059cbce52d5cca89602cc6a6bd3eea0.jpg,train,IMG_20240228_140644,roboflow,ts_underscore,20240228,140644
ElectroCom61 A Multiclass Dataset for Detection of Electronic Components\ElectroCom61\train\images\IMG_20240228_140650_jpg.rf.0d707edb0b8eecc6f24662452baf3475.jpg,train,IMG_20240228_140650,roboflow,ts_underscore,20240228,140650
ElectroCom61 A Multiclass Dataset for Detection of Electronic Components\ElectroCom61\train\images\IMG_20240228_140654_jpg.rf.5e549b0b8e76d88f48364aa403e3b6c2.jpg,train,IMG_20240228_140654,roboflow,ts_underscore,20240228,140654
ElectroCom61 A Multiclass Dataset for Detection of Electronic Components\ElectroCom61\train\images\IMG_20240228_140706_jpg.rf.8e3d8ac35c1878d9414b8ad95aec062f.jpg,train,IMG_20240228_140706,roboflow,ts_underscore,20240228,140706
ElectroCom61 A Multiclass Dataset for Detection of Electronic Components\ElectroCom61\train\images\IMG_20240228_140713_jpg.rf.406fc9fa6e2868c76cbf91ddd87e09e4.jpg,train,IMG_20240228_140713,roboflow,ts_underscore,20240228,140713
ElectroCom61 A Multiclass Dataset for Detection of Electronic Components\ElectroCom61\train\images\IMG_20240228_140717_jpg.rf.0fc29014e8a1b621487e867d03a62b6a.jpg,train,IMG_20240228_140717,roboflow,ts_underscore,20240228,140717
ElectroCom61 A Multiclass Dataset for Detection of Electronic Components\ElectroCom61\train\images\IMG_20240228_140725_jpg.rf.05f5cd798e3eea9f8d0272b82282a7ed.jpg,train,IMG_20240228_140725,roboflow,ts_underscore,20240228,140725
ElectroCom61 A Multiclass Dataset for Detection of Electronic Components\ElectroCom61\train\images\IMG_20240228_140741_jpg.rf.efc1bbd25c6fb820d49423509fab4196.jpg,train,IMG_20240228_140741,roboflow,ts_underscore,20240228,140741
ElectroCom61 A Multiclass Dataset for Detection of Electronic Components\ElectroCom61\train\images\IMG_20240228_140756_jpg.rf.7785056fa9a96c88e41f3f6a8718dae5.jpg,train,IMG_20240228_140756,roboflow,ts_underscore,20240228,140756
ElectroCom61 A Multiclass Dataset for Detection of Electronic Components\ElectroCom61\train\images\IMG_20240228_140815_jpg.rf.0e5c65f2517242ee08282f9d787bb63f.jpg,train,IMG_20240228_140815,roboflow,ts_underscore,20240228,140815
ElectroCom61 A Multiclass Dataset for Detection of Electronic Components\ElectroCom61\train\images\IMG_20240228_140818_jpg.rf.129a7d0bd8eec3f1bf22370a47ca664f.jpg,train,IMG_20240228_140818,roboflow,ts_underscore,20240228,140818
ElectroCom61 A Multiclass Dataset for Detection of Electronic Components\ElectroCom61\train\images\IMG_20240228_140829_jpg.rf.8bce49336cd7dd774f681130c31f33f4.jpg,train,IMG_20240228_140829,roboflow,ts_underscore,20240228,140829
ElectroCom61 A Multiclass Dataset for Detection of Electronic Components\ElectroCom61\train\images\IMG_20240228_140944_jpg.rf.61f1a44528292cd71248dd200fc335ed.jpg,train,IMG_20240228_140944,roboflow,ts_underscore,20240228,140944
ElectroCom61 A Multiclass Dataset for Detection of Electronic Components\ElectroCom61\train\images\IMG_20240228_141019_jpg.rf.60e697b663af24f3b30293d05f72b1a2.jpg,train,IMG_20240228_141019,roboflow,ts_underscore,20240228,141019
ElectroCom61 A Multiclass Dataset for Detection of Electronic Components\ElectroCom61\train\images\IMG_20240228_141024_jpg.rf.742efdfcc33495214c22f0a63f96ef96.jpg,train,IMG_20240228_141024,roboflow,ts_underscore,20240228,141024
ElectroCom61 A Multiclass Dataset for Detection of Electronic Components\ElectroCom61\train\images\IMG_20240228_141045_jpg.rf.a89d56feb77edbbee30075ae07104c50.jpg,train,IMG_20240228_141045,roboflow,ts_underscore,20240228,141045
ElectroCom61 A Multiclass Dataset for Detection of Electronic Components\ElectroCom61\train\images\IMG_20240228_141047_jpg.rf.cb54ec17fd590af7d60a4e400ef422c8.jpg,train,IMG_20240228_141047,roboflow,ts_underscore,20240228,141047
ElectroCom61 A Multiclass Dataset for Detection of Electronic Components\ElectroCom61\train\images\IMG_20240228_141123_jpg.rf.8d7d88b1de2ed7c9bc79da718953a5e9.jpg,train,IMG_20240228_141123,roboflow,ts_underscore,20240228,141123
ElectroCom61 A Multiclass Dataset for Detection of Electronic Components\ElectroCom61\train\images\IMG_20240228_141129_jpg.rf.b689dd45abf2c56e491c55a9b18307bf.jpg,train,IMG_20240228_141129,roboflow,ts_underscore,20240228,141129
ElectroCom61 A Multiclass Dataset for Detection of Electronic Components\ElectroCom61\train\images\IMG_20240228_141143_jpg.rf.7b6ce5e1726aa11764032931e23cb93a.jpg,train,IMG_20240228_141143,roboflow,ts_underscore,20240228,141143
ElectroCom61 A Multiclass Dataset for Detection of Electronic Components\ElectroCom61\train\images\IMG_20240228_141214_jpg.rf.115d913aa2638888de05fc27b429998f.jpg,train,IMG_20240228_141214,roboflow,ts_underscore,20240228,141214
ElectroCom61 A Multiclass Dataset for Detection of Electronic Components\ElectroCom61\train\images\IMG_20240228_141330_jpg.rf.cebd59ba41847c7845c179a38cecfd4e.jpg,train,IMG_20240228_141330,roboflow,ts_underscore,20240228,141330
ElectroCom61 A Multiclass Dataset for Detection of Electronic Components\ElectroCom61\train\images\IMG_20240228_141431_jpg.rf.f2277eecac08a0f2cbbf1c4e13935772.jpg,train,IMG_20240228_141431,roboflow,ts_underscore,20240228,141431
ElectroCom61 A Multiclass Dataset for Detection of Electronic Components\ElectroCom61\train\images\IMG_20240228_141501_jpg.rf.1d2ed4eb4a21ad9de136f46a04056931.jpg,train,IMG_20240228_141501,roboflow,ts_underscore,20240228,141501
ElectroCom61 A Multiclass Dataset for Detection of Electronic Components\ElectroCom61\train\images\IMG_20240228_141511_jpg.rf.661fbaa53068ea1d0c19152547201ca4.jpg,train,IMG_20240228_141511,roboflow,ts_underscore,20240228,141511
ElectroCom61 A Multiclass Dataset for Detection of Electronic Components\ElectroCom61\train\images\IMG_20240228_141518_jpg.rf.9c3170c72f339c64ad6c5b31892826a0.jpg,train,IMG_20240228_141518,roboflow,ts_underscore,20240228,141518
ElectroCom61 A Multiclass Dataset for Detection of Electronic Components\ElectroCom61\train\images\IMG_20240303_105731_jpg.rf.d5079db406d93e6430051d58ff8c6c9a.jpg,train,IMG_20240303_105731,roboflow,ts_underscore,20240303,105731
ElectroCom61 A Multiclass Dataset for Detection of Electronic Components\ElectroCom61\train\images\IMG_20240303_105752_jpg.rf.48c0795bcca23011ad857bdf3fca8ec2.jpg,train,IMG_20240303_105752,roboflow,ts_underscore,20240303,105752
ElectroCom61 A Multiclass Dataset for Detection of Electronic Components\ElectroCom61\train\images\IMG_20240303_105758_jpg.rf.8befd5c6a07ea0ffa534075481020420.jpg,train,IMG_20240303_105758,roboflow,ts_underscore,20240303,105758
ElectroCom61 A Multiclass Dataset for Detection of Electronic Components\ElectroCom61\train\images\IMG_20240303_105811_jpg.rf.b50fb4a00fa065e28dea429bcb466aa4.jpg,train,IMG_20240303_105811,roboflow,ts_underscore,20240303,105811
ElectroCom61 A Multiclass Dataset for Detection of Electronic Components\ElectroCom61\train\images\IMG_20240303_105815_jpg.rf.76bf87e2ebe40065ecbcb226858040f4.jpg,train,IMG_20240303_105815,roboflow,ts_underscore,20240303,105815
ElectroCom61 A Multiclass Dataset for Detection of Electronic Components\ElectroCom61\train\images\IMG_20240303_105825_jpg.rf.2da59643e56a4eb35209e37deee8d3fb.jpg,train,IMG_20240303_105825,roboflow,ts_underscore,20240303,105825
ElectroCom61 A Multiclass Dataset for Detection of Electronic Components\ElectroCom61\train\images\IMG_20240303_105829_jpg.rf.b4cbb579fbe5c8614653dfeb8c7fdd68.jpg,train,IMG_20240303_105829,roboflow,ts_underscore,20240303,105829
ElectroCom61 A Multiclass Dataset for Detection of Electronic Components\ElectroCom61\train\images\IMG_20240303_105854_jpg.rf.58b9b5fa29cea6ae6b7bc1a986a0f289.jpg,train,IMG_20240303_105854,roboflow,ts_underscore,20240303,105854
ElectroCom61 A Multiclass Dataset for Detection of Electronic Components\ElectroCom61\train\images\IMG_20240303_105908_jpg.rf.939d7b7ed8b78d280aa60f4e11bb07a4.jpg,train,IMG_20240303_105908,roboflow,ts_underscore,20240303,105908
ElectroCom61 A Multiclass Dataset for Detection of Electronic Components\ElectroCom61\train\images\IMG_20240303_105920_jpg.rf.c441caae9ac747e3d6ecdeb14640e649.jpg,train,IMG_20240303_105920,roboflow,ts_underscore,20240303,105920
ElectroCom61 A Multiclass Dataset for Detection of Electronic Components\ElectroCom61\train\images\IMG_20240303_105932_jpg.rf.5acdcf0ff4c961ae02cc43fed089ddb0.jpg,train,IMG_20240303_105932,roboflow,ts_underscore,20240303,105932
ElectroCom61 A Multiclass Dataset for Detection of Electronic Components\ElectroCom61\train\images\IMG_20240303_105955_jpg.rf.c25c274a0a1416460841ba7cedde07d5.jpg,train,IMG_20240303_105955,roboflow,ts_underscore,20240303,105955
ElectroCom61 A Multiclass Dataset for Detection of Electronic Components\ElectroCom61\train\images\IMG_20240303_105959_jpg.rf.52034dec10bd900f570acdb1833f3769.jpg,train,IMG_20240303_105959,roboflow,ts_underscore,20240303,105959
ElectroCom61 A Multiclass Dataset for Detection of Electronic Components\ElectroCom61\train\images\IMG_20240303_110008_jpg.rf.4936b9b927e2e87da5a8fb2267111828.jpg,train,IMG_20240303_110008,roboflow,ts_underscore,20240303,110008
ElectroCom61 A Multiclass Dataset for Detection of Electronic Components\ElectroCom61\train\images\IMG_20240303_110013_jpg.rf.e496462d45f06e85e35a7f84e032cb8b.jpg,train,IMG_20240303_110013,roboflow,ts_underscore,20240303,110013
ElectroCom61 A Multiclass Dataset for Detection of Electronic Components\ElectroCom61\train\images\IMG_20240303_110020_jpg.rf.c2461239ba217a93e091a4df5320c574.jpg,train,IMG_20240303_110020,roboflow,ts_underscore,20240303,110020
ElectroCom61 A Multiclass Dataset for Detection of Electronic Components\ElectroCom61\train\images\IMG_20240303_110025_jpg.rf.06ebc6390e833da3ae97cfc438f4fa6f.jpg,train,IMG_20240303_110025,roboflow,ts_underscore,20240303,110025
ElectroCom61 A Multiclass Dataset for Detection of Electronic Components\ElectroCom61\train\images\IMG_20240303_110054_jpg.rf.c71eb1d366285e3bce8d3f49c59e56cf.jpg,train,IMG_20240303_110054,roboflow,ts_underscore,20240303,110054
ElectroCom61 A Multiclass Dataset for Detection of Electronic Components\ElectroCom61\train\images\IMG_20240303_110106_jpg.rf.67cdf01e31242106e3bd0f0af1d00fe3.jpg,train,IMG_20240303_110106,roboflow,ts_underscore,20240303,110106
ElectroCom61 A Multiclass Dataset for Detection of Electronic Components\ElectroCom61\train\images\IMG_20240303_110129_jpg.rf.3815a441854325ed143524cea2c68ab5.jpg,train,IMG_20240303_110129,roboflow,ts_underscore,20240303,110129
ElectroCom61 A Multiclass Dataset for Detection of Electronic Components\ElectroCom61\train\images\IMG_20240303_110137_jpg.rf.b31654af75407f675284dd9555312c67.jpg,train,IMG_20240303_110137,roboflow,ts_underscore,20240303,110137
ElectroCom61 A Multiclass Dataset for Detection of Electronic Components\ElectroCom61\train\images\IMG_20240303_110144_jpg.rf.f4a35f1f963e6be05dec7f5a67243cc1.jpg,train,IMG_20240303_110144,roboflow,ts_underscore,20240303,110144
ElectroCom61 A Multiclass Dataset for Detection of Electronic Components\ElectroCom61\train\images\IMG_20240303_110151_jpg.rf.37c149e1dcafb4a8ec78cc74dc31e541.jpg,train,IMG_20240303_110151,roboflow,ts_underscore,20240303,110151
ElectroCom61 A Multiclass Dataset for Detection of Electronic Components\ElectroCom61\train\images\IMG_20240303_110205_jpg.rf.92f2881c12062ce90090370abd2d9673.jpg,train,IMG_20240303_110205,roboflow,ts_underscore,20240303,110205
ElectroCom61 A Multiclass Dataset for Detection of Electronic Components\ElectroCom61\train\images\IMG_20240303_110239_jpg.rf.9d8b84a8af150a4a0199cc2b4175672e.jpg,train,IMG_20240303_110239,roboflow,ts_underscore,20240303,110239
ElectroCom61 A Multiclass Dataset for Detection of Electronic Components\ElectroCom61\train\images\IMG_20240303_110245_jpg.rf.2f4619360dec92a94ca14d91dfcf6baf.jpg,train,IMG_20240303_110245,roboflow,ts_underscore,20240303,110245
ElectroCom61 A Multiclass Dataset for Detection of Electronic Components\ElectroCom61\train\images\IMG_20240303_110249_jpg.rf.97e76feaf53310e87eb80d8aae14e75a.jpg,train,IMG_20240303_110249,roboflow,ts_underscore,20240303,110249
ElectroCom61 A Multiclass Dataset for Detection of Electronic Components\ElectroCom61\train\images\IMG_20240303_110255_jpg.rf.8b36f3dd8486fd90967ee68450a98ba8.jpg,train,IMG_20240303_110255,roboflow,ts_underscore,20240303,110255
ElectroCom61 A Multiclass Dataset for Detection of Electronic Components\ElectroCom61\train\images\IMG_20240303_110259_jpg.rf.a5bc58b44ff3c31bc7952fdd0e4fe3e5.jpg,train,IMG_20240303_110259,roboflow,ts_underscore,20240303,110259
ElectroCom61 A Multiclass Dataset for Detection of Electronic Components\ElectroCom61\train\images\IMG_20240303_110327_jpg.rf.70718e9bb0f30248b50f22b0aff532ac.jpg,train,IMG_20240303_110327,roboflow,ts_underscore,20240303,110327
ElectroCom61 A Multiclass Dataset for Detection of Electronic Components\ElectroCom61\train\images\IMG_20240303_110335_jpg.rf.6e44660dcfdf42b03635f851913e4b32.jpg,train,IMG_20240303_110335,roboflow,ts_underscore,20240303,110335
ElectroCom61 A Multiclass Dataset for Detection of Electronic Components\ElectroCom61\train\images\IMG_20240303_110341_jpg.rf.fff03f73d0cf9ccb6406d880fac4d04b.jpg,train,IMG_20240303_110341,roboflow,ts_underscore,20240303,110341
ElectroCom61 A Multiclass Dataset for Detection of Electronic Components\ElectroCom61\train\images\IMG_20240303_110417_jpg.rf.edf67320ce01bf814a55787d184f788c.jpg,train,IMG_20240303_110417,roboflow,ts_underscore,20240303,110417
ElectroCom61 A Multiclass Dataset for Detection of Electronic Components\ElectroCom61\train\images\IMG_20240303_110421_jpg.rf.8a834863dcdece2219acddf615558a99.jpg,train,IMG_20240303_110421,roboflow,ts_underscore,20240303,110421
ElectroCom61 A Multiclass Dataset for Detection of Electronic Components\ElectroCom61\train\images\IMG_20240303_110428_jpg.rf.48a35d49416eca524da58c231c3b9b50.jpg,train,IMG_20240303_110428,roboflow,ts_underscore,20240303,110428
ElectroCom61 A Multiclass Dataset for Detection of Electronic Components\ElectroCom61\train\images\IMG_20240303_110507_jpg.rf.9820ffcf12d002bbbad09fa9a5680cfc.jpg,train,IMG_20240303_110507,roboflow,ts_underscore,20240303,110507
ElectroCom61 A Multiclass Dataset for Detection of Electronic Components\ElectroCom61\train\images\IMG_20240303_110511_jpg.rf.8baf47219def8816bdde0bb2f2f76c81.jpg,train,IMG_20240303_110511,roboflow,ts_underscore,20240303,110511
ElectroCom61 A Multiclass Dataset for Detection of Electronic Components\ElectroCom61\train\images\IMG_20240303_110518_jpg.rf.f024003430d072af80a67d301062a05c.jpg,train,IMG_20240303_110518,roboflow,ts_underscore,20240303,110518
ElectroCom61 A Multiclass Dataset for Detection of Electronic Components\ElectroCom61\train\images\IMG_20240303_110630_jpg.rf.e961cc6dbe3e1ba0c099ccfd84b03f95.jpg,train,IMG_20240303_110630,roboflow,ts_underscore,20240303,110630
ElectroCom61 A Multiclass Dataset for Detection of Electronic Components\ElectroCom61\train\images\IMG_20240303_110827_jpg.rf.9065f7c09ea1e209dbf49d4d75bdc1a0.jpg,train,IMG_20240303_110827,roboflow,ts_underscore,20240303,110827
ElectroCom61 A Multiclass Dataset for Detection of Electronic Components\ElectroCom61\train\images\IMG_20240303_110831_jpg.rf.87269349ba75dc5685a48d8ae75ed7a0.jpg,train,IMG_20240303_110831,roboflow,ts_underscore,20240303,110831
ElectroCom61 A Multiclass Dataset for Detection of Electronic Components\ElectroCom61\train\images\IMG_20240303_110842_jpg.rf.0be739b090a30e359c692b958149febd.jpg,train,IMG_20240303_110842,roboflow,ts_underscore,20240303,110842
ElectroCom61 A Multiclass Dataset for Detection of Electronic Components\ElectroCom61\train\images\IMG_20240303_110854_jpg.rf.f0100fe72a2d2c2f42c0ad56da13f9d6.jpg,train,IMG_20240303_110854,roboflow,ts_underscore,20240303,110854
ElectroCom61 A Multiclass Dataset for Detection of Electronic Components\ElectroCom61\train\images\IMG_20240303_110946_jpg.rf.4efe224c038eb7cd6ebe7722d6affbf5.jpg,train,IMG_20240303_110946,roboflow,ts_underscore,20240303,110946
ElectroCom61 A Multiclass Dataset for Detection of Electronic Components\ElectroCom61\train\images\IMG_20240303_110953_jpg.rf.f985018e4c71ee06e3647cdfedc804d8.jpg,train,IMG_20240303_110953,roboflow,ts_underscore,20240303,110953
ElectroCom61 A Multiclass Dataset for Detection of Electronic Components\ElectroCom61\train\images\IMG_20240303_111014_jpg.rf.be0cad5cbde299e1ffb76143de98cd6a.jpg,train,IMG_20240303_111014,roboflow,ts_underscore,20240303,111014
ElectroCom61 A Multiclass Dataset for Detection of Electronic Components\ElectroCom61\train\images\IMG_20240303_111019_jpg.rf.6bbe62386cb18de2a8577d8b3c93ab70.jpg,train,IMG_20240303_111019,roboflow,ts_underscore,20240303,111019
ElectroCom61 A Multiclass Dataset for Detection of Electronic Components\ElectroCom61\train\images\IMG_20240303_111025_jpg.rf.9538449012cf70bea28eaf7e6da9ec20.jpg,train,IMG_20240303_111025,roboflow,ts_underscore,20240303,111025
ElectroCom61 A Multiclass Dataset for Detection of Electronic Components\ElectroCom61\train\images\IMG_20240303_111048_jpg.rf.08a05baa5f932bd8048207d7568d63f9.jpg,train,IMG_20240303_111048,roboflow,ts_underscore,20240303,111048
ElectroCom61 A Multiclass Dataset for Detection of Electronic Components\ElectroCom61\train\images\IMG_20240303_111100_jpg.rf.456c778a8e5ee7045628cf6e098e8e41.jpg,train,IMG_20240303_111100,roboflow,ts_underscore,20240303,111100
ElectroCom61 A Multiclass Dataset for Detection of Electronic Components\ElectroCom61\train\images\IMG_20240303_111136_jpg.rf.4fd5798c58a9d23f81872dd8a86836fe.jpg,train,IMG_20240303_111136,roboflow,ts_underscore,20240303,111136
ElectroCom61 A Multiclass Dataset for Detection of Electronic Components\ElectroCom61\train\images\IMG_20240303_111150_jpg.rf.75564ce1aa4473a8133fb9928695a5e9.jpg,train,IMG_20240303_111150,roboflow,ts_underscore,20240303,111150
ElectroCom61 A Multiclass Dataset for Detection of Electronic Components\ElectroCom61\train\images\IMG_20240303_111154_jpg.rf.1538e7a728993d16f1d3b9f9a7d7458e.jpg,train,IMG_20240303_111154,roboflow,ts_underscore,20240303,111154
ElectroCom61 A Multiclass Dataset for Detection of Electronic Components\ElectroCom61\train\images\IMG_20240303_111217_jpg.rf.dd6960c2d083e3347f2de9055efe8956.jpg,train,IMG_20240303_111217,roboflow,ts_underscore,20240303,111217
ElectroCom61 A Multiclass Dataset for Detection of Electronic Components\ElectroCom61\train\images\IMG_20240303_111225_jpg.rf.38aa3aa7cb4ef232a361e78482a8de40.jpg,train,IMG_20240303_111225,roboflow,ts_underscore,20240303,111225
ElectroCom61 A Multiclass Dataset for Detection of Electronic Components\ElectroCom61\train\images\IMG_20240303_111244_jpg.rf.d16129e46070ac61c19d09409a67d71b.jpg,train,IMG_20240303_111244,roboflow,ts_underscore,20240303,111244
ElectroCom61 A Multiclass Dataset for Detection of Electronic Components\ElectroCom61\train\images\IMG_20240303_111309_jpg.rf.765e03e71b11a2802bf13b5a50721f08.jpg,train,IMG_20240303_111309,roboflow,ts_underscore,20240303,111309
ElectroCom61 A Multiclass Dataset for Detection of Electronic Components\ElectroCom61\train\images\IMG_20240303_111327_jpg.rf.5a7dfbc67663c7bd79b3a4b53a986797.jpg,train,IMG_20240303_111327,roboflow,ts_underscore,20240303,111327
ElectroCom61 A Multiclass Dataset for Detection of Electronic Components\ElectroCom61\train\images\IMG_20240303_111333_jpg.rf.54e2dd6448a6dd8da3ce9f77bf6a137b.jpg,train,IMG_20240303_111333,roboflow,ts_underscore,20240303,111333
ElectroCom61 A Multiclass Dataset for Detection of Electronic Components\ElectroCom61\train\images\IMG_20240303_111339_jpg.rf.558ebc1d479d80ca8112b9d0bba65b75.jpg,train,IMG_20240303_111339,roboflow,ts_underscore,20240303,111339
ElectroCom61 A Multiclass Dataset for Detection of Electronic Components\ElectroCom61\train\images\IMG_20240303_111414_jpg.rf.317db198104494c0d913d641f769e524.jpg,train,IMG_20240303_111414,roboflow,ts_underscore,20240303,111414
ElectroCom61 A Multiclass Dataset for Detection of Electronic Components\ElectroCom61\train\images\IMG_20240303_111418_jpg.rf.ae96d9ec9ba97b0bad5fe052bf671ae0.jpg,train,IMG_20240303_111418,roboflow,ts_underscore,20240303,111418
ElectroCom61 A Multiclass Dataset for Detection of Electronic Components\ElectroCom61\train\images\IMG_20240303_111426_jpg.rf.884e2127bd7d4655315fbb266be85560.jpg,train,IMG_20240303_111426,roboflow,ts_underscore,20240303,111426
ElectroCom61 A Multiclass Dataset for Detection of Electronic Components\ElectroCom61\train\images\IMG_20240303_111434_jpg.rf.19659fea8b8a1608c2d9f68f5ccffe22.jpg,train,IMG_20240303_111434,roboflow,ts_underscore,20240303,111434
ElectroCom61 A Multiclass Dataset for Detection of Electronic Components\ElectroCom61\train\images\IMG_20240303_111439_jpg.rf.69a5b3ec0e06b11ce4c41f7894714d14.jpg,train,IMG_20240303_111439,roboflow,ts_underscore,20240303,111439
ElectroCom61 A Multiclass Dataset for Detection of Electronic Components\ElectroCom61\train\images\IMG_20240303_111444_jpg.rf.cb165db89e096a5674c2f1942230c559.jpg,train,IMG_20240303_111444,roboflow,ts_underscore,20240303,111444
ElectroCom61 A Multiclass Dataset for Detection of Electronic Components\ElectroCom61\train\images\IMG_20240303_111456_jpg.rf.8c51610da31af9cffb584bf7837ef931.jpg,train,IMG_20240303_111456,roboflow,ts_underscore,20240303,111456
ElectroCom61 A Multiclass Dataset for Detection of Electronic Components\ElectroCom61\train\images\IMG_20240303_111507_jpg.rf.63493cecacd241524d1a7fb0a0dccea6.jpg,train,IMG_20240303_111507,roboflow,ts_underscore,20240303,111507
ElectroCom61 A Multiclass Dataset for Detection of Electronic Components\ElectroCom61\train\images\IMG_20240303_111519_jpg.rf.162d05da9f14b978dc909efbf4bd2bdc.jpg,train,IMG_20240303_111519,roboflow,ts_underscore,20240303,111519
ElectroCom61 A Multiclass Dataset for Detection of Electronic Components\ElectroCom61\train\images\IMG_20240303_111531_jpg.rf.9f769ef823c8534f21c4ad98eacc766e.jpg,train,IMG_20240303_111531,roboflow,ts_underscore,20240303,111531
ElectroCom61 A Multiclass Dataset for Detection of Electronic Components\ElectroCom61\train\images\IMG_20240303_111535_jpg.rf.95da9127c1dc4421707dfa962385569a.jpg,train,IMG_20240303_111535,roboflow,ts_underscore,20240303,111535
ElectroCom61 A Multiclass Dataset for Detection of Electronic Components\ElectroCom61\train\images\IMG_20240303_111538_jpg.rf.160973c29ab9367a59bd71d60bee0b34.jpg,train,IMG_20240303_111538,roboflow,ts_underscore,20240303,111538
ElectroCom61 A Multiclass Dataset for Detection of Electronic Components\ElectroCom61\train\images\IMG_20240303_111543_jpg.rf.fa92fc5eea5682d041a303b77f6b1b10.jpg,train,IMG_20240303_111543,roboflow,ts_underscore,20240303,111543
ElectroCom61 A Multiclass Dataset for Detection of Electronic Components\ElectroCom61\train\images\IMG_20240303_111548_jpg.rf.61dba229ba7a39303b62fd1888fd2035.jpg,train,IMG_20240303_111548,roboflow,ts_underscore,20240303,111548
ElectroCom61 A Multiclass Dataset for Detection of Electronic Components\ElectroCom61\train\images\IMG_20240306_115233_jpg.rf.7de488491a6ed982ec05c2bc6ca1ddb6.jpg,train,IMG_20240306_115233,roboflow,ts_underscore,20240306,115233
ElectroCom61 A Multiclass Dataset for Detection of Electronic Components\ElectroCom61\train\images\IMG_20240306_115255_jpg.rf.944ddba21aa255071af95ef7f7f5ccfc.jpg,train,IMG_20240306_115255,roboflow,ts_underscore,20240306,115255
ElectroCom61 A Multiclass Dataset for Detection of Electronic Components\ElectroCom61\train\images\IMG_20240306_115333_jpg.rf.2e39563a538290c0e180fe05f658dad1.jpg,train,IMG_20240306_115333,roboflow,ts_underscore,20240306,115333
ElectroCom61 A Multiclass Dataset for Detection of Electronic Components\ElectroCom61\train\images\IMG_20240306_115407_jpg.rf.e68348137c77b08f20da235fdde36c69.jpg,train,IMG_20240306_115407,roboflow,ts_underscore,20240306,115407
ElectroCom61 A Multiclass Dataset for Detection of Electronic Components\ElectroCom61\train\images\IMG_20240306_115417_jpg.rf.530595ff86f9b279ca152ae5f32c7f49.jpg,train,IMG_20240306_115417,roboflow,ts_underscore,20240306,115417
ElectroCom61 A Multiclass Dataset for Detection of Electronic Components\ElectroCom61\train\images\IMG_20240306_115614_jpg.rf.f07b90b5f32db4df944c449b354b5df3.jpg,train,IMG_20240306_115614,roboflow,ts_underscore,20240306,115614
ElectroCom61 A Multiclass Dataset for Detection of Electronic Components\ElectroCom61\train\images\IMG_20240306_115820_jpg.rf.40e71007513541424a4d7886c52be43a.jpg,train,IMG_20240306_115820,roboflow,ts_underscore,20240306,115820
ElectroCom61 A Multiclass Dataset for Detection of Electronic Components\ElectroCom61\train\images\IMG_20240306_115853_jpg.rf.4d1284369b62d9969457f0f72bd8a441.jpg,train,IMG_20240306_115853,roboflow,ts_underscore,20240306,115853
ElectroCom61 A Multiclass Dataset for Detection of Electronic Components\ElectroCom61\train\images\IMG_20240306_115904_jpg.rf.306116a9566be59512c5c4dfe8c9a646.jpg,train,IMG_20240306_115904,roboflow,ts_underscore,20240306,115904
ElectroCom61 A Multiclass Dataset for Detection of Electronic Components\ElectroCom61\train\images\IMG_20240306_115909_jpg.rf.3e4cf88f4d7b24f3447fac54274cb5be.jpg,train,IMG_20240306_115909,roboflow,ts_underscore,20240306,115909
ElectroCom61 A Multiclass Dataset for Detection of Electronic Components\ElectroCom61\train\images\IMG_20240306_115935_jpg.rf.0fa39e2b35ccc99424a420b4060514c0.jpg,train,IMG_20240306_115935,roboflow,ts_underscore,20240306,115935
ElectroCom61 A Multiclass Dataset for Detection of Electronic Components\ElectroCom61\train\images\IMG_20240306_115939_jpg.rf.397f9ca20aef0f0c72c32365e8774f0c.jpg,train,IMG_20240306_115939,roboflow,ts_underscore,20240306,115939
ElectroCom61 A Multiclass Dataset for Detection of Electronic Components\ElectroCom61\train\images\IMG_20240306_115946_jpg.rf.cfaef51108449d4bffc23f85b16a7a8b.jpg,train,IMG_20240306_115946,roboflow,ts_underscore,20240306,115946
ElectroCom61 A Multiclass Dataset for Detection of Electronic Components\ElectroCom61\train\images\IMG_20240306_115952_jpg.rf.fa6314a80b4909c479d0382cd12ae93b.jpg,train,IMG_20240306_115952,roboflow,ts_underscore,20240306,115952
ElectroCom61 A Multiclass Dataset for Detection of Electronic Components\ElectroCom61\train\images\IMG_20240306_115958_jpg.rf.a7c91cde8be4f9144c8d37da6cf2730d.jpg,train,IMG_20240306_115958,roboflow,ts_underscore,20240306,115958
ElectroCom61 A Multiclass Dataset for Detection of Electronic Components\ElectroCom61\train\images\IMG_20240306_120005_jpg.rf.46d1b21aa666e6e1fd5cf7017c9a0003.jpg,train,IMG_20240306_120005,roboflow,ts_underscore,20240306,120005
ElectroCom61 A Multiclass Dataset for Detection of Electronic Components\ElectroCom61\train\images\IMG_20240306_120034_jpg.rf.2d29ffab2c5d1700929f356f4bcabbbf.jpg,train,IMG_20240306_120034,roboflow,ts_underscore,20240306,120034
ElectroCom61 A Multiclass Dataset for Detection of Electronic Components\ElectroCom61\train\images\IMG_20240306_120039_jpg.rf.c2f34be3521670c43bbfb80fe51e798e.jpg,train,IMG_20240306_120039,roboflow,ts_underscore,20240306,120039
ElectroCom61 A Multiclass Dataset for Detection of Electronic Components\ElectroCom61\train\images\IMG_20240306_120047_jpg.rf.60142546c77ed542a11d947fc2f0155d.jpg,train,IMG_20240306_120047,roboflow,ts_underscore,20240306,120047
ElectroCom61 A Multiclass Dataset for Detection of Electronic Components\ElectroCom61\train\images\IMG_20240306_120051_jpg.rf.75382bf1b64c026555611afc714115dc.jpg,train,IMG_20240306_120051,roboflow,ts_underscore,20240306,120051
ElectroCom61 A Multiclass Dataset for Detection of Electronic Components\ElectroCom61\train\images\IMG_20240306_120055_jpg.rf.3d79191399c6f35b280a5e7e49062376.jpg,train,IMG_20240306_120055,roboflow,ts_underscore,20240306,120055
ElectroCom61 A Multiclass Dataset for Detection of Electronic Components\ElectroCom61\train\images\IMG_20240306_120102_jpg.rf.e2d037bc978e8fd3c300ff91fd895dee.jpg,train,IMG_20240306_120102,roboflow,ts_underscore,20240306,120102
ElectroCom61 A Multiclass Dataset for Detection of Electronic Components\ElectroCom61\train\images\IMG_20240306_120107_jpg.rf.17ff004ae723039ca9aa05ac6ed8e1e0.jpg,train,IMG_20240306_120107,roboflow,ts_underscore,20240306,120107
ElectroCom61 A Multiclass Dataset for Detection of Electronic Components\ElectroCom61\train\images\IMG_20240306_120116_jpg.rf.b47162ddce026633c3422a975ce42af3.jpg,train,IMG_20240306_120116,roboflow,ts_underscore,20240306,120116
ElectroCom61 A Multiclass Dataset for Detection of Electronic Components\ElectroCom61\train\images\IMG_20240306_120223_jpg.rf.eaeb62affe369a73ce5a0d041fa337e7.jpg,train,IMG_20240306_120223,roboflow,ts_underscore,20240306,120223
ElectroCom61 A Multiclass Dataset for Detection of Electronic Components\ElectroCom61\train\images\IMG_20240306_120243_jpg.rf.36bebe89abc013f94ad0fd058e0ca4cb.jpg,train,IMG_20240306_120243,roboflow,ts_underscore,20240306,120243
ElectroCom61 A Multiclass Dataset for Detection of Electronic Components\ElectroCom61\train\images\IMG_20240306_120248_jpg.rf.227bdcbfc0b45660b902d351d3d53dee.jpg,train,IMG_20240306_120248,roboflow,ts_underscore,20240306,120248
ElectroCom61 A Multiclass Dataset for Detection of Electronic Components\ElectroCom61\train\images\IMG_20240306_120303_jpg.rf.852fa3bd61fb0b3029be469a012556d6.jpg,train,IMG_20240306_120303,roboflow,ts_underscore,20240306,120303
ElectroCom61 A Multiclass Dataset for Detection of Electronic Components\ElectroCom61\train\images\IMG_20240306_120310_jpg.rf.a10da21503f112f7b1fc79ff3595a207.jpg,train,IMG_20240306_120310,roboflow,ts_underscore,20240306,120310
ElectroCom61 A Multiclass Dataset for Detection of Electronic Components\ElectroCom61\train\images\IMG_20240306_120326_jpg.rf.5e7945eefa9b829965398c8bac987c53.jpg,train,IMG_20240306_120326,roboflow,ts_underscore,20240306,120326
ElectroCom61 A Multiclass Dataset for Detection of Electronic Components\ElectroCom61\train\images\IMG_20240306_120333_jpg.rf.ed2e8ab9e0496e8ca878f00844b4aa76.jpg,train,IMG_20240306_120333,roboflow,ts_underscore,20240306,120333
ElectroCom61 A Multiclass Dataset for Detection of Electronic Components\ElectroCom61\train\images\IMG_20240306_120340_jpg.rf.b2225f73ad106d31f77111b6f1e9a872.jpg,train,IMG_20240306_120340,roboflow,ts_underscore,20240306,120340
ElectroCom61 A Multiclass Dataset for Detection of Electronic Components\ElectroCom61\train\images\IMG_20240306_120346_jpg.rf.900f28fc7eebc1172048b1d3b3be4d1f.jpg,train,IMG_20240306_120346,roboflow,ts_underscore,20240306,120346
ElectroCom61 A Multiclass Dataset for Detection of Electronic Components\ElectroCom61\train\images\IMG_20240306_120423_jpg.rf.731b39acf0502d46d84bf58dd5bec336.jpg,train,IMG_20240306_120423,roboflow,ts_underscore,20240306,120423
ElectroCom61 A Multiclass Dataset for Detection of Electronic Components\ElectroCom61\train\images\IMG_20240306_120440_jpg.rf.783a9be5990f90ea14a93a836faadb54.jpg,train,IMG_20240306_120440,roboflow,ts_underscore,20240306,120440
ElectroCom61 A Multiclass Dataset for Detection of Electronic Components\ElectroCom61\train\images\IMG_20240306_120446_jpg.rf.0e9a5ed871d75b69e9b8ab9796d26a37.jpg,train,IMG_20240306_120446,roboflow,ts_underscore,20240306,120446
ElectroCom61 A Multiclass Dataset for Detection of Electronic Components\ElectroCom61\train\images\IMG_20240306_120451_jpg.rf.e9b1334978debcd6216cd6f425e8f03b.jpg,train,IMG_20240306_120451,roboflow,ts_underscore,20240306,120451
ElectroCom61 A Multiclass Dataset for Detection of Electronic Components\ElectroCom61\train\images\IMG_20240306_120655_jpg.rf.94ec8e841e2452c5b265c783cdd67ea0.jpg,train,IMG_20240306_120655,roboflow,ts_underscore,20240306,120655
ElectroCom61 A Multiclass Dataset for Detection of Electronic Components\ElectroCom61\train\images\IMG_20240306_120700_jpg.rf.7c7738cc55827952007d22b32c2e3c50.jpg,train,IMG_20240306_120700,roboflow,ts_underscore,20240306,120700
ElectroCom61 A Multiclass Dataset for Detection of Electronic Components\ElectroCom61\train\images\IMG_20240306_120713_jpg.rf.900922e2b977ea9e5b8f0a4ed01b1704.jpg,train,IMG_20240306_120713,roboflow,ts_underscore,20240306,120713
ElectroCom61 A Multiclass Dataset for Detection of Electronic Components\ElectroCom61\train\images\IMG_20240306_120745_jpg.rf.73bcd2101b0ad97c101c8b33c5ae9853.jpg,train,IMG_20240306_120745,roboflow,ts_underscore,20240306,120745
ElectroCom61 A Multiclass Dataset for Detection of Electronic Components\ElectroCom61\train\images\IMG_20240306_120824_jpg.rf.41ba6c05ff4312488e57de8795af18ce.jpg,train,IMG_20240306_120824,roboflow,ts_underscore,20240306,120824
ElectroCom61 A Multiclass Dataset for Detection of Electronic Components\ElectroCom61\train\images\IMG_20240306_120829_jpg.rf.ec3c29d1cb410f8e54ac4ec6ae03e78a.jpg,train,IMG_20240306_120829,roboflow,ts_underscore,20240306,120829
ElectroCom61 A Multiclass Dataset for Detection of Electronic Components\ElectroCom61\train\images\IMG_20240306_120834_jpg.rf.ce0856097cadae4f34ac8f3b2f3bd53f.jpg,train,IMG_20240306_120834,roboflow,ts_underscore,20240306,120834
ElectroCom61 A Multiclass Dataset for Detection of Electronic Components\ElectroCom61\train\images\IMG_20240306_120838_jpg.rf.6925ff2d5862426d1e744b1ab6b4589e.jpg,train,IMG_20240306_120838,roboflow,ts_underscore,20240306,120838
ElectroCom61 A Multiclass Dataset for Detection of Electronic Components\ElectroCom61\train\images\IMG_20240306_120843_jpg.rf.547ee311a7f1b5512c11aefb818a9392.jpg,train,IMG_20240306_120843,roboflow,ts_underscore,20240306,120843
ElectroCom61 A Multiclass Dataset for Detection of Electronic Components\ElectroCom61\train\images\IMG_20240306_120903_jpg.rf.9a6c07fabb9457f4c2a05bb1dc37ec9b.jpg,train,IMG_20240306_120903,roboflow,ts_underscore,20240306,120903
ElectroCom61 A Multiclass Dataset for Detection of Electronic Components\ElectroCom61\train\images\IMG_20240306_120915_jpg.rf.f1d834f311f81269338c93049be0d426.jpg,train,IMG_20240306_120915,roboflow,ts_underscore,20240306,120915
ElectroCom61 A Multiclass Dataset for Detection of Electronic Components\ElectroCom61\train\images\IMG_20240306_120922_jpg.rf.1dfacf0933b6c04cd35c26e8558f9b22.jpg,train,IMG_20240306_120922,roboflow,ts_underscore,20240306,120922
ElectroCom61 A Multiclass Dataset for Detection of Electronic Components\ElectroCom61\train\images\IMG_20240306_120926_jpg.rf.12a91a7d6e035ef03c2d244a77737fae.jpg,train,IMG_20240306_120926,roboflow,ts_underscore,20240306,120926
ElectroCom61 A Multiclass Dataset for Detection of Electronic Components\ElectroCom61\train\images\IMG_20240306_120931_jpg.rf.aa85573f5ea20bf2a711cb80a70f7783.jpg,train,IMG_20240306_120931,roboflow,ts_underscore,20240306,120931
ElectroCom61 A Multiclass Dataset for Detection of Electronic Components\ElectroCom61\train\images\IMG_20240306_120936_jpg.rf.ae26c78c94bf4f4394bdd7eeb614e868.jpg,train,IMG_20240306_120936,roboflow,ts_underscore,20240306,120936
ElectroCom61 A Multiclass Dataset for Detection of Electronic Components\ElectroCom61\train\images\IMG_20240306_120953_jpg.rf.eb9eb78df2b3337d28c702efce8ea4c9.jpg,train,IMG_20240306_120953,roboflow,ts_underscore,20240306,120953
ElectroCom61 A Multiclass Dataset for Detection of Electronic Components\ElectroCom61\train\images\IMG_20240306_121000_jpg.rf.382a659b7a279a09a7bc387873a8fc44.jpg,train,IMG_20240306_121000,roboflow,ts_underscore,20240306,121000
ElectroCom61 A Multiclass Dataset for Detection of Electronic Components\ElectroCom61\train\images\IMG_20240306_143330_jpg.rf.6d17e719f0afb38991ac40cedfeb29f1.jpg,train,IMG_20240306_143330,roboflow,ts_underscore,20240306,143330
ElectroCom61 A Multiclass Dataset for Detection of Electronic Components\ElectroCom61\train\images\IMG_20240306_143333_jpg.rf.e05d6a23846fce2e9ee62921cbc65242.jpg,train,IMG_20240306_143333,roboflow,ts_underscore,20240306,143333
ElectroCom61 A Multiclass Dataset for Detection of Electronic Components\ElectroCom61\train\images\IMG_20240306_143338_jpg.rf.312f9edb3443d5511e1f3dd87b6ec295.jpg,train,IMG_20240306_143338,roboflow,ts_underscore,20240306,143338
ElectroCom61 A Multiclass Dataset for Detection of Electronic Components\ElectroCom61\train\images\IMG_20240306_143344_jpg.rf.1d8b6a1cc86c36244b4415194a5b90d9.jpg,train,IMG_20240306_143344,roboflow,ts_underscore,20240306,143344
ElectroCom61 A Multiclass Dataset for Detection of Electronic Components\ElectroCom61\train\images\IMG_20240306_143347_jpg.rf.40c4e0e529f6a322d33f292c7f518ec9.jpg,train,IMG_20240306_143347,roboflow,ts_underscore,20240306,143347
ElectroCom61 A Multiclass Dataset for Detection of Electronic Components\ElectroCom61\train\images\IMG_20240306_143413_jpg.rf.d4b26f1d3c49cc3596f9377dfa14bd4b.jpg,train,IMG_20240306_143413,roboflow,ts_underscore,20240306,143413
ElectroCom61 A Multiclass Dataset for Detection of Electronic Components\ElectroCom61\train\images\IMG_20240306_143418_jpg.rf.321704d3451bb76fc36105ef5e0613ef.jpg,train,IMG_20240306_143418,roboflow,ts_underscore,20240306,143418
ElectroCom61 A Multiclass Dataset for Detection of Electronic Components\ElectroCom61\train\images\IMG_20240306_143454_jpg.rf.c909f74319c355d88bf365dcd5f67941.jpg,train,IMG_20240306_143454,roboflow,ts_underscore,20240306,143454
ElectroCom61 A Multiclass Dataset for Detection of Electronic Components\ElectroCom61\train\images\IMG_20240306_143501_jpg.rf.0ede456237431f77f89fa6375f4f4a24.jpg,train,IMG_20240306_143501,roboflow,ts_underscore,20240306,143501
ElectroCom61 A Multiclass Dataset for Detection of Electronic Components\ElectroCom61\train\images\IMG_20240306_143504_jpg.rf.7c6bb70ed9c979c8cbf37aab21ddcfa7.jpg,train,IMG_20240306_143504,roboflow,ts_underscore,20240306,143504
ElectroCom61 A Multiclass Dataset for Detection of Electronic Components\ElectroCom61\train\images\IMG_20240306_143519_jpg.rf.e43b61b540d125ca320245c4c29be4c8.jpg,train,IMG_20240306_143519,roboflow,ts_underscore,20240306,143519
ElectroCom61 A Multiclass Dataset for Detection of Electronic Components\ElectroCom61\train\images\IMG_20240306_143529_jpg.rf.96f120824d22023a286a30be444f9b87.jpg,train,IMG_20240306_143529,roboflow,ts_underscore,20240306,143529
ElectroCom61 A Multiclass Dataset for Detection of Electronic Components\ElectroCom61\train\images\IMG_20240306_143546_jpg.rf.b6c976f3e8253a7cf795154cc080ce26.jpg,train,IMG_20240306_143546,roboflow,ts_underscore,20240306,143546
ElectroCom61 A Multiclass Dataset for Detection of Electronic Components\ElectroCom61\train\images\IMG_20240306_143549_jpg.rf.1a80848546bf578a08619634a8e91bb4.jpg,train,IMG_20240306_143549,roboflow,ts_underscore,20240306,143549
ElectroCom61 A Multiclass Dataset for Detection of Electronic Components\ElectroCom61\train\images\IMG_20240306_143552_jpg.rf.8fce3f65efb3581657ba554783c51cf6.jpg,train,IMG_20240306_143552,roboflow,ts_underscore,20240306,143552
ElectroCom61 A Multiclass Dataset for Detection of Electronic Components\ElectroCom61\train\images\IMG_20240306_143627_jpg.rf.b559e7dc73454186afe86714047a6515.jpg,train,IMG_20240306_143627,roboflow,ts_underscore,20240306,143627
ElectroCom61 A Multiclass Dataset for Detection of Electronic Components\ElectroCom61\train\images\IMG_20240306_143629_jpg.rf.b5c58f0df1c417d9f8ef8d42a52ff0ca.jpg,train,IMG_20240306_143629,roboflow,ts_underscore,20240306,143629
ElectroCom61 A Multiclass Dataset for Detection of Electronic Components\ElectroCom61\train\images\IMG_20240306_143657_jpg.rf.80067d459a6fb07847cb134ee1b71400.jpg,train,IMG_20240306_143657,roboflow,ts_underscore,20240306,143657
ElectroCom61 A Multiclass Dataset for Detection of Electronic Components\ElectroCom61\train\images\IMG_20240306_143704_jpg.rf.1e73afa509cb04112d31208bb5268bf7.jpg,train,IMG_20240306_143704,roboflow,ts_underscore,20240306,143704
ElectroCom61 A Multiclass Dataset for Detection of Electronic Components\ElectroCom61\train\images\IMG_20240306_143713_jpg.rf.4f85bef92b101497331c8ea8f9115585.jpg,train,IMG_20240306_143713,roboflow,ts_underscore,20240306,143713
ElectroCom61 A Multiclass Dataset for Detection of Electronic Components\ElectroCom61\train\images\IMG_20240306_143718_jpg.rf.a582f13d7b03523986cc1258942ea743.jpg,train,IMG_20240306_143718,roboflow,ts_underscore,20240306,143718
ElectroCom61 A Multiclass Dataset for Detection of Electronic Components\ElectroCom61\train\images\IMG_20240306_143733_jpg.rf.f87a67d6a9112fb2b5072e644e7a2466.jpg,train,IMG_20240306_143733,roboflow,ts_underscore,20240306,143733
ElectroCom61 A Multiclass Dataset for Detection of Electronic Components\ElectroCom61\train\images\IMG_20240306_143750_jpg.rf.7342b036dbc2b56f6bc343a942e85d04.jpg,train,IMG_20240306_143750,roboflow,ts_underscore,20240306,143750
ElectroCom61 A Multiclass Dataset for Detection of Electronic Components\ElectroCom61\train\images\IMG_20240306_143805_jpg.rf.e2a5d26f0bce712e899cc76c01ae700a.jpg,train,IMG_20240306_143805,roboflow,ts_underscore,20240306,143805
ElectroCom61 A Multiclass Dataset for Detection of Electronic Components\ElectroCom61\train\images\IMG_20240306_143811_jpg.rf.c35072ecf80e815812ea524be48a2222.jpg,train,IMG_20240306_143811,roboflow,ts_underscore,20240306,143811
ElectroCom61 A Multiclass Dataset for Detection of Electronic Components\ElectroCom61\train\images\IMG_20240306_143818_jpg.rf.f5a07cb1e5fe752ad142dffcbbb73dac.jpg,train,IMG_20240306_143818,roboflow,ts_underscore,20240306,143818
ElectroCom61 A Multiclass Dataset for Detection of Electronic Components\ElectroCom61\train\images\IMG_20240306_143836_jpg.rf.c70763b41bc76df981bdf6c7c570b3b8.jpg,train,IMG_20240306_143836,roboflow,ts_underscore,20240306,143836
ElectroCom61 A Multiclass Dataset for Detection of Electronic Components\ElectroCom61\train\images\IMG_20240306_143839_jpg.rf.89f38a777f9029bc03d2f3fe3dacf4eb.jpg,train,IMG_20240306_143839,roboflow,ts_underscore,20240306,143839
ElectroCom61 A Multiclass Dataset for Detection of Electronic Components\ElectroCom61\train\images\IMG_20240306_143844_jpg.rf.7ffe3824fb5d314f1dafa0fb4f7a4f7d.jpg,train,IMG_20240306_143844,roboflow,ts_underscore,20240306,143844
ElectroCom61 A Multiclass Dataset for Detection of Electronic Components\ElectroCom61\train\images\IMG_20240306_143849_jpg.rf.89a22a7b1e1b52b21b3c0fc7e00a7e59.jpg,train,IMG_20240306_143849,roboflow,ts_underscore,20240306,143849
ElectroCom61 A Multiclass Dataset for Detection of Electronic Components\ElectroCom61\train\images\IMG_20240306_143945_jpg.rf.669e6e9bdacfb8ecc04d5260f26133a8.jpg,train,IMG_20240306_143945,roboflow,ts_underscore,20240306,143945
ElectroCom61 A Multiclass Dataset for Detection of Electronic Components\ElectroCom61\train\images\IMG_20240306_143948_jpg.rf.c9af1ca1754271b70bf1e264fe127964.jpg,train,IMG_20240306_143948,roboflow,ts_underscore,20240306,143948
ElectroCom61 A Multiclass Dataset for Detection of Electronic Components\ElectroCom61\train\images\IMG_20240306_143951_jpg.rf.a33ae2a40869081c9c701ef4e1ccb5da.jpg,train,IMG_20240306_143951,roboflow,ts_underscore,20240306,143951
ElectroCom61 A Multiclass Dataset for Detection of Electronic Components\ElectroCom61\train\images\IMG_20240306_143955_jpg.rf.4d535dbc568daad014224a22e94f6b82.jpg,train,IMG_20240306_143955,roboflow,ts_underscore,20240306,143955
ElectroCom61 A Multiclass Dataset for Detection of Electronic Components\ElectroCom61\train\images\IMG_20240306_144014_jpg.rf.17e70a5378e26f619419994335919076.jpg,train,IMG_20240306_144014,roboflow,ts_underscore,20240306,144014
ElectroCom61 A Multiclass Dataset for Detection of Electronic Components\ElectroCom61\train\images\IMG_20240306_144020_jpg.rf.f169f74cf93987506501bed46509d872.jpg,train,IMG_20240306_144020,roboflow,ts_underscore,20240306,144020
ElectroCom61 A Multiclass Dataset for Detection of Electronic Components\ElectroCom61\train\images\IMG_20240306_144027_jpg.rf.18997fe90e747cb2824371e250f54e22.jpg,train,IMG_20240306_144027,roboflow,ts_underscore,20240306,144027
ElectroCom61 A Multiclass Dataset for Detection of Electronic Components\ElectroCom61\train\images\IMG_20240306_144038_jpg.rf.0e4d7943d2b400fbdf900c2158441e90.jpg,train,IMG_20240306_144038,roboflow,ts_underscore,20240306,144038
ElectroCom61 A Multiclass Dataset for Detection of Electronic Components\ElectroCom61\train\images\IMG_20240306_144136_jpg.rf.15fcd835b56994f19b423d6fc4d6b5a9.jpg,train,IMG_20240306_144136,roboflow,ts_underscore,20240306,144136
ElectroCom61 A Multiclass Dataset for Detection of Electronic Components\ElectroCom61\train\images\IMG_20240306_144157_jpg.rf.115a2e3fbb9572662cd2a7f82fccde52.jpg,train,IMG_20240306_144157,roboflow,ts_underscore,20240306,144157
ElectroCom61 A Multiclass Dataset for Detection of Electronic Components\ElectroCom61\train\images\IMG_20240306_144207_jpg.rf.826f2ace79a00f038077e99832610adb.jpg,train,IMG_20240306_144207,roboflow,ts_underscore,20240306,144207
ElectroCom61 A Multiclass Dataset for Detection of Electronic Components\ElectroCom61\train\images\IMG_20240306_144210_jpg.rf.d4a0f135e295c84bd71ad340eb4965e9.jpg,train,IMG_20240306_144210,roboflow,ts_underscore,20240306,144210
ElectroCom61 A Multiclass Dataset for Detection of Electronic Components\ElectroCom61\train\images\IMG_20240306_144218_jpg.rf.e8b2e237323881ec3025040b9eee5b15.jpg,train,IMG_20240306_144218,roboflow,ts_underscore,20240306,144218
ElectroCom61 A Multiclass Dataset for Detection of Electronic Components\ElectroCom61\train\images\IMG_20240309_112451_jpg.rf.b36b41c75d45bd825ae239badb1224d1.jpg,train,IMG_20240309_112451,roboflow,ts_underscore,20240309,112451
ElectroCom61 A Multiclass Dataset for Detection of Electronic Components\ElectroCom61\train\images\IMG_20240309_112457_jpg.rf.b8d01ca7eaefdb86a17c78a341094f47.jpg,train,IMG_20240309_112457,roboflow,ts_underscore,20240309,112457
ElectroCom61 A Multiclass Dataset for Detection of Electronic Components\ElectroCom61\train\images\IMG_20240309_112509_jpg.rf.62e40f9aba678c9171752f811e0ff5b8.jpg,train,IMG_20240309_112509,roboflow,ts_underscore,20240309,112509
ElectroCom61 A Multiclass Dataset for Detection of Electronic Components\ElectroCom61\train\images\IMG_20240309_112525_jpg.rf.392b81a2222551971abef4a5684a1cfa.jpg,train,IMG_20240309_112525,roboflow,ts_underscore,20240309,112525
ElectroCom61 A Multiclass Dataset for Detection of Electronic Components\ElectroCom61\train\images\IMG_20240309_112530_jpg.rf.12b1af4928a43fff85eee8ee92cdefc9.jpg,train,IMG_20240309_112530,roboflow,ts_underscore,20240309,112530
ElectroCom61 A Multiclass Dataset for Detection of Electronic Components\ElectroCom61\train\images\IMG_20240309_112534_jpg.rf.459609b62b81381877138b728465c878.jpg,train,IMG_20240309_112534,roboflow,ts_underscore,20240309,112534
ElectroCom61 A Multiclass Dataset for Detection of Electronic Components\ElectroCom61\train\images\IMG_20240309_112559_jpg.rf.6626c5286da520a7e1b3d21e714a55e4.jpg,train,IMG_20240309_112559,roboflow,ts_underscore,20240309,112559
ElectroCom61 A Multiclass Dataset for Detection of Electronic Components\ElectroCom61\train\images\IMG_20240309_112621_jpg.rf.a62c8ab647e45b51472c32c107cc285b.jpg,train,IMG_20240309_112621,roboflow,ts_underscore,20240309,112621
ElectroCom61 A Multiclass Dataset for Detection of Electronic Components\ElectroCom61\train\images\IMG_20240309_112630_jpg.rf.303ce1c3bec86d5d1afb3382decf8d85.jpg,train,IMG_20240309_112630,roboflow,ts_underscore,20240309,112630
ElectroCom61 A Multiclass Dataset for Detection of Electronic Components\ElectroCom61\train\images\IMG_20240309_112651_jpg.rf.f3d644d9870398f37bd1a9f89e7516dd.jpg,train,IMG_20240309_112651,roboflow,ts_underscore,20240309,112651
ElectroCom61 A Multiclass Dataset for Detection of Electronic Components\ElectroCom61\train\images\IMG_20240309_112703_jpg.rf.4c6be1484dc5112b98d838936adffe9a.jpg,train,IMG_20240309_112703,roboflow,ts_underscore,20240309,112703
ElectroCom61 A Multiclass Dataset for Detection of Electronic Components\ElectroCom61\train\images\IMG_20240309_112710_jpg.rf.94e037a2ed07f294e1070d7b356db856.jpg,train,IMG_20240309_112710,roboflow,ts_underscore,20240309,112710
ElectroCom61 A Multiclass Dataset for Detection of Electronic Components\ElectroCom61\train\images\IMG_20240309_112719_jpg.rf.be9b916bd21ea8de074ee64b805221e9.jpg,train,IMG_20240309_112719,roboflow,ts_underscore,20240309,112719
ElectroCom61 A Multiclass Dataset for Detection of Electronic Components\ElectroCom61\train\images\IMG_20240309_112734_jpg.rf.71e574d018b22e81876f7ae6198bd721.jpg,train,IMG_20240309_112734,roboflow,ts_underscore,20240309,112734
ElectroCom61 A Multiclass Dataset for Detection of Electronic Components\ElectroCom61\train\images\IMG_20240309_112740_jpg.rf.c364b03323bab4cd58a443ff32d35b4b.jpg,train,IMG_20240309_112740,roboflow,ts_underscore,20240309,112740
ElectroCom61 A Multiclass Dataset for Detection of Electronic Components\ElectroCom61\train\images\IMG_20240309_112741_jpg.rf.25b57ffe27765f765d2aef8c6830bd17.jpg,train,IMG_20240309_112741,roboflow,ts_underscore,20240309,112741
ElectroCom61 A Multiclass Dataset for Detection of Electronic Components\ElectroCom61\train\images\IMG_20240309_112756_jpg.rf.aff7be021cb93763539583e9b3ffc7e8.jpg,train,IMG_20240309_112756,roboflow,ts_underscore,20240309,112756
ElectroCom61 A Multiclass Dataset for Detection of Electronic Components\ElectroCom61\train\images\IMG_20240309_112804_jpg.rf.e12baa661ae9784f829549536beaea3a.jpg,train,IMG_20240309_112804,roboflow,ts_underscore,20240309,112804
ElectroCom61 A Multiclass Dataset for Detection of Electronic Components\ElectroCom61\train\images\IMG_20240309_112836_jpg.rf.c7f7a63ef8e033548f32f39ed2844520.jpg,train,IMG_20240309_112836,roboflow,ts_underscore,20240309,112836
ElectroCom61 A Multiclass Dataset for Detection of Electronic Components\ElectroCom61\train\images\IMG_20240309_112845_jpg.rf.32e532c7852722bcc358bc8145fc36a5.jpg,train,IMG_20240309_112845,roboflow,ts_underscore,20240309,112845
ElectroCom61 A Multiclass Dataset for Detection of Electronic Components\ElectroCom61\train\images\IMG_20240309_112929_jpg.rf.427f019be8de8893dcc0a35313636fb1.jpg,train,IMG_20240309_112929,roboflow,ts_underscore,20240309,112929
ElectroCom61 A Multiclass Dataset for Detection of Electronic Components\ElectroCom61\train\images\IMG_20240309_112941_jpg.rf.14de6529dc77603491ec79473ce31e6c.jpg,train,IMG_20240309_112941,roboflow,ts_underscore,20240309,112941
ElectroCom61 A Multiclass Dataset for Detection of Electronic Components\ElectroCom61\train\images\IMG_20240309_112951_jpg.rf.a8b7621b3b372102dde48acb08144325.jpg,train,IMG_20240309_112951,roboflow,ts_underscore,20240309,112951
ElectroCom61 A Multiclass Dataset for Detection of Electronic Components\ElectroCom61\train\images\IMG_20240309_112954_jpg.rf.80a5aa1f978c5052136ef45aabb60b59.jpg,train,IMG_20240309_112954,roboflow,ts_underscore,20240309,112954
ElectroCom61 A Multiclass Dataset for Detection of Electronic Components\ElectroCom61\train\images\IMG_20240309_112959_jpg.rf.b8cc756bf75a05af7d43f1009140c994.jpg,train,IMG_20240309_112959,roboflow,ts_underscore,20240309,112959
ElectroCom61 A Multiclass Dataset for Detection of Electronic Components\ElectroCom61\train\images\IMG_20240309_113009_jpg.rf.12745f93ef5b3ea295fcf42925dd616d.jpg,train,IMG_20240309_113009,roboflow,ts_underscore,20240309,113009
ElectroCom61 A Multiclass Dataset for Detection of Electronic Components\ElectroCom61\train\images\IMG_20240309_113043_jpg.rf.6b067b28a64b3f38e966021bebb6fd21.jpg,train,IMG_20240309_113043,roboflow,ts_underscore,20240309,113043
ElectroCom61 A Multiclass Dataset for Detection of Electronic Components\ElectroCom61\train\images\IMG_20240309_113050_jpg.rf.3e6a545a1cccc1197809a22c59a0b54b.jpg,train,IMG_20240309_113050,roboflow,ts_underscore,20240309,113050
ElectroCom61 A Multiclass Dataset for Detection of Electronic Components\ElectroCom61\train\images\IMG_20240309_113107_jpg.rf.03e1838df8364ef8bfbe531293af607b.jpg,train,IMG_20240309_113107,roboflow,ts_underscore,20240309,113107
ElectroCom61 A Multiclass Dataset for Detection of Electronic Components\ElectroCom61\train\images\IMG_20240309_113113_jpg.rf.e60b230be5901113b5114896d565c6ee.jpg,train,IMG_20240309_113113,roboflow,ts_underscore,20240309,113113
ElectroCom61 A Multiclass Dataset for Detection of Electronic Components\ElectroCom61\train\images\IMG_20240309_113129_jpg.rf.58ddae4d78152b7c23723feb13545b7b.jpg,train,IMG_20240309_113129,roboflow,ts_underscore,20240309,113129
ElectroCom61 A Multiclass Dataset for Detection of Electronic Components\ElectroCom61\train\images\IMG_20240309_113224_jpg.rf.025722bc90356402bc4d147de6ca65c4.jpg,train,IMG_20240309_113224,roboflow,ts_underscore,20240309,113224
ElectroCom61 A Multiclass Dataset for Detection of Electronic Components\ElectroCom61\train\images\IMG_20240309_113229_jpg.rf.645346cdc457f685db763602cc107cf7.jpg,train,IMG_20240309_113229,roboflow,ts_underscore,20240309,113229
ElectroCom61 A Multiclass Dataset for Detection of Electronic Components\ElectroCom61\train\images\IMG_20240309_113400_jpg.rf.bdd246a19b8033fd3fb8ce20efbc592f.jpg,train,IMG_20240309_113400,roboflow,ts_underscore,20240309,113400
ElectroCom61 A Multiclass Dataset for Detection of Electronic Components\ElectroCom61\train\images\IMG_20240309_113424_jpg.rf.83bcd1d8e8f9598ba574bf83dfaf8ffa.jpg,train,IMG_20240309_113424,roboflow,ts_underscore,20240309,113424
ElectroCom61 A Multiclass Dataset for Detection of Electronic Components\ElectroCom61\train\images\IMG_20240309_113430_jpg.rf.4949fbf50f079d2ed1f008781efc75a9.jpg,train,IMG_20240309_113430,roboflow,ts_underscore,20240309,113430
ElectroCom61 A Multiclass Dataset for Detection of Electronic Components\ElectroCom61\train\images\IMG_20240309_113512_jpg.rf.93dcc1192a26822ce5ce533eb99fea29.jpg,train,IMG_20240309_113512,roboflow,ts_underscore,20240309,113512
ElectroCom61 A Multiclass Dataset for Detection of Electronic Components\ElectroCom61\train\images\IMG_20240309_113523_jpg.rf.6f57768be55c638b533af230dc08cb35.jpg,train,IMG_20240309_113523,roboflow,ts_underscore,20240309,113523
ElectroCom61 A Multiclass Dataset for Detection of Electronic Components\ElectroCom61\train\images\IMG_20240309_113555_jpg.rf.a969de487d2443430a390b055f8efe3c.jpg,train,IMG_20240309_113555,roboflow,ts_underscore,20240309,113555
ElectroCom61 A Multiclass Dataset for Detection of Electronic Components\ElectroCom61\train\images\IMG_20240309_113600_jpg.rf.4137d34ee8cc0aee3fce90c096064dba.jpg,train,IMG_20240309_113600,roboflow,ts_underscore,20240309,113600
ElectroCom61 A Multiclass Dataset for Detection of Electronic Components\ElectroCom61\train\images\IMG_20240309_113617_jpg.rf.9d88add955aff15be08d50f5f0d778cd.jpg,train,IMG_20240309_113617,roboflow,ts_underscore,20240309,113617
ElectroCom61 A Multiclass Dataset for Detection of Electronic Components\ElectroCom61\train\images\IMG_20240309_113638_jpg.rf.7ed9d1c1c595b09d3880f1f4c5ee5b1f.jpg,train,IMG_20240309_113638,roboflow,ts_underscore,20240309,113638
ElectroCom61 A Multiclass Dataset for Detection of Electronic Components\ElectroCom61\train\images\IMG_20240309_113647_jpg.rf.5ef89523d20089cdf5bc78775071572e.jpg,train,IMG_20240309_113647,roboflow,ts_underscore,20240309,113647
ElectroCom61 A Multiclass Dataset for Detection of Electronic Components\ElectroCom61\train\images\IMG_20240309_113655_jpg.rf.08ef6e78f6101cf8435c06c8f8ab4766.jpg,train,IMG_20240309_113655,roboflow,ts_underscore,20240309,113655
ElectroCom61 A Multiclass Dataset for Detection of Electronic Components\ElectroCom61\train\images\IMG_20240309_113702_jpg.rf.a823de3a34659686a3bb8943c23808df.jpg,train,IMG_20240309_113702,roboflow,ts_underscore,20240309,113702
ElectroCom61 A Multiclass Dataset for Detection of Electronic Components\ElectroCom61\train\images\IMG_20240309_113717_jpg.rf.0dcad6a568e742f35772ae05cefe537c.jpg,train,IMG_20240309_113717,roboflow,ts_underscore,20240309,113717
ElectroCom61 A Multiclass Dataset for Detection of Electronic Components\ElectroCom61\train\images\IMG_20240309_113727_jpg.rf.4ea5aeeb7221c53c996853013ba8ff6f.jpg,train,IMG_20240309_113727,roboflow,ts_underscore,20240309,113727
ElectroCom61 A Multiclass Dataset for Detection of Electronic Components\ElectroCom61\train\images\IMG_20240309_113733_jpg.rf.0f30e8b01ddef9c40bfc258d657e35f8.jpg,train,IMG_20240309_113733,roboflow,ts_underscore,20240309,113733
ElectroCom61 A Multiclass Dataset for Detection of Electronic Components\ElectroCom61\train\images\IMG_20240309_113740_jpg.rf.dc9ac3a7d8fa0a4773d0fa4d1e317315.jpg,train,IMG_20240309_113740,roboflow,ts_underscore,20240309,113740
ElectroCom61 A Multiclass Dataset for Detection of Electronic Components\ElectroCom61\train\images\IMG_20240309_113749_jpg.rf.60a9ad2daaafcd82105105915fa4dd9d.jpg,train,IMG_20240309_113749,roboflow,ts_underscore,20240309,113749
ElectroCom61 A Multiclass Dataset for Detection of Electronic Components\ElectroCom61\train\images\IMG_20240309_113752_jpg.rf.eb1105e43072554f84e3bbe879225745.jpg,train,IMG_20240309_113752,roboflow,ts_underscore,20240309,113752
ElectroCom61 A Multiclass Dataset for Detection of Electronic Components\ElectroCom61\train\images\IMG_20240309_113804_jpg.rf.9a1290eda8caca7fdb4988245ce6eb1b.jpg,train,IMG_20240309_113804,roboflow,ts_underscore,20240309,113804
ElectroCom61 A Multiclass Dataset for Detection of Electronic Components\ElectroCom61\train\images\IMG_20240309_113816_jpg.rf.7d0142abe5eef3ff0b5af86fb453a3f9.jpg,train,IMG_20240309_113816,roboflow,ts_underscore,20240309,113816
ElectroCom61 A Multiclass Dataset for Detection of Electronic Components\ElectroCom61\train\images\IMG_20240309_113841_jpg.rf.471b77c64cfa0cfd99bd55ae884972b1.jpg,train,IMG_20240309_113841,roboflow,ts_underscore,20240309,113841
ElectroCom61 A Multiclass Dataset for Detection of Electronic Components\ElectroCom61\train\images\IMG_20240309_113845_jpg.rf.9c0dfcdedc16955d728ae599d10cacc1.jpg,train,IMG_20240309_113845,roboflow,ts_underscore,20240309,113845
ElectroCom61 A Multiclass Dataset for Detection of Electronic Components\ElectroCom61\train\images\IMG_20240309_113852_jpg.rf.930ea980f831367351f322cd8278b11d.jpg,train,IMG_20240309_113852,roboflow,ts_underscore,20240309,113852
ElectroCom61 A Multiclass Dataset for Detection of Electronic Components\ElectroCom61\train\images\IMG_20240309_113914_jpg.rf.0c98b686cd48498113e348f71cffac77.jpg,train,IMG_20240309_113914,roboflow,ts_underscore,20240309,113914
ElectroCom61 A Multiclass Dataset for Detection of Electronic Components\ElectroCom61\train\images\IMG_20240309_113936_jpg.rf.dfa91d6da806b2a21fbdaa1ec0c7dc6c.jpg,train,IMG_20240309_113936,roboflow,ts_underscore,20240309,113936
ElectroCom61 A Multiclass Dataset for Detection of Electronic Components\ElectroCom61\train\images\IMG_20240309_113942_jpg.rf.b22cbdbb09de7f1501825711b8bbf480.jpg,train,IMG_20240309_113942,roboflow,ts_underscore,20240309,113942
ElectroCom61 A Multiclass Dataset for Detection of Electronic Components\ElectroCom61\train\images\IMG_20240309_113949_jpg.rf.2de813320a27d61db2efad81df954ace.jpg,train,IMG_20240309_113949,roboflow,ts_underscore,20240309,113949
ElectroCom61 A Multiclass Dataset for Detection of Electronic Components\ElectroCom61\train\images\IMG_20240309_113956_jpg.rf.b4077596cac872675d70fd5883de4571.jpg,train,IMG_20240309_113956,roboflow,ts_underscore,20240309,113956
ElectroCom61 A Multiclass Dataset for Detection of Electronic Components\ElectroCom61\train\images\IMG_20240309_114042_jpg.rf.e971052f53e7627c4dde0fbae6df69e1.jpg,train,IMG_20240309_114042,roboflow,ts_underscore,20240309,114042
ElectroCom61 A Multiclass Dataset for Detection of Electronic Components\ElectroCom61\train\images\IMG_20240309_114100_jpg.rf.b3dc266dc6323747db3b2770c96157a0.jpg,train,IMG_20240309_114100,roboflow,ts_underscore,20240309,114100
ElectroCom61 A Multiclass Dataset for Detection of Electronic Components\ElectroCom61\train\images\IMG_20240309_114116_jpg.rf.311e435d54cd486c46d448021737bd3f.jpg,train,IMG_20240309_114116,roboflow,ts_underscore,20240309,114116
ElectroCom61 A Multiclass Dataset for Detection of Electronic Components\ElectroCom61\train\images\IMG_20240309_114142_jpg.rf.2f97c7a187563c083763bdbabf06e49d.jpg,train,IMG_20240309_114142,roboflow,ts_underscore,20240309,114142
ElectroCom61 A Multiclass Dataset for Detection of Electronic Components\ElectroCom61\train\images\IMG_20240309_114148_jpg.rf.5fc296e4f121d24b69dd9f0cd771a866.jpg,train,IMG_20240309_114148,roboflow,ts_underscore,20240309,114148
ElectroCom61 A Multiclass Dataset for Detection of Electronic Components\ElectroCom61\train\images\IMG_20240309_114154_jpg.rf.210cf72e7193189fabfc03dea0048dfc.jpg,train,IMG_20240309_114154,roboflow,ts_underscore,20240309,114154
ElectroCom61 A Multiclass Dataset for Detection of Electronic Components\ElectroCom61\train\images\IMG_20240309_114200_jpg.rf.61ccdf87377e98435a260a4868123bdd.jpg,train,IMG_20240309_114200,roboflow,ts_underscore,20240309,114200
ElectroCom61 A Multiclass Dataset for Detection of Electronic Components\ElectroCom61\train\images\IMG_20240309_114203_jpg.rf.210931d06b5f9b537283505b20efd4a0.jpg,train,IMG_20240309_114203,roboflow,ts_underscore,20240309,114203
ElectroCom61 A Multiclass Dataset for Detection of Electronic Components\ElectroCom61\train\images\IMG_20240309_114215_jpg.rf.749e3593e585c528e31a58db9ec21e75.jpg,train,IMG_20240309_114215,roboflow,ts_underscore,20240309,114215
ElectroCom61 A Multiclass Dataset for Detection of Electronic Components\ElectroCom61\train\images\IMG_20240309_114244_jpg.rf.d587439a05cb5022be4a0d191c504d4c.jpg,train,IMG_20240309_114244,roboflow,ts_underscore,20240309,114244
ElectroCom61 A Multiclass Dataset for Detection of Electronic Components\ElectroCom61\train\images\IMG_20240309_114350_jpg.rf.4f74f1cf5c05a8c8877786ac1c8e7e66.jpg,train,IMG_20240309_114350,roboflow,ts_underscore,20240309,114350
ElectroCom61 A Multiclass Dataset for Detection of Electronic Components\ElectroCom61\train\images\IMG_20240309_114357_jpg.rf.c66e15d53aa540b5b9ba8abde068af61.jpg,train,IMG_20240309_114357,roboflow,ts_underscore,20240309,114357
ElectroCom61 A Multiclass Dataset for Detection of Electronic Components\ElectroCom61\train\images\IMG_20240309_114401_jpg.rf.863df7c89d8d38ed9143d78569636fb2.jpg,train,IMG_20240309_114401,roboflow,ts_underscore,20240309,114401
ElectroCom61 A Multiclass Dataset for Detection of Electronic Components\ElectroCom61\train\images\IMG_20240309_114407_jpg.rf.de70cffeb9c3cb356c40a5e7c28018bf.jpg,train,IMG_20240309_114407,roboflow,ts_underscore,20240309,114407
ElectroCom61 A Multiclass Dataset for Detection of Electronic Components\ElectroCom61\train\images\IMG_20240309_114455_jpg.rf.b24fb348b113d852f727dd83bc575bcd.jpg,train,IMG_20240309_114455,roboflow,ts_underscore,20240309,114455
ElectroCom61 A Multiclass Dataset for Detection of Electronic Components\ElectroCom61\train\images\IMG_20240309_114503_jpg.rf.185925939f76b6f0a38d94a15679a015.jpg,train,IMG_20240309_114503,roboflow,ts_underscore,20240309,114503
ElectroCom61 A Multiclass Dataset for Detection of Electronic Components\ElectroCom61\train\images\IMG_20240309_114513_jpg.rf.ff25d65b4f63b4418257c758c79e1b40.jpg,train,IMG_20240309_114513,roboflow,ts_underscore,20240309,114513
ElectroCom61 A Multiclass Dataset for Detection of Electronic Components\ElectroCom61\train\images\IMG_20240309_114538_jpg.rf.70bdb39a7f27fba707eb1935a6750706.jpg,train,IMG_20240309_114538,roboflow,ts_underscore,20240309,114538
ElectroCom61 A Multiclass Dataset for Detection of Electronic Components\ElectroCom61\train\images\IMG_20240309_114605_jpg.rf.bfa1eca270d31dc9288b4d39ff3f4e3f.jpg,train,IMG_20240309_114605,roboflow,ts_underscore,20240309,114605
ElectroCom61 A Multiclass Dataset for Detection of Electronic Components\ElectroCom61\train\images\IMG_20240309_114609_jpg.rf.b2b0538ff17908e77fee1d9c2aaf2989.jpg,train,IMG_20240309_114609,roboflow,ts_underscore,20240309,114609
ElectroCom61 A Multiclass Dataset for Detection of Electronic Components\ElectroCom61\train\images\IMG_20240309_114613_jpg.rf.2bba4f2c48db53b6c3946d7f09b300c4.jpg,train,IMG_20240309_114613,roboflow,ts_underscore,20240309,114613
ElectroCom61 A Multiclass Dataset for Detection of Electronic Components\ElectroCom61\train\images\IMG_20240309_114638_jpg.rf.fc1d38cf8beeed5ba9fb2feee0975d09.jpg,train,IMG_20240309_114638,roboflow,ts_underscore,20240309,114638
ElectroCom61 A Multiclass Dataset for Detection of Electronic Components\ElectroCom61\train\images\IMG_20240309_114649_jpg.rf.691802652e3abaf1ed57e519e00edb4c.jpg,train,IMG_20240309_114649,roboflow,ts_underscore,20240309,114649
ElectroCom61 A Multiclass Dataset for Detection of Electronic Components\ElectroCom61\train\images\IMG_20240309_114655_jpg.rf.651dc818fd03ccab3890800eb9a994ec.jpg,train,IMG_20240309_114655,roboflow,ts_underscore,20240309,114655
ElectroCom61 A Multiclass Dataset for Detection of Electronic Components\ElectroCom61\train\images\IMG_20240309_114746_jpg.rf.4a8dcd8c2786a89c06cfb2bed9252c17.jpg,train,IMG_20240309_114746,roboflow,ts_underscore,20240309,114746
ElectroCom61 A Multiclass Dataset for Detection of Electronic Components\ElectroCom61\train\images\IMG_20240309_114751_jpg.rf.35f0af0a85ab4f563d429b3fecf21e5f.jpg,train,IMG_20240309_114751,roboflow,ts_underscore,20240309,114751
ElectroCom61 A Multiclass Dataset for Detection of Electronic Components\ElectroCom61\train\images\IMG_20240309_114800_jpg.rf.a520b712e97cbd71dc0bdf92d5ac6fa3.jpg,train,IMG_20240309_114800,roboflow,ts_underscore,20240309,114800
ElectroCom61 A Multiclass Dataset for Detection of Electronic Components\ElectroCom61\train\images\IMG_20240309_114826_jpg.rf.a3273c523060c67dbfd0fdcf09f159df.jpg,train,IMG_20240309_114826,roboflow,ts_underscore,20240309,114826
ElectroCom61 A Multiclass Dataset for Detection of Electronic Components\ElectroCom61\train\images\IMG_20240309_114832_jpg.rf.ba10f33061fbef69ece8fb177d25599c.jpg,train,IMG_20240309_114832,roboflow,ts_underscore,20240309,114832
ElectroCom61 A Multiclass Dataset for Detection of Electronic Components\ElectroCom61\train\images\IMG_20240309_114837_jpg.rf.1698b4e1409544cf674cb30d9fa9548c.jpg,train,IMG_20240309_114837,roboflow,ts_underscore,20240309,114837
ElectroCom61 A Multiclass Dataset for Detection of Electronic Components\ElectroCom61\train\images\IMG_20240309_114854_jpg.rf.f4306d5fe9a7acaea01baa1e10848a09.jpg,train,IMG_20240309_114854,roboflow,ts_underscore,20240309,114854
ElectroCom61 A Multiclass Dataset for Detection of Electronic Components\ElectroCom61\train\images\IMG_20240309_114923_jpg.rf.f732a8a976f6cc51c9276781c0fc83e7.jpg,train,IMG_20240309_114923,roboflow,ts_underscore,20240309,114923
ElectroCom61 A Multiclass Dataset for Detection of Electronic Components\ElectroCom61\train\images\IMG_20240309_114926_jpg.rf.dd61a004588c4792dda566c90ed73300.jpg,train,IMG_20240309_114926,roboflow,ts_underscore,20240309,114926
ElectroCom61 A Multiclass Dataset for Detection of Electronic Components\ElectroCom61\train\images\IMG_20240309_114930_jpg.rf.6f3f52420fa3cb348ad2b0ec37bbbc7f.jpg,train,IMG_20240309_114930,roboflow,ts_underscore,20240309,114930
ElectroCom61 A Multiclass Dataset for Detection of Electronic Components\ElectroCom61\train\images\IMG_20240309_114934_jpg.rf.b4b1a64ee6617aadb21fd137e8b437a9.jpg,train,IMG_20240309_114934,roboflow,ts_underscore,20240309,114934
ElectroCom61 A Multiclass Dataset for Detection of Electronic Components\ElectroCom61\train\images\IMG_20240309_114937_jpg.rf.cb4413f8f1836724c568b0f415835237.jpg,train,IMG_20240309_114937,roboflow,ts_underscore,20240309,114937
ElectroCom61 A Multiclass Dataset for Detection of Electronic Components\ElectroCom61\train\images\IMG_20240309_114954_jpg.rf.dcfd724253aa08eba949f73ba6d4d765.jpg,train,IMG_20240309_114954,roboflow,ts_underscore,20240309,114954
ElectroCom61 A Multiclass Dataset for Detection of Electronic Components\ElectroCom61\train\images\IMG_20240309_115021_jpg.rf.add3a312e11f52e774e8f4aec14740c8.jpg,train,IMG_20240309_115021,roboflow,ts_underscore,20240309,115021
ElectroCom61 A Multiclass Dataset for Detection of Electronic Components\ElectroCom61\train\images\IMG_20240309_115024_jpg.rf.390aae7a581d04653da75f77a1b7f9b1.jpg,train,IMG_20240309_115024,roboflow,ts_underscore,20240309,115024
ElectroCom61 A Multiclass Dataset for Detection of Electronic Components\ElectroCom61\train\images\IMG_20240309_115029_jpg.rf.737c4cd27187086585895058c194688a.jpg,train,IMG_20240309_115029,roboflow,ts_underscore,20240309,115029
ElectroCom61 A Multiclass Dataset for Detection of Electronic Components\ElectroCom61\train\images\IMG_20240309_115105_jpg.rf.dbe0f9b46cdc06d4a6aece97fb3f2ea4.jpg,train,IMG_20240309_115105,roboflow,ts_underscore,20240309,115105
ElectroCom61 A Multiclass Dataset for Detection of Electronic Components\ElectroCom61\train\images\IMG_20240309_115136_jpg.rf.a6cc807b287a4e1773ac87634fba83c0.jpg,train,IMG_20240309_115136,roboflow,ts_underscore,20240309,115136
ElectroCom61 A Multiclass Dataset for Detection of Electronic Components\ElectroCom61\train\images\IMG_20240309_115140_jpg.rf.756ba15c0e62b80346933effa903a044.jpg,train,IMG_20240309_115140,roboflow,ts_underscore,20240309,115140
ElectroCom61 A Multiclass Dataset for Detection of Electronic Components\ElectroCom61\train\images\IMG_20240309_115204_jpg.rf.0c398d3f872b0e4c362ffa9f85a5180a.jpg,train,IMG_20240309_115204,roboflow,ts_underscore,20240309,115204
ElectroCom61 A Multiclass Dataset for Detection of Electronic Components\ElectroCom61\train\images\IMG_20240309_115208_jpg.rf.1fa826b4eac5b0a543d3d4a29f4502fd.jpg,train,IMG_20240309_115208,roboflow,ts_underscore,20240309,115208
ElectroCom61 A Multiclass Dataset for Detection of Electronic Components\ElectroCom61\train\images\IMG_20240309_115233_jpg.rf.2ee485dcc0cb37575204dda921184b35.jpg,train,IMG_20240309_115233,roboflow,ts_underscore,20240309,115233
ElectroCom61 A Multiclass Dataset for Detection of Electronic Components\ElectroCom61\train\images\IMG_20240309_115236_jpg.rf.7fdd1bd2327aad88691416be0d47befe.jpg,train,IMG_20240309_115236,roboflow,ts_underscore,20240309,115236
ElectroCom61 A Multiclass Dataset for Detection of Electronic Components\ElectroCom61\train\images\IMG_20240309_115239_jpg.rf.f554d7392314ee8633643d09170fd30c.jpg,train,IMG_20240309_115239,roboflow,ts_underscore,20240309,115239
ElectroCom61 A Multiclass Dataset for Detection of Electronic Components\ElectroCom61\train\images\IMG_20240309_115342_jpg.rf.255874f276d419776f5e3aa3f35669b3.jpg,train,IMG_20240309_115342,roboflow,ts_underscore,20240309,115342
ElectroCom61 A Multiclass Dataset for Detection of Electronic Components\ElectroCom61\train\images\IMG_20240309_115346_jpg.rf.4cbe8bc67cd72058846803fd1f2f8cbe.jpg,train,IMG_20240309_115346,roboflow,ts_underscore,20240309,115346
ElectroCom61 A Multiclass Dataset for Detection of Electronic Components\ElectroCom61\train\images\IMG_20240309_115422_jpg.rf.b38db9e31fce47338e622e63a3c414bc.jpg,train,IMG_20240309_115422,roboflow,ts_underscore,20240309,115422
ElectroCom61 A Multiclass Dataset for Detection of Electronic Components\ElectroCom61\train\images\IMG_20240309_115425_jpg.rf.5c50f44076bab9a1ccf242336888e42c.jpg,train,IMG_20240309_115425,roboflow,ts_underscore,20240309,115425
ElectroCom61 A Multiclass Dataset for Detection of Electronic Components\ElectroCom61\train\images\IMG_20240309_115439_jpg.rf.d9d2bcba53c240e4d94efc69d60c7f6f.jpg,train,IMG_20240309_115439,roboflow,ts_underscore,20240309,115439
ElectroCom61 A Multiclass Dataset for Detection of Electronic Components\ElectroCom61\train\images\IMG_20240309_115510_jpg.rf.2ec73982c0f0cae61caa9ec6a54dba71.jpg,train,IMG_20240309_115510,roboflow,ts_underscore,20240309,115510
ElectroCom61 A Multiclass Dataset for Detection of Electronic Components\ElectroCom61\train\images\IMG_20240309_115515_jpg.rf.d48ca039277dce82e4e64acef9514f5b.jpg,train,IMG_20240309_115515,roboflow,ts_underscore,20240309,115515
ElectroCom61 A Multiclass Dataset for Detection of Electronic Components\ElectroCom61\train\images\IMG_20240309_115522_jpg.rf.ce3c8d6ea0cf9f8db0020315e5d140d0.jpg,train,IMG_20240309_115522,roboflow,ts_underscore,20240309,115522
ElectroCom61 A Multiclass Dataset for Detection of Electronic Components\ElectroCom61\train\images\IMG_20240309_115527_jpg.rf.d69082294c0d280a93dcd08b24cf6da3.jpg,train,IMG_20240309_115527,roboflow,ts_underscore,20240309,115527
ElectroCom61 A Multiclass Dataset for Detection of Electronic Components\ElectroCom61\train\images\IMG_20240309_115610_jpg.rf.0cc297cec03081762697c7ceb8bae8e7.jpg,train,IMG_20240309_115610,roboflow,ts_underscore,20240309,115610
ElectroCom61 A Multiclass Dataset for Detection of Electronic Components\ElectroCom61\train\images\IMG_20240309_115627_jpg.rf.3a24911430093e150e183ba6e0b53fae.jpg,train,IMG_20240309_115627,roboflow,ts_underscore,20240309,115627
ElectroCom61 A Multiclass Dataset for Detection of Electronic Components\ElectroCom61\train\images\IMG_20240309_115633_jpg.rf.cd58f0bcb482326898c7cdd50f3c46e1.jpg,train,IMG_20240309_115633,roboflow,ts_underscore,20240309,115633
ElectroCom61 A Multiclass Dataset for Detection of Electronic Components\ElectroCom61\train\images\IMG_20240309_115723_jpg.rf.09c007cc2bf683a48864b2258a2768b2.jpg,train,IMG_20240309_115723,roboflow,ts_underscore,20240309,115723
ElectroCom61 A Multiclass Dataset for Detection of Electronic Components\ElectroCom61\train\images\IMG_20240309_115734_jpg.rf.63fe5da39ec1c9a2015b013be233c43a.jpg,train,IMG_20240309_115734,roboflow,ts_underscore,20240309,115734
ElectroCom61 A Multiclass Dataset for Detection of Electronic Components\ElectroCom61\train\images\IMG_20240309_115740_jpg.rf.a6d0f99f121a0d0249d63723aa839a5c.jpg,train,IMG_20240309_115740,roboflow,ts_underscore,20240309,115740
ElectroCom61 A Multiclass Dataset for Detection of Electronic Components\ElectroCom61\train\images\IMG_20240309_115752_jpg.rf.1f45815dc34b8e24d6d267ceac2d477b.jpg,train,IMG_20240309_115752,roboflow,ts_underscore,20240309,115752
ElectroCom61 A Multiclass Dataset for Detection of Electronic Components\ElectroCom61\train\images\IMG_20240309_115802_jpg.rf.53904f1a4c9301abbc429dd7c9c777a0.jpg,train,IMG_20240309_115802,roboflow,ts_underscore,20240309,115802
ElectroCom61 A Multiclass Dataset for Detection of Electronic Components\ElectroCom61\train\images\IMG_20240309_115810_jpg.rf.b57daf6fafa4bf732ad0cb6a519851ce.jpg,train,IMG_20240309_115810,roboflow,ts_underscore,20240309,115810
ElectroCom61 A Multiclass Dataset for Detection of Electronic Components\ElectroCom61\train\images\IMG_20240309_115813_jpg.rf.c17f7456e15565aa92fe519baf38cfb5.jpg,train,IMG_20240309_115813,roboflow,ts_underscore,20240309,115813
ElectroCom61 A Multiclass Dataset for Detection of Electronic Components\ElectroCom61\train\images\IMG_20240309_115844_jpg.rf.54c2d250d43f35cad4443560d7acd278.jpg,train,IMG_20240309_115844,roboflow,ts_underscore,20240309,115844
ElectroCom61 A Multiclass Dataset for Detection of Electronic Components\ElectroCom61\train\images\IMG_20240309_115910_jpg.rf.27b31c17fd98abee1f515cc4518c5c36.jpg,train,IMG_20240309_115910,roboflow,ts_underscore,20240309,115910
ElectroCom61 A Multiclass Dataset for Detection of Electronic Components\ElectroCom61\train\images\IMG_20240309_115922_jpg.rf.8774cb52499fb1caf3f382ef1ebbe09d.jpg,train,IMG_20240309_115922,roboflow,ts_underscore,20240309,115922
ElectroCom61 A Multiclass Dataset for Detection of Electronic Components\ElectroCom61\train\images\IMG_20240309_115924_jpg.rf.5705304664e1200d4f1db8ba589a8490.jpg,train,IMG_20240309_115924,roboflow,ts_underscore,20240309,115924
ElectroCom61 A Multiclass Dataset for Detection of Electronic Components\ElectroCom61\train\images\IMG_20240309_115929_jpg.rf.b63d62c93913a9b3fda92367a88553f9.jpg,train,IMG_20240309_115929,roboflow,ts_underscore,20240309,115929
ElectroCom61 A Multiclass Dataset for Detection of Electronic Components\ElectroCom61\train\images\IMG_20240309_115939_jpg.rf.94a337d03d875173ef4506dd892bda45.jpg,train,IMG_20240309_115939,roboflow,ts_underscore,20240309,115939
ElectroCom61 A Multiclass Dataset for Detection of Electronic Components\ElectroCom61\train\images\IMG_20240309_120002_jpg.rf.9cd93572b6b7eefe6d01645404ac0658.jpg,train,IMG_20240309_120002,roboflow,ts_underscore,20240309,120002
ElectroCom61 A Multiclass Dataset for Detection of Electronic Components\ElectroCom61\train\images\IMG_20240309_120205_jpg.rf.f04c77b05bf55f84d2698ea4efcf0772.jpg,train,IMG_20240309_120205,roboflow,ts_underscore,20240309,120205
ElectroCom61 A Multiclass Dataset for Detection of Electronic Components\ElectroCom61\train\images\IMG_20240309_120214_jpg.rf.2b55fabb008eb34cad3e3c818ade27af.jpg,train,IMG_20240309_120214,roboflow,ts_underscore,20240309,120214
ElectroCom61 A Multiclass Dataset for Detection of Electronic Components\ElectroCom61\train\images\IMG_20240309_120229_jpg.rf.5a0c0f3bb4077bb900531447390aff12.jpg,train,IMG_20240309_120229,roboflow,ts_underscore,20240309,120229
ElectroCom61 A Multiclass Dataset for Detection of Electronic Components\ElectroCom61\train\images\IMG_20240309_120304_jpg.rf.0ffb28188cb5912a21356464fd40128e.jpg,train,IMG_20240309_120304,roboflow,ts_underscore,20240309,120304
ElectroCom61 A Multiclass Dataset for Detection of Electronic Components\ElectroCom61\train\images\IMG_20240309_120308_jpg.rf.d5bf0e9c4e2f3009c51b4ffcfcddb5cd.jpg,train,IMG_20240309_120308,roboflow,ts_underscore,20240309,120308
ElectroCom61 A Multiclass Dataset for Detection of Electronic Components\ElectroCom61\train\images\IMG_20240417_115054_jpg.rf.e5d1325035bdc853d911d3fafd1c6eff.jpg,train,IMG_20240417_115054,roboflow,ts_underscore,20240417,115054
ElectroCom61 A Multiclass Dataset for Detection of Electronic Components\ElectroCom61\train\images\IMG_20240417_115119_jpg.rf.ffee4838c8240b0ac1464f17b5770987.jpg,train,IMG_20240417_115119,roboflow,ts_underscore,20240417,115119
ElectroCom61 A Multiclass Dataset for Detection of Electronic Components\ElectroCom61\train\images\IMG_20240417_115133_jpg.rf.8711e06790a67c7b7a77f7bd2c6971e0.jpg,train,IMG_20240417_115133,roboflow,ts_underscore,20240417,115133
ElectroCom61 A Multiclass Dataset for Detection of Electronic Components\ElectroCom61\train\images\IMG_20240417_115202_jpg.rf.3f44d82075ca201582de835fab79680e.jpg,train,IMG_20240417_115202,roboflow,ts_underscore,20240417,115202
ElectroCom61 A Multiclass Dataset for Detection of Electronic Components\ElectroCom61\train\images\IMG_20240417_115234_jpg.rf.1c7f1b9693dbfb45c9f6ba4326533be0.jpg,train,IMG_20240417_115234,roboflow,ts_underscore,20240417,115234
ElectroCom61 A Multiclass Dataset for Detection of Electronic Components\ElectroCom61\train\images\IMG_20240417_115357_jpg.rf.ae3a5974a5133f4d1ec49fc498698ec6.jpg,train,IMG_20240417_115357,roboflow,ts_underscore,20240417,115357
ElectroCom61 A Multiclass Dataset for Detection of Electronic Components\ElectroCom61\train\images\IMG_20240417_115409_jpg.rf.9eb974cc48ebbe3d7756c39ba75e33b1.jpg,train,IMG_20240417_115409,roboflow,ts_underscore,20240417,115409
ElectroCom61 A Multiclass Dataset for Detection of Electronic Components\ElectroCom61\train\images\IMG_20240417_115415_jpg.rf.e95fcd4a3ab43db65151d4b6bda48e2f.jpg,train,IMG_20240417_115415,roboflow,ts_underscore,20240417,115415
ElectroCom61 A Multiclass Dataset for Detection of Electronic Components\ElectroCom61\train\images\IMG_20240417_115419_jpg.rf.6960f8b53515fb09c784916be36f0320.jpg,train,IMG_20240417_115419,roboflow,ts_underscore,20240417,115419
ElectroCom61 A Multiclass Dataset for Detection of Electronic Components\ElectroCom61\train\images\IMG_20240417_115515_jpg.rf.712807690936ee3a464f1e1ad52de16d.jpg,train,IMG_20240417_115515,roboflow,ts_underscore,20240417,115515
ElectroCom61 A Multiclass Dataset for Detection of Electronic Components\ElectroCom61\train\images\IMG_20240417_115535_jpg.rf.679240d96fda1aa40a18317b6216bf5f.jpg,train,IMG_20240417_115535,roboflow,ts_underscore,20240417,115535
ElectroCom61 A Multiclass Dataset for Detection of Electronic Components\ElectroCom61\train\images\IMG_20240417_115542_jpg.rf.762748642b5e5d234585682e16bea630.jpg,train,IMG_20240417_115542,roboflow,ts_underscore,20240417,115542
ElectroCom61 A Multiclass Dataset for Detection of Electronic Components\ElectroCom61\train\images\IMG_20240417_115601_jpg.rf.7cd9329eb743e825e61dca1f710d4ff4.jpg,train,IMG_20240417_115601,roboflow,ts_underscore,20240417,115601
ElectroCom61 A Multiclass Dataset for Detection of Electronic Components\ElectroCom61\train\images\IMG_20240417_115615_jpg.rf.0cd733b628df9a098a53e625f340548a.jpg,train,IMG_20240417_115615,roboflow,ts_underscore,20240417,115615
ElectroCom61 A Multiclass Dataset for Detection of Electronic Components\ElectroCom61\train\images\IMG_20240417_115638_jpg.rf.4cac0a576239970919c7dfca62342ee1.jpg,train,IMG_20240417_115638,roboflow,ts_underscore,20240417,115638
ElectroCom61 A Multiclass Dataset for Detection of Electronic Components\ElectroCom61\train\images\IMG_20240417_115708_jpg.rf.ea2f9ef19d988d38a9f91fede7564011.jpg,train,IMG_20240417_115708,roboflow,ts_underscore,20240417,115708
ElectroCom61 A Multiclass Dataset for Detection of Electronic Components\ElectroCom61\train\images\IMG_20240417_115717_jpg.rf.839103f2d69a17af5a8f15cb71ab2105.jpg,train,IMG_20240417_115717,roboflow,ts_underscore,20240417,115717
ElectroCom61 A Multiclass Dataset for Detection of Electronic Components\ElectroCom61\train\images\IMG_20240417_115845_jpg.rf.5e7c7ee1a1da460f381fdaaadbbd3bf6.jpg,train,IMG_20240417_115845,roboflow,ts_underscore,20240417,115845
ElectroCom61 A Multiclass Dataset for Detection of Electronic Components\ElectroCom61\train\images\IMG_20240417_115849_jpg.rf.5e9d99cb82eccb5bd2b0a10d37936764.jpg,train,IMG_20240417_115849,roboflow,ts_underscore,20240417,115849
ElectroCom61 A Multiclass Dataset for Detection of Electronic Components\ElectroCom61\train\images\IMG_20240417_115856_jpg.rf.22deff621fc6bcf98099b85f1724b39a.jpg,train,IMG_20240417_115856,roboflow,ts_underscore,20240417,115856
ElectroCom61 A Multiclass Dataset for Detection of Electronic Components\ElectroCom61\train\images\IMG_20240417_115901_jpg.rf.37ff7ff53c20faf59e17bf0a01965364.jpg,train,IMG_20240417_115901,roboflow,ts_underscore,20240417,115901
ElectroCom61 A Multiclass Dataset for Detection of Electronic Components\ElectroCom61\train\images\IMG_20240417_115905_jpg.rf.9d70e6fca0d7132377e904bb4641f071.jpg,train,IMG_20240417_115905,roboflow,ts_underscore,20240417,115905
ElectroCom61 A Multiclass Dataset for Detection of Electronic Components\ElectroCom61\train\images\IMG_20240417_115920_jpg.rf.19666a7efac91e36951072cec23d2399.jpg,train,IMG_20240417_115920,roboflow,ts_underscore,20240417,115920
ElectroCom61 A Multiclass Dataset for Detection of Electronic Components\ElectroCom61\train\images\IMG_5126_JPG.rf.a864f0f22819f352492ed7958a05b40a.jpg,train,IMG_5126,roboflow,counter,,
ElectroCom61 A Multiclass Dataset for Detection of Electronic Components\ElectroCom61\train\images\IMG_5127_JPG.rf.9883db6565cbabcb507296014a63e0a4.jpg,train,IMG_5127,roboflow,counter,,
ElectroCom61 A Multiclass Dataset for Detection of Electronic Components\ElectroCom61\train\images\IMG_5128_JPG.rf.943c597ba562874a1bb3d26fe130cbda.jpg,train,IMG_5128,roboflow,counter,,
ElectroCom61 A Multiclass Dataset for Detection of Electronic Components\ElectroCom61\train\images\IMG_5129_JPG.rf.24311d4332dd4fe23b28b7327fd9c251.jpg,train,IMG_5129,roboflow,counter,,
ElectroCom61 A Multiclass Dataset for Detection of Electronic Components\ElectroCom61\train\images\IMG_5130_JPG.rf.094ecd60935c58493b2c26bab78a4d0a.jpg,train,IMG_5130,roboflow,counter,,
ElectroCom61 A Multiclass Dataset for Detection of Electronic Components\ElectroCom61\train\images\IMG_5131_JPG.rf.d263f1741a735898d9ab6d0d687723eb.jpg,train,IMG_5131,roboflow,counter,,
ElectroCom61 A Multiclass Dataset for Detection of Electronic Components\ElectroCom61\train\images\IMG_5132_JPG.rf.7b377862d5c7a7ad7ab70858528ebdb0.jpg,train,IMG_5132,roboflow,counter,,
ElectroCom61 A Multiclass Dataset for Detection of Electronic Components\ElectroCom61\train\images\IMG_5133_JPG.rf.3980e14b73240ec2d7224edebb163232.jpg,train,IMG_5133,roboflow,counter,,
ElectroCom61 A Multiclass Dataset for Detection of Electronic Components\ElectroCom61\train\images\IMG_5135_JPG.rf.06701964b0927d10df0107c4bd63dffc.jpg,train,IMG_5135,roboflow,counter,,
ElectroCom61 A Multiclass Dataset for Detection of Electronic Components\ElectroCom61\train\images\IMG_5136_JPG.rf.75c4d533f4b83499f4e00fdf5f0748f1.jpg,train,IMG_5136,roboflow,counter,,
ElectroCom61 A Multiclass Dataset for Detection of Electronic Components\ElectroCom61\train\images\IMG_5137_JPG.rf.ca8ccab53bd69f514d5e771c4c9da13a.jpg,train,IMG_5137,roboflow,counter,,
ElectroCom61 A Multiclass Dataset for Detection of Electronic Components\ElectroCom61\train\images\IMG_5138_JPG.rf.2100b4f3bf0f8afc29d93b24e47467a0.jpg,train,IMG_5138,roboflow,counter,,
ElectroCom61 A Multiclass Dataset for Detection of Electronic Components\ElectroCom61\train\images\IMG_5139_JPG.rf.74df3579087989f1ea5796233c56c230.jpg,train,IMG_5139,roboflow,counter,,
ElectroCom61 A Multiclass Dataset for Detection of Electronic Components\ElectroCom61\train\images\IMG_5140_JPG.rf.47164b4ba29a86674a7f80ee70d1c252.jpg,train,IMG_5140,roboflow,counter,,
ElectroCom61 A Multiclass Dataset for Detection of Electronic Components\ElectroCom61\train\images\IMG_5142_JPG.rf.016bf744c564fe59098c25f3f4866202.jpg,train,IMG_5142,roboflow,counter,,
ElectroCom61 A Multiclass Dataset for Detection of Electronic Components\ElectroCom61\train\images\IMG_5144_JPG.rf.cdf34b98b3ce39027c0955a18cd7960d.jpg,train,IMG_5144,roboflow,counter,,
ElectroCom61 A Multiclass Dataset for Detection of Electronic Components\ElectroCom61\train\images\IMG_5145_JPG.rf.c31fe1fe898bb50fd9dc18c0b76dec0e.jpg,train,IMG_5145,roboflow,counter,,
ElectroCom61 A Multiclass Dataset for Detection of Electronic Components\ElectroCom61\train\images\IMG_5148_JPG.rf.174a4ef14e5c03af8b17b3ec54654ae7.jpg,train,IMG_5148,roboflow,counter,,
ElectroCom61 A Multiclass Dataset for Detection of Electronic Components\ElectroCom61\train\images\IMG_5150_JPG.rf.2b3e1796c2d7476949aef726abb001ba.jpg,train,IMG_5150,roboflow,counter,,
ElectroCom61 A Multiclass Dataset for Detection of Electronic Components\ElectroCom61\train\images\IMG_5151_JPG.rf.70ec75f435bcd273c433f8b1d976e97b.jpg,train,IMG_5151,roboflow,counter,,
ElectroCom61 A Multiclass Dataset for Detection of Electronic Components\ElectroCom61\train\images\IMG_5153_JPG.rf.a1fa2ce45f508b29eb02b2aac8b13860.jpg,train,IMG_5153,roboflow,counter,,
ElectroCom61 A Multiclass Dataset for Detection of Electronic Components\ElectroCom61\train\images\IMG_5154_JPG.rf.0d461519c23023a975a2ea330bd57291.jpg,train,IMG_5154,roboflow,counter,,
ElectroCom61 A Multiclass Dataset for Detection of Electronic Components\ElectroCom61\train\images\IMG_5155_JPG.rf.b6eb9987d43e2708d549808ee371bb1d.jpg,train,IMG_5155,roboflow,counter,,
ElectroCom61 A Multiclass Dataset for Detection of Electronic Components\ElectroCom61\train\images\IMG_5156_JPG.rf.4ef6ff1a7ca4ee8dc81675179249627f.jpg,train,IMG_5156,roboflow,counter,,
ElectroCom61 A Multiclass Dataset for Detection of Electronic Components\ElectroCom61\train\images\IMG_5157_JPG.rf.eea0a98f2d9d55fe8cc9fd9d5558817b.jpg,train,IMG_5157,roboflow,counter,,
ElectroCom61 A Multiclass Dataset for Detection of Electronic Components\ElectroCom61\train\images\IMG_5158_JPG.rf.bd50746ff03bb1da5a69822a449df5b9.jpg,train,IMG_5158,roboflow,counter,,
ElectroCom61 A Multiclass Dataset for Detection of Electronic Components\ElectroCom61\train\images\IMG_5159_JPG.rf.ed4d4d28ba2b8b8e22e5eeeb0ff04a08.jpg,train,IMG_5159,roboflow,counter,,
ElectroCom61 A Multiclass Dataset for Detection of Electronic Components\ElectroCom61\train\images\IMG_5160_JPG.rf.e16194992ad462b155bc69ec4e052c9a.jpg,train,IMG_5160,roboflow,counter,,
ElectroCom61 A Multiclass Dataset for Detection of Electronic Components\ElectroCom61\train\images\IMG_5162_JPG.rf.98d3414e91b091be5f4064373b58404e.jpg,train,IMG_5162,roboflow,counter,,
ElectroCom61 A Multiclass Dataset for Detection of Electronic Components\ElectroCom61\train\images\IMG_5164_JPG.rf.630a050ae685a8b1519883915a7a3886.jpg,train,IMG_5164,roboflow,counter,,
ElectroCom61 A Multiclass Dataset for Detection of Electronic Components\ElectroCom61\train\images\IMG_5166_JPG.rf.616369704d3382a1949e07fa06df5403.jpg,train,IMG_5166,roboflow,counter,,
ElectroCom61 A Multiclass Dataset for Detection of Electronic Components\ElectroCom61\train\images\IMG_5168_JPG.rf.690f1e99934f2528de66a69a7c300374.jpg,train,IMG_5168,roboflow,counter,,
ElectroCom61 A Multiclass Dataset for Detection of Electronic Components\ElectroCom61\train\images\IMG_5169_JPG.rf.05b470604a00d072667b8da73f1e4452.jpg,train,IMG_5169,roboflow,counter,,
ElectroCom61 A Multiclass Dataset for Detection of Electronic Components\ElectroCom61\train\images\IMG_5171_JPG.rf.101d2fc55974a8f1edc43da07df92128.jpg,train,IMG_5171,roboflow,counter,,
ElectroCom61 A Multiclass Dataset for Detection of Electronic Components\ElectroCom61\train\images\IMG_5172_JPG.rf.696e51e72656df70c74c66372ba71223.jpg,train,IMG_5172,roboflow,counter,,
ElectroCom61 A Multiclass Dataset for Detection of Electronic Components\ElectroCom61\train\images\IMG_5173_JPG.rf.79352212e3bf7d23703f70b937371456.jpg,train,IMG_5173,roboflow,counter,,
ElectroCom61 A Multiclass Dataset for Detection of Electronic Components\ElectroCom61\train\images\IMG_5174_JPG.rf.73db6b4b52bdf1c58afdad7b4e26cafe.jpg,train,IMG_5174,roboflow,counter,,
ElectroCom61 A Multiclass Dataset for Detection of Electronic Components\ElectroCom61\train\images\IMG_5175_JPG.rf.414f000b390fa844f3f3a1d3898f1cee.jpg,train,IMG_5175,roboflow,counter,,
ElectroCom61 A Multiclass Dataset for Detection of Electronic Components\ElectroCom61\train\images\IMG_5176_JPG.rf.d5940bc11bd04778ec9058f6ce302c10.jpg,train,IMG_5176,roboflow,counter,,
ElectroCom61 A Multiclass Dataset for Detection of Electronic Components\ElectroCom61\train\images\IMG_5177_JPG.rf.c7c1fabc70e7c3ede5bc48e9e32f2ec1.jpg,train,IMG_5177,roboflow,counter,,
ElectroCom61 A Multiclass Dataset for Detection of Electronic Components\ElectroCom61\train\images\IMG_5179_JPG.rf.fe4a9074c06d85d244027fb942743893.jpg,train,IMG_5179,roboflow,counter,,
ElectroCom61 A Multiclass Dataset for Detection of Electronic Components\ElectroCom61\train\images\IMG_5180_JPG.rf.aed5a5cce4dc07ff91649eccf7eb12fb.jpg,train,IMG_5180,roboflow,counter,,
ElectroCom61 A Multiclass Dataset for Detection of Electronic Components\ElectroCom61\train\images\IMG_5182_JPG.rf.930ff6fc0c9d665e314bb7e795b21e10.jpg,train,IMG_5182,roboflow,counter,,
ElectroCom61 A Multiclass Dataset for Detection of Electronic Components\ElectroCom61\train\images\IMG_5184_JPG.rf.d162ed65069e2ea1d9fb9e7c7715b8c3.jpg,train,IMG_5184,roboflow,counter,,
ElectroCom61 A Multiclass Dataset for Detection of Electronic Components\ElectroCom61\train\images\IMG_5185_JPG.rf.e51c42f35ec19127b0d80288e66af13b.jpg,train,IMG_5185,roboflow,counter,,
ElectroCom61 A Multiclass Dataset for Detection of Electronic Components\ElectroCom61\train\images\IMG_5186_JPG.rf.ba22708174a37ec5ffe3d759b09a24a0.jpg,train,IMG_5186,roboflow,counter,,
ElectroCom61 A Multiclass Dataset for Detection of Electronic Components\ElectroCom61\train\images\IMG_5187_JPG.rf.3215580c2e6fc45110c20a30c18630e0.jpg,train,IMG_5187,roboflow,counter,,
ElectroCom61 A Multiclass Dataset for Detection of Electronic Components\ElectroCom61\train\images\IMG_5189_JPG.rf.84663ad4e1806a9b0e1dad1e50b6a69f.jpg,train,IMG_5189,roboflow,counter,,
ElectroCom61 A Multiclass Dataset for Detection of Electronic Components\ElectroCom61\train\images\IMG_5191_JPG.rf.3e284b939a1ffcca99aaf4ada9e958fc.jpg,train,IMG_5191,roboflow,counter,,
ElectroCom61 A Multiclass Dataset for Detection of Electronic Components\ElectroCom61\train\images\IMG_5194_JPG.rf.39c623d292f3ed59de3cd44c9404f783.jpg,train,IMG_5194,roboflow,counter,,
ElectroCom61 A Multiclass Dataset for Detection of Electronic Components\ElectroCom61\train\images\IMG_5195_JPG.rf.f7b0d72d25e5066275b5bc3f401b23dc.jpg,train,IMG_5195,roboflow,counter,,
ElectroCom61 A Multiclass Dataset for Detection of Electronic Components\ElectroCom61\train\images\IMG_5197_JPG.rf.d839347ad1c6e5074fbf4eab68121440.jpg,train,IMG_5197,roboflow,counter,,
ElectroCom61 A Multiclass Dataset for Detection of Electronic Components\ElectroCom61\train\images\IMG_5198_JPG.rf.a2397134758e1126a7e3204d370f5d93.jpg,train,IMG_5198,roboflow,counter,,
ElectroCom61 A Multiclass Dataset for Detection of Electronic Components\ElectroCom61\train\images\IMG_5199_JPG.rf.3ebf4100ec67f048efa3004889543c72.jpg,train,IMG_5199,roboflow,counter,,
ElectroCom61 A Multiclass Dataset for Detection of Electronic Components\ElectroCom61\train\images\IMG_5209_JPG.rf.f629f2b263580c6008c5b4a7bea92da7.jpg,train,IMG_5209,roboflow,counter,,
ElectroCom61 A Multiclass Dataset for Detection of Electronic Components\ElectroCom61\train\images\IMG_5210_JPG.rf.f027dfd1e78de527645140fe2c8ca5d5.jpg,train,IMG_5210,roboflow,counter,,
ElectroCom61 A Multiclass Dataset for Detection of Electronic Components\ElectroCom61\train\images\IMG_5211_JPG.rf.c0b584e308c06d04d23a185e19e8917f.jpg,train,IMG_5211,roboflow,counter,,
ElectroCom61 A Multiclass Dataset for Detection of Electronic Components\ElectroCom61\train\images\IMG_5213_JPG.rf.2b05fcf11851368a99d670bc2de39dd6.jpg,train,IMG_5213,roboflow,counter,,
ElectroCom61 A Multiclass Dataset for Detection of Electronic Components\ElectroCom61\train\images\IMG_5214_JPG.rf.7f0a44ee5f9cbf3d1c9aedfe467dcb84.jpg,train,IMG_5214,roboflow,counter,,
ElectroCom61 A Multiclass Dataset for Detection of Electronic Components\ElectroCom61\train\images\IMG_5215_JPG.rf.0688344418993f8950507558b61f78b9.jpg,train,IMG_5215,roboflow,counter,,
ElectroCom61 A Multiclass Dataset for Detection of Electronic Components\ElectroCom61\train\images\IMG_5216_JPG.rf.f6ab62558f7f124f30eb2f154fdfdd6b.jpg,train,IMG_5216,roboflow,counter,,
ElectroCom61 A Multiclass Dataset for Detection of Electronic Components\ElectroCom61\train\images\IMG_5218_JPG.rf.d06a9ff9420eea0ed69314728461196c.jpg,train,IMG_5218,roboflow,counter,,
ElectroCom61 A Multiclass Dataset for Detection of Electronic Components\ElectroCom61\train\images\IMG_5220_JPG.rf.4af66e43acd18795eea241da9abe08a5.jpg,train,IMG_5220,roboflow,counter,,
ElectroCom61 A Multiclass Dataset for Detection of Electronic Components\ElectroCom61\train\images\IMG_5221_JPG.rf.086cdbb74d22ddd241c61fa3ac53d561.jpg,train,IMG_5221,roboflow,counter,,
ElectroCom61 A Multiclass Dataset for Detection of Electronic Components\ElectroCom61\train\images\IMG_5223_JPG.rf.f3eb901a02327ed9185987bf3437ba28.jpg,train,IMG_5223,roboflow,counter,,
ElectroCom61 A Multiclass Dataset for Detection of Electronic Components\ElectroCom61\train\images\IMG_5224_JPG.rf.e4334303fa48b6128261971b68865749.jpg,train,IMG_5224,roboflow,counter,,
ElectroCom61 A Multiclass Dataset for Detection of Electronic Components\ElectroCom61\train\images\IMG_5226_JPG.rf.a58a66d9d21ce08e238a310c7add1b94.jpg,train,IMG_5226,roboflow,counter,,
ElectroCom61 A Multiclass Dataset for Detection of Electronic Components\ElectroCom61\train\images\IMG_5228_JPG.rf.c7127f13cf31717990b11350871c95bd.jpg,train,IMG_5228,roboflow,counter,,
ElectroCom61 A Multiclass Dataset for Detection of Electronic Components\ElectroCom61\train\images\IMG_5230_JPG.rf.4f3044ca9e2f37e4f4dc75b524643178.jpg,train,IMG_5230,roboflow,counter,,
ElectroCom61 A Multiclass Dataset for Detection of Electronic Components\ElectroCom61\train\images\IMG_5232_JPG.rf.3f08e0e0964f432b8ed9d369421c42a9.jpg,train,IMG_5232,roboflow,counter,,
ElectroCom61 A Multiclass Dataset for Detection of Electronic Components\ElectroCom61\train\images\IMG_5235_JPG.rf.e5f69866dbd0604f60df92fd7e42e3be.jpg,train,IMG_5235,roboflow,counter,,
ElectroCom61 A Multiclass Dataset for Detection of Electronic Components\ElectroCom61\train\images\IMG_5236_JPG.rf.38726e098abeaeb6e8962f486e53b8fa.jpg,train,IMG_5236,roboflow,counter,,
ElectroCom61 A Multiclass Dataset for Detection of Electronic Components\ElectroCom61\train\images\IMG_5237_JPG.rf.7eaf629f165f80a2d69c253f4aa1a69d.jpg,train,IMG_5237,roboflow,counter,,
ElectroCom61 A Multiclass Dataset for Detection of Electronic Components\ElectroCom61\train\images\IMG_5239_JPG.rf.20ec0f8d57e53e8ac899329d2e3e0444.jpg,train,IMG_5239,roboflow,counter,,
ElectroCom61 A Multiclass Dataset for Detection of Electronic Components\ElectroCom61\train\images\IMG_5242_JPG.rf.9d1673501b922801dfd0a32fc352d13d.jpg,train,IMG_5242,roboflow,counter,,
ElectroCom61 A Multiclass Dataset for Detection of Electronic Components\ElectroCom61\train\images\IMG_5243_JPG.rf.077b43f4b8ed461872d58bd89c15dfde.jpg,train,IMG_5243,roboflow,counter,,
ElectroCom61 A Multiclass Dataset for Detection of Electronic Components\ElectroCom61\train\images\IMG_5244_JPG.rf.0845f016e6126575080ccccbf583a7c1.jpg,train,IMG_5244,roboflow,counter,,
ElectroCom61 A Multiclass Dataset for Detection of Electronic Components\ElectroCom61\train\images\IMG_5247_JPG.rf.2219a64cde3b4e6dc5ac48ddcb746009.jpg,train,IMG_5247,roboflow,counter,,
ElectroCom61 A Multiclass Dataset for Detection of Electronic Components\ElectroCom61\train\images\IMG_5248_JPG.rf.122eff3e61fe8ca078d889773b670852.jpg,train,IMG_5248,roboflow,counter,,
ElectroCom61 A Multiclass Dataset for Detection of Electronic Components\ElectroCom61\train\images\IMG_5251_JPG.rf.38dfbef6e3f8427cf5cde8af99b12608.jpg,train,IMG_5251,roboflow,counter,,
ElectroCom61 A Multiclass Dataset for Detection of Electronic Components\ElectroCom61\train\images\IMG_5252_JPG.rf.9cedc0b98aded92f26a51c27404f333a.jpg,train,IMG_5252,roboflow,counter,,
ElectroCom61 A Multiclass Dataset for Detection of Electronic Components\ElectroCom61\train\images\IMG_5253_JPG.rf.1bbfbed98d632f6c8c584c1813e70b98.jpg,train,IMG_5253,roboflow,counter,,
ElectroCom61 A Multiclass Dataset for Detection of Electronic Components\ElectroCom61\train\images\IMG_5254_JPG.rf.36a3506eeef539a08ca15d4a0bacb443.jpg,train,IMG_5254,roboflow,counter,,
ElectroCom61 A Multiclass Dataset for Detection of Electronic Components\ElectroCom61\train\images\IMG_5255_JPG.rf.95e630ed9a516accba848032b74b2d0a.jpg,train,IMG_5255,roboflow,counter,,
ElectroCom61 A Multiclass Dataset for Detection of Electronic Components\ElectroCom61\train\images\IMG_5256_JPG.rf.b8b65ab0e02807c8cc690f5d2ce4f795.jpg,train,IMG_5256,roboflow,counter,,
ElectroCom61 A Multiclass Dataset for Detection of Electronic Components\ElectroCom61\train\images\IMG_5257_JPG.rf.afef9e48b025c59c4e0b25507f0ccad3.jpg,train,IMG_5257,roboflow,counter,,
ElectroCom61 A Multiclass Dataset for Detection of Electronic Components\ElectroCom61\train\images\IMG_5260_JPG.rf.6c8bd7e3a700574147507d4d7623854d.jpg,train,IMG_5260,roboflow,counter,,
ElectroCom61 A Multiclass Dataset for Detection of Electronic Components\ElectroCom61\train\images\IMG_5261_JPG.rf.fadc7cab8098bf2b4281e81ab355205b.jpg,train,IMG_5261,roboflow,counter,,
ElectroCom61 A Multiclass Dataset for Detection of Electronic Components\ElectroCom61\train\images\IMG_5263_JPG.rf.9325530aee2170a5661b25977fd28bda.jpg,train,IMG_5263,roboflow,counter,,
ElectroCom61 A Multiclass Dataset for Detection of Electronic Components\ElectroCom61\train\images\IMG_5264_JPG.rf.aa22a99d7631fd134219c679c4feac2e.jpg,train,IMG_5264,roboflow,counter,,
ElectroCom61 A Multiclass Dataset for Detection of Electronic Components\ElectroCom61\train\images\IMG_5265_JPG.rf.bffd06972650ad930be22e4f883c48fe.jpg,train,IMG_5265,roboflow,counter,,
ElectroCom61 A Multiclass Dataset for Detection of Electronic Components\ElectroCom61\train\images\IMG_5266_JPG.rf.85a5af958f537964e4b20e4822289c7d.jpg,train,IMG_5266,roboflow,counter,,
ElectroCom61 A Multiclass Dataset for Detection of Electronic Components\ElectroCom61\train\images\IMG_5267_JPG.rf.2f6a7805f4f53bfdab9aa73f935ff990.jpg,train,IMG_5267,roboflow,counter,,
ElectroCom61 A Multiclass Dataset for Detection of Electronic Components\ElectroCom61\train\images\IMG_5269_JPG.rf.b8ff827bbc711d5db55ec0b24e2ede57.jpg,train,IMG_5269,roboflow,counter,,
ElectroCom61 A Multiclass Dataset for Detection of Electronic Components\ElectroCom61\train\images\IMG_5270_JPG.rf.1dbc4417208d0ad2790835a685ad8ac0.jpg,train,IMG_5270,roboflow,counter,,
ElectroCom61 A Multiclass Dataset for Detection of Electronic Components\ElectroCom61\train\images\IMG_5271_JPG.rf.98d5f3d6743a92d40fdf8621042bacd3.jpg,train,IMG_5271,roboflow,counter,,
ElectroCom61 A Multiclass Dataset for Detection of Electronic Components\ElectroCom61\train\images\IMG_5272_JPG.rf.1aa0724a8fe546a6a1286b6d58039aa9.jpg,train,IMG_5272,roboflow,counter,,
ElectroCom61 A Multiclass Dataset for Detection of Electronic Components\ElectroCom61\train\images\IMG_5273_JPG.rf.830e9e7b195987535914d27ebba8c320.jpg,train,IMG_5273,roboflow,counter,,
ElectroCom61 A Multiclass Dataset for Detection of Electronic Components\ElectroCom61\train\images\IMG_5274_JPG.rf.a699a11f0a069d5977e5cc781f20ff5c.jpg,train,IMG_5274,roboflow,counter,,
ElectroCom61 A Multiclass Dataset for Detection of Electronic Components\ElectroCom61\train\images\IMG_5275_JPG.rf.ac13c3c309b45de1882c08c6ab742fe3.jpg,train,IMG_5275,roboflow,counter,,
ElectroCom61 A Multiclass Dataset for Detection of Electronic Components\ElectroCom61\train\images\IMG_5276_JPG.rf.ef412aade784727932f5a14973f3f880.jpg,train,IMG_5276,roboflow,counter,,
ElectroCom61 A Multiclass Dataset for Detection of Electronic Components\ElectroCom61\train\images\IMG_5277_JPG.rf.af8b7aba916e9640333b68d7523288b8.jpg,train,IMG_5277,roboflow,counter,,
ElectroCom61 A Multiclass Dataset for Detection of Electronic Components\ElectroCom61\train\images\IMG_5278_JPG.rf.923c9c1e64185bf535c52c77a3024ed9.jpg,train,IMG_5278,roboflow,counter,,
ElectroCom61 A Multiclass Dataset for Detection of Electronic Components\ElectroCom61\train\images\IMG_5280_JPG.rf.be92d0c66cc52a04cdf17f6172d5a833.jpg,train,IMG_5280,roboflow,counter,,
ElectroCom61 A Multiclass Dataset for Detection of Electronic Components\ElectroCom61\train\images\IMG_5282_JPG.rf.2ebc871111e53f6785790f8a3f840780.jpg,train,IMG_5282,roboflow,counter,,
ElectroCom61 A Multiclass Dataset for Detection of Electronic Components\ElectroCom61\train\images\IMG_5283_JPG.rf.eb42e6cae052020d07108d192ed24ba8.jpg,train,IMG_5283,roboflow,counter,,
ElectroCom61 A Multiclass Dataset for Detection of Electronic Components\ElectroCom61\train\images\IMG_5284_JPG.rf.b0f1e8beae327fe107abc56ca7231095.jpg,train,IMG_5284,roboflow,counter,,
ElectroCom61 A Multiclass Dataset for Detection of Electronic Components\ElectroCom61\train\images\IMG_5285_JPG.rf.b7338ac63f6f4608c8aa73b6aff0420a.jpg,train,IMG_5285,roboflow,counter,,
ElectroCom61 A Multiclass Dataset for Detection of Electronic Components\ElectroCom61\train\images\IMG_5286_JPG.rf.9fa41124b46928abad4c41ce98abd168.jpg,train,IMG_5286,roboflow,counter,,
ElectroCom61 A Multiclass Dataset for Detection of Electronic Components\ElectroCom61\train\images\IMG_5287_JPG.rf.184ecd8b0b49a9172e5c18ef59d289ed.jpg,train,IMG_5287,roboflow,counter,,
ElectroCom61 A Multiclass Dataset for Detection of Electronic Components\ElectroCom61\train\images\IMG_5288_JPG.rf.26645959627b2edfecf12c9efb89ad63.jpg,train,IMG_5288,roboflow,counter,,
ElectroCom61 A Multiclass Dataset for Detection of Electronic Components\ElectroCom61\train\images\IMG_5289_JPG.rf.84d09ded4e7f2b63c8eca304cdd197bf.jpg,train,IMG_5289,roboflow,counter,,
ElectroCom61 A Multiclass Dataset for Detection of Electronic Components\ElectroCom61\train\images\IMG_5290_JPG.rf.ffcbc3ef7aa1ae889b80f0989bf0c82a.jpg,train,IMG_5290,roboflow,counter,,
ElectroCom61 A Multiclass Dataset for Detection of Electronic Components\ElectroCom61\train\images\IMG_5292_JPG.rf.8d238ea473c7c97ca221fc7007f26fe9.jpg,train,IMG_5292,roboflow,counter,,
ElectroCom61 A Multiclass Dataset for Detection of Electronic Components\ElectroCom61\train\images\IMG_5293_JPG.rf.862c4f9ac8d062afff407387beda85b2.jpg,train,IMG_5293,roboflow,counter,,
ElectroCom61 A Multiclass Dataset for Detection of Electronic Components\ElectroCom61\train\images\IMG_5294_JPG.rf.c00c98cff6194eb8a42a4e0b914260af.jpg,train,IMG_5294,roboflow,counter,,
ElectroCom61 A Multiclass Dataset for Detection of Electronic Components\ElectroCom61\train\images\IMG_5297_JPG.rf.b8097132a6a0c954a2ab639490b9de4c.jpg,train,IMG_5297,roboflow,counter,,
ElectroCom61 A Multiclass Dataset for Detection of Electronic Components\ElectroCom61\train\images\IMG_5301_JPG.rf.7db25baa220d32b379629a721bb33543.jpg,train,IMG_5301,roboflow,counter,,
ElectroCom61 A Multiclass Dataset for Detection of Electronic Components\ElectroCom61\train\images\IMG_5303_JPG.rf.da0dae2d5e16a7f70fd3b1c8b6c2c3c4.jpg,train,IMG_5303,roboflow,counter,,
ElectroCom61 A Multiclass Dataset for Detection of Electronic Components\ElectroCom61\train\images\IMG_5305_JPG.rf.b52f068650937c4fe3afc3c2b8b1365f.jpg,train,IMG_5305,roboflow,counter,,
ElectroCom61 A Multiclass Dataset for Detection of Electronic Components\ElectroCom61\train\images\IMG_5306_JPG.rf.1f6195580073d82eba39d352aabbd79c.jpg,train,IMG_5306,roboflow,counter,,
ElectroCom61 A Multiclass Dataset for Detection of Electronic Components\ElectroCom61\train\images\IMG_5307_JPG.rf.9ea106a56a88affbb3cdbc1cf3303bb0.jpg,train,IMG_5307,roboflow,counter,,
ElectroCom61 A Multiclass Dataset for Detection of Electronic Components\ElectroCom61\train\images\IMG_5310_JPG.rf.c307c439c12db65b7a71381f1673abd1.jpg,train,IMG_5310,roboflow,counter,,
ElectroCom61 A Multiclass Dataset for Detection of Electronic Components\ElectroCom61\train\images\IMG_5311_JPG.rf.ff01d16c7b8469024868172c1b05c6aa.jpg,train,IMG_5311,roboflow,counter,,
ElectroCom61 A Multiclass Dataset for Detection of Electronic Components\ElectroCom61\train\images\IMG_5312_JPG.rf.085fe29b86a859ec9b8e288db0f7b257.jpg,train,IMG_5312,roboflow,counter,,
ElectroCom61 A Multiclass Dataset for Detection of Electronic Components\ElectroCom61\train\images\IMG_5313_JPG.rf.1958284e804a21f2e87b6f8b1d8f2dc5.jpg,train,IMG_5313,roboflow,counter,,
ElectroCom61 A Multiclass Dataset for Detection of Electronic Components\ElectroCom61\train\images\IMG_5315_JPG.rf.239ca2fc3db346effa7376d9404a62ef.jpg,train,IMG_5315,roboflow,counter,,
ElectroCom61 A Multiclass Dataset for Detection of Electronic Components\ElectroCom61\train\images\IMG_5316_JPG.rf.6e7a605882e848a1f01672c0f86aa41e.jpg,train,IMG_5316,roboflow,counter,,
ElectroCom61 A Multiclass Dataset for Detection of Electronic Components\ElectroCom61\train\images\IMG_5318_JPG.rf.f0c2bcf4c1fe6a3d720a1d8bad18745a.jpg,train,IMG_5318,roboflow,counter,,
ElectroCom61 A Multiclass Dataset for Detection of Electronic Components\ElectroCom61\train\images\IMG_5319_JPG.rf.7ca04ba7d37e860a577aba1cecdaf787.jpg,train,IMG_5319,roboflow,counter,,
ElectroCom61 A Multiclass Dataset for Detection of Electronic Components\ElectroCom61\train\images\IMG_5321_JPG.rf.fe32d93391a6bb0e81fa8025abb74f42.jpg,train,IMG_5321,roboflow,counter,,
ElectroCom61 A Multiclass Dataset for Detection of Electronic Components\ElectroCom61\train\images\IMG_5322_JPG.rf.2699c54bccd2cee8504de6a40a751cd5.jpg,train,IMG_5322,roboflow,counter,,
ElectroCom61 A Multiclass Dataset for Detection of Electronic Components\ElectroCom61\train\images\IMG_5323_JPG.rf.09be41b64125d6ec32d0bea837c360e3.jpg,train,IMG_5323,roboflow,counter,,
ElectroCom61 A Multiclass Dataset for Detection of Electronic Components\ElectroCom61\valid\images\IMG20240219113745_jpg.rf.24ab2b3967353601f81db24a6c5fd7b5.jpg,valid,IMG20240219113745,roboflow,ts_compact,20240219,113745
ElectroCom61 A Multiclass Dataset for Detection of Electronic Components\ElectroCom61\valid\images\IMG20240219113846_jpg.rf.fca2724547b933053d13a264809997e3.jpg,valid,IMG20240219113846,roboflow,ts_compact,20240219,113846
ElectroCom61 A Multiclass Dataset for Detection of Electronic Components\ElectroCom61\valid\images\IMG20240219114212_jpg.rf.58b8e19dc154b5a904408a62b53789cd.jpg,valid,IMG20240219114212,roboflow,ts_compact,20240219,114212
ElectroCom61 A Multiclass Dataset for Detection of Electronic Components\ElectroCom61\valid\images\IMG20240219114504_jpg.rf.caf6ab5f3bcbe77fc9d5186d1fab565c.jpg,valid,IMG20240219114504,roboflow,ts_compact,20240219,114504
ElectroCom61 A Multiclass Dataset for Detection of Electronic Components\ElectroCom61\valid\images\IMG20240219114836_jpg.rf.bedb074d2135a73053c2246168f50f87.jpg,valid,IMG20240219114836,roboflow,ts_compact,20240219,114836
ElectroCom61 A Multiclass Dataset for Detection of Electronic Components\ElectroCom61\valid\images\IMG20240219120330_jpg.rf.3a87748c2d7d42d911b51edb50bbace2.jpg,valid,IMG20240219120330,roboflow,ts_compact,20240219,120330
ElectroCom61 A Multiclass Dataset for Detection of Electronic Components\ElectroCom61\valid\images\IMG20240220114456_jpg.rf.fde5bbdaaa5d585219f44d542ef078d1.jpg,valid,IMG20240220114456,roboflow,ts_compact,20240220,114456
ElectroCom61 A Multiclass Dataset for Detection of Electronic Components\ElectroCom61\valid\images\IMG20240220114530_jpg.rf.c6b01089ab612611952674c7c8a54e17.jpg,valid,IMG20240220114530,roboflow,ts_compact,20240220,114530
ElectroCom61 A Multiclass Dataset for Detection of Electronic Components\ElectroCom61\valid\images\IMG20240220114626_jpg.rf.87ee154684ada5c726ab2fb2aeb88791.jpg,valid,IMG20240220114626,roboflow,ts_compact,20240220,114626
ElectroCom61 A Multiclass Dataset for Detection of Electronic Components\ElectroCom61\valid\images\IMG20240220115220_jpg.rf.f225c712f4db97157316ad3c43ce5aee.jpg,valid,IMG20240220115220,roboflow,ts_compact,20240220,115220
ElectroCom61 A Multiclass Dataset for Detection of Electronic Components\ElectroCom61\valid\images\IMG20240220115236_jpg.rf.5eb65a017863bac3057225998c7aa195.jpg,valid,IMG20240220115236,roboflow,ts_compact,20240220,115236
ElectroCom61 A Multiclass Dataset for Detection of Electronic Components\ElectroCom61\valid\images\IMG20240220115305_jpg.rf.decd6c04417f2852b784e29b50e632f1.jpg,valid,IMG20240220115305,roboflow,ts_compact,20240220,115305
ElectroCom61 A Multiclass Dataset for Detection of Electronic Components\ElectroCom61\valid\images\IMG20240220115628_jpg.rf.f39d117ac7703fbe86f95f50e66a3ee8.jpg,valid,IMG20240220115628,roboflow,ts_compact,20240220,115628
ElectroCom61 A Multiclass Dataset for Detection of Electronic Components\ElectroCom61\valid\images\IMG20240220115854_jpg.rf.86ea2d9efc7653b0197e429852aefd4d.jpg,valid,IMG20240220115854,roboflow,ts_compact,20240220,115854
ElectroCom61 A Multiclass Dataset for Detection of Electronic Components\ElectroCom61\valid\images\IMG20240220115915_jpg.rf.60ff3a98d3eed2e02d843e0f7d72139d.jpg,valid,IMG20240220115915,roboflow,ts_compact,20240220,115915
ElectroCom61 A Multiclass Dataset for Detection of Electronic Components\ElectroCom61\valid\images\IMG20240220120021_jpg.rf.2ac8290756dafce3c03c071da28763f1.jpg,valid,IMG20240220120021,roboflow,ts_compact,20240220,120021
ElectroCom61 A Multiclass Dataset for Detection of Electronic Components\ElectroCom61\valid\images\IMG20240220120321_jpg.rf.bc96e75d2dc571228425a1bc243b5742.jpg,valid,IMG20240220120321,roboflow,ts_compact,20240220,120321
ElectroCom61 A Multiclass Dataset for Detection of Electronic Components\ElectroCom61\valid\images\IMG20240220120325_jpg.rf.a70986136b1370727110776a3792bb1a.jpg,valid,IMG20240220120325,roboflow,ts_compact,20240220,120325
ElectroCom61 A Multiclass Dataset for Detection of Electronic Components\ElectroCom61\valid\images\IMG20240220120525_jpg.rf.9668a038e5abbbddb29507620d9bb4fe.jpg,valid,IMG20240220120525,roboflow,ts_compact,20240220,120525
ElectroCom61 A Multiclass Dataset for Detection of Electronic Components\ElectroCom61\valid\images\IMG20240220121249_jpg.rf.0fdb2203ba99fed385adb2a104a050b3.jpg,valid,IMG20240220121249,roboflow,ts_compact,20240220,121249
ElectroCom61 A Multiclass Dataset for Detection of Electronic Components\ElectroCom61\valid\images\IMG20240220121305_jpg.rf.266fb44d9ca03be84b4d3226bd8c6135.jpg,valid,IMG20240220121305,roboflow,ts_compact,20240220,121305
ElectroCom61 A Multiclass Dataset for Detection of Electronic Components\ElectroCom61\valid\images\IMG20240220122124_jpg.rf.12f415c0d4e2e02e84d9b19148eff63d.jpg,valid,IMG20240220122124,roboflow,ts_compact,20240220,122124
ElectroCom61 A Multiclass Dataset for Detection of Electronic Components\ElectroCom61\valid\images\IMG20240220122231_jpg.rf.45b808b093f7d62629fce867ceea047b.jpg,valid,IMG20240220122231,roboflow,ts_compact,20240220,122231
ElectroCom61 A Multiclass Dataset for Detection of Electronic Components\ElectroCom61\valid\images\IMG20240220122323_jpg.rf.0881aad966e613f0ba3454f967e025bc.jpg,valid,IMG20240220122323,roboflow,ts_compact,20240220,122323
ElectroCom61 A Multiclass Dataset for Detection of Electronic Components\ElectroCom61\valid\images\IMG20240220133631_jpg.rf.b4e558ffbb81dbd1782d9124925e4f68.jpg,valid,IMG20240220133631,roboflow,ts_compact,20240220,133631
ElectroCom61 A Multiclass Dataset for Detection of Electronic Components\ElectroCom61\valid\images\IMG20240220133705_jpg.rf.e8869818bfb8c6c499302515364974f4.jpg,valid,IMG20240220133705,roboflow,ts_compact,20240220,133705
ElectroCom61 A Multiclass Dataset for Detection of Electronic Components\ElectroCom61\valid\images\IMG20240220134015_jpg.rf.87de8341517a72ee36d430cbcfd6e616.jpg,valid,IMG20240220134015,roboflow,ts_compact,20240220,134015
ElectroCom61 A Multiclass Dataset for Detection of Electronic Components\ElectroCom61\valid\images\IMG20240220134046_jpg.rf.a0d40be8b297a7467890bcc79c3f3bfc.jpg,valid,IMG20240220134046,roboflow,ts_compact,20240220,134046
ElectroCom61 A Multiclass Dataset for Detection of Electronic Components\ElectroCom61\valid\images\IMG20240220134527_jpg.rf.1ba37b0ef963124381854ec73f35c338.jpg,valid,IMG20240220134527,roboflow,ts_compact,20240220,134527
ElectroCom61 A Multiclass Dataset for Detection of Electronic Components\ElectroCom61\valid\images\IMG20240220134657_jpg.rf.69e7c0320518c7a05eaeb48f96807e24.jpg,valid,IMG20240220134657,roboflow,ts_compact,20240220,134657
ElectroCom61 A Multiclass Dataset for Detection of Electronic Components\ElectroCom61\valid\images\IMG20240220134725_jpg.rf.d25967feb0c67ccfba3e77552ba6893f.jpg,valid,IMG20240220134725,roboflow,ts_compact,20240220,134725
ElectroCom61 A Multiclass Dataset for Detection of Electronic Components\ElectroCom61\valid\images\IMG20240220134815_jpg.rf.b210549a03e211ae90f5a53c959a5731.jpg,valid,IMG20240220134815,roboflow,ts_compact,20240220,134815
ElectroCom61 A Multiclass Dataset for Detection of Electronic Components\ElectroCom61\valid\images\IMG20240220134852_jpg.rf.bdbbfab3027ef788fd98f480f8dcb237.jpg,valid,IMG20240220134852,roboflow,ts_compact,20240220,134852
ElectroCom61 A Multiclass Dataset for Detection of Electronic Components\ElectroCom61\valid\images\IMG20240220134936_jpg.rf.8c16ef62c4a8f2c554bb83bf1c4bd957.jpg,valid,IMG20240220134936,roboflow,ts_compact,20240220,134936
ElectroCom61 A Multiclass Dataset for Detection of Electronic Components\ElectroCom61\valid\images\IMG20240220135251_jpg.rf.bda498d4781e65761ec78268f6b7f581.jpg,valid,IMG20240220135251,roboflow,ts_compact,20240220,135251
ElectroCom61 A Multiclass Dataset for Detection of Electronic Components\ElectroCom61\valid\images\IMG20240220135414_jpg.rf.6c8b90126606453a9a6f5fc5b73b7c73.jpg,valid,IMG20240220135414,roboflow,ts_compact,20240220,135414
ElectroCom61 A Multiclass Dataset for Detection of Electronic Components\ElectroCom61\valid\images\IMG20240220135905_jpg.rf.4a16bad4411dba9d03e676335db676aa.jpg,valid,IMG20240220135905,roboflow,ts_compact,20240220,135905
ElectroCom61 A Multiclass Dataset for Detection of Electronic Components\ElectroCom61\valid\images\IMG20240220135910_jpg.rf.5cfe6673956e6e4339c7cd5508d392e6.jpg,valid,IMG20240220135910,roboflow,ts_compact,20240220,135910
ElectroCom61 A Multiclass Dataset for Detection of Electronic Components\ElectroCom61\valid\images\IMG20240220135926_jpg.rf.0a5ac3158a88fd9e065a4cba3478e8c1.jpg,valid,IMG20240220135926,roboflow,ts_compact,20240220,135926
ElectroCom61 A Multiclass Dataset for Detection of Electronic Components\ElectroCom61\valid\images\IMG20240228122902_jpg.rf.6a5a1c6c89a62050c1b0f3fb1abf2240.jpg,valid,IMG20240228122902,roboflow,ts_compact,20240228,122902
ElectroCom61 A Multiclass Dataset for Detection of Electronic Components\ElectroCom61\valid\images\IMG20240228123115_jpg.rf.855519573d8a035cd60df9201ca162a3.jpg,valid,IMG20240228123115,roboflow,ts_compact,20240228,123115
ElectroCom61 A Multiclass Dataset for Detection of Electronic Components\ElectroCom61\valid\images\IMG20240228123322_jpg.rf.6afa51222620af57e7bd74eaa6ee65ce.jpg,valid,IMG20240228123322,roboflow,ts_compact,20240228,123322
ElectroCom61 A Multiclass Dataset for Detection of Electronic Components\ElectroCom61\valid\images\IMG20240228123816_jpg.rf.42f4da9358537a60a77038aaee0fac04.jpg,valid,IMG20240228123816,roboflow,ts_compact,20240228,123816
ElectroCom61 A Multiclass Dataset for Detection of Electronic Components\ElectroCom61\valid\images\IMG20240228124555_jpg.rf.4febd82db706fa88d852f29130296f1e.jpg,valid,IMG20240228124555,roboflow,ts_compact,20240228,124555
ElectroCom61 A Multiclass Dataset for Detection of Electronic Components\ElectroCom61\valid\images\IMG20240228124606_jpg.rf.0082809c0f5c288fbd8f9d7ed80ff7dc.jpg,valid,IMG20240228124606,roboflow,ts_compact,20240228,124606
ElectroCom61 A Multiclass Dataset for Detection of Electronic Components\ElectroCom61\valid\images\IMG20240228124759_jpg.rf.2e701aaeb345283cc807b3c3ca5e9ac3.jpg,valid,IMG20240228124759,roboflow,ts_compact,20240228,124759
ElectroCom61 A Multiclass Dataset for Detection of Electronic Components\ElectroCom61\valid\images\IMG20240228124816_jpg.rf.fd934e068f265ebe09f76c08a5a23918.jpg,valid,IMG20240228124816,roboflow,ts_compact,20240228,124816
ElectroCom61 A Multiclass Dataset for Detection of Electronic Components\ElectroCom61\valid\images\IMG20240228125011_jpg.rf.e7389797f8afb3cfd5cc0b76e05c901a.jpg,valid,IMG20240228125011,roboflow,ts_compact,20240228,125011
ElectroCom61 A Multiclass Dataset for Detection of Electronic Components\ElectroCom61\valid\images\IMG20240228125354_jpg.rf.7d85094c626d9067d268770b48e86e2c.jpg,valid,IMG20240228125354,roboflow,ts_compact,20240228,125354
ElectroCom61 A Multiclass Dataset for Detection of Electronic Components\ElectroCom61\valid\images\IMG20240228130337_jpg.rf.b663e00fa660e5140b5b31e1f78449d0.jpg,valid,IMG20240228130337,roboflow,ts_compact,20240228,130337
ElectroCom61 A Multiclass Dataset for Detection of Electronic Components\ElectroCom61\valid\images\IMG20240228130509_jpg.rf.00761d71fc3b66cc472f1ab337aaf41c.jpg,valid,IMG20240228130509,roboflow,ts_compact,20240228,130509
ElectroCom61 A Multiclass Dataset for Detection of Electronic Components\ElectroCom61\valid\images\IMG20240228130635_jpg.rf.8da917b92d92e4e1c85fcdb0fa15eb8f.jpg,valid,IMG20240228130635,roboflow,ts_compact,20240228,130635
ElectroCom61 A Multiclass Dataset for Detection of Electronic Components\ElectroCom61\valid\images\IMG20240228130639_jpg.rf.b8ad7fcdd6045cdf70467679a1a80ee4.jpg,valid,IMG20240228130639,roboflow,ts_compact,20240228,130639
ElectroCom61 A Multiclass Dataset for Detection of Electronic Components\ElectroCom61\valid\images\IMG20240228130943_jpg.rf.dfbbfcec6399acf20a1857da15000797.jpg,valid,IMG20240228130943,roboflow,ts_compact,20240228,130943
ElectroCom61 A Multiclass Dataset for Detection of Electronic Components\ElectroCom61\valid\images\IMG20240228131252_jpg.rf.029963bfbe57c55c252a2b997f98852d.jpg,valid,IMG20240228131252,roboflow,ts_compact,20240228,131252
ElectroCom61 A Multiclass Dataset for Detection of Electronic Components\ElectroCom61\valid\images\IMG20240228131521_jpg.rf.d676fe5c4a6837bb57781f45d225d4a8.jpg,valid,IMG20240228131521,roboflow,ts_compact,20240228,131521
ElectroCom61 A Multiclass Dataset for Detection of Electronic Components\ElectroCom61\valid\images\IMG20240228131534_jpg.rf.ecb315c8b9b9ba59e72c3bdb4b564c75.jpg,valid,IMG20240228131534,roboflow,ts_compact,20240228,131534
ElectroCom61 A Multiclass Dataset for Detection of Electronic Components\ElectroCom61\valid\images\IMG20240228131717_jpg.rf.b9a59e63a0455c755d44df419655b008.jpg,valid,IMG20240228131717,roboflow,ts_compact,20240228,131717
ElectroCom61 A Multiclass Dataset for Detection of Electronic Components\ElectroCom61\valid\images\IMG20240228131739_01_jpg.rf.24506a1297e96c389e59e9fcdc4e8e7a.jpg,valid,IMG20240228131739_01,roboflow,ts_compact_sub,20240228,131739
ElectroCom61 A Multiclass Dataset for Detection of Electronic Components\ElectroCom61\valid\images\IMG20240228132001_01_jpg.rf.8825f670c4d0db0754e1765b38fa06fb.jpg,valid,IMG20240228132001_01,roboflow,ts_compact_sub,20240228,132001
ElectroCom61 A Multiclass Dataset for Detection of Electronic Components\ElectroCom61\valid\images\IMG20240228132605_01_jpg.rf.b9a0f7958c47b1d3f9d5e4579e4700d6.jpg,valid,IMG20240228132605_01,roboflow,ts_compact_sub,20240228,132605
ElectroCom61 A Multiclass Dataset for Detection of Electronic Components\ElectroCom61\valid\images\IMG20240228132621_jpg.rf.129b54ed2273549f2dfe775277c9016e.jpg,valid,IMG20240228132621,roboflow,ts_compact,20240228,132621
ElectroCom61 A Multiclass Dataset for Detection of Electronic Components\ElectroCom61\valid\images\IMG20240228132906_jpg.rf.351b6b1faf16ad46e086d4d265cb8190.jpg,valid,IMG20240228132906,roboflow,ts_compact,20240228,132906
ElectroCom61 A Multiclass Dataset for Detection of Electronic Components\ElectroCom61\valid\images\IMG20240228133018_jpg.rf.db47171dd25ac460d015f15ce027cbd3.jpg,valid,IMG20240228133018,roboflow,ts_compact,20240228,133018
ElectroCom61 A Multiclass Dataset for Detection of Electronic Components\ElectroCom61\valid\images\IMG20240228133207_jpg.rf.9904ad9250aeda50001b8baacf520d78.jpg,valid,IMG20240228133207,roboflow,ts_compact,20240228,133207
ElectroCom61 A Multiclass Dataset for Detection of Electronic Components\ElectroCom61\valid\images\IMG20240228133855_jpg.rf.cc804e50f285c8f4c65e6de71c7e3f38.jpg,valid,IMG20240228133855,roboflow,ts_compact,20240228,133855
ElectroCom61 A Multiclass Dataset for Detection of Electronic Components\ElectroCom61\valid\images\IMG20240228134128_jpg.rf.12791f10bba3739d900a8a30a742636e.jpg,valid,IMG20240228134128,roboflow,ts_compact,20240228,134128
ElectroCom61 A Multiclass Dataset for Detection of Electronic Components\ElectroCom61\valid\images\IMG20240228135156_jpg.rf.7eb3989b8842a768ac20fd128fdf21bb.jpg,valid,IMG20240228135156,roboflow,ts_compact,20240228,135156
ElectroCom61 A Multiclass Dataset for Detection of Electronic Components\ElectroCom61\valid\images\IMG20240228135342_jpg.rf.8f50ce9beba251c9927715f025dd1278.jpg,valid,IMG20240228135342,roboflow,ts_compact,20240228,135342
ElectroCom61 A Multiclass Dataset for Detection of Electronic Components\ElectroCom61\valid\images\IMG20240228142129_jpg.rf.451b6d5f7b8ba847b9c6feb916bd960c.jpg,valid,IMG20240228142129,roboflow,ts_compact,20240228,142129
ElectroCom61 A Multiclass Dataset for Detection of Electronic Components\ElectroCom61\valid\images\IMG20240228142237_jpg.rf.c5f84e4a56f91bb1ee566764f4b8a464.jpg,valid,IMG20240228142237,roboflow,ts_compact,20240228,142237
ElectroCom61 A Multiclass Dataset for Detection of Electronic Components\ElectroCom61\valid\images\IMG20240228142340_jpg.rf.8596fa2a486f0dbb357ca0170b72793a.jpg,valid,IMG20240228142340,roboflow,ts_compact,20240228,142340
ElectroCom61 A Multiclass Dataset for Detection of Electronic Components\ElectroCom61\valid\images\IMG20240228142427_jpg.rf.dace53abc0b5a7ba0e3d7676a2acd676.jpg,valid,IMG20240228142427,roboflow,ts_compact,20240228,142427
ElectroCom61 A Multiclass Dataset for Detection of Electronic Components\ElectroCom61\valid\images\IMG20240303110013_jpg.rf.c72939f6bcf674012d01700951ada1ba.jpg,valid,IMG20240303110013,roboflow,ts_compact,20240303,110013
ElectroCom61 A Multiclass Dataset for Detection of Electronic Components\ElectroCom61\valid\images\IMG20240303110112_jpg.rf.d08b91e3008d0007952284d05427613d.jpg,valid,IMG20240303110112,roboflow,ts_compact,20240303,110112
ElectroCom61 A Multiclass Dataset for Detection of Electronic Components\ElectroCom61\valid\images\IMG20240303110140_jpg.rf.46135e3da7e6e8824a1c42419aab5f0d.jpg,valid,IMG20240303110140,roboflow,ts_compact,20240303,110140
ElectroCom61 A Multiclass Dataset for Detection of Electronic Components\ElectroCom61\valid\images\IMG20240303110322_jpg.rf.2796db6a839fa262fae65c8b34d514f0.jpg,valid,IMG20240303110322,roboflow,ts_compact,20240303,110322
ElectroCom61 A Multiclass Dataset for Detection of Electronic Components\ElectroCom61\valid\images\IMG20240303110505_jpg.rf.df00bbe2e4b8e7d2df4447623d3ead59.jpg,valid,IMG20240303110505,roboflow,ts_compact,20240303,110505
ElectroCom61 A Multiclass Dataset for Detection of Electronic Components\ElectroCom61\valid\images\IMG20240303110510_jpg.rf.27e6c6b3e4570fd98f13db4e17793288.jpg,valid,IMG20240303110510,roboflow,ts_compact,20240303,110510
ElectroCom61 A Multiclass Dataset for Detection of Electronic Components\ElectroCom61\valid\images\IMG20240303110616_jpg.rf.e5c30f984589960122fe2cbee5e7f952.jpg,valid,IMG20240303110616,roboflow,ts_compact,20240303,110616
ElectroCom61 A Multiclass Dataset for Detection of Electronic Components\ElectroCom61\valid\images\IMG20240303111013_jpg.rf.465db22ac5cb4079ef0c43ebc99587ec.jpg,valid,IMG20240303111013,roboflow,ts_compact,20240303,111013
ElectroCom61 A Multiclass Dataset for Detection of Electronic Components\ElectroCom61\valid\images\IMG20240303111020_jpg.rf.912ff9207a0635509e20e5ae9dc42562.jpg,valid,IMG20240303111020,roboflow,ts_compact,20240303,111020
ElectroCom61 A Multiclass Dataset for Detection of Electronic Components\ElectroCom61\valid\images\IMG20240303111050_jpg.rf.25258311865bb8e102ad3818fc3a949d.jpg,valid,IMG20240303111050,roboflow,ts_compact,20240303,111050
ElectroCom61 A Multiclass Dataset for Detection of Electronic Components\ElectroCom61\valid\images\IMG20240303111129_jpg.rf.b7dbdcad7806760161ef9c70e174139d.jpg,valid,IMG20240303111129,roboflow,ts_compact,20240303,111129
ElectroCom61 A Multiclass Dataset for Detection of Electronic Components\ElectroCom61\valid\images\IMG20240303111610_jpg.rf.1445894e236a61df19511e0b37e473f6.jpg,valid,IMG20240303111610,roboflow,ts_compact,20240303,111610
ElectroCom61 A Multiclass Dataset for Detection of Electronic Components\ElectroCom61\valid\images\IMG20240303111619_jpg.rf.bb4520c68d8827462704ce010e45fa3d.jpg,valid,IMG20240303111619,roboflow,ts_compact,20240303,111619
ElectroCom61 A Multiclass Dataset for Detection of Electronic Components\ElectroCom61\valid\images\IMG20240303111639_jpg.rf.1541d24949a115bd9e4486de70ae7bb3.jpg,valid,IMG20240303111639,roboflow,ts_compact,20240303,111639
ElectroCom61 A Multiclass Dataset for Detection of Electronic Components\ElectroCom61\valid\images\IMG20240303111914_jpg.rf.19864fa679bc4ca3cadf745577aec97d.jpg,valid,IMG20240303111914,roboflow,ts_compact,20240303,111914
ElectroCom61 A Multiclass Dataset for Detection of Electronic Components\ElectroCom61\valid\images\IMG20240303111923_jpg.rf.bd8fc6819ad7467e6bd993f38911eaca.jpg,valid,IMG20240303111923,roboflow,ts_compact,20240303,111923
ElectroCom61 A Multiclass Dataset for Detection of Electronic Components\ElectroCom61\valid\images\IMG20240306115402_jpg.rf.613556a5fc244118fc2a0f9fd3c8c55a.jpg,valid,IMG20240306115402,roboflow,ts_compact,20240306,115402
ElectroCom61 A Multiclass Dataset for Detection of Electronic Components\ElectroCom61\valid\images\IMG20240306115907_jpg.rf.76288d85d4165e8c25cf63f11472a8b2.jpg,valid,IMG20240306115907,roboflow,ts_compact,20240306,115907
ElectroCom61 A Multiclass Dataset for Detection of Electronic Components\ElectroCom61\valid\images\IMG20240306115945_jpg.rf.3014e6d36f53410e46d2e765496d9369.jpg,valid,IMG20240306115945,roboflow,ts_compact,20240306,115945
ElectroCom61 A Multiclass Dataset for Detection of Electronic Components\ElectroCom61\valid\images\IMG20240306115954_jpg.rf.67f1444674801300c269f5cc7b884e80.jpg,valid,IMG20240306115954,roboflow,ts_compact,20240306,115954
ElectroCom61 A Multiclass Dataset for Detection of Electronic Components\ElectroCom61\valid\images\IMG20240306120023_jpg.rf.1305271071abae4a444f29fe94eaa57b.jpg,valid,IMG20240306120023,roboflow,ts_compact,20240306,120023
ElectroCom61 A Multiclass Dataset for Detection of Electronic Components\ElectroCom61\valid\images\IMG20240306120725_jpg.rf.1e3eb817b41eeeb7efa6d99b47bf06c1.jpg,valid,IMG20240306120725,roboflow,ts_compact,20240306,120725
ElectroCom61 A Multiclass Dataset for Detection of Electronic Components\ElectroCom61\valid\images\IMG20240306120752_jpg.rf.6d1d5c3c632d3fa26a2e7b989add6f1f.jpg,valid,IMG20240306120752,roboflow,ts_compact,20240306,120752
ElectroCom61 A Multiclass Dataset for Detection of Electronic Components\ElectroCom61\valid\images\IMG20240306120859_jpg.rf.289e1af166734fb9672009fda6570927.jpg,valid,IMG20240306120859,roboflow,ts_compact,20240306,120859
ElectroCom61 A Multiclass Dataset for Detection of Electronic Components\ElectroCom61\valid\images\IMG20240306120910_jpg.rf.ee99a0de9299581ef2cb5b1bc28f669d.jpg,valid,IMG20240306120910,roboflow,ts_compact,20240306,120910
ElectroCom61 A Multiclass Dataset for Detection of Electronic Components\ElectroCom61\valid\images\IMG20240306121005_jpg.rf.7f5f58a731600aaeeb59dc76416f9a82.jpg,valid,IMG20240306121005,roboflow,ts_compact,20240306,121005
ElectroCom61 A Multiclass Dataset for Detection of Electronic Components\ElectroCom61\valid\images\IMG20240306121022_jpg.rf.bc67ef1bcb2728d9d0744d26952567f8.jpg,valid,IMG20240306121022,roboflow,ts_compact,20240306,121022
ElectroCom61 A Multiclass Dataset for Detection of Electronic Components\ElectroCom61\valid\images\IMG20240306143404_jpg.rf.738c2401807c6df2578dba32352c273d.jpg,valid,IMG20240306143404,roboflow,ts_compact,20240306,143404
ElectroCom61 A Multiclass Dataset for Detection of Electronic Components\ElectroCom61\valid\images\IMG20240306143749_jpg.rf.fb95801185cacbd75554a19f30ebd596.jpg,valid,IMG20240306143749,roboflow,ts_compact,20240306,143749
ElectroCom61 A Multiclass Dataset for Detection of Electronic Components\ElectroCom61\valid\images\IMG20240306143804_jpg.rf.6e87c6ea413f9c12abbe80646760754c.jpg,valid,IMG20240306143804,roboflow,ts_compact,20240306,143804
ElectroCom61 A Multiclass Dataset for Detection of Electronic Components\ElectroCom61\valid\images\IMG20240306143809_jpg.rf.500fa7ddbc494fd3cca75bef1c0e602b.jpg,valid,IMG20240306143809,roboflow,ts_compact,20240306,143809
ElectroCom61 A Multiclass Dataset for Detection of Electronic Components\ElectroCom61\valid\images\IMG20240306143817_jpg.rf.7bb08cf185ee4589701fe1b619e8cfe6.jpg,valid,IMG20240306143817,roboflow,ts_compact,20240306,143817
ElectroCom61 A Multiclass Dataset for Detection of Electronic Components\ElectroCom61\valid\images\IMG20240306143838_jpg.rf.2346cc814dd63dad12a58834e40b5993.jpg,valid,IMG20240306143838,roboflow,ts_compact,20240306,143838
ElectroCom61 A Multiclass Dataset for Detection of Electronic Components\ElectroCom61\valid\images\IMG20240306143957_jpg.rf.e82508cb2a5e59f227c367c912fb3a7f.jpg,valid,IMG20240306143957,roboflow,ts_compact,20240306,143957
ElectroCom61 A Multiclass Dataset for Detection of Electronic Components\ElectroCom61\valid\images\IMG20240306144021_jpg.rf.1491c8ab572482ed1d93544b2d1fdf36.jpg,valid,IMG20240306144021,roboflow,ts_compact,20240306,144021
ElectroCom61 A Multiclass Dataset for Detection of Electronic Components\ElectroCom61\valid\images\IMG20240306144101_jpg.rf.11b59a1e075ff1d2f5c4dab0b137c9f7.jpg,valid,IMG20240306144101,roboflow,ts_compact,20240306,144101
ElectroCom61 A Multiclass Dataset for Detection of Electronic Components\ElectroCom61\valid\images\IMG20240306144306_jpg.rf.6aa61f0d69aa5642618f9d191f8f6f72.jpg,valid,IMG20240306144306,roboflow,ts_compact,20240306,144306
ElectroCom61 A Multiclass Dataset for Detection of Electronic Components\ElectroCom61\valid\images\IMG20240306144352_jpg.rf.50ff38a5bd1c91494aa287407de07bde.jpg,valid,IMG20240306144352,roboflow,ts_compact,20240306,144352
ElectroCom61 A Multiclass Dataset for Detection of Electronic Components\ElectroCom61\valid\images\IMG20240309112455_jpg.rf.e30d06115b5e5491d11e37bb81f038dc.jpg,valid,IMG20240309112455,roboflow,ts_compact,20240309,112455
ElectroCom61 A Multiclass Dataset for Detection of Electronic Components\ElectroCom61\valid\images\IMG20240309112510_jpg.rf.5be36fea61d8c890f70c6013e410ff78.jpg,valid,IMG20240309112510,roboflow,ts_compact,20240309,112510
ElectroCom61 A Multiclass Dataset for Detection of Electronic Components\ElectroCom61\valid\images\IMG20240309112652_jpg.rf.cea261032c887104967a8f87b280b035.jpg,valid,IMG20240309112652,roboflow,ts_compact,20240309,112652
ElectroCom61 A Multiclass Dataset for Detection of Electronic Components\ElectroCom61\valid\images\IMG20240309112834_jpg.rf.f3ba3cf6becb2625326d1f93b9e648c7.jpg,valid,IMG20240309112834,roboflow,ts_compact,20240309,112834
ElectroCom61 A Multiclass Dataset for Detection of Electronic Components\ElectroCom61\valid\images\IMG20240309112839_jpg.rf.ece069a9506db4dfab08e265b2b82799.jpg,valid,IMG20240309112839,roboflow,ts_compact,20240309,112839
ElectroCom61 A Multiclass Dataset for Detection of Electronic Components\ElectroCom61\valid\images\IMG20240309113205_jpg.rf.2ed2a58f14a3ecbbf4e10ab97ea13e33.jpg,valid,IMG20240309113205,roboflow,ts_compact,20240309,113205
ElectroCom61 A Multiclass Dataset for Detection of Electronic Components\ElectroCom61\valid\images\IMG20240309113221_jpg.rf.3305c82ece06856331a13d0e09d02f51.jpg,valid,IMG20240309113221,roboflow,ts_compact,20240309,113221
ElectroCom61 A Multiclass Dataset for Detection of Electronic Components\ElectroCom61\valid\images\IMG20240309113333_jpg.rf.49b1bf111fc8e0912f6fcc86fc135c4e.jpg,valid,IMG20240309113333,roboflow,ts_compact,20240309,113333
ElectroCom61 A Multiclass Dataset for Detection of Electronic Components\ElectroCom61\valid\images\IMG20240309113432_jpg.rf.decfc86c9828ffcb97e695dd81255b11.jpg,valid,IMG20240309113432,roboflow,ts_compact,20240309,113432
ElectroCom61 A Multiclass Dataset for Detection of Electronic Components\ElectroCom61\valid\images\IMG20240309113458_jpg.rf.dca473598c97cdb61bae442d8202c3f5.jpg,valid,IMG20240309113458,roboflow,ts_compact,20240309,113458
ElectroCom61 A Multiclass Dataset for Detection of Electronic Components\ElectroCom61\valid\images\IMG20240309113515_jpg.rf.ac51c5661c4205fe9d2993d19fb87c5e.jpg,valid,IMG20240309113515,roboflow,ts_compact,20240309,113515
ElectroCom61 A Multiclass Dataset for Detection of Electronic Components\ElectroCom61\valid\images\IMG20240309113635_jpg.rf.ed58c3f2b26872957a13ccf3edeb4130.jpg,valid,IMG20240309113635,roboflow,ts_compact,20240309,113635
ElectroCom61 A Multiclass Dataset for Detection of Electronic Components\ElectroCom61\valid\images\IMG20240309113703_jpg.rf.e5b63e67e24bef26615d41b516424350.jpg,valid,IMG20240309113703,roboflow,ts_compact,20240309,113703
ElectroCom61 A Multiclass Dataset for Detection of Electronic Components\ElectroCom61\valid\images\IMG20240309113808_jpg.rf.4ae70d04e05d21c1b93fac11f428506d.jpg,valid,IMG20240309113808,roboflow,ts_compact,20240309,113808
ElectroCom61 A Multiclass Dataset for Detection of Electronic Components\ElectroCom61\valid\images\IMG20240309113823_jpg.rf.300efbfd9892b04a4ced5b10854a9d23.jpg,valid,IMG20240309113823,roboflow,ts_compact,20240309,113823
ElectroCom61 A Multiclass Dataset for Detection of Electronic Components\ElectroCom61\valid\images\IMG20240309113827_jpg.rf.f1d26901395ce2e94b149925826a5be9.jpg,valid,IMG20240309113827,roboflow,ts_compact,20240309,113827
ElectroCom61 A Multiclass Dataset for Detection of Electronic Components\ElectroCom61\valid\images\IMG20240309114535_jpg.rf.4fae856fd773ce4be311871c58d5b351.jpg,valid,IMG20240309114535,roboflow,ts_compact,20240309,114535
ElectroCom61 A Multiclass Dataset for Detection of Electronic Components\ElectroCom61\valid\images\IMG20240309114642_jpg.rf.cba5a19c301a1661e2bf00fe8770799f.jpg,valid,IMG20240309114642,roboflow,ts_compact,20240309,114642
ElectroCom61 A Multiclass Dataset for Detection of Electronic Components\ElectroCom61\valid\images\IMG20240309115446_jpg.rf.b869a43fa497c41593a9925e4bd0e95c.jpg,valid,IMG20240309115446,roboflow,ts_compact,20240309,115446
ElectroCom61 A Multiclass Dataset for Detection of Electronic Components\ElectroCom61\valid\images\IMG20240309115506_jpg.rf.e140f990d0594af7fd3de8079baa502a.jpg,valid,IMG20240309115506,roboflow,ts_compact,20240309,115506
ElectroCom61 A Multiclass Dataset for Detection of Electronic Components\ElectroCom61\valid\images\IMG20240309115812_jpg.rf.60aefe8c82ea71415e7b254f0f0589bf.jpg,valid,IMG20240309115812,roboflow,ts_compact,20240309,115812
ElectroCom61 A Multiclass Dataset for Detection of Electronic Components\ElectroCom61\valid\images\IMG20240309115949_jpg.rf.8feea9a932721b69efee1363bc4b65db.jpg,valid,IMG20240309115949,roboflow,ts_compact,20240309,115949
ElectroCom61 A Multiclass Dataset for Detection of Electronic Components\ElectroCom61\valid\images\IMG20240309120426_jpg.rf.66c8f41ac654e8354611055adbd35a8d.jpg,valid,IMG20240309120426,roboflow,ts_compact,20240309,120426
ElectroCom61 A Multiclass Dataset for Detection of Electronic Components\ElectroCom61\valid\images\IMG20240309120449_jpg.rf.9fc408f800a317090d5a56c937b6c6f1.jpg,valid,IMG20240309120449,roboflow,ts_compact,20240309,120449
ElectroCom61 A Multiclass Dataset for Detection of Electronic Components\ElectroCom61\valid\images\IMG20240309120539_jpg.rf.3276429b0b5f7312e654c801327572c7.jpg,valid,IMG20240309120539,roboflow,ts_compact,20240309,120539
ElectroCom61 A Multiclass Dataset for Detection of Electronic Components\ElectroCom61\valid\images\IMG20240309120618_jpg.rf.158816e94f9aa20db9c422b6acdb7cc4.jpg,valid,IMG20240309120618,roboflow,ts_compact,20240309,120618
ElectroCom61 A Multiclass Dataset for Detection of Electronic Components\ElectroCom61\valid\images\IMG20240417115339_jpg.rf.04e89f9cfc01a109d44ab08e3e650fb5.jpg,valid,IMG20240417115339,roboflow,ts_compact,20240417,115339
ElectroCom61 A Multiclass Dataset for Detection of Electronic Components\ElectroCom61\valid\images\IMG20240417115406_jpg.rf.b20043366c934df1b3e28803c603c667.jpg,valid,IMG20240417115406,roboflow,ts_compact,20240417,115406
ElectroCom61 A Multiclass Dataset for Detection of Electronic Components\ElectroCom61\valid\images\IMG20240417120340_jpg.rf.26426dd5c15c0d74e8453b3fcb8ff962.jpg,valid,IMG20240417120340,roboflow,ts_compact,20240417,120340
ElectroCom61 A Multiclass Dataset for Detection of Electronic Components\ElectroCom61\valid\images\IMG20240417120425_jpg.rf.d31ffaf95cd9a43492a9e6bd49b04e1d.jpg,valid,IMG20240417120425,roboflow,ts_compact,20240417,120425
ElectroCom61 A Multiclass Dataset for Detection of Electronic Components\ElectroCom61\valid\images\IMG_20240219_113819_jpg.rf.daeac477fa54aad07199023de87b198a.jpg,valid,IMG_20240219_113819,roboflow,ts_underscore,20240219,113819
ElectroCom61 A Multiclass Dataset for Detection of Electronic Components\ElectroCom61\valid\images\IMG_20240219_113931_jpg.rf.29fdf0ab710d64098076be73bccbe0f8.jpg,valid,IMG_20240219_113931,roboflow,ts_underscore,20240219,113931
ElectroCom61 A Multiclass Dataset for Detection of Electronic Components\ElectroCom61\valid\images\IMG_20240219_113936_jpg.rf.d4e5b60c2371d16b68ee93f325eed4b2.jpg,valid,IMG_20240219_113936,roboflow,ts_underscore,20240219,113936
ElectroCom61 A Multiclass Dataset for Detection of Electronic Components\ElectroCom61\valid\images\IMG_20240219_114133_jpg.rf.96daf76ddd52ca03bb62d14e47ff92db.jpg,valid,IMG_20240219_114133,roboflow,ts_underscore,20240219,114133
ElectroCom61 A Multiclass Dataset for Detection of Electronic Components\ElectroCom61\valid\images\IMG_20240219_114741_jpg.rf.7cd1e6257324764bf5e26899806a3a66.jpg,valid,IMG_20240219_114741,roboflow,ts_underscore,20240219,114741
ElectroCom61 A Multiclass Dataset for Detection of Electronic Components\ElectroCom61\valid\images\IMG_20240219_114814_jpg.rf.daedbe56820e81ba4c789d62f9d117bf.jpg,valid,IMG_20240219_114814,roboflow,ts_underscore,20240219,114814
ElectroCom61 A Multiclass Dataset for Detection of Electronic Components\ElectroCom61\valid\images\IMG_20240219_114822_jpg.rf.163535f54ac65b810f8c79ab85bdf47e.jpg,valid,IMG_20240219_114822,roboflow,ts_underscore,20240219,114822
ElectroCom61 A Multiclass Dataset for Detection of Electronic Components\ElectroCom61\valid\images\IMG_20240219_114918_jpg.rf.1326097922528a7dfce1c75b295a76c8.jpg,valid,IMG_20240219_114918,roboflow,ts_underscore,20240219,114918
ElectroCom61 A Multiclass Dataset for Detection of Electronic Components\ElectroCom61\valid\images\IMG_20240219_115004_jpg.rf.04430da7e56f69b6c179e60325c812ff.jpg,valid,IMG_20240219_115004,roboflow,ts_underscore,20240219,115004
ElectroCom61 A Multiclass Dataset for Detection of Electronic Components\ElectroCom61\valid\images\IMG_20240219_115010_jpg.rf.b53bc08427814c52ceb1336d30d76f1f.jpg,valid,IMG_20240219_115010,roboflow,ts_underscore,20240219,115010
ElectroCom61 A Multiclass Dataset for Detection of Electronic Components\ElectroCom61\valid\images\IMG_20240219_115948_jpg.rf.00f03fa469e90481d3ca600e86cefbe2.jpg,valid,IMG_20240219_115948,roboflow,ts_underscore,20240219,115948
ElectroCom61 A Multiclass Dataset for Detection of Electronic Components\ElectroCom61\valid\images\IMG_20240219_120209_jpg.rf.5ef6b3162d52624adc17d5979b27a1b3.jpg,valid,IMG_20240219_120209,roboflow,ts_underscore,20240219,120209
ElectroCom61 A Multiclass Dataset for Detection of Electronic Components\ElectroCom61\valid\images\IMG_20240219_120213_jpg.rf.7a2905ac05f9e0215d2a4076d3d637de.jpg,valid,IMG_20240219_120213,roboflow,ts_underscore,20240219,120213
ElectroCom61 A Multiclass Dataset for Detection of Electronic Components\ElectroCom61\valid\images\IMG_20240219_120311_jpg.rf.6dd529b4904440c47baccff6e9419677.jpg,valid,IMG_20240219_120311,roboflow,ts_underscore,20240219,120311
ElectroCom61 A Multiclass Dataset for Detection of Electronic Components\ElectroCom61\valid\images\IMG_20240220_114237_jpg.rf.280b6ae293e79d28c3dd909289c27cc0.jpg,valid,IMG_20240220_114237,roboflow,ts_underscore,20240220,114237
ElectroCom61 A Multiclass Dataset for Detection of Electronic Components\ElectroCom61\valid\images\IMG_20240220_114725_jpg.rf.6dd82f2c6f831670df642815d06f6ff1.jpg,valid,IMG_20240220_114725,roboflow,ts_underscore,20240220,114725
ElectroCom61 A Multiclass Dataset for Detection of Electronic Components\ElectroCom61\valid\images\IMG_20240220_115120_jpg.rf.eb638b4ebe127167e8003467c7d54f8a.jpg,valid,IMG_20240220_115120,roboflow,ts_underscore,20240220,115120
ElectroCom61 A Multiclass Dataset for Detection of Electronic Components\ElectroCom61\valid\images\IMG_20240220_115215_jpg.rf.b4d17aef6701052b75a450904f69c28b.jpg,valid,IMG_20240220_115215,roboflow,ts_underscore,20240220,115215
ElectroCom61 A Multiclass Dataset for Detection of Electronic Components\ElectroCom61\valid\images\IMG_20240220_115333_jpg.rf.e1d7585f70609907fa9bdbd101a0d701.jpg,valid,IMG_20240220_115333,roboflow,ts_underscore,20240220,115333
ElectroCom61 A Multiclass Dataset for Detection of Electronic Components\ElectroCom61\valid\images\IMG_20240220_115414_jpg.rf.7845dabc2527e47525a7cdd5de08d8d5.jpg,valid,IMG_20240220_115414,roboflow,ts_underscore,20240220,115414
ElectroCom61 A Multiclass Dataset for Detection of Electronic Components\ElectroCom61\valid\images\IMG_20240220_115430_jpg.rf.e5ba655a600e6783bb95559d647c915c.jpg,valid,IMG_20240220_115430,roboflow,ts_underscore,20240220,115430
ElectroCom61 A Multiclass Dataset for Detection of Electronic Components\ElectroCom61\valid\images\IMG_20240220_115458_jpg.rf.a9cc1027d170a2a949c07415364315e0.jpg,valid,IMG_20240220_115458,roboflow,ts_underscore,20240220,115458
ElectroCom61 A Multiclass Dataset for Detection of Electronic Components\ElectroCom61\valid\images\IMG_20240220_115527_jpg.rf.94f71764ddfad91034166c4803c17ad9.jpg,valid,IMG_20240220_115527,roboflow,ts_underscore,20240220,115527
ElectroCom61 A Multiclass Dataset for Detection of Electronic Components\ElectroCom61\valid\images\IMG_20240220_115622_jpg.rf.b8db48c507066846d3a5d59eb60b4979.jpg,valid,IMG_20240220_115622,roboflow,ts_underscore,20240220,115622
ElectroCom61 A Multiclass Dataset for Detection of Electronic Components\ElectroCom61\valid\images\IMG_20240220_120015_jpg.rf.bec67ef4b95b53011235c5630a0ee8ea.jpg,valid,IMG_20240220_120015,roboflow,ts_underscore,20240220,120015
ElectroCom61 A Multiclass Dataset for Detection of Electronic Components\ElectroCom61\valid\images\IMG_20240220_120029_jpg.rf.2868fbb5c33ef91ad5d30aa424c44b94.jpg,valid,IMG_20240220_120029,roboflow,ts_underscore,20240220,120029
ElectroCom61 A Multiclass Dataset for Detection of Electronic Components\ElectroCom61\valid\images\IMG_20240220_120154_jpg.rf.701e37e41485cb3c9fb55e3cfe73c36b.jpg,valid,IMG_20240220_120154,roboflow,ts_underscore,20240220,120154
ElectroCom61 A Multiclass Dataset for Detection of Electronic Components\ElectroCom61\valid\images\IMG_20240220_120351_jpg.rf.a75b2afe56ef87fc38d09f106c6320f9.jpg,valid,IMG_20240220_120351,roboflow,ts_underscore,20240220,120351
ElectroCom61 A Multiclass Dataset for Detection of Electronic Components\ElectroCom61\valid\images\IMG_20240220_120413_jpg.rf.e86a4ff96fe58a837ab9fe50d2a333b3.jpg,valid,IMG_20240220_120413,roboflow,ts_underscore,20240220,120413
ElectroCom61 A Multiclass Dataset for Detection of Electronic Components\ElectroCom61\valid\images\IMG_20240220_120532_jpg.rf.4b26302f3207c7ae930e9a63fb841612.jpg,valid,IMG_20240220_120532,roboflow,ts_underscore,20240220,120532
ElectroCom61 A Multiclass Dataset for Detection of Electronic Components\ElectroCom61\valid\images\IMG_20240220_120903_jpg.rf.aa26920fe976f4ebc852b9471387c05a.jpg,valid,IMG_20240220_120903,roboflow,ts_underscore,20240220,120903
ElectroCom61 A Multiclass Dataset for Detection of Electronic Components\ElectroCom61\valid\images\IMG_20240220_120913_jpg.rf.08a905c7ad3db494732363abd7a0fc48.jpg,valid,IMG_20240220_120913,roboflow,ts_underscore,20240220,120913
ElectroCom61 A Multiclass Dataset for Detection of Electronic Components\ElectroCom61\valid\images\IMG_20240220_121119_jpg.rf.77425419050978e1feafbe6bc9951022.jpg,valid,IMG_20240220_121119,roboflow,ts_underscore,20240220,121119
ElectroCom61 A Multiclass Dataset for Detection of Electronic Components\ElectroCom61\valid\images\IMG_20240220_121359_jpg.rf.3ee49f97664e474cd4d1802fe2ba6422.jpg,valid,IMG_20240220_121359,roboflow,ts_underscore,20240220,121359
ElectroCom61 A Multiclass Dataset for Detection of Electronic Components\ElectroCom61\valid\images\IMG_20240220_121409_jpg.rf.e2188b1fb41788abbb7201250b4ad44d.jpg,valid,IMG_20240220_121409,roboflow,ts_underscore,20240220,121409
ElectroCom61 A Multiclass Dataset for Detection of Electronic Components\ElectroCom61\valid\images\IMG_20240220_121416_jpg.rf.5197c0d9ffa9bf3ec5559d4889931870.jpg,valid,IMG_20240220_121416,roboflow,ts_underscore,20240220,121416
ElectroCom61 A Multiclass Dataset for Detection of Electronic Components\ElectroCom61\valid\images\IMG_20240220_121422_jpg.rf.4491f20542a782e06774406dc32907da.jpg,valid,IMG_20240220_121422,roboflow,ts_underscore,20240220,121422
ElectroCom61 A Multiclass Dataset for Detection of Electronic Components\ElectroCom61\valid\images\IMG_20240220_121500_jpg.rf.e5baccba9f8966c4d3eb37394236219d.jpg,valid,IMG_20240220_121500,roboflow,ts_underscore,20240220,121500
ElectroCom61 A Multiclass Dataset for Detection of Electronic Components\ElectroCom61\valid\images\IMG_20240220_121913_jpg.rf.7a7f20b9ffe6c5a80f855f2a60aadfa0.jpg,valid,IMG_20240220_121913,roboflow,ts_underscore,20240220,121913
ElectroCom61 A Multiclass Dataset for Detection of Electronic Components\ElectroCom61\valid\images\IMG_20240220_121918_jpg.rf.5de6e491a93226f17c551a90b26b382e.jpg,valid,IMG_20240220_121918,roboflow,ts_underscore,20240220,121918
ElectroCom61 A Multiclass Dataset for Detection of Electronic Components\ElectroCom61\valid\images\IMG_20240220_131431_jpg.rf.3b9df1b9cedf6984fe4a29109ccc0e50.jpg,valid,IMG_20240220_131431,roboflow,ts_underscore,20240220,131431
ElectroCom61 A Multiclass Dataset for Detection of Electronic Components\ElectroCom61\valid\images\IMG_20240220_131436_jpg.rf.25e8cdb29e92fa062f998791045c3f2b.jpg,valid,IMG_20240220_131436,roboflow,ts_underscore,20240220,131436
ElectroCom61 A Multiclass Dataset for Detection of Electronic Components\ElectroCom61\valid\images\IMG_20240220_131559_jpg.rf.bffdc87a1fac1cc494ea36fe3afc4d46.jpg,valid,IMG_20240220_131559,roboflow,ts_underscore,20240220,131559
ElectroCom61 A Multiclass Dataset for Detection of Electronic Components\ElectroCom61\valid\images\IMG_20240220_131610_jpg.rf.8db95257b5b634a4b1abcda7f7930dab.jpg,valid,IMG_20240220_131610,roboflow,ts_underscore,20240220,131610
ElectroCom61 A Multiclass Dataset for Detection of Electronic Components\ElectroCom61\valid\images\IMG_20240220_131638_jpg.rf.a123e576c0a060fc775e1e24272543f1.jpg,valid,IMG_20240220_131638,roboflow,ts_underscore,20240220,131638
ElectroCom61 A Multiclass Dataset for Detection of Electronic Components\ElectroCom61\valid\images\IMG_20240220_131734_jpg.rf.4faf7baa35491b4ab7ef951b3cd5e04b.jpg,valid,IMG_20240220_131734,roboflow,ts_underscore,20240220,131734
ElectroCom61 A Multiclass Dataset for Detection of Electronic Components\ElectroCom61\valid\images\IMG_20240220_131847_jpg.rf.9c941b23248df2e1c615af614b890ad3.jpg,valid,IMG_20240220_131847,roboflow,ts_underscore,20240220,131847
ElectroCom61 A Multiclass Dataset for Detection of Electronic Components\ElectroCom61\valid\images\IMG_20240220_131908_jpg.rf.49b6529bf5cdccf49c54bea21a454679.jpg,valid,IMG_20240220_131908,roboflow,ts_underscore,20240220,131908
ElectroCom61 A Multiclass Dataset for Detection of Electronic Components\ElectroCom61\valid\images\IMG_20240220_132242_jpg.rf.12b1f89b1c5b41868ffaa7be40db0cae.jpg,valid,IMG_20240220_132242,roboflow,ts_underscore,20240220,132242
ElectroCom61 A Multiclass Dataset for Detection of Electronic Components\ElectroCom61\valid\images\IMG_20240220_132310_jpg.rf.01d4842e82caf43485cdfd120459a484.jpg,valid,IMG_20240220_132310,roboflow,ts_underscore,20240220,132310
ElectroCom61 A Multiclass Dataset for Detection of Electronic Components\ElectroCom61\valid\images\IMG_20240220_132334_jpg.rf.b104bbdf3f377fe62786fe6bce8ffa5f.jpg,valid,IMG_20240220_132334,roboflow,ts_underscore,20240220,132334
ElectroCom61 A Multiclass Dataset for Detection of Electronic Components\ElectroCom61\valid\images\IMG_20240220_132414_jpg.rf.1ef971895a8d709759a33980e46999a8.jpg,valid,IMG_20240220_132414,roboflow,ts_underscore,20240220,132414
ElectroCom61 A Multiclass Dataset for Detection of Electronic Components\ElectroCom61\valid\images\IMG_20240220_132607_jpg.rf.01978a5dfb366825448d147cb12d7f38.jpg,valid,IMG_20240220_132607,roboflow,ts_underscore,20240220,132607
ElectroCom61 A Multiclass Dataset for Detection of Electronic Components\ElectroCom61\valid\images\IMG_20240220_132618_jpg.rf.f052f2187e1088ed6f0b46dfc08e71c9.jpg,valid,IMG_20240220_132618,roboflow,ts_underscore,20240220,132618
ElectroCom61 A Multiclass Dataset for Detection of Electronic Components\ElectroCom61\valid\images\IMG_20240220_132728_jpg.rf.7bcd2c9e46eb622501c79d7b832c2889.jpg,valid,IMG_20240220_132728,roboflow,ts_underscore,20240220,132728
ElectroCom61 A Multiclass Dataset for Detection of Electronic Components\ElectroCom61\valid\images\IMG_20240220_132834_jpg.rf.3d72afe522ec6b303c312f3856a30d67.jpg,valid,IMG_20240220_132834,roboflow,ts_underscore,20240220,132834
ElectroCom61 A Multiclass Dataset for Detection of Electronic Components\ElectroCom61\valid\images\IMG_20240220_132854_jpg.rf.a421606330ad4699d4c29787d3a71def.jpg,valid,IMG_20240220_132854,roboflow,ts_underscore,20240220,132854
ElectroCom61 A Multiclass Dataset for Detection of Electronic Components\ElectroCom61\valid\images\IMG_20240220_132943_jpg.rf.c9ddfa6f3397a22ee5583c92927833ff.jpg,valid,IMG_20240220_132943,roboflow,ts_underscore,20240220,132943
ElectroCom61 A Multiclass Dataset for Detection of Electronic Components\ElectroCom61\valid\images\IMG_20240220_132952_jpg.rf.25bf049a5914df05959892a8302995d5.jpg,valid,IMG_20240220_132952,roboflow,ts_underscore,20240220,132952
ElectroCom61 A Multiclass Dataset for Detection of Electronic Components\ElectroCom61\valid\images\IMG_20240220_133000_jpg.rf.657393ab8cdc5cf4ffb4c1267b001a77.jpg,valid,IMG_20240220_133000,roboflow,ts_underscore,20240220,133000
ElectroCom61 A Multiclass Dataset for Detection of Electronic Components\ElectroCom61\valid\images\IMG_20240220_133258_jpg.rf.e6347bd671965b15a5026ab3f3647f6f.jpg,valid,IMG_20240220_133258,roboflow,ts_underscore,20240220,133258
ElectroCom61 A Multiclass Dataset for Detection of Electronic Components\ElectroCom61\valid\images\IMG_20240220_134012_jpg.rf.d81c261d9d26b8d9f62d786932458218.jpg,valid,IMG_20240220_134012,roboflow,ts_underscore,20240220,134012
ElectroCom61 A Multiclass Dataset for Detection of Electronic Components\ElectroCom61\valid\images\IMG_20240220_134015_jpg.rf.f9598c36c1f83dab877f74ef91b359d0.jpg,valid,IMG_20240220_134015,roboflow,ts_underscore,20240220,134015
ElectroCom61 A Multiclass Dataset for Detection of Electronic Components\ElectroCom61\valid\images\IMG_20240220_134020_jpg.rf.46d0bf66109c474438af78c4b786aaeb.jpg,valid,IMG_20240220_134020,roboflow,ts_underscore,20240220,134020
ElectroCom61 A Multiclass Dataset for Detection of Electronic Components\ElectroCom61\valid\images\IMG_20240220_134055_jpg.rf.1381e29381537b16674aca5db3471ef0.jpg,valid,IMG_20240220_134055,roboflow,ts_underscore,20240220,134055
ElectroCom61 A Multiclass Dataset for Detection of Electronic Components\ElectroCom61\valid\images\IMG_20240220_134141_jpg.rf.2638694af072a500802632c59a624266.jpg,valid,IMG_20240220_134141,roboflow,ts_underscore,20240220,134141
ElectroCom61 A Multiclass Dataset for Detection of Electronic Components\ElectroCom61\valid\images\IMG_20240220_134224_jpg.rf.678fc22e5c776731068008b88f8da2e6.jpg,valid,IMG_20240220_134224,roboflow,ts_underscore,20240220,134224
ElectroCom61 A Multiclass Dataset for Detection of Electronic Components\ElectroCom61\valid\images\IMG_20240220_134228_jpg.rf.35dfde5f4bea398f26ae6ad324e8fe35.jpg,valid,IMG_20240220_134228,roboflow,ts_underscore,20240220,134228
ElectroCom61 A Multiclass Dataset for Detection of Electronic Components\ElectroCom61\valid\images\IMG_20240220_134416_jpg.rf.63e97fd32a8f7b8b923ad1695d50bfcd.jpg,valid,IMG_20240220_134416,roboflow,ts_underscore,20240220,134416
ElectroCom61 A Multiclass Dataset for Detection of Electronic Components\ElectroCom61\valid\images\IMG_20240220_134526_jpg.rf.ce0fd3a5a59b5f2a0500ec1a95ff24c6.jpg,valid,IMG_20240220_134526,roboflow,ts_underscore,20240220,134526
ElectroCom61 A Multiclass Dataset for Detection of Electronic Components\ElectroCom61\valid\images\IMG_20240220_134725_jpg.rf.98d8f9bfede08526d92ae1ba600d62a9.jpg,valid,IMG_20240220_134725,roboflow,ts_underscore,20240220,134725
ElectroCom61 A Multiclass Dataset for Detection of Electronic Components\ElectroCom61\valid\images\IMG_20240220_134801_jpg.rf.a4ca38981a085b58fcafb3fa0d9cb355.jpg,valid,IMG_20240220_134801,roboflow,ts_underscore,20240220,134801
ElectroCom61 A Multiclass Dataset for Detection of Electronic Components\ElectroCom61\valid\images\IMG_20240220_134925_jpg.rf.0dcf20b6a016d7c365b4e6bb6189da9f.jpg,valid,IMG_20240220_134925,roboflow,ts_underscore,20240220,134925
ElectroCom61 A Multiclass Dataset for Detection of Electronic Components\ElectroCom61\valid\images\IMG_20240220_135306_jpg.rf.e43c32b82c57c000b0b1c36672c1cf23.jpg,valid,IMG_20240220_135306,roboflow,ts_underscore,20240220,135306
ElectroCom61 A Multiclass Dataset for Detection of Electronic Components\ElectroCom61\valid\images\IMG_20240220_135309_jpg.rf.26909fdb6ea32c9f34b348133b8c4fb8.jpg,valid,IMG_20240220_135309,roboflow,ts_underscore,20240220,135309
ElectroCom61 A Multiclass Dataset for Detection of Electronic Components\ElectroCom61\valid\images\IMG_20240220_135420_jpg.rf.ab4349496291e071a9b71cc52313bf45.jpg,valid,IMG_20240220_135420,roboflow,ts_underscore,20240220,135420
ElectroCom61 A Multiclass Dataset for Detection of Electronic Components\ElectroCom61\valid\images\IMG_20240220_135428_jpg.rf.2470adaf3d9a249f2b1fe690b9d85077.jpg,valid,IMG_20240220_135428,roboflow,ts_underscore,20240220,135428
ElectroCom61 A Multiclass Dataset for Detection of Electronic Components\ElectroCom61\valid\images\IMG_20240220_135827_jpg.rf.30ec62ac90321dc7cb266a24bd890ac4.jpg,valid,IMG_20240220_135827,roboflow,ts_underscore,20240220,135827
ElectroCom61 A Multiclass Dataset for Detection of Electronic Components\ElectroCom61\valid\images\IMG_20240228_122859_jpg.rf.8e076cc6dc578e270d3c476b69f67d58.jpg,valid,IMG_20240228_122859,roboflow,ts_underscore,20240228,122859
ElectroCom61 A Multiclass Dataset for Detection of Electronic Components\ElectroCom61\valid\images\IMG_20240228_123002_jpg.rf.9b26c78a64d04664923f8012b4be4f67.jpg,valid,IMG_20240228_123002,roboflow,ts_underscore,20240228,123002
ElectroCom61 A Multiclass Dataset for Detection of Electronic Components\ElectroCom61\valid\images\IMG_20240228_123051_jpg.rf.51830ccbc937726fc39ba8a925c9b822.jpg,valid,IMG_20240228_123051,roboflow,ts_underscore,20240228,123051
ElectroCom61 A Multiclass Dataset for Detection of Electronic Components\ElectroCom61\valid\images\IMG_20240228_123132_jpg.rf.d82df8c1f34a492d57bc354276596771.jpg,valid,IMG_20240228_123132,roboflow,ts_underscore,20240228,123132
ElectroCom61 A Multiclass Dataset for Detection of Electronic Components\ElectroCom61\valid\images\IMG_20240228_123209_jpg.rf.2e296f535fdc56d50f64ad8eaee4b64e.jpg,valid,IMG_20240228_123209,roboflow,ts_underscore,20240228,123209
ElectroCom61 A Multiclass Dataset for Detection of Electronic Components\ElectroCom61\valid\images\IMG_20240228_123240_jpg.rf.b2e15bdb8c88d99f9fb53ac1923df170.jpg,valid,IMG_20240228_123240,roboflow,ts_underscore,20240228,123240
ElectroCom61 A Multiclass Dataset for Detection of Electronic Components\ElectroCom61\valid\images\IMG_20240228_123516_jpg.rf.ffc9c001482b9db5593f199ebed72f0f.jpg,valid,IMG_20240228_123516,roboflow,ts_underscore,20240228,123516
ElectroCom61 A Multiclass Dataset for Detection of Electronic Components\ElectroCom61\valid\images\IMG_20240228_123533_jpg.rf.c80bc5eabc360baf2a106eb524da945e.jpg,valid,IMG_20240228_123533,roboflow,ts_underscore,20240228,123533
ElectroCom61 A Multiclass Dataset for Detection of Electronic Components\ElectroCom61\valid\images\IMG_20240228_123649_jpg.rf.573bd145cd3bcf11631c39072c20afc5.jpg,valid,IMG_20240228_123649,roboflow,ts_underscore,20240228,123649
ElectroCom61 A Multiclass Dataset for Detection of Electronic Components\ElectroCom61\valid\images\IMG_20240228_124227_jpg.rf.c61c61aaed28e87c7978c3fdf4f63d24.jpg,valid,IMG_20240228_124227,roboflow,ts_underscore,20240228,124227
ElectroCom61 A Multiclass Dataset for Detection of Electronic Components\ElectroCom61\valid\images\IMG_20240228_124311_jpg.rf.dcd49f8b86e51f62a44c1a27587f27ed.jpg,valid,IMG_20240228_124311,roboflow,ts_underscore,20240228,124311
ElectroCom61 A Multiclass Dataset for Detection of Electronic Components\ElectroCom61\valid\images\IMG_20240228_124323_jpg.rf.33c2eb0536b9cdb4314357238e02f563.jpg,valid,IMG_20240228_124323,roboflow,ts_underscore,20240228,124323
ElectroCom61 A Multiclass Dataset for Detection of Electronic Components\ElectroCom61\valid\images\IMG_20240228_124455_jpg.rf.841733b5eef8f58d1b563beb7014d47b.jpg,valid,IMG_20240228_124455,roboflow,ts_underscore,20240228,124455
ElectroCom61 A Multiclass Dataset for Detection of Electronic Components\ElectroCom61\valid\images\IMG_20240228_124809_jpg.rf.3d387d2a4a5eaa6b94bea18dd618f4fc.jpg,valid,IMG_20240228_124809,roboflow,ts_underscore,20240228,124809
ElectroCom61 A Multiclass Dataset for Detection of Electronic Components\ElectroCom61\valid\images\IMG_20240228_125031_jpg.rf.918d5949e82f1a94c259ff11bd2653c4.jpg,valid,IMG_20240228_125031,roboflow,ts_underscore,20240228,125031
ElectroCom61 A Multiclass Dataset for Detection of Electronic Components\ElectroCom61\valid\images\IMG_20240228_125903_jpg.rf.a6899649b006bbb54892150a9d943e97.jpg,valid,IMG_20240228_125903,roboflow,ts_underscore,20240228,125903
ElectroCom61 A Multiclass Dataset for Detection of Electronic Components\ElectroCom61\valid\images\IMG_20240228_130051_jpg.rf.570ba77d197f41370a9662e90831f3fe.jpg,valid,IMG_20240228_130051,roboflow,ts_underscore,20240228,130051
ElectroCom61 A Multiclass Dataset for Detection of Electronic Components\ElectroCom61\valid\images\IMG_20240228_130509_jpg.rf.de975c8428c2306bf8840d7a972f6ad0.jpg,valid,IMG_20240228_130509,roboflow,ts_underscore,20240228,130509
ElectroCom61 A Multiclass Dataset for Detection of Electronic Components\ElectroCom61\valid\images\IMG_20240228_130906_jpg.rf.d569af6a12b2b587bd61598be0ac11c0.jpg,valid,IMG_20240228_130906,roboflow,ts_underscore,20240228,130906
ElectroCom61 A Multiclass Dataset for Detection of Electronic Components\ElectroCom61\valid\images\IMG_20240228_131653_jpg.rf.5e89cb11024e2a4c2233b0dd96a8f351.jpg,valid,IMG_20240228_131653,roboflow,ts_underscore,20240228,131653
ElectroCom61 A Multiclass Dataset for Detection of Electronic Components\ElectroCom61\valid\images\IMG_20240228_131705_jpg.rf.dfb99afca2282b7fc911886afe52edf6.jpg,valid,IMG_20240228_131705,roboflow,ts_underscore,20240228,131705
ElectroCom61 A Multiclass Dataset for Detection of Electronic Components\ElectroCom61\valid\images\IMG_20240228_131851_jpg.rf.ee22ce007a4389d25348d90f46981eb2.jpg,valid,IMG_20240228_131851,roboflow,ts_underscore,20240228,131851
ElectroCom61 A Multiclass Dataset for Detection of Electronic Components\ElectroCom61\valid\images\IMG_20240228_131903_jpg.rf.053937074612a82654a12292b5271466.jpg,valid,IMG_20240228_131903,roboflow,ts_underscore,20240228,131903
ElectroCom61 A Multiclass Dataset for Detection of Electronic Components\ElectroCom61\valid\images\IMG_20240228_131913_jpg.rf.8ab1e37c3e035fb8036947824a350a08.jpg,valid,IMG_20240228_131913,roboflow,ts_underscore,20240228,131913
ElectroCom61 A Multiclass Dataset for Detection of Electronic Components\ElectroCom61\valid\images\IMG_20240228_131917_jpg.rf.b9b476e7548fe7496a9fe6a7bc5f0900.jpg,valid,IMG_20240228_131917,roboflow,ts_underscore,20240228,131917
ElectroCom61 A Multiclass Dataset for Detection of Electronic Components\ElectroCom61\valid\images\IMG_20240228_132000_jpg.rf.b2d352ac3d2667ce45920f133e4495ef.jpg,valid,IMG_20240228_132000,roboflow,ts_underscore,20240228,132000
ElectroCom61 A Multiclass Dataset for Detection of Electronic Components\ElectroCom61\valid\images\IMG_20240228_132130_jpg.rf.846618488268d5e6c5a1c23311535adf.jpg,valid,IMG_20240228_132130,roboflow,ts_underscore,20240228,132130
ElectroCom61 A Multiclass Dataset for Detection of Electronic Components\ElectroCom61\valid\images\IMG_20240228_132327_jpg.rf.90353a9b841c023680b1533466cdea28.jpg,valid,IMG_20240228_132327,roboflow,ts_underscore,20240228,132327
ElectroCom61 A Multiclass Dataset for Detection of Electronic Components\ElectroCom61\valid\images\IMG_20240228_132455_jpg.rf.5b65eb7dd5db596f4668ed939cbdc007.jpg,valid,IMG_20240228_132455,roboflow,ts_underscore,20240228,132455
ElectroCom61 A Multiclass Dataset for Detection of Electronic Components\ElectroCom61\valid\images\IMG_20240228_132530_jpg.rf.2e83d97d99ff989c416cd98df6d30e04.jpg,valid,IMG_20240228_132530,roboflow,ts_underscore,20240228,132530
ElectroCom61 A Multiclass Dataset for Detection of Electronic Components\ElectroCom61\valid\images\IMG_20240228_132610_jpg.rf.f891c8cb55422c05743fb4a2a937c955.jpg,valid,IMG_20240228_132610,roboflow,ts_underscore,20240228,132610
ElectroCom61 A Multiclass Dataset for Detection of Electronic Components\ElectroCom61\valid\images\IMG_20240228_132623_jpg.rf.4b9f899a1a08fbff5d2b8cbcbf326a19.jpg,valid,IMG_20240228_132623,roboflow,ts_underscore,20240228,132623
ElectroCom61 A Multiclass Dataset for Detection of Electronic Components\ElectroCom61\valid\images\IMG_20240228_132629_jpg.rf.59c127c2f0c4dc61e5aae115ed2caf55.jpg,valid,IMG_20240228_132629,roboflow,ts_underscore,20240228,132629
ElectroCom61 A Multiclass Dataset for Detection of Electronic Components\ElectroCom61\valid\images\IMG_20240228_133039_jpg.rf.c1481def7c22598793bd7234dd7790e5.jpg,valid,IMG_20240228_133039,roboflow,ts_underscore,20240228,133039
ElectroCom61 A Multiclass Dataset for Detection of Electronic Components\ElectroCom61\valid\images\IMG_20240228_133117_jpg.rf.26e8f709767e28222f4af0eb6b6e49ce.jpg,valid,IMG_20240228_133117,roboflow,ts_underscore,20240228,133117
ElectroCom61 A Multiclass Dataset for Detection of Electronic Components\ElectroCom61\valid\images\IMG_20240228_133128_jpg.rf.fe234dacc6e7f5cc4c91bca2b3e5317b.jpg,valid,IMG_20240228_133128,roboflow,ts_underscore,20240228,133128
ElectroCom61 A Multiclass Dataset for Detection of Electronic Components\ElectroCom61\valid\images\IMG_20240228_133209_jpg.rf.e83ded119b5dc0559b1253313d707ed2.jpg,valid,IMG_20240228_133209,roboflow,ts_underscore,20240228,133209
ElectroCom61 A Multiclass Dataset for Detection of Electronic Components\ElectroCom61\valid\images\IMG_20240228_133446_jpg.rf.534fe28b1b8c01a4935bd3a2ff343efd.jpg,valid,IMG_20240228_133446,roboflow,ts_underscore,20240228,133446
ElectroCom61 A Multiclass Dataset for Detection of Electronic Components\ElectroCom61\valid\images\IMG_20240228_133502_jpg.rf.826be3cd117b0b1186caae2c1e7a0d99.jpg,valid,IMG_20240228_133502,roboflow,ts_underscore,20240228,133502
ElectroCom61 A Multiclass Dataset for Detection of Electronic Components\ElectroCom61\valid\images\IMG_20240228_133534_jpg.rf.59fe0178c9d3b3bc1a5e4505e3d71997.jpg,valid,IMG_20240228_133534,roboflow,ts_underscore,20240228,133534
ElectroCom61 A Multiclass Dataset for Detection of Electronic Components\ElectroCom61\valid\images\IMG_20240228_133603_jpg.rf.6798b60e258b38413d910a979e2822bd.jpg,valid,IMG_20240228_133603,roboflow,ts_underscore,20240228,133603
ElectroCom61 A Multiclass Dataset for Detection of Electronic Components\ElectroCom61\valid\images\IMG_20240228_135634_jpg.rf.92d4387fd68a4209e361939201221d31.jpg,valid,IMG_20240228_135634,roboflow,ts_underscore,20240228,135634
ElectroCom61 A Multiclass Dataset for Detection of Electronic Components\ElectroCom61\valid\images\IMG_20240228_135919_jpg.rf.3a655a563989cfb2972e5e05e77fb394.jpg,valid,IMG_20240228_135919,roboflow,ts_underscore,20240228,135919
ElectroCom61 A Multiclass Dataset for Detection of Electronic Components\ElectroCom61\valid\images\IMG_20240228_140048_jpg.rf.0b3eebb526486b7e1c0fde45e2db602f.jpg,valid,IMG_20240228_140048,roboflow,ts_underscore,20240228,140048
ElectroCom61 A Multiclass Dataset for Detection of Electronic Components\ElectroCom61\valid\images\IMG_20240228_140104_jpg.rf.86a10e66b5d2a0f70491bde1db86175e.jpg,valid,IMG_20240228_140104,roboflow,ts_underscore,20240228,140104
ElectroCom61 A Multiclass Dataset for Detection of Electronic Components\ElectroCom61\valid\images\IMG_20240228_140115_jpg.rf.1b7339b2bfca38bd3cd2ea81123c42bd.jpg,valid,IMG_20240228_140115,roboflow,ts_underscore,20240228,140115
ElectroCom61 A Multiclass Dataset for Detection of Electronic Components\ElectroCom61\valid\images\IMG_20240228_140246_jpg.rf.715ae935b08341ded07c222e69afa2b1.jpg,valid,IMG_20240228_140246,roboflow,ts_underscore,20240228,140246
ElectroCom61 A Multiclass Dataset for Detection of Electronic Components\ElectroCom61\valid\images\IMG_20240228_140312_jpg.rf.fd85741daa21e69cb8d492fea6105c51.jpg,valid,IMG_20240228_140312,roboflow,ts_underscore,20240228,140312
ElectroCom61 A Multiclass Dataset for Detection of Electronic Components\ElectroCom61\valid\images\IMG_20240228_140315_jpg.rf.78dfdefc8bcff135c14f8968976e2be3.jpg,valid,IMG_20240228_140315,roboflow,ts_underscore,20240228,140315
ElectroCom61 A Multiclass Dataset for Detection of Electronic Components\ElectroCom61\valid\images\IMG_20240228_140408_jpg.rf.09d2202b26ea654b829964e90fce55f5.jpg,valid,IMG_20240228_140408,roboflow,ts_underscore,20240228,140408
ElectroCom61 A Multiclass Dataset for Detection of Electronic Components\ElectroCom61\valid\images\IMG_20240228_140449_jpg.rf.f194315977578afca0e9669332f9f19b.jpg,valid,IMG_20240228_140449,roboflow,ts_underscore,20240228,140449
ElectroCom61 A Multiclass Dataset for Detection of Electronic Components\ElectroCom61\valid\images\IMG_20240228_140542_jpg.rf.b558ec4968117c0bbb89334eb2eab859.jpg,valid,IMG_20240228_140542,roboflow,ts_underscore,20240228,140542
ElectroCom61 A Multiclass Dataset for Detection of Electronic Components\ElectroCom61\valid\images\IMG_20240228_140750_jpg.rf.08e53b1b998967467486732c32c8f978.jpg,valid,IMG_20240228_140750,roboflow,ts_underscore,20240228,140750
ElectroCom61 A Multiclass Dataset for Detection of Electronic Components\ElectroCom61\valid\images\IMG_20240228_140759_jpg.rf.1c4fc37c64047948bba3f7c28b5baeaf.jpg,valid,IMG_20240228_140759,roboflow,ts_underscore,20240228,140759
ElectroCom61 A Multiclass Dataset for Detection of Electronic Components\ElectroCom61\valid\images\IMG_20240228_140936_jpg.rf.c2ac8c22d7af9a56772b953396e00334.jpg,valid,IMG_20240228_140936,roboflow,ts_underscore,20240228,140936
ElectroCom61 A Multiclass Dataset for Detection of Electronic Components\ElectroCom61\valid\images\IMG_20240228_141157_jpg.rf.d1bb8a6be27f9630f5247551ce22e9cb.jpg,valid,IMG_20240228_141157,roboflow,ts_underscore,20240228,141157
ElectroCom61 A Multiclass Dataset for Detection of Electronic Components\ElectroCom61\valid\images\IMG_20240228_141334_jpg.rf.57012762c6ea83c64ab42d02f3167f9a.jpg,valid,IMG_20240228_141334,roboflow,ts_underscore,20240228,141334
ElectroCom61 A Multiclass Dataset for Detection of Electronic Components\ElectroCom61\valid\images\IMG_20240228_141414_jpg.rf.235a91374fa74184a8e10ef446d50399.jpg,valid,IMG_20240228_141414,roboflow,ts_underscore,20240228,141414
ElectroCom61 A Multiclass Dataset for Detection of Electronic Components\ElectroCom61\valid\images\IMG_20240228_141423_jpg.rf.2b0b04076022d44c9d5d86f7b73dc0f7.jpg,valid,IMG_20240228_141423,roboflow,ts_underscore,20240228,141423
ElectroCom61 A Multiclass Dataset for Detection of Electronic Components\ElectroCom61\valid\images\IMG_20240228_141438_jpg.rf.784bdb3502cf477f92cb6ddd94b70a38.jpg,valid,IMG_20240228_141438,roboflow,ts_underscore,20240228,141438
ElectroCom61 A Multiclass Dataset for Detection of Electronic Components\ElectroCom61\valid\images\IMG_20240228_141448_jpg.rf.bb249849d52eff2fa7683b0fe9d443c2.jpg,valid,IMG_20240228_141448,roboflow,ts_underscore,20240228,141448
ElectroCom61 A Multiclass Dataset for Detection of Electronic Components\ElectroCom61\valid\images\IMG_20240228_141454_jpg.rf.25dc178be2d12e83d1368908e6d069aa.jpg,valid,IMG_20240228_141454,roboflow,ts_underscore,20240228,141454
ElectroCom61 A Multiclass Dataset for Detection of Electronic Components\ElectroCom61\valid\images\IMG_20240228_141528_jpg.rf.acbb68a8ce17f2e64efb0ae14174c94c.jpg,valid,IMG_20240228_141528,roboflow,ts_underscore,20240228,141528
ElectroCom61 A Multiclass Dataset for Detection of Electronic Components\ElectroCom61\valid\images\IMG_20240303_105739_jpg.rf.03f7f265de548ebeb56a7e55d65ea9cb.jpg,valid,IMG_20240303_105739,roboflow,ts_underscore,20240303,105739
ElectroCom61 A Multiclass Dataset for Detection of Electronic Components\ElectroCom61\valid\images\IMG_20240303_105748_jpg.rf.b6c702cd444228a1238ab81a06f0aa4e.jpg,valid,IMG_20240303_105748,roboflow,ts_underscore,20240303,105748
ElectroCom61 A Multiclass Dataset for Detection of Electronic Components\ElectroCom61\valid\images\IMG_20240303_105843_jpg.rf.8309d367e0b1b4d9aeaa1d14e393b19d.jpg,valid,IMG_20240303_105843,roboflow,ts_underscore,20240303,105843
ElectroCom61 A Multiclass Dataset for Detection of Electronic Components\ElectroCom61\valid\images\IMG_20240303_105846_jpg.rf.1882558cb783cefdd114ebf1beb06f4a.jpg,valid,IMG_20240303_105846,roboflow,ts_underscore,20240303,105846
ElectroCom61 A Multiclass Dataset for Detection of Electronic Components\ElectroCom61\valid\images\IMG_20240303_105902_jpg.rf.f65c8f7fafd19e67b2c87e096067b2e4.jpg,valid,IMG_20240303_105902,roboflow,ts_underscore,20240303,105902
ElectroCom61 A Multiclass Dataset for Detection of Electronic Components\ElectroCom61\valid\images\IMG_20240303_105917_jpg.rf.d428a6e5302a505c2e6e6da4d1f82409.jpg,valid,IMG_20240303_105917,roboflow,ts_underscore,20240303,105917
ElectroCom61 A Multiclass Dataset for Detection of Electronic Components\ElectroCom61\valid\images\IMG_20240303_105938_jpg.rf.043edee116bd00b421ee3ec0f6ca51da.jpg,valid,IMG_20240303_105938,roboflow,ts_underscore,20240303,105938
ElectroCom61 A Multiclass Dataset for Detection of Electronic Components\ElectroCom61\valid\images\IMG_20240303_105951_jpg.rf.f7f3a118261b408650a563c97dd5c498.jpg,valid,IMG_20240303_105951,roboflow,ts_underscore,20240303,105951
ElectroCom61 A Multiclass Dataset for Detection of Electronic Components\ElectroCom61\valid\images\IMG_20240303_110004_jpg.rf.3890d8a2ba5645745ce4d82cf5facff9.jpg,valid,IMG_20240303_110004,roboflow,ts_underscore,20240303,110004
ElectroCom61 A Multiclass Dataset for Detection of Electronic Components\ElectroCom61\valid\images\IMG_20240303_110035_jpg.rf.e7d6579da5952936fc45adc5f77d5658.jpg,valid,IMG_20240303_110035,roboflow,ts_underscore,20240303,110035
ElectroCom61 A Multiclass Dataset for Detection of Electronic Components\ElectroCom61\valid\images\IMG_20240303_110120_jpg.rf.7088f882c530d758bbff66bd8abdbb7b.jpg,valid,IMG_20240303_110120,roboflow,ts_underscore,20240303,110120
ElectroCom61 A Multiclass Dataset for Detection of Electronic Components\ElectroCom61\valid\images\IMG_20240303_110229_jpg.rf.0354d1a8e6e8628b687c0f1b2e50434d.jpg,valid,IMG_20240303_110229,roboflow,ts_underscore,20240303,110229
ElectroCom61 A Multiclass Dataset for Detection of Electronic Components\ElectroCom61\valid\images\IMG_20240303_110345_jpg.rf.df6769157d1eee401571bb5dce520713.jpg,valid,IMG_20240303_110345,roboflow,ts_underscore,20240303,110345
ElectroCom61 A Multiclass Dataset for Detection of Electronic Components\ElectroCom61\valid\images\IMG_20240303_110523_jpg.rf.d2a650979d50f17ade04eac66148c37f.jpg,valid,IMG_20240303_110523,roboflow,ts_underscore,20240303,110523
ElectroCom61 A Multiclass Dataset for Detection of Electronic Components\ElectroCom61\valid\images\IMG_20240303_110914_jpg.rf.3863dcc2f25571e6597cd38df001e6d0.jpg,valid,IMG_20240303_110914,roboflow,ts_underscore,20240303,110914
ElectroCom61 A Multiclass Dataset for Detection of Electronic Components\ElectroCom61\valid\images\IMG_20240303_111039_jpg.rf.24efff6461ab016beb4e439d1ae8ae49.jpg,valid,IMG_20240303_111039,roboflow,ts_underscore,20240303,111039
ElectroCom61 A Multiclass Dataset for Detection of Electronic Components\ElectroCom61\valid\images\IMG_20240303_111127_jpg.rf.a4fe807bd78dd90ceae8c39b37257ff6.jpg,valid,IMG_20240303_111127,roboflow,ts_underscore,20240303,111127
ElectroCom61 A Multiclass Dataset for Detection of Electronic Components\ElectroCom61\valid\images\IMG_20240303_111239_jpg.rf.39624fbd3713daea3bfd1ea4c48bfa2d.jpg,valid,IMG_20240303_111239,roboflow,ts_underscore,20240303,111239
ElectroCom61 A Multiclass Dataset for Detection of Electronic Components\ElectroCom61\valid\images\IMG_20240303_111302_jpg.rf.4cf245924fff5d5d2ad71650865c857e.jpg,valid,IMG_20240303_111302,roboflow,ts_underscore,20240303,111302
ElectroCom61 A Multiclass Dataset for Detection of Electronic Components\ElectroCom61\valid\images\IMG_20240303_111448_jpg.rf.66c5685c7769004be3268ff734a98dd7.jpg,valid,IMG_20240303_111448,roboflow,ts_underscore,20240303,111448
ElectroCom61 A Multiclass Dataset for Detection of Electronic Components\ElectroCom61\valid\images\IMG_20240303_111511_jpg.rf.31835fd0e04fd3b05bf65a0fe92a6250.jpg,valid,IMG_20240303_111511,roboflow,ts_underscore,20240303,111511
ElectroCom61 A Multiclass Dataset for Detection of Electronic Components\ElectroCom61\valid\images\IMG_20240303_111515_jpg.rf.0b2c4e3797c3ba1585bc510f1427f243.jpg,valid,IMG_20240303_111515,roboflow,ts_underscore,20240303,111515
ElectroCom61 A Multiclass Dataset for Detection of Electronic Components\ElectroCom61\valid\images\IMG_20240306_115158_jpg.rf.03136ad9fb4a741be2888de7f62ea472.jpg,valid,IMG_20240306_115158,roboflow,ts_underscore,20240306,115158
ElectroCom61 A Multiclass Dataset for Detection of Electronic Components\ElectroCom61\valid\images\IMG_20240306_115248_jpg.rf.888473dff47c8f26e19b7dd1bb45f3e9.jpg,valid,IMG_20240306_115248,roboflow,ts_underscore,20240306,115248
ElectroCom61 A Multiclass Dataset for Detection of Electronic Components\ElectroCom61\valid\images\IMG_20240306_115359_jpg.rf.a59e9b2a47a15d37b9a1baf846ab4e4f.jpg,valid,IMG_20240306_115359,roboflow,ts_underscore,20240306,115359
ElectroCom61 A Multiclass Dataset for Detection of Electronic Components\ElectroCom61\valid\images\IMG_20240306_115526_jpg.rf.1c92985d451938316ac96a8640d15b24.jpg,valid,IMG_20240306_115526,roboflow,ts_underscore,20240306,115526
ElectroCom61 A Multiclass Dataset for Detection of Electronic Components\ElectroCom61\valid\images\IMG_20240306_115824_jpg.rf.88e13cf9b87f80a1d178850015a10d3a.jpg,valid,IMG_20240306_115824,roboflow,ts_underscore,20240306,115824
ElectroCom61 A Multiclass Dataset for Detection of Electronic Components\ElectroCom61\valid\images\IMG_20240306_115849_jpg.rf.00fd430daeecdbb9acbc2d2a9ff0146d.jpg,valid,IMG_20240306_115849,roboflow,ts_underscore,20240306,115849
ElectroCom61 A Multiclass Dataset for Detection of Electronic Components\ElectroCom61\valid\images\IMG_20240306_115916_jpg.rf.8149675dbcf00d94ec3a63efe65c85a0.jpg,valid,IMG_20240306_115916,roboflow,ts_underscore,20240306,115916
ElectroCom61 A Multiclass Dataset for Detection of Electronic Components\ElectroCom61\valid\images\IMG_20240306_120238_jpg.rf.625c3d50142e75b365ef21c24041625d.jpg,valid,IMG_20240306_120238,roboflow,ts_underscore,20240306,120238
ElectroCom61 A Multiclass Dataset for Detection of Electronic Components\ElectroCom61\valid\images\IMG_20240306_120329_jpg.rf.ad15a021b6fd2eff6b1befc8a8f97256.jpg,valid,IMG_20240306_120329,roboflow,ts_underscore,20240306,120329
ElectroCom61 A Multiclass Dataset for Detection of Electronic Components\ElectroCom61\valid\images\IMG_20240306_120418_jpg.rf.ef6677afcde027aa771decbdf1bf5f79.jpg,valid,IMG_20240306_120418,roboflow,ts_underscore,20240306,120418
ElectroCom61 A Multiclass Dataset for Detection of Electronic Components\ElectroCom61\valid\images\IMG_20240306_120641_jpg.rf.4e0661552ab2ab995402f30055d5b68d.jpg,valid,IMG_20240306_120641,roboflow,ts_underscore,20240306,120641
ElectroCom61 A Multiclass Dataset for Detection of Electronic Components\ElectroCom61\valid\images\IMG_20240306_120644_jpg.rf.0967d3e23a5a15fefe79926a0c719535.jpg,valid,IMG_20240306_120644,roboflow,ts_underscore,20240306,120644
ElectroCom61 A Multiclass Dataset for Detection of Electronic Components\ElectroCom61\valid\images\IMG_20240306_120801_jpg.rf.f90acebe776af64f0368238dad0732b4.jpg,valid,IMG_20240306_120801,roboflow,ts_underscore,20240306,120801
ElectroCom61 A Multiclass Dataset for Detection of Electronic Components\ElectroCom61\valid\images\IMG_20240306_120857_jpg.rf.37334390dbe1b4dd23cd32f59ad915a8.jpg,valid,IMG_20240306_120857,roboflow,ts_underscore,20240306,120857
ElectroCom61 A Multiclass Dataset for Detection of Electronic Components\ElectroCom61\valid\images\IMG_20240306_143405_jpg.rf.6f460fa79264f4bdcfb7ff4d0cdab95e.jpg,valid,IMG_20240306_143405,roboflow,ts_underscore,20240306,143405
ElectroCom61 A Multiclass Dataset for Detection of Electronic Components\ElectroCom61\valid\images\IMG_20240306_143409_jpg.rf.31a6c548f602858f4032a4794dfac2d1.jpg,valid,IMG_20240306_143409,roboflow,ts_underscore,20240306,143409
ElectroCom61 A Multiclass Dataset for Detection of Electronic Components\ElectroCom61\valid\images\IMG_20240306_143422_jpg.rf.6a07a491ad2adb3a86d28c43f3c6a26a.jpg,valid,IMG_20240306_143422,roboflow,ts_underscore,20240306,143422
ElectroCom61 A Multiclass Dataset for Detection of Electronic Components\ElectroCom61\valid\images\IMG_20240306_143708_jpg.rf.6c71018d96797565439a5bdd375b160a.jpg,valid,IMG_20240306_143708,roboflow,ts_underscore,20240306,143708
ElectroCom61 A Multiclass Dataset for Detection of Electronic Components\ElectroCom61\valid\images\IMG_20240306_143737_jpg.rf.00da6e1baed3dcb1e022bef01d6a866d.jpg,valid,IMG_20240306_143737,roboflow,ts_underscore,20240306,143737
ElectroCom61 A Multiclass Dataset for Detection of Electronic Components\ElectroCom61\valid\images\IMG_20240306_143830_jpg.rf.c59d13496cfe9752e8cdfb68630494e0.jpg,valid,IMG_20240306_143830,roboflow,ts_underscore,20240306,143830
ElectroCom61 A Multiclass Dataset for Detection of Electronic Components\ElectroCom61\valid\images\IMG_20240306_144000_jpg.rf.243467a81ea8927423cc6bdd8b2cbd31.jpg,valid,IMG_20240306_144000,roboflow,ts_underscore,20240306,144000
ElectroCom61 A Multiclass Dataset for Detection of Electronic Components\ElectroCom61\valid\images\IMG_20240306_144050_jpg.rf.79210992b8bc11c669eb5ceba59b726b.jpg,valid,IMG_20240306_144050,roboflow,ts_underscore,20240306,144050
ElectroCom61 A Multiclass Dataset for Detection of Electronic Components\ElectroCom61\valid\images\IMG_20240306_144056_jpg.rf.3ba240e6a72f1f653fd3d5bf4ea6e21a.jpg,valid,IMG_20240306_144056,roboflow,ts_underscore,20240306,144056
ElectroCom61 A Multiclass Dataset for Detection of Electronic Components\ElectroCom61\valid\images\IMG_20240306_144100_jpg.rf.6f9195969cdc79620e2fb945e9ca0c87.jpg,valid,IMG_20240306_144100,roboflow,ts_underscore,20240306,144100
ElectroCom61 A Multiclass Dataset for Detection of Electronic Components\ElectroCom61\valid\images\IMG_20240306_144142_jpg.rf.b59326c460f8b0d252abbe51577cf0b5.jpg,valid,IMG_20240306_144142,roboflow,ts_underscore,20240306,144142
ElectroCom61 A Multiclass Dataset for Detection of Electronic Components\ElectroCom61\valid\images\IMG_20240306_144154_jpg.rf.127c25e5f3e37191d7c5b724e4aa30d6.jpg,valid,IMG_20240306_144154,roboflow,ts_underscore,20240306,144154
ElectroCom61 A Multiclass Dataset for Detection of Electronic Components\ElectroCom61\valid\images\IMG_20240309_112502_jpg.rf.06b38cf5b380686c5f4fc8e9716d4ff7.jpg,valid,IMG_20240309_112502,roboflow,ts_underscore,20240309,112502
ElectroCom61 A Multiclass Dataset for Detection of Electronic Components\ElectroCom61\valid\images\IMG_20240309_112554_jpg.rf.36d90ca8da57e4a373123dcdc03d1e55.jpg,valid,IMG_20240309_112554,roboflow,ts_underscore,20240309,112554
ElectroCom61 A Multiclass Dataset for Detection of Electronic Components\ElectroCom61\valid\images\IMG_20240309_112607_jpg.rf.b3c3729efdbc36c8c2113142820d244c.jpg,valid,IMG_20240309_112607,roboflow,ts_underscore,20240309,112607
ElectroCom61 A Multiclass Dataset for Detection of Electronic Components\ElectroCom61\valid\images\IMG_20240309_113404_jpg.rf.b04baf5d941cdfe2d3e4371a50de9270.jpg,valid,IMG_20240309_113404,roboflow,ts_underscore,20240309,113404
ElectroCom61 A Multiclass Dataset for Detection of Electronic Components\ElectroCom61\valid\images\IMG_20240309_113446_jpg.rf.98c8c26f4f0a30b53df99c7d9bdbb68d.jpg,valid,IMG_20240309_113446,roboflow,ts_underscore,20240309,113446
ElectroCom61 A Multiclass Dataset for Detection of Electronic Components\ElectroCom61\valid\images\IMG_20240309_113458_jpg.rf.a6617f24f7fe26a2918abc2804a5f518.jpg,valid,IMG_20240309_113458,roboflow,ts_underscore,20240309,113458
ElectroCom61 A Multiclass Dataset for Detection of Electronic Components\ElectroCom61\valid\images\IMG_20240309_113527_jpg.rf.533764885a76038b664a6fe2836add81.jpg,valid,IMG_20240309_113527,roboflow,ts_underscore,20240309,113527
ElectroCom61 A Multiclass Dataset for Detection of Electronic Components\ElectroCom61\valid\images\IMG_20240309_113607_jpg.rf.3b2eab668e2e08dc8474974f54d0d6f3.jpg,valid,IMG_20240309_113607,roboflow,ts_underscore,20240309,113607
ElectroCom61 A Multiclass Dataset for Detection of Electronic Components\ElectroCom61\valid\images\IMG_20240309_113632_jpg.rf.1ab3f75fe025949af8ba7e6747547921.jpg,valid,IMG_20240309_113632,roboflow,ts_underscore,20240309,113632
ElectroCom61 A Multiclass Dataset for Detection of Electronic Components\ElectroCom61\valid\images\IMG_20240309_113823_jpg.rf.409561e4c4a1cc11a89ec09c4bc12b6d.jpg,valid,IMG_20240309_113823,roboflow,ts_underscore,20240309,113823
ElectroCom61 A Multiclass Dataset for Detection of Electronic Components\ElectroCom61\valid\images\IMG_20240309_114034_jpg.rf.bd39990278bf0d2c2a7613c778e1f29e.jpg,valid,IMG_20240309_114034,roboflow,ts_underscore,20240309,114034
ElectroCom61 A Multiclass Dataset for Detection of Electronic Components\ElectroCom61\valid\images\IMG_20240309_114056_jpg.rf.614063417614d95fa5291c31ae0d2cc5.jpg,valid,IMG_20240309_114056,roboflow,ts_underscore,20240309,114056
ElectroCom61 A Multiclass Dataset for Detection of Electronic Components\ElectroCom61\valid\images\IMG_20240309_114132_jpg.rf.637d45a521a0427974ce25cd98eaaf68.jpg,valid,IMG_20240309_114132,roboflow,ts_underscore,20240309,114132
ElectroCom61 A Multiclass Dataset for Detection of Electronic Components\ElectroCom61\valid\images\IMG_20240309_114221_jpg.rf.2784bb141474a28c448dec9ecbe38677.jpg,valid,IMG_20240309_114221,roboflow,ts_underscore,20240309,114221
ElectroCom61 A Multiclass Dataset for Detection of Electronic Components\ElectroCom61\valid\images\IMG_20240309_114248_jpg.rf.add0fd9c60371e1c0ba86b6b4ff2449d.jpg,valid,IMG_20240309_114248,roboflow,ts_underscore,20240309,114248
ElectroCom61 A Multiclass Dataset for Detection of Electronic Components\ElectroCom61\valid\images\IMG_20240309_114443_jpg.rf.102fd154dde6eeddd49682451d94aff0.jpg,valid,IMG_20240309_114443,roboflow,ts_underscore,20240309,114443
ElectroCom61 A Multiclass Dataset for Detection of Electronic Components\ElectroCom61\valid\images\IMG_20240309_114542_jpg.rf.ff780a07a54546e4eb2f76a4d6309a37.jpg,valid,IMG_20240309_114542,roboflow,ts_underscore,20240309,114542
ElectroCom61 A Multiclass Dataset for Detection of Electronic Components\ElectroCom61\valid\images\IMG_20240309_114550_jpg.rf.f76b77f1688a13afcf79bf226fa81ff7.jpg,valid,IMG_20240309_114550,roboflow,ts_underscore,20240309,114550
ElectroCom61 A Multiclass Dataset for Detection of Electronic Components\ElectroCom61\valid\images\IMG_20240309_114617_jpg.rf.b43bb349c0316f84562eaf62eb3c6866.jpg,valid,IMG_20240309_114617,roboflow,ts_underscore,20240309,114617
ElectroCom61 A Multiclass Dataset for Detection of Electronic Components\ElectroCom61\valid\images\IMG_20240309_114643_jpg.rf.5f64a5e7a0dd366c41cb93dd90fe6944.jpg,valid,IMG_20240309_114643,roboflow,ts_underscore,20240309,114643
ElectroCom61 A Multiclass Dataset for Detection of Electronic Components\ElectroCom61\valid\images\IMG_20240309_114950_jpg.rf.82692b217f54c50915b665e5942249a3.jpg,valid,IMG_20240309_114950,roboflow,ts_underscore,20240309,114950
ElectroCom61 A Multiclass Dataset for Detection of Electronic Components\ElectroCom61\valid\images\IMG_20240309_115102_jpg.rf.6734c9dd180f6e23a544760544d1fe81.jpg,valid,IMG_20240309_115102,roboflow,ts_underscore,20240309,115102
ElectroCom61 A Multiclass Dataset for Detection of Electronic Components\ElectroCom61\valid\images\IMG_20240309_115200_jpg.rf.89279f00ef4249e3138241ea5e6ff53a.jpg,valid,IMG_20240309_115200,roboflow,ts_underscore,20240309,115200
ElectroCom61 A Multiclass Dataset for Detection of Electronic Components\ElectroCom61\valid\images\IMG_20240309_115221_jpg.rf.473e59244eb20ee30d61a629ab530580.jpg,valid,IMG_20240309_115221,roboflow,ts_underscore,20240309,115221
ElectroCom61 A Multiclass Dataset for Detection of Electronic Components\ElectroCom61\valid\images\IMG_20240309_115349_jpg.rf.d924e4a3afee2a4f40138ca5b683000f.jpg,valid,IMG_20240309_115349,roboflow,ts_underscore,20240309,115349
ElectroCom61 A Multiclass Dataset for Detection of Electronic Components\ElectroCom61\valid\images\IMG_20240309_115356_jpg.rf.d6911996cede9f4550ec33d99c1b8aa4.jpg,valid,IMG_20240309_115356,roboflow,ts_underscore,20240309,115356
ElectroCom61 A Multiclass Dataset for Detection of Electronic Components\ElectroCom61\valid\images\IMG_20240309_115453_jpg.rf.910f5ca41bf552eb4ce6a7c391f21ba4.jpg,valid,IMG_20240309_115453,roboflow,ts_underscore,20240309,115453
ElectroCom61 A Multiclass Dataset for Detection of Electronic Components\ElectroCom61\valid\images\IMG_20240309_115518_jpg.rf.03ca72302fdb91d07e95f354afba4da3.jpg,valid,IMG_20240309_115518,roboflow,ts_underscore,20240309,115518
ElectroCom61 A Multiclass Dataset for Detection of Electronic Components\ElectroCom61\valid\images\IMG_20240309_115616_jpg.rf.50e1bce7e5e02cb136697a9867f73a5a.jpg,valid,IMG_20240309_115616,roboflow,ts_underscore,20240309,115616
ElectroCom61 A Multiclass Dataset for Detection of Electronic Components\ElectroCom61\valid\images\IMG_20240309_115620_jpg.rf.b0121b85e3ef1ec6d55ed2d8a39a8e80.jpg,valid,IMG_20240309_115620,roboflow,ts_underscore,20240309,115620
ElectroCom61 A Multiclass Dataset for Detection of Electronic Components\ElectroCom61\valid\images\IMG_20240309_115718_jpg.rf.1aeef648a0d39da3fb5b9e5a5e5a11cd.jpg,valid,IMG_20240309_115718,roboflow,ts_underscore,20240309,115718
ElectroCom61 A Multiclass Dataset for Detection of Electronic Components\ElectroCom61\valid\images\IMG_20240309_115728_jpg.rf.4abc0f3e733cf224705b51cbbef8ae73.jpg,valid,IMG_20240309_115728,roboflow,ts_underscore,20240309,115728
ElectroCom61 A Multiclass Dataset for Detection of Electronic Components\ElectroCom61\valid\images\IMG_20240309_115835_jpg.rf.06c8624c9e2077f737319f9698a529b0.jpg,valid,IMG_20240309_115835,roboflow,ts_underscore,20240309,115835
ElectroCom61 A Multiclass Dataset for Detection of Electronic Components\ElectroCom61\valid\images\IMG_20240309_115915_jpg.rf.395c7af2992f786b063eeabb53992e5f.jpg,valid,IMG_20240309_115915,roboflow,ts_underscore,20240309,115915
ElectroCom61 A Multiclass Dataset for Detection of Electronic Components\ElectroCom61\valid\images\IMG_20240309_115948_jpg.rf.4350105203eabc1647bddcd7f41d9dfe.jpg,valid,IMG_20240309_115948,roboflow,ts_underscore,20240309,115948
ElectroCom61 A Multiclass Dataset for Detection of Electronic Components\ElectroCom61\valid\images\IMG_20240309_115952_jpg.rf.c6f101e4372c0ad6dd05bfc995a1d413.jpg,valid,IMG_20240309_115952,roboflow,ts_underscore,20240309,115952
ElectroCom61 A Multiclass Dataset for Detection of Electronic Components\ElectroCom61\valid\images\IMG_20240309_120223_jpg.rf.56549ae09eb97c7b1bf0e5a25b19576d.jpg,valid,IMG_20240309_120223,roboflow,ts_underscore,20240309,120223
ElectroCom61 A Multiclass Dataset for Detection of Electronic Components\ElectroCom61\valid\images\IMG_20240309_120246_jpg.rf.fd85b095b54a7988b85d26b457a897a1.jpg,valid,IMG_20240309_120246,roboflow,ts_underscore,20240309,120246
ElectroCom61 A Multiclass Dataset for Detection of Electronic Components\ElectroCom61\valid\images\IMG_20240309_120258_jpg.rf.7c52f05355756688e25721dbe70ef3cc.jpg,valid,IMG_20240309_120258,roboflow,ts_underscore,20240309,120258
ElectroCom61 A Multiclass Dataset for Detection of Electronic Components\ElectroCom61\valid\images\IMG_20240309_120334_jpg.rf.e206bcbf8fadce8c432b0447aa84d20a.jpg,valid,IMG_20240309_120334,roboflow,ts_underscore,20240309,120334
ElectroCom61 A Multiclass Dataset for Detection of Electronic Components\ElectroCom61\valid\images\IMG_20240417_115018_jpg.rf.909ee12385b24129186545ddd357b8f6.jpg,valid,IMG_20240417_115018,roboflow,ts_underscore,20240417,115018
ElectroCom61 A Multiclass Dataset for Detection of Electronic Components\ElectroCom61\valid\images\IMG_20240417_115033_jpg.rf.8d2e5e249d51b6932a62e98a5922a706.jpg,valid,IMG_20240417_115033,roboflow,ts_underscore,20240417,115033
ElectroCom61 A Multiclass Dataset for Detection of Electronic Components\ElectroCom61\valid\images\IMG_20240417_115137_jpg.rf.535bb756b63681b266e04bf3c2ae17b6.jpg,valid,IMG_20240417_115137,roboflow,ts_underscore,20240417,115137
ElectroCom61 A Multiclass Dataset for Detection of Electronic Components\ElectroCom61\valid\images\IMG_20240417_115336_jpg.rf.c339f9dda750645d9eb6792006267a87.jpg,valid,IMG_20240417_115336,roboflow,ts_underscore,20240417,115336
ElectroCom61 A Multiclass Dataset for Detection of Electronic Components\ElectroCom61\valid\images\IMG_20240417_115554_jpg.rf.8e1b7bbe3326b452fced61053a5c926a.jpg,valid,IMG_20240417_115554,roboflow,ts_underscore,20240417,115554
ElectroCom61 A Multiclass Dataset for Detection of Electronic Components\ElectroCom61\valid\images\IMG_20240417_115924_jpg.rf.2d79e2b48b959d24e03ffee9b3947e23.jpg,valid,IMG_20240417_115924,roboflow,ts_underscore,20240417,115924
ElectroCom61 A Multiclass Dataset for Detection of Electronic Components\ElectroCom61\valid\images\IMG_5134_JPG.rf.68929d9d88c840596545da738c74c0d5.jpg,valid,IMG_5134,roboflow,counter,,
ElectroCom61 A Multiclass Dataset for Detection of Electronic Components\ElectroCom61\valid\images\IMG_5141_JPG.rf.f41a0f7a46f97e3083ac578d8addf02e.jpg,valid,IMG_5141,roboflow,counter,,
ElectroCom61 A Multiclass Dataset for Detection of Electronic Components\ElectroCom61\valid\images\IMG_5143_JPG.rf.2b78e2a66aa3b3c216a27679af4ca227.jpg,valid,IMG_5143,roboflow,counter,,
ElectroCom61 A Multiclass Dataset for Detection of Electronic Components\ElectroCom61\valid\images\IMG_5147_JPG.rf.cffd8f80c9e9de26bf7dc3d89ddeae5b.jpg,valid,IMG_5147,roboflow,counter,,
ElectroCom61 A Multiclass Dataset for Detection of Electronic Components\ElectroCom61\valid\images\IMG_5149_JPG.rf.4de4f0ddbd983841080c0e3f7bfad837.jpg,valid,IMG_5149,roboflow,counter,,
ElectroCom61 A Multiclass Dataset for Detection of Electronic Components\ElectroCom61\valid\images\IMG_5152_JPG.rf.ab0f2d0f8054856c660484a88ff46d56.jpg,valid,IMG_5152,roboflow,counter,,
ElectroCom61 A Multiclass Dataset for Detection of Electronic Components\ElectroCom61\valid\images\IMG_5161_JPG.rf.493e3ef01c2a28a91ffd43e9c3d839ed.jpg,valid,IMG_5161,roboflow,counter,,
ElectroCom61 A Multiclass Dataset for Detection of Electronic Components\ElectroCom61\valid\images\IMG_5163_JPG.rf.fbe75ef7cb7ed1b1ff08550b77bdc24e.jpg,valid,IMG_5163,roboflow,counter,,
ElectroCom61 A Multiclass Dataset for Detection of Electronic Components\ElectroCom61\valid\images\IMG_5165_JPG.rf.29461fcca02e017194a67cfc06b11e8a.jpg,valid,IMG_5165,roboflow,counter,,
ElectroCom61 A Multiclass Dataset for Detection of Electronic Components\ElectroCom61\valid\images\IMG_5167_JPG.rf.51d2d4071ca942ffd452b192a615c054.jpg,valid,IMG_5167,roboflow,counter,,
ElectroCom61 A Multiclass Dataset for Detection of Electronic Components\ElectroCom61\valid\images\IMG_5170_JPG.rf.aebf3bc319cc1ac3b28af961947722ba.jpg,valid,IMG_5170,roboflow,counter,,
ElectroCom61 A Multiclass Dataset for Detection of Electronic Components\ElectroCom61\valid\images\IMG_5178_JPG.rf.153f140028a5eeb223e1c0065b6bf3c0.jpg,valid,IMG_5178,roboflow,counter,,
ElectroCom61 A Multiclass Dataset for Detection of Electronic Components\ElectroCom61\valid\images\IMG_5181_JPG.rf.4e3b514b4cfddfd7c505b68acce03267.jpg,valid,IMG_5181,roboflow,counter,,
ElectroCom61 A Multiclass Dataset for Detection of Electronic Components\ElectroCom61\valid\images\IMG_5183_JPG.rf.addfd811ee5b6bc35d6d0403f568a1a4.jpg,valid,IMG_5183,roboflow,counter,,
ElectroCom61 A Multiclass Dataset for Detection of Electronic Components\ElectroCom61\valid\images\IMG_5188_JPG.rf.7796cb760d3607c1d6b33c4047972725.jpg,valid,IMG_5188,roboflow,counter,,
ElectroCom61 A Multiclass Dataset for Detection of Electronic Components\ElectroCom61\valid\images\IMG_5190_JPG.rf.ef5edef4a942215b7e220c37b35339ff.jpg,valid,IMG_5190,roboflow,counter,,
ElectroCom61 A Multiclass Dataset for Detection of Electronic Components\ElectroCom61\valid\images\IMG_5192_JPG.rf.d3fc70edd339a924dc824ac904939682.jpg,valid,IMG_5192,roboflow,counter,,
ElectroCom61 A Multiclass Dataset for Detection of Electronic Components\ElectroCom61\valid\images\IMG_5196_JPG.rf.3cf26f7c9eef7086abfe4db1beaeea46.jpg,valid,IMG_5196,roboflow,counter,,
ElectroCom61 A Multiclass Dataset for Detection of Electronic Components\ElectroCom61\valid\images\IMG_5217_JPG.rf.827244d6fb5f830cb3f5e63b22165cd7.jpg,valid,IMG_5217,roboflow,counter,,
ElectroCom61 A Multiclass Dataset for Detection of Electronic Components\ElectroCom61\valid\images\IMG_5219_JPG.rf.423594a73a2af94547c77333f1775d38.jpg,valid,IMG_5219,roboflow,counter,,
ElectroCom61 A Multiclass Dataset for Detection of Electronic Components\ElectroCom61\valid\images\IMG_5222_JPG.rf.bbecac7e2dd2d9c2bcf39324a3b70ed8.jpg,valid,IMG_5222,roboflow,counter,,
ElectroCom61 A Multiclass Dataset for Detection of Electronic Components\ElectroCom61\valid\images\IMG_5234_JPG.rf.67638400fbfbbf01ce38d3aa14f67c29.jpg,valid,IMG_5234,roboflow,counter,,
ElectroCom61 A Multiclass Dataset for Detection of Electronic Components\ElectroCom61\valid\images\IMG_5241_JPG.rf.8ab0653b92d4f068bc089d60d390eb89.jpg,valid,IMG_5241,roboflow,counter,,
ElectroCom61 A Multiclass Dataset for Detection of Electronic Components\ElectroCom61\valid\images\IMG_5245_JPG.rf.94cbdacd9004b290502d539c9f6ac2b0.jpg,valid,IMG_5245,roboflow,counter,,
ElectroCom61 A Multiclass Dataset for Detection of Electronic Components\ElectroCom61\valid\images\IMG_5246_JPG.rf.9824667a45293393fe3db43aae77fc7e.jpg,valid,IMG_5246,roboflow,counter,,
ElectroCom61 A Multiclass Dataset for Detection of Electronic Components\ElectroCom61\valid\images\IMG_5249_JPG.rf.e133a9b4a66a7cef4f05cc2ed43e600d.jpg,valid,IMG_5249,roboflow,counter,,
ElectroCom61 A Multiclass Dataset for Detection of Electronic Components\ElectroCom61\valid\images\IMG_5259_JPG.rf.f3ced4c2e1d3eb0d6e994ca5bb6d1684.jpg,valid,IMG_5259,roboflow,counter,,
ElectroCom61 A Multiclass Dataset for Detection of Electronic Components\ElectroCom61\valid\images\IMG_5262_JPG.rf.dd3e5f2949a31dc51f29d990962ac8a6.jpg,valid,IMG_5262,roboflow,counter,,
ElectroCom61 A Multiclass Dataset for Detection of Electronic Components\ElectroCom61\valid\images\IMG_5281_JPG.rf.24370e56f68913b6c839879718dc490d.jpg,valid,IMG_5281,roboflow,counter,,
ElectroCom61 A Multiclass Dataset for Detection of Electronic Components\ElectroCom61\valid\images\IMG_5291_JPG.rf.09821b62293df756a9f746e21e6f5538.jpg,valid,IMG_5291,roboflow,counter,,
ElectroCom61 A Multiclass Dataset for Detection of Electronic Components\ElectroCom61\valid\images\IMG_5295_JPG.rf.a5277ab3eeaba91d310c5c89aa43c143.jpg,valid,IMG_5295,roboflow,counter,,
ElectroCom61 A Multiclass Dataset for Detection of Electronic Components\ElectroCom61\valid\images\IMG_5302_JPG.rf.b73aae8f32e111804f7f88b5fb320609.jpg,valid,IMG_5302,roboflow,counter,,
ElectroCom61 A Multiclass Dataset for Detection of Electronic Components\ElectroCom61\valid\images\IMG_5308_JPG.rf.ec78f43a4aa796f684bef06c666f33be.jpg,valid,IMG_5308,roboflow,counter,,
ElectroCom61 A Multiclass Dataset for Detection of Electronic Components\ElectroCom61\valid\images\IMG_5309_JPG.rf.13344d8905de0bedbfb864177991551d.jpg,valid,IMG_5309,roboflow,counter,,
ElectroCom61 A Multiclass Dataset for Detection of Electronic Components\ElectroCom61\valid\images\IMG_5317_JPG.rf.cf1566ada13b014fa79e82d5ca4f4b57.jpg,valid,IMG_5317,roboflow,counter,,
ElectroCom61 A Multiclass Dataset for Detection of Electronic Components\ElectroCom61\valid\images\IMG_5320_JPG.rf.012404e459a923bb84efb641f77c5905.jpg,valid,IMG_5320,roboflow,counter,,
