cluster_id,device_key,cluster_size,splits_present,is_crossing,split,stem,date,time
0,FAMILY:ts_compact,1,test,False,test,IMG20241118101346,20241118,101346
1,FAMILY:ts_compact,1,train,False,train,IMG20241118101423,20241118,101423
2,FAMILY:ts_compact,1,valid,False,valid,IMG20241118101616,20241118,101616
3,FAMILY:ts_compact,1,train,False,train,IMG20241118101626,20241118,101626
4,FAMILY:ts_compact,1,train,False,train,IMG20241118101758,20241118,101758
5,FAMILY:ts_compact,1,train,False,train,IMG20241118101811,20241118,101811
6,FAMILY:ts_compact,1,valid,False,valid,IMG20241118101929,20241118,101929
7,FAMILY:ts_compact,1,train,False,train,IMG20241118101936,20241118,101936
8,FAMILY:ts_compact,1,valid,False,valid,IMG20241118102139,20241118,102139
9,FAMILY:ts_compact,1,train,False,train,IMG20241118102153,20241118,102153
10,FAMILY:ts_compact,1,valid,False,valid,IMG20241118102222,20241118,102222
11,FAMILY:ts_compact,1,train,False,train,IMG20241118102250,20241118,102250
12,FAMILY:ts_compact,1,test,False,test,IMG20241118102634,20241118,102634
13,FAMILY:ts_compact,1,train,False,train,IMG20241118102657,20241118,102657
14,FAMILY:ts_compact,1,train,False,train,IMG20241118102837,20241118,102837
15,FAMILY:ts_compact,1,train,False,train,IMG20241118102854,20241118,102854
16,FAMILY:ts_compact,1,test,False,test,IMG20241118155549,20241118,155549
17,FAMILY:ts_compact,1,train,False,train,IMG20241118155746,20241118,155746
18,FAMILY:ts_compact,1,train,False,train,IMG20241118155756,20241118,155756
19,FAMILY:ts_compact,1,valid,False,valid,IMG20241118160018,20241118,160018
20,FAMILY:ts_compact,1,train,False,train,IMG20241118160025,20241118,160025
21,FAMILY:ts_compact,1,valid,False,valid,IMG20241118160143,20241118,160143
22,FAMILY:ts_compact,1,train,False,train,IMG20241118160216,20241118,160216
23,FAMILY:ts_compact,1,train,False,train,IMG20241118160541,20241118,160541
24,FAMILY:ts_compact,1,train,False,train,IMG20241118160725,20241118,160725
25,FAMILY:ts_compact,1,valid,False,valid,IMG20241118160737,20241118,160737
26,FAMILY:ts_compact,1,train,False,train,IMG20241118160824,20241118,160824
27,FAMILY:ts_compact,1,train,False,train,IMG20241118160837,20241118,160837
28,FAMILY:ts_compact,1,train,False,train,IMG20241118160924,20241118,160924
29,FAMILY:ts_compact,1,train,False,train,IMG20241118160937,20241118,160937
30,FAMILY:ts_compact,1,test,False,test,IMG20241118161125,20241118,161125
31,FAMILY:ts_compact,1,train,False,train,IMG20241118161139,20241118,161139
32,FAMILY:ts_compact,1,train,False,train,IMG20241118161210,20241118,161210
33,FAMILY:ts_compact,1,train,False,train,IMG20241118161219,20241118,161219
34,FAMILY:ts_compact,1,train,False,train,IMG20241118161324,20241118,161324
35,FAMILY:ts_compact,1,train,False,train,IMG20241118161331,20241118,161331
36,FAMILY:ts_compact,1,valid,False,valid,IMG20241118161413,20241118,161413
37,FAMILY:ts_compact,1,train,False,train,IMG20241118161421,20241118,161421
38,FAMILY:ts_compact,1,train,False,train,IMG20241118161459,20241118,161459
39,FAMILY:ts_compact,1,train,False,train,IMG20241118161514,20241118,161514
40,FAMILY:ts_compact,1,test,False,test,IMG20241118161536,20241118,161536
41,FAMILY:ts_compact,1,train,False,train,IMG20241118161548,20241118,161548
42,FAMILY:ts_compact,1,train,False,train,IMG20241118161624,20241118,161624
43,FAMILY:ts_compact,1,valid,False,valid,IMG20241118161632,20241118,161632
44,FAMILY:ts_compact,1,train,False,train,IMG20241118161711,20241118,161711
45,FAMILY:ts_compact,1,train,False,train,IMG20241118161717,20241118,161717
46,FAMILY:ts_compact,1,train,False,train,IMG20241118161841,20241118,161841
47,FAMILY:ts_compact,1,valid,False,valid,IMG20241118161851,20241118,161851
48,FAMILY:ts_compact,1,train,False,train,IMG20241118161943,20241118,161943
49,FAMILY:ts_compact_sub,1,train,False,train,IMG20241118160515_01,20241118,160515
50,ONEPLUS_NORD,1,train,False,train,IMG20240219113638,20240219,113638
51,ONEPLUS_NORD,1,train,False,train,IMG20240219113649,20240219,113649
52,ONEPLUS_NORD,1,train,False,train,IMG20240219113715,20240219,113715
53,ONEPLUS_NORD,1,train,False,train,IMG20240219113726,20240219,113726
54,ONEPLUS_NORD,1,train,False,train,IMG20240219113745,20240219,113745
55,ONEPLUS_NORD,1,train,False,train,IMG20240219113811,20240219,113811
56,ONEPLUS_NORD,2,train,False,train,IMG20240219113827,20240219,113827
56,ONEPLUS_NORD,2,train,False,train,IMG20240219113831,20240219,113831
57,ONEPLUS_NORD,1,train,False,train,IMG20240219113846,20240219,113846
58,ONEPLUS_NORD,1,train,False,train,IMG20240219113926,20240219,113926
59,ONEPLUS_NORD,1,train,False,train,IMG20240219114019,20240219,114019
60,ONEPLUS_NORD,3,train,False,train,IMG20240219114129,20240219,114129
60,ONEPLUS_NORD,3,train,False,train,IMG20240219114134,20240219,114134
60,ONEPLUS_NORD,3,train,False,train,IMG20240219114137,20240219,114137
61,ONEPLUS_NORD,1,train,False,train,IMG20240219114212,20240219,114212
62,ONEPLUS_NORD,1,train,False,train,IMG20240219114248,20240219,114248
63,ONEPLUS_NORD,1,train,False,train,IMG20240219114301,20240219,114301
64,ONEPLUS_NORD,1,train,False,train,IMG20240219114308,20240219,114308
65,ONEPLUS_NORD,1,train,False,train,IMG20240219114447,20240219,114447
66,ONEPLUS_NORD,1,train,False,train,IMG20240219114504,20240219,114504
67,ONEPLUS_NORD,1,train,False,train,IMG20240219114702,20240219,114702
68,ONEPLUS_NORD,1,train,False,train,IMG20240219114753,20240219,114753
69,ONEPLUS_NORD,1,train,False,train,IMG20240219114836,20240219,114836
70,ONEPLUS_NORD,1,train,False,train,IMG20240219114926,20240219,114926
71,ONEPLUS_NORD,1,train,False,train,IMG20240219114955,20240219,114955
72,ONEPLUS_NORD,1,train,False,train,IMG20240219115229,20240219,115229
73,ONEPLUS_NORD,1,train,False,train,IMG20240219115245,20240219,115245
74,ONEPLUS_NORD,1,train,False,train,IMG20240219115331,20240219,115331
75,ONEPLUS_NORD,1,train,False,train,IMG20240219115446,20240219,115446
76,ONEPLUS_NORD,1,train,False,train,IMG20240219120243,20240219,120243
77,ONEPLUS_NORD,1,train,False,train,IMG20240219120257,20240219,120257
78,ONEPLUS_NORD,2,train,False,train,IMG20240219120325,20240219,120325
78,ONEPLUS_NORD,2,train,False,train,IMG20240219120330,20240219,120330
79,ONEPLUS_NORD,1,train,False,train,IMG20240220114456,20240220,114456
80,ONEPLUS_NORD,1,train,False,train,IMG20240220114517,20240220,114517
81,ONEPLUS_NORD,1,train,False,train,IMG20240220114530,20240220,114530
82,ONEPLUS_NORD,1,train,False,train,IMG20240220114538,20240220,114538
83,ONEPLUS_NORD,1,train,False,train,IMG20240220114548,20240220,114548
84,ONEPLUS_NORD,1,train,False,train,IMG20240220114626,20240220,114626
85,ONEPLUS_NORD,1,train,False,train,IMG20240220114727,20240220,114727
86,ONEPLUS_NORD,1,train,False,train,IMG20240220114741,20240220,114741
87,ONEPLUS_NORD,1,train,False,train,IMG20240220114804,20240220,114804
88,ONEPLUS_NORD,1,train,False,train,IMG20240220115011,20240220,115011
89,ONEPLUS_NORD,2,train,False,train,IMG20240220115056,20240220,115056
89,ONEPLUS_NORD,2,train,False,train,IMG20240220115100,20240220,115100
90,ONEPLUS_NORD,1,train,False,train,IMG20240220115109,20240220,115109
91,ONEPLUS_NORD,1,train,False,train,IMG20240220115220,20240220,115220
92,ONEPLUS_NORD,1,train,False,train,IMG20240220115236,20240220,115236
93,ONEPLUS_NORD,1,train,False,train,IMG20240220115305,20240220,115305
94,ONEPLUS_NORD,1,train,False,train,IMG20240220115311,20240220,115311
95,ONEPLUS_NORD,1,train,False,train,IMG20240220115326,20240220,115326
96,ONEPLUS_NORD,1,train,False,train,IMG20240220115423,20240220,115423
97,ONEPLUS_NORD,1,train,False,train,IMG20240220115433,20240220,115433
98,ONEPLUS_NORD,1,train,False,train,IMG20240220115509,20240220,115509
99,ONEPLUS_NORD,1,train,False,train,IMG20240220115520,20240220,115520
100,ONEPLUS_NORD,1,train,False,train,IMG20240220115613,20240220,115613
101,ONEPLUS_NORD,1,train,False,train,IMG20240220115628,20240220,115628
102,ONEPLUS_NORD,1,train,False,train,IMG20240220115659,20240220,115659
103,ONEPLUS_NORD,1,train,False,train,IMG20240220115710,20240220,115710
104,ONEPLUS_NORD,1,train,False,train,IMG20240220115805,20240220,115805
105,ONEPLUS_NORD,1,train,False,train,IMG20240220115829,20240220,115829
106,ONEPLUS_NORD,1,train,False,train,IMG20240220115854,20240220,115854
107,ONEPLUS_NORD,1,train,False,train,IMG20240220115900,20240220,115900
108,ONEPLUS_NORD,1,train,False,train,IMG20240220115915,20240220,115915
109,ONEPLUS_NORD,1,train,False,train,IMG20240220120021,20240220,120021
110,ONEPLUS_NORD,1,train,False,train,IMG20240220120113,20240220,120113
111,ONEPLUS_NORD,3,train,False,train,IMG20240220120321,20240220,120321
111,ONEPLUS_NORD,3,train,False,train,IMG20240220120325,20240220,120325
111,ONEPLUS_NORD,3,train,False,train,IMG20240220120328,20240220,120328
112,ONEPLUS_NORD,1,train,False,train,IMG20240220120353,20240220,120353
113,ONEPLUS_NORD,1,train,False,train,IMG20240220120402,20240220,120402
114,ONEPLUS_NORD,1,train,False,train,IMG20240220120432,20240220,120432
115,ONEPLUS_NORD,1,train,False,train,IMG20240220120453,20240220,120453
116,ONEPLUS_NORD,1,train,False,train,IMG20240220120525,20240220,120525
117,ONEPLUS_NORD,1,train,False,train,IMG20240220120634,20240220,120634
118,ONEPLUS_NORD,1,train,False,train,IMG20240220120706,20240220,120706
119,ONEPLUS_NORD,1,train,False,train,IMG20240220120712,20240220,120712
120,ONEPLUS_NORD,1,train,False,train,IMG20240220120801,20240220,120801
121,ONEPLUS_NORD,1,train,False,train,IMG20240220120808,20240220,120808
122,ONEPLUS_NORD,2,train,False,train,IMG20240220120856,20240220,120856
122,ONEPLUS_NORD,2,train,False,train,IMG20240220120900,20240220,120900
123,ONEPLUS_NORD,1,train,False,train,IMG20240220121103,20240220,121103
124,ONEPLUS_NORD,1,train,False,train,IMG20240220121114,20240220,121114
125,ONEPLUS_NORD,1,train,False,train,IMG20240220121138,20240220,121138
126,ONEPLUS_NORD,1,train,False,train,IMG20240220121238,20240220,121238
127,ONEPLUS_NORD,1,train,False,train,IMG20240220121249,20240220,121249
128,ONEPLUS_NORD,1,train,False,train,IMG20240220121305,20240220,121305
129,ONEPLUS_NORD,1,train,False,train,IMG20240220121315,20240220,121315
130,ONEPLUS_NORD,1,train,False,train,IMG20240220121322,20240220,121322
131,ONEPLUS_NORD,1,train,False,train,IMG20240220121349,20240220,121349
132,ONEPLUS_NORD,2,train,False,train,IMG20240220121408,20240220,121408
132,ONEPLUS_NORD,2,train,False,train,IMG20240220121412,20240220,121412
133,ONEPLUS_NORD,1,train,False,train,IMG20240220121429,20240220,121429
134,ONEPLUS_NORD,1,train,False,train,IMG20240220121458,20240220,121458
135,ONEPLUS_NORD,1,train,False,train,IMG20240220121511,20240220,121511
136,ONEPLUS_NORD,1,train,False,train,IMG20240220121528,20240220,121528
137,ONEPLUS_NORD,1,train,False,train,IMG20240220121541,20240220,121541
138,ONEPLUS_NORD,1,train,False,train,IMG20240220121605,20240220,121605
139,ONEPLUS_NORD,1,train,False,train,IMG20240220121621,20240220,121621
140,ONEPLUS_NORD,2,train,False,train,IMG20240220121641,20240220,121641
140,ONEPLUS_NORD,2,train,False,train,IMG20240220121646,20240220,121646
141,ONEPLUS_NORD,1,train,False,train,IMG20240220121703,20240220,121703
142,ONEPLUS_NORD,1,train,False,train,IMG20240220121750,20240220,121750
143,ONEPLUS_NORD,2,train,False,train,IMG20240220121756,20240220,121756
143,ONEPLUS_NORD,2,train,False,train,IMG20240220121800,20240220,121800
144,ONEPLUS_NORD,1,train,False,train,IMG20240220122108,20240220,122108
145,ONEPLUS_NORD,1,train,False,train,IMG20240220122124,20240220,122124
146,ONEPLUS_NORD,1,train,False,train,IMG20240220122137,20240220,122137
147,ONEPLUS_NORD,1,train,False,train,IMG20240220122146,20240220,122146
148,ONEPLUS_NORD,1,train,False,train,IMG20240220122153,20240220,122153
149,ONEPLUS_NORD,1,train,False,train,IMG20240220122219,20240220,122219
150,ONEPLUS_NORD,2,train,False,train,IMG20240220122231,20240220,122231
150,ONEPLUS_NORD,2,train,False,train,IMG20240220122236,20240220,122236
151,ONEPLUS_NORD,1,train,False,train,IMG20240220122259,20240220,122259
152,ONEPLUS_NORD,2,train,False,train,IMG20240220122320,20240220,122320
152,ONEPLUS_NORD,2,train,False,train,IMG20240220122323,20240220,122323
153,ONEPLUS_NORD,1,train,False,train,IMG20240220122330,20240220,122330
154,ONEPLUS_NORD,1,valid,False,valid,IMG20240228122809,20240228,122809
155,ONEPLUS_NORD,1,valid,False,valid,IMG20240228122902,20240228,122902
156,ONEPLUS_NORD,1,valid,False,valid,IMG20240228122949,20240228,122949
157,ONEPLUS_NORD,1,valid,False,valid,IMG20240228122955,20240228,122955
158,ONEPLUS_NORD,1,valid,False,valid,IMG20240228123001,20240228,123001
159,ONEPLUS_NORD,1,train,False,train,IMG20240228123032,20240228,123032
160,ONEPLUS_NORD,1,valid,False,valid,IMG20240228123115,20240228,123115
161,ONEPLUS_NORD,1,valid,False,valid,IMG20240228123131,20240228,123131
162,ONEPLUS_NORD,1,valid,False,valid,IMG20240228123218,20240228,123218
163,ONEPLUS_NORD,1,valid,False,valid,IMG20240228123246,20240228,123246
164,ONEPLUS_NORD,1,valid,False,valid,IMG20240228123253,20240228,123253
165,ONEPLUS_NORD,1,valid,False,valid,IMG20240228123322,20240228,123322
166,ONEPLUS_NORD,1,valid,False,valid,IMG20240228123330,20240228,123330
167,ONEPLUS_NORD,1,valid,False,valid,IMG20240228123402,20240228,123402
168,ONEPLUS_NORD,1,valid,False,valid,IMG20240228123408,20240228,123408
169,ONEPLUS_NORD,1,valid,False,valid,IMG20240228123449,20240228,123449
170,ONEPLUS_NORD,1,valid,False,valid,IMG20240228123455,20240228,123455
171,ONEPLUS_NORD,1,valid,False,valid,IMG20240228123512,20240228,123512
172,ONEPLUS_NORD,1,valid,False,valid,IMG20240228123522,20240228,123522
173,ONEPLUS_NORD,1,valid,False,valid,IMG20240228123605,20240228,123605
174,ONEPLUS_NORD,1,valid,False,valid,IMG20240228123614,20240228,123614
175,ONEPLUS_NORD,1,train,False,train,IMG20240228123642,20240228,123642
176,ONEPLUS_NORD,1,valid,False,valid,IMG20240228123708,20240228,123708
177,ONEPLUS_NORD,1,train,False,train,IMG20240228123723,20240228,123723
178,ONEPLUS_NORD,1,valid,False,valid,IMG20240228123750,20240228,123750
179,ONEPLUS_NORD,1,valid,False,valid,IMG20240228123816,20240228,123816
180,ONEPLUS_NORD,1,valid,False,valid,IMG20240228123839,20240228,123839
181,ONEPLUS_NORD,1,valid,False,valid,IMG20240228124228,20240228,124228
182,ONEPLUS_NORD,1,valid,False,valid,IMG20240228124247,20240228,124247
183,ONEPLUS_NORD,1,valid,False,valid,IMG20240228124330,20240228,124330
184,ONEPLUS_NORD,1,valid,False,valid,IMG20240228124357,20240228,124357
185,ONEPLUS_NORD,1,valid,False,valid,IMG20240228124412,20240228,124412
186,ONEPLUS_NORD,2,train|valid,True,valid,IMG20240228124440,20240228,124440
186,ONEPLUS_NORD,2,train|valid,True,train,IMG20240228124445,20240228,124445
187,ONEPLUS_NORD,1,train,False,train,IMG20240228124453,20240228,124453
188,ONEPLUS_NORD,1,valid,False,valid,IMG20240228124555,20240228,124555
189,ONEPLUS_NORD,1,valid,False,valid,IMG20240228124606,20240228,124606
190,ONEPLUS_NORD,1,valid,False,valid,IMG20240228124711,20240228,124711
191,ONEPLUS_NORD,1,valid,False,valid,IMG20240228124718,20240228,124718
192,ONEPLUS_NORD,1,valid,False,valid,IMG20240228124759,20240228,124759
193,ONEPLUS_NORD,1,valid,False,valid,IMG20240228124816,20240228,124816
194,ONEPLUS_NORD,1,valid,False,valid,IMG20240228124844,20240228,124844
195,ONEPLUS_NORD,1,valid,False,valid,IMG20240228124919,20240228,124919
196,ONEPLUS_NORD,1,valid,False,valid,IMG20240228124925,20240228,124925
197,ONEPLUS_NORD,1,valid,False,valid,IMG20240228125011,20240228,125011
198,ONEPLUS_NORD,1,valid,False,valid,IMG20240228125017,20240228,125017
199,ONEPLUS_NORD,1,valid,False,valid,IMG20240228125025,20240228,125025
200,ONEPLUS_NORD,1,valid,False,valid,IMG20240228125228,20240228,125228
201,ONEPLUS_NORD,1,valid,False,valid,IMG20240228125312,20240228,125312
202,ONEPLUS_NORD,1,valid,False,valid,IMG20240228125354,20240228,125354
203,ONEPLUS_NORD,1,valid,False,valid,IMG20240228125428,20240228,125428
204,ONEPLUS_NORD,1,train,False,train,IMG20240228125647,20240228,125647
205,ONEPLUS_NORD,1,test,False,test,IMG20240228125654,20240228,125654
206,ONEPLUS_NORD,1,train,False,train,IMG20240228125705,20240228,125705
207,ONEPLUS_NORD,1,test,False,test,IMG20240228125738,20240228,125738
208,ONEPLUS_NORD,1,test,False,test,IMG20240228125746,20240228,125746
209,ONEPLUS_NORD,1,valid,False,valid,IMG20240228125752,20240228,125752
210,ONEPLUS_NORD,1,test,False,test,IMG20240228125809,20240228,125809
211,ONEPLUS_NORD,1,valid,False,valid,IMG20240228125831,20240228,125831
212,ONEPLUS_NORD,1,valid,False,valid,IMG20240228125846,20240228,125846
213,ONEPLUS_NORD,3,test|valid,True,valid,IMG20240228130031,20240228,130031
213,ONEPLUS_NORD,3,test|valid,True,valid,IMG20240228130036,20240228,130036
213,ONEPLUS_NORD,3,test|valid,True,test,IMG20240228130041,20240228,130041
214,ONEPLUS_NORD,1,valid,False,valid,IMG20240228130254,20240228,130254
215,ONEPLUS_NORD,1,valid,False,valid,IMG20240228130308,20240228,130308
216,ONEPLUS_NORD,1,test,False,test,IMG20240228130337,20240228,130337
217,ONEPLUS_NORD,1,test,False,test,IMG20240228130343,20240228,130343
218,ONEPLUS_NORD,1,valid,False,valid,IMG20240228130425,20240228,130425
219,ONEPLUS_NORD,1,test,False,test,IMG20240228130509,20240228,130509
220,ONEPLUS_NORD,1,valid,False,valid,IMG20240228130517,20240228,130517
221,ONEPLUS_NORD,1,valid,False,valid,IMG20240228130615,20240228,130615
222,ONEPLUS_NORD,1,train,False,train,IMG20240228130624,20240228,130624
223,ONEPLUS_NORD,2,train,False,train,IMG20240228130635,20240228,130635
223,ONEPLUS_NORD,2,train,False,train,IMG20240228130639,20240228,130639
224,ONEPLUS_NORD,2,train,False,train,IMG20240228130701,20240228,130701
224,ONEPLUS_NORD,2,train,False,train,IMG20240228130706,20240228,130706
225,ONEPLUS_NORD,1,train,False,train,IMG20240228130819,20240228,130819
226,ONEPLUS_NORD,1,train,False,train,IMG20240228130858,20240228,130858
227,ONEPLUS_NORD,1,train,False,train,IMG20240228130905,20240228,130905
228,ONEPLUS_NORD,1,train,False,train,IMG20240228130943,20240228,130943
229,ONEPLUS_NORD,1,train,False,train,IMG20240228130950,20240228,130950
230,ONEPLUS_NORD,1,train,False,train,IMG20240228131006,20240228,131006
231,ONEPLUS_NORD,1,train,False,train,IMG20240228131034,20240228,131034
232,ONEPLUS_NORD,1,valid,False,valid,IMG20240228131243,20240228,131243
233,ONEPLUS_NORD,1,valid,False,valid,IMG20240228131252,20240228,131252
234,ONEPLUS_NORD,1,train,False,train,IMG20240228131259,20240228,131259
235,ONEPLUS_NORD,1,train,False,train,IMG20240228131317,20240228,131317
236,ONEPLUS_NORD,1,train,False,train,IMG20240228131341,20240228,131341
237,ONEPLUS_NORD,1,train,False,train,IMG20240228131414,20240228,131414
238,ONEPLUS_NORD,1,valid,False,valid,IMG20240228131420,20240228,131420
239,ONEPLUS_NORD,1,valid,False,valid,IMG20240228131521,20240228,131521
240,ONEPLUS_NORD,1,valid,False,valid,IMG20240228131534,20240228,131534
241,ONEPLUS_NORD,1,test,False,test,IMG20240228131602,20240228,131602
242,ONEPLUS_NORD,1,train,False,train,IMG20240228131634,20240228,131634
243,ONEPLUS_NORD,1,train,False,train,IMG20240228131658,20240228,131658
244,ONEPLUS_NORD,1,valid,False,valid,IMG20240228131717,20240228,131717
245,ONEPLUS_NORD,1,train,False,train,IMG20240228131739_01,20240228,131739
246,ONEPLUS_NORD,1,train,False,train,IMG20240228131753,20240228,131753
247,ONEPLUS_NORD,1,valid,False,valid,IMG20240228131832,20240228,131832
248,ONEPLUS_NORD,1,train,False,train,IMG20240228131843,20240228,131843
249,ONEPLUS_NORD,1,valid,False,valid,IMG20240228131859,20240228,131859
250,ONEPLUS_NORD,1,valid,False,valid,IMG20240228131905,20240228,131905
251,ONEPLUS_NORD,1,train,False,train,IMG20240228131921_01,20240228,131921
252,ONEPLUS_NORD,1,train,False,train,IMG20240228132001_01,20240228,132001
253,ONEPLUS_NORD,1,train,False,train,IMG20240228132045,20240228,132045
254,ONEPLUS_NORD,1,train,False,train,IMG20240228132127,20240228,132127
255,ONEPLUS_NORD,1,valid,False,valid,IMG20240228132302,20240228,132302
256,ONEPLUS_NORD,1,train,False,train,IMG20240228132319,20240228,132319
257,ONEPLUS_NORD,1,train,False,train,IMG20240228132335,20240228,132335
258,ONEPLUS_NORD,1,train,False,train,IMG20240228132345,20240228,132345
259,ONEPLUS_NORD,1,train,False,train,IMG20240228132354,20240228,132354
260,ONEPLUS_NORD,2,valid,False,valid,IMG20240228132440,20240228,132440
260,ONEPLUS_NORD,2,valid,False,valid,IMG20240228132445,20240228,132445
261,ONEPLUS_NORD,1,train,False,train,IMG20240228132456,20240228,132456
262,ONEPLUS_NORD,1,train,False,train,IMG20240228132524,20240228,132524
263,ONEPLUS_NORD,1,train,False,train,IMG20240228132533,20240228,132533
264,ONEPLUS_NORD,1,train,False,train,IMG20240228132544,20240228,132544
265,ONEPLUS_NORD,1,train,False,train,IMG20240228132559,20240228,132559
266,ONEPLUS_NORD,1,train,False,train,IMG20240228132605_01,20240228,132605
267,ONEPLUS_NORD,1,train,False,train,IMG20240228132621,20240228,132621
268,ONEPLUS_NORD,1,valid,False,valid,IMG20240228132725,20240228,132725
269,ONEPLUS_NORD,1,test,False,test,IMG20240228132732,20240228,132732
270,ONEPLUS_NORD,1,valid,False,valid,IMG20240228132838,20240228,132838
271,ONEPLUS_NORD,1,train,False,train,IMG20240228132855,20240228,132855
272,ONEPLUS_NORD,1,train,False,train,IMG20240228132906,20240228,132906
273,ONEPLUS_NORD,1,train,False,train,IMG20240228132935,20240228,132935
274,ONEPLUS_NORD,1,train,False,train,IMG20240228133008,20240228,133008
275,ONEPLUS_NORD,1,test,False,test,IMG20240228133018,20240228,133018
276,ONEPLUS_NORD,1,test,False,test,IMG20240228133029,20240228,133029
277,ONEPLUS_NORD,1,train,False,train,IMG20240228133058,20240228,133058
278,ONEPLUS_NORD,1,train,False,train,IMG20240228133110_01,20240228,133110
279,ONEPLUS_NORD,1,valid,False,valid,IMG20240228133137,20240228,133137
280,ONEPLUS_NORD,1,train,False,train,IMG20240228133155,20240228,133155
281,ONEPLUS_NORD,1,train,False,train,IMG20240228133207,20240228,133207
282,ONEPLUS_NORD,1,train,False,train,IMG20240228133659_01,20240228,133659
283,ONEPLUS_NORD,1,train,False,train,IMG20240228133740_01,20240228,133740
284,ONEPLUS_NORD,1,train,False,train,IMG20240228133759,20240228,133759
285,ONEPLUS_NORD,1,train,False,train,IMG20240228133815,20240228,133815
286,ONEPLUS_NORD,1,train,False,train,IMG20240228133855,20240228,133855
287,ONEPLUS_NORD,1,train,False,train,IMG20240228133904,20240228,133904
288,ONEPLUS_NORD,1,train,False,train,IMG20240228133928,20240228,133928
289,ONEPLUS_NORD,2,train,False,train,IMG20240228133955,20240228,133955
289,ONEPLUS_NORD,2,train,False,train,IMG20240228134000,20240228,134000
290,ONEPLUS_NORD,1,train,False,train,IMG20240228134128,20240228,134128
291,ONEPLUS_NORD,1,train,False,train,IMG20240228134136,20240228,134136
292,ONEPLUS_NORD,1,train,False,train,IMG20240228134144,20240228,134144
293,ONEPLUS_NORD,2,train,False,train,IMG20240228135156,20240228,135156
293,ONEPLUS_NORD,2,train,False,train,IMG20240228135201,20240228,135201
294,ONEPLUS_NORD,1,train,False,train,IMG20240228135335,20240228,135335
295,ONEPLUS_NORD,1,train,False,train,IMG20240228135342,20240228,135342
296,ONEPLUS_NORD,1,train,False,train,IMG20240228135348,20240228,135348
297,ONEPLUS_NORD,1,train,False,train,IMG20240228135418,20240228,135418
298,ONEPLUS_NORD,1,train,False,train,IMG20240228135459,20240228,135459
299,ONEPLUS_NORD,1,train,False,train,IMG20240228135507,20240228,135507
300,ONEPLUS_NORD,1,train,False,train,IMG20240228135513,20240228,135513
301,ONEPLUS_NORD,1,train,False,train,IMG20240228135553,20240228,135553
302,ONEPLUS_NORD,1,train,False,train,IMG20240228142057,20240228,142057
303,ONEPLUS_NORD,1,train,False,train,IMG20240228142107,20240228,142107
304,ONEPLUS_NORD,1,train,False,train,IMG20240228142129,20240228,142129
305,ONEPLUS_NORD,1,test,False,test,IMG20240228142135,20240228,142135
306,ONEPLUS_NORD,1,train,False,train,IMG20240228142159,20240228,142159
307,ONEPLUS_NORD,1,train,False,train,IMG20240228142222,20240228,142222
308,ONEPLUS_NORD,1,train,False,train,IMG20240228142237,20240228,142237
309,ONEPLUS_NORD,1,train,False,train,IMG20240228142259,20240228,142259
310,ONEPLUS_NORD,1,test,False,test,IMG20240228142313,20240228,142313
311,ONEPLUS_NORD,1,train,False,train,IMG20240228142340,20240228,142340
312,ONEPLUS_NORD,1,train,False,train,IMG20240228142346,20240228,142346
313,ONEPLUS_NORD,1,train,False,train,IMG20240228142356,20240228,142356
314,ONEPLUS_NORD,1,train,False,train,IMG20240228142403,20240228,142403
315,ONEPLUS_NORD,1,train,False,train,IMG20240228142427,20240228,142427
316,ONEPLUS_NORD,1,train,False,train,IMG20240228142434,20240228,142434
317,ONEPLUS_NORD,1,test,False,test,IMG20240303105743,20240303,105743
318,ONEPLUS_NORD,1,test,False,test,IMG20240303105750,20240303,105750
319,ONEPLUS_NORD,1,test,False,test,IMG20240303105800,20240303,105800
320,ONEPLUS_NORD,1,test,False,test,IMG20240303105812,20240303,105812
321,ONEPLUS_NORD,1,test,False,test,IMG20240303105820,20240303,105820
322,ONEPLUS_NORD,1,test,False,test,IMG20240303105838,20240303,105838
323,ONEPLUS_NORD,1,test,False,test,IMG20240303105852,20240303,105852
324,ONEPLUS_NORD,1,test,False,test,IMG20240303105921,20240303,105921
325,ONEPLUS_NORD,2,test,False,test,IMG20240303105934,20240303,105934
325,ONEPLUS_NORD,2,test,False,test,IMG20240303105939,20240303,105939
326,ONEPLUS_NORD,1,test,False,test,IMG20240303110007,20240303,110007
327,ONEPLUS_NORD,1,valid,False,valid,IMG20240303110013,20240303,110013
328,ONEPLUS_NORD,1,test,False,test,IMG20240303110030,20240303,110030
329,ONEPLUS_NORD,1,test,False,test,IMG20240303110037,20240303,110037
330,ONEPLUS_NORD,1,test,False,test,IMG20240303110054,20240303,110054
331,ONEPLUS_NORD,1,valid,False,valid,IMG20240303110112,20240303,110112
332,ONEPLUS_NORD,1,test,False,test,IMG20240303110129,20240303,110129
333,ONEPLUS_NORD,1,valid,False,valid,IMG20240303110140,20240303,110140
334,ONEPLUS_NORD,1,test,False,test,IMG20240303110158,20240303,110158
335,ONEPLUS_NORD,1,test,False,test,IMG20240303110214,20240303,110214
336,ONEPLUS_NORD,1,test,False,test,IMG20240303110236,20240303,110236
337,ONEPLUS_NORD,1,test,False,test,IMG20240303110252,20240303,110252
338,ONEPLUS_NORD,2,test|valid,True,valid,IMG20240303110322,20240303,110322
338,ONEPLUS_NORD,2,test|valid,True,test,IMG20240303110327,20240303,110327
339,ONEPLUS_NORD,1,test,False,test,IMG20240303110336,20240303,110336
340,ONEPLUS_NORD,1,test,False,test,IMG20240303110406,20240303,110406
341,ONEPLUS_NORD,1,test,False,test,IMG20240303110414,20240303,110414
342,ONEPLUS_NORD,1,test,False,test,IMG20240303110422,20240303,110422
343,ONEPLUS_NORD,2,valid,False,valid,IMG20240303110505,20240303,110505
343,ONEPLUS_NORD,2,valid,False,valid,IMG20240303110510,20240303,110510
344,ONEPLUS_NORD,1,test,False,test,IMG20240303110517,20240303,110517
345,ONEPLUS_NORD,2,test|valid,True,valid,IMG20240303110616,20240303,110616
345,ONEPLUS_NORD,2,test|valid,True,test,IMG20240303110620,20240303,110620
346,ONEPLUS_NORD,1,test,False,test,IMG20240303110638,20240303,110638
347,ONEPLUS_NORD,2,test,False,test,IMG20240303110723,20240303,110723
347,ONEPLUS_NORD,2,test,False,test,IMG20240303110728,20240303,110728
348,ONEPLUS_NORD,1,test,False,test,IMG20240303110734,20240303,110734
349,ONEPLUS_NORD,1,test,False,test,IMG20240303110821,20240303,110821
350,ONEPLUS_NORD,1,test,False,test,IMG20240303110835,20240303,110835
351,ONEPLUS_NORD,1,test,False,test,IMG20240303110947,20240303,110947
352,ONEPLUS_NORD,1,test,False,test,IMG20240303111006,20240303,111006
353,ONEPLUS_NORD,1,valid,False,valid,IMG20240303111013,20240303,111013
354,ONEPLUS_NORD,1,valid,False,valid,IMG20240303111020,20240303,111020
355,ONEPLUS_NORD,2,test,False,test,IMG20240303111039,20240303,111039
355,ONEPLUS_NORD,2,test,False,test,IMG20240303111042,20240303,111042
356,ONEPLUS_NORD,1,valid,False,valid,IMG20240303111050,20240303,111050
357,ONEPLUS_NORD,2,test|valid,True,test,IMG20240303111124,20240303,111124
357,ONEPLUS_NORD,2,test|valid,True,valid,IMG20240303111129,20240303,111129
358,ONEPLUS_NORD,1,test,False,test,IMG20240303111139,20240303,111139
359,ONEPLUS_NORD,1,test,False,test,IMG20240303111152,20240303,111152
360,ONEPLUS_NORD,1,test,False,test,IMG20240303111159,20240303,111159
361,ONEPLUS_NORD,2,test,False,test,IMG20240303111224,20240303,111224
361,ONEPLUS_NORD,2,test,False,test,IMG20240303111228,20240303,111228
362,ONEPLUS_NORD,2,test,False,test,IMG20240303111243,20240303,111243
362,ONEPLUS_NORD,2,test,False,test,IMG20240303111248,20240303,111248
363,ONEPLUS_NORD,2,test,False,test,IMG20240303111258,20240303,111258
363,ONEPLUS_NORD,2,test,False,test,IMG20240303111302,20240303,111302
364,ONEPLUS_NORD,1,test,False,test,IMG20240303111312,20240303,111312
365,ONEPLUS_NORD,1,test,False,test,IMG20240303111325,20240303,111325
366,ONEPLUS_NORD,1,test,False,test,IMG20240303111332,20240303,111332
367,ONEPLUS_NORD,3,test|valid,True,valid,IMG20240303111610,20240303,111610
367,ONEPLUS_NORD,3,test|valid,True,test,IMG20240303111615,20240303,111615
367,ONEPLUS_NORD,3,test|valid,True,valid,IMG20240303111619,20240303,111619
368,ONEPLUS_NORD,1,valid,False,valid,IMG20240303111639,20240303,111639
369,ONEPLUS_NORD,1,test,False,test,IMG20240303111645,20240303,111645
370,ONEPLUS_NORD,2,test,False,test,IMG20240303111705,20240303,111705
370,ONEPLUS_NORD,2,test,False,test,IMG20240303111709,20240303,111709
371,ONEPLUS_NORD,1,test,False,test,IMG20240303111716,20240303,111716
372,ONEPLUS_NORD,1,test,False,test,IMG20240303111738,20240303,111738
373,ONEPLUS_NORD,1,test,False,test,IMG20240303111744,20240303,111744
374,ONEPLUS_NORD,2,test,False,test,IMG20240303111804,20240303,111804
374,ONEPLUS_NORD,2,test,False,test,IMG20240303111808,20240303,111808
375,ONEPLUS_NORD,1,test,False,test,IMG20240303111815,20240303,111815
376,ONEPLUS_NORD,1,test,False,test,IMG20240303111821,20240303,111821
377,ONEPLUS_NORD,4,test,False,test,IMG20240303111838,20240303,111838
377,ONEPLUS_NORD,4,test,False,test,IMG20240303111843,20240303,111843
377,ONEPLUS_NORD,4,test,False,test,IMG20240303111847,20240303,111847
377,ONEPLUS_NORD,4,test,False,test,IMG20240303111850,20240303,111850
378,ONEPLUS_NORD,3,test|valid,True,valid,IMG20240303111914,20240303,111914
378,ONEPLUS_NORD,3,test|valid,True,test,IMG20240303111919,20240303,111919
378,ONEPLUS_NORD,3,test|valid,True,valid,IMG20240303111923,20240303,111923
379,ONEPLUS_NORD,1,test,False,test,IMG20240303111929,20240303,111929
380,ONEPLUS_NORD,1,train,False,train,IMG20240417115028,20240417,115028
381,ONEPLUS_NORD,1,train,False,train,IMG20240417115035,20240417,115035
382,ONEPLUS_NORD,1,train,False,train,IMG20240417115059,20240417,115059
383,ONEPLUS_NORD,1,test,False,test,IMG20240417115121,20240417,115121
384,ONEPLUS_NORD,1,test,False,test,IMG20240417115151,20240417,115151
385,ONEPLUS_NORD,1,train,False,train,IMG20240417115201,20240417,115201
386,ONEPLUS_NORD,1,valid,False,valid,IMG20240417115339,20240417,115339
387,ONEPLUS_NORD,1,train,False,train,IMG20240417115347,20240417,115347
388,ONEPLUS_NORD,1,valid,False,valid,IMG20240417115406,20240417,115406
389,ONEPLUS_NORD,1,train,False,train,IMG20240417115517,20240417,115517
390,ONEPLUS_NORD,1,train,False,train,IMG20240417115534,20240417,115534
391,ONEPLUS_NORD,1,train,False,train,IMG20240417115542,20240417,115542
392,ONEPLUS_NORD,1,train,False,train,IMG20240417115614,20240417,115614
393,ONEPLUS_NORD,1,train,False,train,IMG20240417115728,20240417,115728
394,ONEPLUS_NORD,1,train,False,train,IMG20240417120332,20240417,120332
395,ONEPLUS_NORD,1,valid,False,valid,IMG20240417120340,20240417,120340
396,ONEPLUS_NORD,1,train,False,train,IMG20240417120351,20240417,120351
397,ONEPLUS_NORD,1,train,False,train,IMG20240417120415,20240417,120415
398,ONEPLUS_NORD,1,valid,False,valid,IMG20240417120425,20240417,120425
399,ONEPLUS_NORD,1,train,False,train,IMG20240417120447,20240417,120447
400,ONEPLUS_NORD,1,train,False,train,IMG20240417120455,20240417,120455
401,REDMI,1,train,False,train,IMG_20240219_113620,20240219,113620
402,REDMI,2,train,False,train,IMG_20240219_113626,20240219,113626
402,REDMI,2,train,False,train,IMG_20240219_113631,20240219,113631
403,REDMI,1,train,False,train,IMG_20240219_113639,20240219,113639
404,REDMI,3,train,False,train,IMG_20240219_113711,20240219,113711
404,REDMI,3,train,False,train,IMG_20240219_113715,20240219,113715
404,REDMI,3,train,False,train,IMG_20240219_113719,20240219,113719
405,REDMI,1,train,False,train,IMG_20240219_113730,20240219,113730
406,REDMI,1,train,False,train,IMG_20240219_113739,20240219,113739
407,REDMI,1,train,False,train,IMG_20240219_113808,20240219,113808
408,REDMI,1,train,False,train,IMG_20240219_113819,20240219,113819
409,REDMI,1,train,False,train,IMG_20240219_113837,20240219,113837
410,REDMI,2,train,False,train,IMG_20240219_113917,20240219,113917
410,REDMI,2,train,False,train,IMG_20240219_113922,20240219,113922
411,REDMI,2,train,False,train,IMG_20240219_113931,20240219,113931
411,REDMI,2,train,False,train,IMG_20240219_113936,20240219,113936
412,REDMI,1,train,False,train,IMG_20240219_114005,20240219,114005
413,REDMI,1,train,False,train,IMG_20240219_114012,20240219,114012
414,REDMI,1,train,False,train,IMG_20240219_114018,20240219,114018
415,REDMI,1,train,False,train,IMG_20240219_114133,20240219,114133
416,REDMI,1,train,False,train,IMG_20240219_114140,20240219,114140
417,REDMI,2,train,False,train,IMG_20240219_114209,20240219,114209
417,REDMI,2,train,False,train,IMG_20240219_114214,20240219,114214
418,REDMI,2,train,False,train,IMG_20240219_114241,20240219,114241
418,REDMI,2,train,False,train,IMG_20240219_114244,20240219,114244
419,REDMI,1,train,False,train,IMG_20240219_114253,20240219,114253
420,REDMI,3,train,False,train,IMG_20240219_114442,20240219,114442
420,REDMI,3,train,False,train,IMG_20240219_114447,20240219,114447
420,REDMI,3,train,False,train,IMG_20240219_114451,20240219,114451
421,REDMI,1,train,False,train,IMG_20240219_114614,20240219,114614
422,REDMI,2,train,False,train,IMG_20240219_114643,20240219,114643
422,REDMI,2,train,False,train,IMG_20240219_114646,20240219,114646
423,REDMI,1,train,False,train,IMG_20240219_114652,20240219,114652
424,REDMI,2,train,False,train,IMG_20240219_114741,20240219,114741
424,REDMI,2,train,False,train,IMG_20240219_114745,20240219,114745
425,REDMI,4,train,False,train,IMG_20240219_114814,20240219,114814
425,REDMI,4,train,False,train,IMG_20240219_114818,20240219,114818
425,REDMI,4,train,False,train,IMG_20240219_114822,20240219,114822
425,REDMI,4,train,False,train,IMG_20240219_114826,20240219,114826
426,REDMI,2,train,False,train,IMG_20240219_114906,20240219,114906
426,REDMI,2,train,False,train,IMG_20240219_114911,20240219,114911
427,REDMI,1,train,False,train,IMG_20240219_114918,20240219,114918
428,REDMI,1,train,False,train,IMG_20240219_114958,20240219,114958
429,REDMI,1,train,False,train,IMG_20240219_115004,20240219,115004
430,REDMI,1,train,False,train,IMG_20240219_115010,20240219,115010
431,REDMI,3,train,False,train,IMG_20240219_115215,20240219,115215
431,REDMI,3,train,False,train,IMG_20240219_115220,20240219,115220
431,REDMI,3,train,False,train,IMG_20240219_115224,20240219,115224
432,REDMI,1,train,False,train,IMG_20240219_115257,20240219,115257
433,REDMI,1,train,False,train,IMG_20240219_115336,20240219,115336
434,REDMI,2,train,False,train,IMG_20240219_115342,20240219,115342
434,REDMI,2,train,False,train,IMG_20240219_115347,20240219,115347
435,REDMI,2,train,False,train,IMG_20240219_115433,20240219,115433
435,REDMI,2,train,False,train,IMG_20240219_115438,20240219,115438
436,REDMI,1,train,False,train,IMG_20240219_115455,20240219,115455
437,REDMI,1,train,False,train,IMG_20240219_115811,20240219,115811
438,REDMI,1,train,False,train,IMG_20240219_115821,20240219,115821
439,REDMI,1,train,False,train,IMG_20240219_115933,20240219,115933
440,REDMI,1,train,False,train,IMG_20240219_115941,20240219,115941
441,REDMI,1,train,False,train,IMG_20240219_115948,20240219,115948
442,REDMI,1,train,False,train,IMG_20240219_120158,20240219,120158
443,REDMI,3,train,False,train,IMG_20240219_120205,20240219,120205
443,REDMI,3,train,False,train,IMG_20240219_120209,20240219,120209
443,REDMI,3,train,False,train,IMG_20240219_120213,20240219,120213
444,REDMI,1,train,False,train,IMG_20240219_120248,20240219,120248
445,REDMI,1,train,False,train,IMG_20240219_120254,20240219,120254
446,REDMI,1,train,False,train,IMG_20240219_120311,20240219,120311
447,REDMI,1,train,False,train,IMG_20240220_114159,20240220,114159
448,REDMI,1,train,False,train,IMG_20240220_114205,20240220,114205
449,REDMI,1,train,False,train,IMG_20240220_114213,20240220,114213
450,REDMI,1,train,False,train,IMG_20240220_114220,20240220,114220
451,REDMI,1,train,False,train,IMG_20240220_114230,20240220,114230
452,REDMI,1,train,False,train,IMG_20240220_114237,20240220,114237
453,REDMI,1,train,False,train,IMG_20240220_114312,20240220,114312
454,REDMI,1,train,False,train,IMG_20240220_114318,20240220,114318
455,REDMI,1,train,False,train,IMG_20240220_114326,20240220,114326
456,REDMI,1,train,False,train,IMG_20240220_114332,20240220,114332
457,REDMI,1,train,False,train,IMG_20240220_114533,20240220,114533
458,REDMI,1,train,False,train,IMG_20240220_114541,20240220,114541
459,REDMI,1,train,False,train,IMG_20240220_114554,20240220,114554
460,REDMI,2,train,False,train,IMG_20240220_114617,20240220,114617
460,REDMI,2,train,False,train,IMG_20240220_114621,20240220,114621
461,REDMI,1,train,False,train,IMG_20240220_114627,20240220,114627
462,REDMI,2,train,False,train,IMG_20240220_114642,20240220,114642
462,REDMI,2,train,False,train,IMG_20240220_114647,20240220,114647
463,REDMI,1,train,False,train,IMG_20240220_114725,20240220,114725
464,REDMI,1,train,False,train,IMG_20240220_114731,20240220,114731
465,REDMI,1,train,False,train,IMG_20240220_114740,20240220,114740
466,REDMI,2,train,False,train,IMG_20240220_114746,20240220,114746
466,REDMI,2,train,False,train,IMG_20240220_114750,20240220,114750
467,REDMI,2,train,False,train,IMG_20240220_114919,20240220,114919
467,REDMI,2,train,False,train,IMG_20240220_114924,20240220,114924
468,REDMI,1,train,False,train,IMG_20240220_114930,20240220,114930
469,REDMI,1,train,False,train,IMG_20240220_114936,20240220,114936
470,REDMI,1,train,False,train,IMG_20240220_115006,20240220,115006
471,REDMI,2,train,False,train,IMG_20240220_115016,20240220,115016
471,REDMI,2,train,False,train,IMG_20240220_115021,20240220,115021
472,REDMI,3,train,False,train,IMG_20240220_115044,20240220,115044
472,REDMI,3,train,False,train,IMG_20240220_115047,20240220,115047
472,REDMI,3,train,False,train,IMG_20240220_115051,20240220,115051
473,REDMI,4,train,False,train,IMG_20240220_115120,20240220,115120
473,REDMI,4,train,False,train,IMG_20240220_115123,20240220,115123
473,REDMI,4,train,False,train,IMG_20240220_115127,20240220,115127
473,REDMI,4,train,False,train,IMG_20240220_115132,20240220,115132
474,REDMI,2,train,False,train,IMG_20240220_115211,20240220,115211
474,REDMI,2,train,False,train,IMG_20240220_115215,20240220,115215
475,REDMI,2,train,False,train,IMG_20240220_115224,20240220,115224
475,REDMI,2,train,False,train,IMG_20240220_115229,20240220,115229
476,REDMI,1,train,False,train,IMG_20240220_115304,20240220,115304
477,REDMI,3,train,False,train,IMG_20240220_115315,20240220,115315
477,REDMI,3,train,False,train,IMG_20240220_115316,20240220,115316
477,REDMI,3,train,False,train,IMG_20240220_115321,20240220,115321
478,REDMI,1,train,False,train,IMG_20240220_115333,20240220,115333
479,REDMI,2,train,False,train,IMG_20240220_115414,20240220,115414
479,REDMI,2,train,False,train,IMG_20240220_115418,20240220,115418
480,REDMI,2,train,False,train,IMG_20240220_115427,20240220,115427
480,REDMI,2,train,False,train,IMG_20240220_115430,20240220,115430
481,REDMI,2,train,False,train,IMG_20240220_115458,20240220,115458
481,REDMI,2,train,False,train,IMG_20240220_115502,20240220,115502
482,REDMI,1,train,False,train,IMG_20240220_115527,20240220,115527
483,REDMI,1,train,False,train,IMG_20240220_115533,20240220,115533
484,REDMI,1,train,False,train,IMG_20240220_115539,20240220,115539
485,REDMI,3,train,False,train,IMG_20240220_115618,20240220,115618
485,REDMI,3,train,False,train,IMG_20240220_115622,20240220,115622
485,REDMI,3,train,False,train,IMG_20240220_115625,20240220,115625
486,REDMI,1,train,False,train,IMG_20240220_115715,20240220,115715
487,REDMI,1,train,False,train,IMG_20240220_115747,20240220,115747
488,REDMI,1,train,False,train,IMG_20240220_115756,20240220,115756
489,REDMI,1,train,False,train,IMG_20240220_115849,20240220,115849
490,REDMI,1,train,False,train,IMG_20240220_115857,20240220,115857
491,REDMI,1,train,False,train,IMG_20240220_115903,20240220,115903
492,REDMI,1,train,False,train,IMG_20240220_115909,20240220,115909
493,REDMI,1,train,False,train,IMG_20240220_115924,20240220,115924
494,REDMI,1,train,False,train,IMG_20240220_115930,20240220,115930
495,REDMI,1,train,False,train,IMG_20240220_115942,20240220,115942
496,REDMI,1,train,False,train,IMG_20240220_120015,20240220,120015
497,REDMI,1,train,False,train,IMG_20240220_120029,20240220,120029
498,REDMI,1,train,False,train,IMG_20240220_120103,20240220,120103
499,REDMI,1,train,False,train,IMG_20240220_120146,20240220,120146
500,REDMI,1,train,False,train,IMG_20240220_120154,20240220,120154
501,REDMI,1,train,False,train,IMG_20240220_120248,20240220,120248
502,REDMI,1,train,False,train,IMG_20240220_120308,20240220,120308
503,REDMI,1,train,False,train,IMG_20240220_120314,20240220,120314
504,REDMI,2,train,False,train,IMG_20240220_120346,20240220,120346
504,REDMI,2,train,False,train,IMG_20240220_120351,20240220,120351
505,REDMI,1,train,False,train,IMG_20240220_120357,20240220,120357
506,REDMI,1,train,False,train,IMG_20240220_120413,20240220,120413
507,REDMI,1,train,False,train,IMG_20240220_120420,20240220,120420
508,REDMI,3,train,False,train,IMG_20240220_120501,20240220,120501
508,REDMI,3,train,False,train,IMG_20240220_120505,20240220,120505
508,REDMI,3,train,False,train,IMG_20240220_120508,20240220,120508
509,REDMI,1,train,False,train,IMG_20240220_120515,20240220,120515
510,REDMI,1,train,False,train,IMG_20240220_120532,20240220,120532
511,REDMI,1,train,False,train,IMG_20240220_120539,20240220,120539
512,REDMI,2,train,False,train,IMG_20240220_120903,20240220,120903
512,REDMI,2,train,False,train,IMG_20240220_120907,20240220,120907
513,REDMI,1,train,False,train,IMG_20240220_120913,20240220,120913
514,REDMI,2,train,False,train,IMG_20240220_121114,20240220,121114
514,REDMI,2,train,False,train,IMG_20240220_121119,20240220,121119
515,REDMI,1,train,False,train,IMG_20240220_121133,20240220,121133
516,REDMI,1,train,False,train,IMG_20240220_121143,20240220,121143
517,REDMI,1,train,False,train,IMG_20240220_121153,20240220,121153
518,REDMI,1,train,False,train,IMG_20240220_121201,20240220,121201
519,REDMI,1,train,False,train,IMG_20240220_121228,20240220,121228
520,REDMI,1,train,False,train,IMG_20240220_121242,20240220,121242
521,REDMI,1,train,False,train,IMG_20240220_121252,20240220,121252
522,REDMI,1,train,False,train,IMG_20240220_121303,20240220,121303
523,REDMI,1,train,False,train,IMG_20240220_121322,20240220,121322
524,REDMI,1,train,False,train,IMG_20240220_121328,20240220,121328
525,REDMI,1,train,False,train,IMG_20240220_121334,20240220,121334
526,REDMI,1,train,False,train,IMG_20240220_121340,20240220,121340
527,REDMI,1,train,False,train,IMG_20240220_121346,20240220,121346
528,REDMI,1,train,False,train,IMG_20240220_121359,20240220,121359
529,REDMI,2,train,False,train,IMG_20240220_121405,20240220,121405
529,REDMI,2,train,False,train,IMG_20240220_121409,20240220,121409
530,REDMI,1,train,False,train,IMG_20240220_121416,20240220,121416
531,REDMI,1,train,False,train,IMG_20240220_121422,20240220,121422
532,REDMI,2,train,False,train,IMG_20240220_121455,20240220,121455
532,REDMI,2,train,False,train,IMG_20240220_121500,20240220,121500
533,REDMI,1,train,False,train,IMG_20240220_121506,20240220,121506
534,REDMI,1,train,False,train,IMG_20240220_121512,20240220,121512
535,REDMI,1,train,False,train,IMG_20240220_121525,20240220,121525
536,REDMI,1,train,False,train,IMG_20240220_121536,20240220,121536
537,REDMI,1,train,False,train,IMG_20240220_121603,20240220,121603
538,REDMI,1,train,False,train,IMG_20240220_121611,20240220,121611
539,REDMI,1,train,False,train,IMG_20240220_121628,20240220,121628
540,REDMI,1,train,False,train,IMG_20240220_121637,20240220,121637
541,REDMI,1,train,False,train,IMG_20240220_121656,20240220,121656
542,REDMI,1,train,False,train,IMG_20240220_121702,20240220,121702
543,REDMI,1,train,False,train,IMG_20240220_121746,20240220,121746
544,REDMI,1,train,False,train,IMG_20240220_121809,20240220,121809
545,REDMI,1,train,False,train,IMG_20240220_121907,20240220,121907
546,REDMI,2,train,False,train,IMG_20240220_121913,20240220,121913
546,REDMI,2,train,False,train,IMG_20240220_121918,20240220,121918
547,REDMI,2,train,False,train,IMG_20240220_121939,20240220,121939
547,REDMI,2,train,False,train,IMG_20240220_121944,20240220,121944
548,REDMI,1,train,False,train,IMG_20240220_121951,20240220,121951
549,REDMI,1,train,False,train,IMG_20240220_121957,20240220,121957
550,REDMI,3,train,False,train,IMG_20240220_122012,20240220,122012
550,REDMI,3,train,False,train,IMG_20240220_122017,20240220,122017
550,REDMI,3,train,False,train,IMG_20240220_122022,20240220,122022
551,REDMI,1,train,False,train,IMG_20240220_122028,20240220,122028
552,REDMI,1,train,False,train,IMG_20240220_122035,20240220,122035
553,REDMI,3,train,False,train,IMG_20240220_131426,20240220,131426
553,REDMI,3,train,False,train,IMG_20240220_131431,20240220,131431
553,REDMI,3,train,False,train,IMG_20240220_131436,20240220,131436
554,REDMI,1,train,False,train,IMG_20240220_131443,20240220,131443
555,REDMI,2,train,False,train,IMG_20240220_131451,20240220,131451
555,REDMI,2,train,False,train,IMG_20240220_131456,20240220,131456
556,REDMI,2,train,False,train,IMG_20240220_131503,20240220,131503
556,REDMI,2,train,False,train,IMG_20240220_131506,20240220,131506
557,REDMI,1,train,False,train,IMG_20240220_131513,20240220,131513
558,REDMI,1,train,False,train,IMG_20240220_131522,20240220,131522
559,REDMI,2,train,False,train,IMG_20240220_131548,20240220,131548
559,REDMI,2,train,False,train,IMG_20240220_131552,20240220,131552
560,REDMI,1,train,False,train,IMG_20240220_131559,20240220,131559
561,REDMI,2,train,False,train,IMG_20240220_131606,20240220,131606
561,REDMI,2,train,False,train,IMG_20240220_131610,20240220,131610
562,REDMI,1,train,False,train,IMG_20240220_131638,20240220,131638
563,REDMI,1,train,False,train,IMG_20240220_131654,20240220,131654
564,REDMI,2,train,False,train,IMG_20240220_131734,20240220,131734
564,REDMI,2,train,False,train,IMG_20240220_131738,20240220,131738
565,REDMI,1,train,False,train,IMG_20240220_131745,20240220,131745
566,REDMI,2,train,False,train,IMG_20240220_131827,20240220,131827
566,REDMI,2,train,False,train,IMG_20240220_131832,20240220,131832
567,REDMI,1,train,False,train,IMG_20240220_131840,20240220,131840
568,REDMI,2,train,False,train,IMG_20240220_131847,20240220,131847
568,REDMI,2,train,False,train,IMG_20240220_131851,20240220,131851
569,REDMI,1,train,False,train,IMG_20240220_131908,20240220,131908
570,REDMI,1,train,False,train,IMG_20240220_131918,20240220,131918
571,REDMI,4,train,False,train,IMG_20240220_131946,20240220,131946
571,REDMI,4,train,False,train,IMG_20240220_131951,20240220,131951
571,REDMI,4,train,False,train,IMG_20240220_131954,20240220,131954
571,REDMI,4,train,False,train,IMG_20240220_131958,20240220,131958
572,REDMI,1,train,False,train,IMG_20240220_132006,20240220,132006
573,REDMI,1,train,False,train,IMG_20240220_132018,20240220,132018
574,REDMI,4,train,False,train,IMG_20240220_132036,20240220,132036
574,REDMI,4,train,False,train,IMG_20240220_132039,20240220,132039
574,REDMI,4,train,False,train,IMG_20240220_132043,20240220,132043
574,REDMI,4,train,False,train,IMG_20240220_132047,20240220,132047
575,REDMI,3,train,False,train,IMG_20240220_132056,20240220,132056
575,REDMI,3,train,False,train,IMG_20240220_132059,20240220,132059
575,REDMI,3,train,False,train,IMG_20240220_132104,20240220,132104
576,REDMI,1,train,False,train,IMG_20240220_132120,20240220,132120
577,REDMI,1,train,False,train,IMG_20240220_132126,20240220,132126
578,REDMI,1,train,False,train,IMG_20240220_132242,20240220,132242
579,REDMI,1,train,False,train,IMG_20240220_132303,20240220,132303
580,REDMI,1,train,False,train,IMG_20240220_132310,20240220,132310
581,REDMI,1,train,False,train,IMG_20240220_132322,20240220,132322
582,REDMI,1,train,False,train,IMG_20240220_132334,20240220,132334
583,REDMI,1,train,False,train,IMG_20240220_132340,20240220,132340
584,REDMI,3,train,False,train,IMG_20240220_132359,20240220,132359
584,REDMI,3,train,False,train,IMG_20240220_132403,20240220,132403
584,REDMI,3,train,False,train,IMG_20240220_132408,20240220,132408
585,REDMI,3,train,False,train,IMG_20240220_132414,20240220,132414
585,REDMI,3,train,False,train,IMG_20240220_132419,20240220,132419
585,REDMI,3,train,False,train,IMG_20240220_132422,20240220,132422
586,REDMI,2,train,False,train,IMG_20240220_132439,20240220,132439
586,REDMI,2,train,False,train,IMG_20240220_132444,20240220,132444
587,REDMI,1,train,False,train,IMG_20240220_132456,20240220,132456
588,REDMI,1,train,False,train,IMG_20240220_132508,20240220,132508
589,REDMI,2,train,False,train,IMG_20240220_132516,20240220,132516
589,REDMI,2,train,False,train,IMG_20240220_132521,20240220,132521
590,REDMI,1,train,False,train,IMG_20240220_132541,20240220,132541
591,REDMI,1,train,False,train,IMG_20240220_132547,20240220,132547
592,REDMI,1,train,False,train,IMG_20240220_132601,20240220,132601
593,REDMI,1,train,False,train,IMG_20240220_132607,20240220,132607
594,REDMI,1,train,False,train,IMG_20240220_132618,20240220,132618
595,REDMI,1,train,False,train,IMG_20240220_132626,20240220,132626
596,REDMI,2,train,False,train,IMG_20240220_132638,20240220,132638
596,REDMI,2,train,False,train,IMG_20240220_132642,20240220,132642
597,REDMI,1,train,False,train,IMG_20240220_132648,20240220,132648
598,REDMI,1,train,False,train,IMG_20240220_132702,20240220,132702
599,REDMI,1,train,False,train,IMG_20240220_132712,20240220,132712
600,REDMI,1,train,False,train,IMG_20240220_132728,20240220,132728
601,REDMI,1,train,False,train,IMG_20240220_132740,20240220,132740
602,REDMI,1,train,False,train,IMG_20240220_132834,20240220,132834
603,REDMI,4,train,False,train,IMG_20240220_132840,20240220,132840
603,REDMI,4,train,False,train,IMG_20240220_132844,20240220,132844
603,REDMI,4,train,False,train,IMG_20240220_132849,20240220,132849
603,REDMI,4,train,False,train,IMG_20240220_132854,20240220,132854
604,REDMI,1,train,False,train,IMG_20240220_132900,20240220,132900
605,REDMI,1,train,False,train,IMG_20240220_132908,20240220,132908
606,REDMI,1,train,False,train,IMG_20240220_132923,20240220,132923
607,REDMI,3,train,False,train,IMG_20240220_132943,20240220,132943
607,REDMI,3,train,False,train,IMG_20240220_132948,20240220,132948
607,REDMI,3,train,False,train,IMG_20240220_132952,20240220,132952
608,REDMI,1,train,False,train,IMG_20240220_133000,20240220,133000
609,REDMI,2,train,False,train,IMG_20240220_133020,20240220,133020
609,REDMI,2,train,False,train,IMG_20240220_133024,20240220,133024
610,REDMI,1,train,False,train,IMG_20240220_133046,20240220,133046
611,REDMI,1,train,False,train,IMG_20240220_133052,20240220,133052
612,REDMI,1,train,False,train,IMG_20240220_133110,20240220,133110
613,REDMI,1,train,False,train,IMG_20240220_133117,20240220,133117
614,REDMI,1,train,False,train,IMG_20240220_133130,20240220,133130
615,REDMI,1,train,False,train,IMG_20240220_133258,20240220,133258
616,REDMI,1,train,False,train,IMG_20240220_133321,20240220,133321
617,REDMI,1,train,False,train,IMG_20240220_133330,20240220,133330
618,REDMI,1,train,False,train,IMG_20240220_133336,20240220,133336
619,REDMI,1,train,False,train,IMG_20240220_133352,20240220,133352
620,REDMI,1,train,False,train,IMG_20240220_133400,20240220,133400
621,REDMI,1,train,False,train,IMG_20240220_133411,20240220,133411
622,REDMI,5,train,False,train,IMG_20240220_134008,20240220,134008
622,REDMI,5,train,False,train,IMG_20240220_134012,20240220,134012
622,REDMI,5,train,False,train,IMG_20240220_134015,20240220,134015
622,REDMI,5,train,False,train,IMG_20240220_134020,20240220,134020
622,REDMI,5,train,False,train,IMG_20240220_134025,20240220,134025
623,REDMI,1,train,False,train,IMG_20240220_134041,20240220,134041
624,REDMI,2,train,False,train,IMG_20240220_134050,20240220,134050
624,REDMI,2,train,False,train,IMG_20240220_134055,20240220,134055
625,REDMI,1,train,False,train,IMG_20240220_134114,20240220,134114
626,REDMI,3,train,False,train,IMG_20240220_134137,20240220,134137
626,REDMI,3,train,False,train,IMG_20240220_134141,20240220,134141
626,REDMI,3,train,False,train,IMG_20240220_134146,20240220,134146
627,REDMI,1,train,False,train,IMG_20240220_134155,20240220,134155
628,REDMI,2,train,False,train,IMG_20240220_134224,20240220,134224
628,REDMI,2,train,False,train,IMG_20240220_134228,20240220,134228
629,REDMI,2,train,False,train,IMG_20240220_134320,20240220,134320
629,REDMI,2,train,False,train,IMG_20240220_134324,20240220,134324
630,REDMI,2,train,False,train,IMG_20240220_134334,20240220,134334
630,REDMI,2,train,False,train,IMG_20240220_134339,20240220,134339
631,REDMI,2,train,False,train,IMG_20240220_134404,20240220,134404
631,REDMI,2,train,False,train,IMG_20240220_134409,20240220,134409
632,REDMI,1,train,False,train,IMG_20240220_134416,20240220,134416
633,REDMI,1,train,False,train,IMG_20240220_134428,20240220,134428
634,REDMI,1,train,False,train,IMG_20240220_134436,20240220,134436
635,REDMI,1,train,False,train,IMG_20240220_134453,20240220,134453
636,REDMI,1,train,False,train,IMG_20240220_134510,20240220,134510
637,REDMI,1,train,False,train,IMG_20240220_134526,20240220,134526
638,REDMI,1,train,False,train,IMG_20240220_134533,20240220,134533
639,REDMI,1,train,False,train,IMG_20240220_134541,20240220,134541
640,REDMI,2,train,False,train,IMG_20240220_134610,20240220,134610
640,REDMI,2,train,False,train,IMG_20240220_134615,20240220,134615
641,REDMI,1,train,False,train,IMG_20240220_134623,20240220,134623
642,REDMI,1,train,False,train,IMG_20240220_134653,20240220,134653
643,REDMI,1,train,False,train,IMG_20240220_134719,20240220,134719
644,REDMI,1,train,False,train,IMG_20240220_134725,20240220,134725
645,REDMI,1,train,False,train,IMG_20240220_134732,20240220,134732
646,REDMI,2,train,False,train,IMG_20240220_134757,20240220,134757
646,REDMI,2,train,False,train,IMG_20240220_134801,20240220,134801
647,REDMI,1,train,False,train,IMG_20240220_134807,20240220,134807
648,REDMI,1,train,False,train,IMG_20240220_134820,20240220,134820
649,REDMI,3,train,False,train,IMG_20240220_134842,20240220,134842
649,REDMI,3,train,False,train,IMG_20240220_134846,20240220,134846
649,REDMI,3,train,False,train,IMG_20240220_134850,20240220,134850
650,REDMI,1,train,False,train,IMG_20240220_134857,20240220,134857
651,REDMI,1,train,False,train,IMG_20240220_134925,20240220,134925
652,REDMI,1,train,False,train,IMG_20240220_134936,20240220,134936
653,REDMI,1,train,False,train,IMG_20240220_134947,20240220,134947
654,REDMI,1,train,False,train,IMG_20240220_135005,20240220,135005
655,REDMI,2,train,False,train,IMG_20240220_135037,20240220,135037
655,REDMI,2,train,False,train,IMG_20240220_135042,20240220,135042
656,REDMI,1,train,False,train,IMG_20240220_135221,20240220,135221
657,REDMI,1,train,False,train,IMG_20240220_135229,20240220,135229
658,REDMI,1,train,False,train,IMG_20240220_135235,20240220,135235
659,REDMI,3,train,False,train,IMG_20240220_135301,20240220,135301
659,REDMI,3,train,False,train,IMG_20240220_135306,20240220,135306
659,REDMI,3,train,False,train,IMG_20240220_135309,20240220,135309
660,REDMI,1,train,False,train,IMG_20240220_135316,20240220,135316
661,REDMI,1,train,False,train,IMG_20240220_135322,20240220,135322
662,REDMI,1,train,False,train,IMG_20240220_135332,20240220,135332
663,REDMI,1,train,False,train,IMG_20240220_135401,20240220,135401
664,REDMI,1,train,False,train,IMG_20240220_135410,20240220,135410
665,REDMI,2,train,False,train,IMG_20240220_135417,20240220,135417
665,REDMI,2,train,False,train,IMG_20240220_135420,20240220,135420
666,REDMI,2,train,False,train,IMG_20240220_135428,20240220,135428
666,REDMI,2,train,False,train,IMG_20240220_135431,20240220,135431
667,REDMI,1,train,False,train,IMG_20240220_135437,20240220,135437
668,REDMI,2,train,False,train,IMG_20240220_135448,20240220,135448
668,REDMI,2,train,False,train,IMG_20240220_135451,20240220,135451
669,REDMI,4,train,False,train,IMG_20240220_135458,20240220,135458
669,REDMI,4,train,False,train,IMG_20240220_135503,20240220,135503
669,REDMI,4,train,False,train,IMG_20240220_135507,20240220,135507
669,REDMI,4,train,False,train,IMG_20240220_135512,20240220,135512
670,REDMI,1,train,False,train,IMG_20240220_135522,20240220,135522
671,REDMI,3,train,False,train,IMG_20240220_135537,20240220,135537
671,REDMI,3,train,False,train,IMG_20240220_135540,20240220,135540
671,REDMI,3,train,False,train,IMG_20240220_135545,20240220,135545
672,REDMI,1,train,False,train,IMG_20240220_135557,20240220,135557
673,REDMI,1,train,False,train,IMG_20240220_135608,20240220,135608
674,REDMI,1,train,False,train,IMG_20240220_135627,20240220,135627
675,REDMI,2,train,False,train,IMG_20240220_135718,20240220,135718
675,REDMI,2,train,False,train,IMG_20240220_135723,20240220,135723
676,REDMI,2,train,False,train,IMG_20240220_135735,20240220,135735
676,REDMI,2,train,False,train,IMG_20240220_135738,20240220,135738
677,REDMI,2,train,False,train,IMG_20240220_135752,20240220,135752
677,REDMI,2,train,False,train,IMG_20240220_135755,20240220,135755
678,REDMI,1,train,False,train,IMG_20240220_135806,20240220,135806
679,REDMI,2,train,False,train,IMG_20240220_135817,20240220,135817
679,REDMI,2,train,False,train,IMG_20240220_135821,20240220,135821
680,REDMI,1,train,False,train,IMG_20240220_135827,20240220,135827
681,REDMI,2,train,False,train,IMG_20240220_135834,20240220,135834
681,REDMI,2,train,False,train,IMG_20240220_135838,20240220,135838
682,REDMI,1,test,False,test,IMG_20240228_122819,20240228,122819
683,REDMI,1,test,False,test,IMG_20240228_122853,20240228,122853
684,REDMI,1,valid,False,valid,IMG_20240228_122859,20240228,122859
685,REDMI,2,test,False,test,IMG_20240228_122950,20240228,122950
685,REDMI,2,test,False,test,IMG_20240228_122954,20240228,122954
686,REDMI,2,test|valid,True,valid,IMG_20240228_123002,20240228,123002
686,REDMI,2,test|valid,True,test,IMG_20240228_123007,20240228,123007
687,REDMI,1,test,False,test,IMG_20240228_123015,20240228,123015
688,REDMI,1,test,False,test,IMG_20240228_123023,20240228,123023
689,REDMI,1,valid,False,valid,IMG_20240228_123051,20240228,123051
690,REDMI,1,test,False,test,IMG_20240228_123102,20240228,123102
691,REDMI,1,test,False,test,IMG_20240228_123116,20240228,123116
692,REDMI,1,valid,False,valid,IMG_20240228_123132,20240228,123132
693,REDMI,1,valid,False,valid,IMG_20240228_123209,20240228,123209
694,REDMI,1,test,False,test,IMG_20240228_123219,20240228,123219
695,REDMI,1,test,False,test,IMG_20240228_123225,20240228,123225
696,REDMI,1,test,False,test,IMG_20240228_123232,20240228,123232
697,REDMI,1,valid,False,valid,IMG_20240228_123240,20240228,123240
698,REDMI,2,test,False,test,IMG_20240228_123301,20240228,123301
698,REDMI,2,test,False,test,IMG_20240228_123305,20240228,123305
699,REDMI,2,test,False,test,IMG_20240228_123315,20240228,123315
699,REDMI,2,test,False,test,IMG_20240228_123320,20240228,123320
700,REDMI,2,test,False,test,IMG_20240228_123331,20240228,123331
700,REDMI,2,test,False,test,IMG_20240228_123336,20240228,123336
701,REDMI,1,test,False,test,IMG_20240228_123348,20240228,123348
702,REDMI,1,test,False,test,IMG_20240228_123449,20240228,123449
703,REDMI,1,test,False,test,IMG_20240228_123455,20240228,123455
704,REDMI,1,test,False,test,IMG_20240228_123505,20240228,123505
705,REDMI,2,test|valid,True,valid,IMG_20240228_123516,20240228,123516
705,REDMI,2,test|valid,True,test,IMG_20240228_123521,20240228,123521
706,REDMI,2,train|valid,True,train,IMG_20240228_123529,20240228,123529
706,REDMI,2,train|valid,True,valid,IMG_20240228_123533,20240228,123533
707,REDMI,1,train,False,train,IMG_20240228_123603,20240228,123603
708,REDMI,2,train,False,train,IMG_20240228_123622,20240228,123622
708,REDMI,2,train,False,train,IMG_20240228_123627,20240228,123627
709,REDMI,1,train,False,train,IMG_20240228_123641,20240228,123641
710,REDMI,1,valid,False,valid,IMG_20240228_123649,20240228,123649
711,REDMI,1,train,False,train,IMG_20240228_123700,20240228,123700
712,REDMI,2,test|train,True,train,IMG_20240228_123716,20240228,123716
712,REDMI,2,test|train,True,test,IMG_20240228_123720,20240228,123720
713,REDMI,1,test,False,test,IMG_20240228_123733,20240228,123733
714,REDMI,1,train,False,train,IMG_20240228_123744,20240228,123744
715,REDMI,2,test|train,True,train,IMG_20240228_123818,20240228,123818
715,REDMI,2,test|train,True,test,IMG_20240228_123822,20240228,123822
716,REDMI,1,train,False,train,IMG_20240228_123831,20240228,123831
717,REDMI,1,train,False,train,IMG_20240228_123838,20240228,123838
718,REDMI,1,train,False,train,IMG_20240228_123845,20240228,123845
719,REDMI,1,train,False,train,IMG_20240228_123901,20240228,123901
720,REDMI,1,train,False,train,IMG_20240228_123921,20240228,123921
721,REDMI,1,test,False,test,IMG_20240228_123928,20240228,123928
722,REDMI,1,train,False,train,IMG_20240228_124134,20240228,124134
723,REDMI,1,valid,False,valid,IMG_20240228_124227,20240228,124227
724,REDMI,1,train,False,train,IMG_20240228_124237,20240228,124237
725,REDMI,1,train,False,train,IMG_20240228_124254,20240228,124254
726,REDMI,1,train,False,train,IMG_20240228_124302,20240228,124302
727,REDMI,1,valid,False,valid,IMG_20240228_124311,20240228,124311
728,REDMI,1,valid,False,valid,IMG_20240228_124323,20240228,124323
729,REDMI,1,train,False,train,IMG_20240228_124341,20240228,124341
730,REDMI,1,train,False,train,IMG_20240228_124357,20240228,124357
731,REDMI,1,train,False,train,IMG_20240228_124406,20240228,124406
732,REDMI,1,train,False,train,IMG_20240228_124415,20240228,124415
733,REDMI,1,train,False,train,IMG_20240228_124433,20240228,124433
734,REDMI,1,train,False,train,IMG_20240228_124449,20240228,124449
735,REDMI,1,valid,False,valid,IMG_20240228_124455,20240228,124455
736,REDMI,1,train,False,train,IMG_20240228_124512,20240228,124512
737,REDMI,1,train,False,train,IMG_20240228_124520,20240228,124520
738,REDMI,1,train,False,train,IMG_20240228_124540,20240228,124540
739,REDMI,1,train,False,train,IMG_20240228_124553,20240228,124553
740,REDMI,1,train,False,train,IMG_20240228_124619,20240228,124619
741,REDMI,1,train,False,train,IMG_20240228_124709,20240228,124709
742,REDMI,1,test,False,test,IMG_20240228_124721,20240228,124721
743,REDMI,2,train,False,train,IMG_20240228_124750,20240228,124750
743,REDMI,2,train,False,train,IMG_20240228_124754,20240228,124754
744,REDMI,2,train|valid,True,train,IMG_20240228_124806,20240228,124806
744,REDMI,2,train|valid,True,valid,IMG_20240228_124809,20240228,124809
745,REDMI,1,test,False,test,IMG_20240228_124846,20240228,124846
746,REDMI,1,train,False,train,IMG_20240228_124856,20240228,124856
747,REDMI,1,train,False,train,IMG_20240228_124904,20240228,124904
748,REDMI,1,train,False,train,IMG_20240228_124911,20240228,124911
749,REDMI,1,train,False,train,IMG_20240228_124921,20240228,124921
750,REDMI,1,train,False,train,IMG_20240228_124930,20240228,124930
751,REDMI,1,train,False,train,IMG_20240228_124938,20240228,124938
752,REDMI,1,train,False,train,IMG_20240228_124946,20240228,124946
753,REDMI,1,train,False,train,IMG_20240228_125010,20240228,125010
754,REDMI,1,valid,False,valid,IMG_20240228_125031,20240228,125031
755,REDMI,1,train,False,train,IMG_20240228_125619,20240228,125619
756,REDMI,2,train,False,train,IMG_20240228_125628,20240228,125628
756,REDMI,2,train,False,train,IMG_20240228_125632,20240228,125632
757,REDMI,2,train,False,train,IMG_20240228_125641,20240228,125641
757,REDMI,2,train,False,train,IMG_20240228_125646,20240228,125646
758,REDMI,1,train,False,train,IMG_20240228_125656,20240228,125656
759,REDMI,1,train,False,train,IMG_20240228_125719,20240228,125719
760,REDMI,2,train,False,train,IMG_20240228_125748,20240228,125748
760,REDMI,2,train,False,train,IMG_20240228_125752,20240228,125752
761,REDMI,1,train,False,train,IMG_20240228_125837,20240228,125837
762,REDMI,1,train,False,train,IMG_20240228_125848,20240228,125848
763,REDMI,1,train,False,train,IMG_20240228_125854,20240228,125854
764,REDMI,2,train|valid,True,valid,IMG_20240228_125903,20240228,125903
764,REDMI,2,train|valid,True,train,IMG_20240228_125906,20240228,125906
765,REDMI,1,train,False,train,IMG_20240228_130024,20240228,130024
766,REDMI,1,train,False,train,IMG_20240228_130042,20240228,130042
767,REDMI,1,valid,False,valid,IMG_20240228_130051,20240228,130051
768,REDMI,1,train,False,train,IMG_20240228_130230,20240228,130230
769,REDMI,1,train,False,train,IMG_20240228_130257,20240228,130257
770,REDMI,1,train,False,train,IMG_20240228_130306,20240228,130306
771,REDMI,1,train,False,train,IMG_20240228_130319,20240228,130319
772,REDMI,1,train,False,train,IMG_20240228_130348,20240228,130348
773,REDMI,2,train,False,train,IMG_20240228_130431,20240228,130431
773,REDMI,2,train,False,train,IMG_20240228_130435,20240228,130435
774,REDMI,1,valid,False,valid,IMG_20240228_130509,20240228,130509
775,REDMI,1,train,False,train,IMG_20240228_130516,20240228,130516
776,REDMI,1,valid,False,valid,IMG_20240228_130525,20240228,130525
777,REDMI,1,valid,False,valid,IMG_20240228_130615,20240228,130615
778,REDMI,1,valid,False,valid,IMG_20240228_130630,20240228,130630
779,REDMI,1,valid,False,valid,IMG_20240228_130656,20240228,130656
780,REDMI,1,valid,False,valid,IMG_20240228_130705,20240228,130705
781,REDMI,1,valid,False,valid,IMG_20240228_130813,20240228,130813
782,REDMI,1,valid,False,valid,IMG_20240228_130906,20240228,130906
783,REDMI,2,valid,False,valid,IMG_20240228_131005,20240228,131005
783,REDMI,2,valid,False,valid,IMG_20240228_131008,20240228,131008
784,REDMI,2,train|valid,True,valid,IMG_20240228_131014,20240228,131014
784,REDMI,2,train|valid,True,train,IMG_20240228_131018,20240228,131018
785,REDMI,1,valid,False,valid,IMG_20240228_131314,20240228,131314
786,REDMI,1,valid,False,valid,IMG_20240228_131348,20240228,131348
787,REDMI,1,valid,False,valid,IMG_20240228_131358,20240228,131358
788,REDMI,1,valid,False,valid,IMG_20240228_131410,20240228,131410
789,REDMI,1,train,False,train,IMG_20240228_131416,20240228,131416
790,REDMI,2,valid,False,valid,IMG_20240228_131519,20240228,131519
790,REDMI,2,valid,False,valid,IMG_20240228_131524,20240228,131524
791,REDMI,1,train,False,train,IMG_20240228_131530,20240228,131530
792,REDMI,1,valid,False,valid,IMG_20240228_131536,20240228,131536
793,REDMI,1,valid,False,valid,IMG_20240228_131542,20240228,131542
794,REDMI,1,valid,False,valid,IMG_20240228_131557,20240228,131557
795,REDMI,1,valid,False,valid,IMG_20240228_131608,20240228,131608
796,REDMI,1,valid,False,valid,IMG_20240228_131617,20240228,131617
797,REDMI,1,valid,False,valid,IMG_20240228_131627,20240228,131627
798,REDMI,1,valid,False,valid,IMG_20240228_131640,20240228,131640
799,REDMI,2,valid,False,valid,IMG_20240228_131653,20240228,131653
799,REDMI,2,valid,False,valid,IMG_20240228_131657,20240228,131657
800,REDMI,1,valid,False,valid,IMG_20240228_131705,20240228,131705
801,REDMI,1,train,False,train,IMG_20240228_131821,20240228,131821
802,REDMI,2,valid,False,valid,IMG_20240228_131829,20240228,131829
802,REDMI,2,valid,False,valid,IMG_20240228_131832,20240228,131832
803,REDMI,6,train|valid,True,valid,IMG_20240228_131851,20240228,131851
803,REDMI,6,train|valid,True,valid,IMG_20240228_131854,20240228,131854
803,REDMI,6,train|valid,True,valid,IMG_20240228_131857,20240228,131857
803,REDMI,6,train|valid,True,train,IMG_20240228_131859,20240228,131859
803,REDMI,6,train|valid,True,valid,IMG_20240228_131903,20240228,131903
803,REDMI,6,train|valid,True,valid,IMG_20240228_131907,20240228,131907
804,REDMI,2,valid,False,valid,IMG_20240228_131913,20240228,131913
804,REDMI,2,valid,False,valid,IMG_20240228_131917,20240228,131917
805,REDMI,1,valid,False,valid,IMG_20240228_132000,20240228,132000
806,REDMI,1,valid,False,valid,IMG_20240228_132130,20240228,132130
807,REDMI,1,valid,False,valid,IMG_20240228_132253,20240228,132253
808,REDMI,1,train,False,train,IMG_20240228_132304,20240228,132304
809,REDMI,5,valid,False,valid,IMG_20240228_132316,20240228,132316
809,REDMI,5,valid,False,valid,IMG_20240228_132320,20240228,132320
809,REDMI,5,valid,False,valid,IMG_20240228_132324,20240228,132324
809,REDMI,5,valid,False,valid,IMG_20240228_132327,20240228,132327
809,REDMI,5,valid,False,valid,IMG_20240228_132332,20240228,132332
810,REDMI,1,train,False,train,IMG_20240228_132345,20240228,132345
811,REDMI,2,train,False,train,IMG_20240228_132351,20240228,132351
811,REDMI,2,train,False,train,IMG_20240228_132355,20240228,132355
812,REDMI,3,valid,False,valid,IMG_20240228_132418,20240228,132418
812,REDMI,3,valid,False,valid,IMG_20240228_132419,20240228,132419
812,REDMI,3,valid,False,valid,IMG_20240228_132424,20240228,132424
813,REDMI,1,train,False,train,IMG_20240228_132436,20240228,132436
814,REDMI,1,train,False,train,IMG_20240228_132444,20240228,132444
815,REDMI,4,valid,False,valid,IMG_20240228_132451,20240228,132451
815,REDMI,4,valid,False,valid,IMG_20240228_132455,20240228,132455
815,REDMI,4,valid,False,valid,IMG_20240228_132500,20240228,132500
815,REDMI,4,valid,False,valid,IMG_20240228_132504,20240228,132504
816,REDMI,2,valid,False,valid,IMG_20240228_132510,20240228,132510
816,REDMI,2,valid,False,valid,IMG_20240228_132515,20240228,132515
817,REDMI,6,valid,False,valid,IMG_20240228_132527,20240228,132527
817,REDMI,6,valid,False,valid,IMG_20240228_132530,20240228,132530
817,REDMI,6,valid,False,valid,IMG_20240228_132535,20240228,132535
817,REDMI,6,valid,False,valid,IMG_20240228_132539,20240228,132539
817,REDMI,6,valid,False,valid,IMG_20240228_132543,20240228,132543
817,REDMI,6,valid,False,valid,IMG_20240228_132547,20240228,132547
818,REDMI,3,valid,False,valid,IMG_20240228_132601,20240228,132601
818,REDMI,3,valid,False,valid,IMG_20240228_132605,20240228,132605
818,REDMI,3,valid,False,valid,IMG_20240228_132610,20240228,132610
819,REDMI,1,valid,False,valid,IMG_20240228_132623,20240228,132623
820,REDMI,1,valid,False,valid,IMG_20240228_132629,20240228,132629
821,REDMI,1,valid,False,valid,IMG_20240228_132917,20240228,132917
822,REDMI,2,valid,False,valid,IMG_20240228_132923,20240228,132923
822,REDMI,2,valid,False,valid,IMG_20240228_132927,20240228,132927
823,REDMI,1,valid,False,valid,IMG_20240228_132934,20240228,132934
824,REDMI,1,valid,False,valid,IMG_20240228_132943,20240228,132943
825,REDMI,1,valid,False,valid,IMG_20240228_132953,20240228,132953
826,REDMI,1,train,False,train,IMG_20240228_133000,20240228,133000
827,REDMI,2,train|valid,True,valid,IMG_20240228_133006,20240228,133006
827,REDMI,2,train|valid,True,train,IMG_20240228_133010,20240228,133010
828,REDMI,1,valid,False,valid,IMG_20240228_133018,20240228,133018
829,REDMI,1,valid,False,valid,IMG_20240228_133024,20240228,133024
830,REDMI,1,valid,False,valid,IMG_20240228_133039,20240228,133039
831,REDMI,1,valid,False,valid,IMG_20240228_133047,20240228,133047
832,REDMI,3,valid,False,valid,IMG_20240228_133109,20240228,133109
832,REDMI,3,valid,False,valid,IMG_20240228_133113,20240228,133113
832,REDMI,3,valid,False,valid,IMG_20240228_133117,20240228,133117
833,REDMI,2,valid,False,valid,IMG_20240228_133123,20240228,133123
833,REDMI,2,valid,False,valid,IMG_20240228_133128,20240228,133128
834,REDMI,1,valid,False,valid,IMG_20240228_133145,20240228,133145
835,REDMI,1,valid,False,valid,IMG_20240228_133157,20240228,133157
836,REDMI,2,train|valid,True,train,IMG_20240228_133205,20240228,133205
836,REDMI,2,train|valid,True,valid,IMG_20240228_133209,20240228,133209
837,REDMI,1,valid,False,valid,IMG_20240228_133446,20240228,133446
838,REDMI,1,train,False,train,IMG_20240228_133453,20240228,133453
839,REDMI,1,valid,False,valid,IMG_20240228_133502,20240228,133502
840,REDMI,1,valid,False,valid,IMG_20240228_133510,20240228,133510
841,REDMI,4,valid,False,valid,IMG_20240228_133527,20240228,133527
841,REDMI,4,valid,False,valid,IMG_20240228_133530,20240228,133530
841,REDMI,4,valid,False,valid,IMG_20240228_133534,20240228,133534
841,REDMI,4,valid,False,valid,IMG_20240228_133539,20240228,133539
842,REDMI,4,valid,False,valid,IMG_20240228_133557,20240228,133557
842,REDMI,4,valid,False,valid,IMG_20240228_133600,20240228,133600
842,REDMI,4,valid,False,valid,IMG_20240228_133603,20240228,133603
842,REDMI,4,valid,False,valid,IMG_20240228_133607,20240228,133607
843,REDMI,1,valid,False,valid,IMG_20240228_133631,20240228,133631
844,REDMI,1,valid,False,valid,IMG_20240228_133640,20240228,133640
845,REDMI,1,valid,False,valid,IMG_20240228_135521,20240228,135521
846,REDMI,3,train,False,train,IMG_20240228_135615,20240228,135615
846,REDMI,3,train,False,train,IMG_20240228_135620,20240228,135620
846,REDMI,3,train,False,train,IMG_20240228_135625,20240228,135625
847,REDMI,1,valid,False,valid,IMG_20240228_135634,20240228,135634
848,REDMI,1,valid,False,valid,IMG_20240228_135641,20240228,135641
849,REDMI,1,valid,False,valid,IMG_20240228_135656,20240228,135656
850,REDMI,1,valid,False,valid,IMG_20240228_135706,20240228,135706
851,REDMI,1,valid,False,valid,IMG_20240228_135713,20240228,135713
852,REDMI,1,valid,False,valid,IMG_20240228_135720,20240228,135720
853,REDMI,1,valid,False,valid,IMG_20240228_135734,20240228,135734
854,REDMI,2,train|valid,True,valid,IMG_20240228_135854,20240228,135854
854,REDMI,2,train|valid,True,train,IMG_20240228_135857,20240228,135857
855,REDMI,2,valid,False,valid,IMG_20240228_135906,20240228,135906
855,REDMI,2,valid,False,valid,IMG_20240228_135909,20240228,135909
856,REDMI,2,valid,False,valid,IMG_20240228_135919,20240228,135919
856,REDMI,2,valid,False,valid,IMG_20240228_135924,20240228,135924
857,REDMI,1,valid,False,valid,IMG_20240228_140048,20240228,140048
858,REDMI,3,valid,False,valid,IMG_20240228_140058,20240228,140058
858,REDMI,3,valid,False,valid,IMG_20240228_140101,20240228,140101
858,REDMI,3,valid,False,valid,IMG_20240228_140104,20240228,140104
859,REDMI,1,valid,False,valid,IMG_20240228_140115,20240228,140115
860,REDMI,3,valid,False,valid,IMG_20240228_140129,20240228,140129
860,REDMI,3,valid,False,valid,IMG_20240228_140134,20240228,140134
860,REDMI,3,valid,False,valid,IMG_20240228_140137,20240228,140137
861,REDMI,2,valid,False,valid,IMG_20240228_140145,20240228,140145
861,REDMI,2,valid,False,valid,IMG_20240228_140150,20240228,140150
862,REDMI,1,valid,False,valid,IMG_20240228_140218,20240228,140218
863,REDMI,2,valid,False,valid,IMG_20240228_140224,20240228,140224
863,REDMI,2,valid,False,valid,IMG_20240228_140229,20240228,140229
864,REDMI,1,valid,False,valid,IMG_20240228_140238,20240228,140238
865,REDMI,2,valid,False,valid,IMG_20240228_140246,20240228,140246
865,REDMI,2,valid,False,valid,IMG_20240228_140249,20240228,140249
866,REDMI,3,valid,False,valid,IMG_20240228_140312,20240228,140312
866,REDMI,3,valid,False,valid,IMG_20240228_140315,20240228,140315
866,REDMI,3,valid,False,valid,IMG_20240228_140319,20240228,140319
867,REDMI,1,valid,False,valid,IMG_20240228_140408,20240228,140408
868,REDMI,1,valid,False,valid,IMG_20240228_140418,20240228,140418
869,REDMI,1,valid,False,valid,IMG_20240228_140434,20240228,140434
870,REDMI,1,valid,False,valid,IMG_20240228_140449,20240228,140449
871,REDMI,1,valid,False,valid,IMG_20240228_140455,20240228,140455
872,REDMI,1,valid,False,valid,IMG_20240228_140503,20240228,140503
873,REDMI,5,valid,False,valid,IMG_20240228_140533,20240228,140533
873,REDMI,5,valid,False,valid,IMG_20240228_140537,20240228,140537
873,REDMI,5,valid,False,valid,IMG_20240228_140542,20240228,140542
873,REDMI,5,valid,False,valid,IMG_20240228_140544,20240228,140544
873,REDMI,5,valid,False,valid,IMG_20240228_140547,20240228,140547
874,REDMI,3,train|valid,True,train,IMG_20240228_140555,20240228,140555
874,REDMI,3,train|valid,True,valid,IMG_20240228_140558,20240228,140558
874,REDMI,3,train|valid,True,valid,IMG_20240228_140602,20240228,140602
875,REDMI,1,valid,False,valid,IMG_20240228_140644,20240228,140644
876,REDMI,2,valid,False,valid,IMG_20240228_140650,20240228,140650
876,REDMI,2,valid,False,valid,IMG_20240228_140654,20240228,140654
877,REDMI,1,valid,False,valid,IMG_20240228_140706,20240228,140706
878,REDMI,2,valid,False,valid,IMG_20240228_140713,20240228,140713
878,REDMI,2,valid,False,valid,IMG_20240228_140717,20240228,140717
879,REDMI,1,valid,False,valid,IMG_20240228_140725,20240228,140725
880,REDMI,1,valid,False,valid,IMG_20240228_140741,20240228,140741
881,REDMI,1,valid,False,valid,IMG_20240228_140750,20240228,140750
882,REDMI,2,valid,False,valid,IMG_20240228_140756,20240228,140756
882,REDMI,2,valid,False,valid,IMG_20240228_140759,20240228,140759
883,REDMI,2,valid,False,valid,IMG_20240228_140815,20240228,140815
883,REDMI,2,valid,False,valid,IMG_20240228_140818,20240228,140818
884,REDMI,1,valid,False,valid,IMG_20240228_140829,20240228,140829
885,REDMI,1,valid,False,valid,IMG_20240228_140936,20240228,140936
886,REDMI,1,valid,False,valid,IMG_20240228_140944,20240228,140944
887,REDMI,2,valid,False,valid,IMG_20240228_141019,20240228,141019
887,REDMI,2,valid,False,valid,IMG_20240228_141024,20240228,141024
888,REDMI,3,train|valid,True,valid,IMG_20240228_141045,20240228,141045
888,REDMI,3,train|valid,True,valid,IMG_20240228_141047,20240228,141047
888,REDMI,3,train|valid,True,train,IMG_20240228_141050,20240228,141050
889,REDMI,1,valid,False,valid,IMG_20240228_141123,20240228,141123
890,REDMI,1,valid,False,valid,IMG_20240228_141129,20240228,141129
891,REDMI,2,train|valid,True,train,IMG_20240228_141139,20240228,141139
891,REDMI,2,train|valid,True,valid,IMG_20240228_141143,20240228,141143
892,REDMI,1,valid,False,valid,IMG_20240228_141157,20240228,141157
893,REDMI,1,valid,False,valid,IMG_20240228_141214,20240228,141214
894,REDMI,2,valid,False,valid,IMG_20240228_141330,20240228,141330
894,REDMI,2,valid,False,valid,IMG_20240228_141334,20240228,141334
895,REDMI,1,valid,False,valid,IMG_20240228_141414,20240228,141414
896,REDMI,1,valid,False,valid,IMG_20240228_141423,20240228,141423
897,REDMI,1,valid,False,valid,IMG_20240228_141431,20240228,141431
898,REDMI,3,train|valid,True,valid,IMG_20240228_141438,20240228,141438
898,REDMI,3,train|valid,True,train,IMG_20240228_141443,20240228,141443
898,REDMI,3,train|valid,True,valid,IMG_20240228_141448,20240228,141448
899,REDMI,1,valid,False,valid,IMG_20240228_141454,20240228,141454
900,REDMI,1,valid,False,valid,IMG_20240228_141501,20240228,141501
901,REDMI,1,valid,False,valid,IMG_20240228_141511,20240228,141511
902,REDMI,1,valid,False,valid,IMG_20240228_141518,20240228,141518
903,REDMI,1,valid,False,valid,IMG_20240228_141528,20240228,141528
904,REDMI,1,train,False,train,IMG_20240303_105731,20240303,105731
905,REDMI,1,valid,False,valid,IMG_20240303_105739,20240303,105739
906,REDMI,2,train|valid,True,valid,IMG_20240303_105748,20240303,105748
906,REDMI,2,train|valid,True,train,IMG_20240303_105752,20240303,105752
907,REDMI,1,train,False,train,IMG_20240303_105758,20240303,105758
908,REDMI,2,train,False,train,IMG_20240303_105811,20240303,105811
908,REDMI,2,train,False,train,IMG_20240303_105815,20240303,105815
909,REDMI,2,train,False,train,IMG_20240303_105825,20240303,105825
909,REDMI,2,train,False,train,IMG_20240303_105829,20240303,105829
910,REDMI,1,test,False,test,IMG_20240303_105837,20240303,105837
911,REDMI,2,valid,False,valid,IMG_20240303_105843,20240303,105843
911,REDMI,2,valid,False,valid,IMG_20240303_105846,20240303,105846
912,REDMI,1,train,False,train,IMG_20240303_105854,20240303,105854
913,REDMI,1,valid,False,valid,IMG_20240303_105902,20240303,105902
914,REDMI,1,train,False,train,IMG_20240303_105908,20240303,105908
915,REDMI,2,train|valid,True,valid,IMG_20240303_105917,20240303,105917
915,REDMI,2,train|valid,True,train,IMG_20240303_105920,20240303,105920
916,REDMI,1,train,False,train,IMG_20240303_105932,20240303,105932
917,REDMI,1,valid,False,valid,IMG_20240303_105938,20240303,105938
918,REDMI,6,train|valid,True,valid,IMG_20240303_105951,20240303,105951
918,REDMI,6,train|valid,True,train,IMG_20240303_105955,20240303,105955
918,REDMI,6,train|valid,True,train,IMG_20240303_105959,20240303,105959
918,REDMI,6,train|valid,True,valid,IMG_20240303_110004,20240303,110004
918,REDMI,6,train|valid,True,train,IMG_20240303_110008,20240303,110008
918,REDMI,6,train|valid,True,train,IMG_20240303_110013,20240303,110013
919,REDMI,2,train,False,train,IMG_20240303_110020,20240303,110020
919,REDMI,2,train,False,train,IMG_20240303_110025,20240303,110025
920,REDMI,1,valid,False,valid,IMG_20240303_110035,20240303,110035
921,REDMI,1,test,False,test,IMG_20240303_110048,20240303,110048
922,REDMI,1,train,False,train,IMG_20240303_110054,20240303,110054
923,REDMI,1,train,False,train,IMG_20240303_110106,20240303,110106
924,REDMI,1,test,False,test,IMG_20240303_110113,20240303,110113
925,REDMI,1,valid,False,valid,IMG_20240303_110120,20240303,110120
926,REDMI,1,train,False,train,IMG_20240303_110129,20240303,110129
927,REDMI,1,train,False,train,IMG_20240303_110137,20240303,110137
928,REDMI,1,train,False,train,IMG_20240303_110144,20240303,110144
929,REDMI,1,train,False,train,IMG_20240303_110151,20240303,110151
930,REDMI,1,train,False,train,IMG_20240303_110205,20240303,110205
931,REDMI,1,valid,False,valid,IMG_20240303_110229,20240303,110229
932,REDMI,1,train,False,train,IMG_20240303_110239,20240303,110239
933,REDMI,2,test|train,True,test,IMG_20240303_110245,20240303,110245
933,REDMI,2,test|train,True,train,IMG_20240303_110249,20240303,110249
934,REDMI,2,train,False,train,IMG_20240303_110255,20240303,110255
934,REDMI,2,train,False,train,IMG_20240303_110259,20240303,110259
935,REDMI,2,test,False,test,IMG_20240303_110324,20240303,110324
935,REDMI,2,test,False,test,IMG_20240303_110327,20240303,110327
936,REDMI,1,test,False,test,IMG_20240303_110335,20240303,110335
937,REDMI,2,train|valid,True,train,IMG_20240303_110341,20240303,110341
937,REDMI,2,train|valid,True,valid,IMG_20240303_110345,20240303,110345
938,REDMI,3,test|train,True,test,IMG_20240303_110412,20240303,110412
938,REDMI,3,test|train,True,test,IMG_20240303_110417,20240303,110417
938,REDMI,3,test|train,True,train,IMG_20240303_110421,20240303,110421
939,REDMI,1,train,False,train,IMG_20240303_110428,20240303,110428
940,REDMI,2,train,False,train,IMG_20240303_110507,20240303,110507
940,REDMI,2,train,False,train,IMG_20240303_110511,20240303,110511
941,REDMI,2,train|valid,True,train,IMG_20240303_110518,20240303,110518
941,REDMI,2,train|valid,True,valid,IMG_20240303_110523,20240303,110523
942,REDMI,1,test,False,test,IMG_20240303_110604,20240303,110604
943,REDMI,1,test,False,test,IMG_20240303_110630,20240303,110630
944,REDMI,2,train,False,train,IMG_20240303_110827,20240303,110827
944,REDMI,2,train,False,train,IMG_20240303_110831,20240303,110831
945,REDMI,1,train,False,train,IMG_20240303_110842,20240303,110842
946,REDMI,1,train,False,train,IMG_20240303_110854,20240303,110854
947,REDMI,1,test,False,test,IMG_20240303_110904,20240303,110904
948,REDMI,1,valid,False,valid,IMG_20240303_110914,20240303,110914
949,REDMI,1,train,False,train,IMG_20240303_110946,20240303,110946
950,REDMI,1,train,False,train,IMG_20240303_110953,20240303,110953
951,REDMI,2,train,False,train,IMG_20240303_111014,20240303,111014
951,REDMI,2,train,False,train,IMG_20240303_111019,20240303,111019
952,REDMI,1,train,False,train,IMG_20240303_111025,20240303,111025
953,REDMI,1,valid,False,valid,IMG_20240303_111039,20240303,111039
954,REDMI,1,train,False,train,IMG_20240303_111048,20240303,111048
955,REDMI,1,test,False,test,IMG_20240303_111100,20240303,111100
956,REDMI,1,valid,False,valid,IMG_20240303_111127,20240303,111127
957,REDMI,1,test,False,test,IMG_20240303_111136,20240303,111136
958,REDMI,2,test|train,True,train,IMG_20240303_111150,20240303,111150
958,REDMI,2,test|train,True,test,IMG_20240303_111154,20240303,111154
959,REDMI,1,test,False,test,IMG_20240303_111206,20240303,111206
960,REDMI,1,train,False,train,IMG_20240303_111217,20240303,111217
961,REDMI,1,test,False,test,IMG_20240303_111225,20240303,111225
962,REDMI,2,train|valid,True,valid,IMG_20240303_111239,20240303,111239
962,REDMI,2,train|valid,True,train,IMG_20240303_111244,20240303,111244
963,REDMI,1,valid,False,valid,IMG_20240303_111302,20240303,111302
964,REDMI,1,train,False,train,IMG_20240303_111309,20240303,111309
965,REDMI,1,test,False,test,IMG_20240303_111327,20240303,111327
966,REDMI,1,train,False,train,IMG_20240303_111333,20240303,111333
967,REDMI,1,train,False,train,IMG_20240303_111339,20240303,111339
968,REDMI,2,test|train,True,train,IMG_20240303_111414,20240303,111414
968,REDMI,2,test|train,True,test,IMG_20240303_111418,20240303,111418
969,REDMI,1,test,False,test,IMG_20240303_111426,20240303,111426
970,REDMI,4,test|train|valid,True,test,IMG_20240303_111434,20240303,111434
970,REDMI,4,test|train|valid,True,test,IMG_20240303_111439,20240303,111439
970,REDMI,4,test|train|valid,True,train,IMG_20240303_111444,20240303,111444
970,REDMI,4,test|train|valid,True,valid,IMG_20240303_111448,20240303,111448
971,REDMI,2,test|train,True,train,IMG_20240303_111456,20240303,111456
971,REDMI,2,test|train,True,test,IMG_20240303_111459,20240303,111459
972,REDMI,4,test|valid,True,test,IMG_20240303_111507,20240303,111507
972,REDMI,4,test|valid,True,valid,IMG_20240303_111511,20240303,111511
972,REDMI,4,test|valid,True,valid,IMG_20240303_111515,20240303,111515
972,REDMI,4,test|valid,True,test,IMG_20240303_111519,20240303,111519
973,REDMI,6,test|train,True,train,IMG_20240303_111531,20240303,111531
973,REDMI,6,test|train,True,test,IMG_20240303_111535,20240303,111535
973,REDMI,6,test|train,True,test,IMG_20240303_111538,20240303,111538
973,REDMI,6,test|train,True,test,IMG_20240303_111543,20240303,111543
973,REDMI,6,test|train,True,train,IMG_20240303_111548,20240303,111548
973,REDMI,6,test|train,True,test,IMG_20240303_111552,20240303,111552
974,REDMI,1,valid,False,valid,IMG_20240306_115158,20240306,115158
975,REDMI,1,test,False,test,IMG_20240306_115212,20240306,115212
976,REDMI,1,train,False,train,IMG_20240306_115233,20240306,115233
977,REDMI,1,valid,False,valid,IMG_20240306_115248,20240306,115248
978,REDMI,1,train,False,train,IMG_20240306_115255,20240306,115255
979,REDMI,1,train,False,train,IMG_20240306_115333,20240306,115333
980,REDMI,1,valid,False,valid,IMG_20240306_115359,20240306,115359
981,REDMI,1,train,False,train,IMG_20240306_115407,20240306,115407
982,REDMI,1,train,False,train,IMG_20240306_115417,20240306,115417
983,REDMI,1,valid,False,valid,IMG_20240306_115526,20240306,115526
984,REDMI,1,train,False,train,IMG_20240306_115614,20240306,115614
985,REDMI,2,train|valid,True,train,IMG_20240306_115820,20240306,115820
985,REDMI,2,train|valid,True,valid,IMG_20240306_115824,20240306,115824
986,REDMI,2,train|valid,True,valid,IMG_20240306_115849,20240306,115849
986,REDMI,2,train|valid,True,train,IMG_20240306_115853,20240306,115853
987,REDMI,2,train,False,train,IMG_20240306_115904,20240306,115904
987,REDMI,2,train,False,train,IMG_20240306_115909,20240306,115909
988,REDMI,1,valid,False,valid,IMG_20240306_115916,20240306,115916
989,REDMI,2,train,False,train,IMG_20240306_115935,20240306,115935
989,REDMI,2,train,False,train,IMG_20240306_115939,20240306,115939
990,REDMI,1,train,False,train,IMG_20240306_115946,20240306,115946
991,REDMI,1,train,False,train,IMG_20240306_115952,20240306,115952
992,REDMI,1,train,False,train,IMG_20240306_115958,20240306,115958
993,REDMI,1,train,False,train,IMG_20240306_120005,20240306,120005
994,REDMI,1,test,False,test,IMG_20240306_120025,20240306,120025
995,REDMI,2,train,False,train,IMG_20240306_120034,20240306,120034
995,REDMI,2,train,False,train,IMG_20240306_120039,20240306,120039
996,REDMI,3,train,False,train,IMG_20240306_120047,20240306,120047
996,REDMI,3,train,False,train,IMG_20240306_120051,20240306,120051
996,REDMI,3,train,False,train,IMG_20240306_120055,20240306,120055
997,REDMI,2,train,False,train,IMG_20240306_120102,20240306,120102
997,REDMI,2,train,False,train,IMG_20240306_120107,20240306,120107
998,REDMI,1,train,False,train,IMG_20240306_120116,20240306,120116
999,REDMI,1,train,False,train,IMG_20240306_120223,20240306,120223
1000,REDMI,3,train|valid,True,valid,IMG_20240306_120238,20240306,120238
1000,REDMI,3,train|valid,True,train,IMG_20240306_120243,20240306,120243
1000,REDMI,3,train|valid,True,train,IMG_20240306_120248,20240306,120248
1001,REDMI,2,test|train,True,test,IMG_20240306_120259,20240306,120259
1001,REDMI,2,test|train,True,train,IMG_20240306_120303,20240306,120303
1002,REDMI,1,train,False,train,IMG_20240306_120310,20240306,120310
1003,REDMI,3,train|valid,True,train,IMG_20240306_120326,20240306,120326
1003,REDMI,3,train|valid,True,valid,IMG_20240306_120329,20240306,120329
1003,REDMI,3,train|valid,True,train,IMG_20240306_120333,20240306,120333
1004,REDMI,1,train,False,train,IMG_20240306_120340,20240306,120340
1005,REDMI,1,train,False,train,IMG_20240306_120346,20240306,120346
1006,REDMI,2,train|valid,True,valid,IMG_20240306_120418,20240306,120418
1006,REDMI,2,train|valid,True,train,IMG_20240306_120423,20240306,120423
1007,REDMI,1,test,False,test,IMG_20240306_120433,20240306,120433
1008,REDMI,1,train,False,train,IMG_20240306_120440,20240306,120440
1009,REDMI,2,train,False,train,IMG_20240306_120446,20240306,120446
1009,REDMI,2,train,False,train,IMG_20240306_120451,20240306,120451
1010,REDMI,3,test|valid,True,valid,IMG_20240306_120641,20240306,120641
1010,REDMI,3,test|valid,True,valid,IMG_20240306_120644,20240306,120644
1010,REDMI,3,test|valid,True,test,IMG_20240306_120648,20240306,120648
1011,REDMI,2,train,False,train,IMG_20240306_120655,20240306,120655
1011,REDMI,2,train,False,train,IMG_20240306_120700,20240306,120700
1012,REDMI,1,train,False,train,IMG_20240306_120713,20240306,120713
1013,REDMI,1,train,False,train,IMG_20240306_120745,20240306,120745
1014,REDMI,1,test,False,test,IMG_20240306_120752,20240306,120752
1015,REDMI,1,valid,False,valid,IMG_20240306_120801,20240306,120801
1016,REDMI,1,test,False,test,IMG_20240306_120807,20240306,120807
1017,REDMI,5,train,False,train,IMG_20240306_120824,20240306,120824
1017,REDMI,5,train,False,train,IMG_20240306_120829,20240306,120829
1017,REDMI,5,train,False,train,IMG_20240306_120834,20240306,120834
1017,REDMI,5,train,False,train,IMG_20240306_120838,20240306,120838
1017,REDMI,5,train,False,train,IMG_20240306_120843,20240306,120843
1018,REDMI,1,valid,False,valid,IMG_20240306_120857,20240306,120857
1019,REDMI,1,train,False,train,IMG_20240306_120903,20240306,120903
1020,REDMI,1,train,False,train,IMG_20240306_120915,20240306,120915
1021,REDMI,4,train,False,train,IMG_20240306_120922,20240306,120922
1021,REDMI,4,train,False,train,IMG_20240306_120926,20240306,120926
1021,REDMI,4,train,False,train,IMG_20240306_120931,20240306,120931
1021,REDMI,4,train,False,train,IMG_20240306_120936,20240306,120936
1022,REDMI,1,train,False,train,IMG_20240306_120953,20240306,120953
1023,REDMI,2,test|train,True,train,IMG_20240306_121000,20240306,121000
1023,REDMI,2,test|train,True,test,IMG_20240306_121004,20240306,121004
1024,REDMI,3,train,False,train,IMG_20240306_143330,20240306,143330
1024,REDMI,3,train,False,train,IMG_20240306_143333,20240306,143333
1024,REDMI,3,train,False,train,IMG_20240306_143338,20240306,143338
1025,REDMI,2,train,False,train,IMG_20240306_143344,20240306,143344
1025,REDMI,2,train,False,train,IMG_20240306_143347,20240306,143347
1026,REDMI,5,train|valid,True,valid,IMG_20240306_143405,20240306,143405
1026,REDMI,5,train|valid,True,valid,IMG_20240306_143409,20240306,143409
1026,REDMI,5,train|valid,True,train,IMG_20240306_143413,20240306,143413
1026,REDMI,5,train|valid,True,train,IMG_20240306_143418,20240306,143418
1026,REDMI,5,train|valid,True,valid,IMG_20240306_143422,20240306,143422
1027,REDMI,1,train,False,train,IMG_20240306_143454,20240306,143454
1028,REDMI,2,train,False,train,IMG_20240306_143501,20240306,143501
1028,REDMI,2,train,False,train,IMG_20240306_143504,20240306,143504
1029,REDMI,1,train,False,train,IMG_20240306_143519,20240306,143519
1030,REDMI,1,train,False,train,IMG_20240306_143529,20240306,143529
1031,REDMI,3,train,False,train,IMG_20240306_143546,20240306,143546
1031,REDMI,3,train,False,train,IMG_20240306_143549,20240306,143549
1031,REDMI,3,train,False,train,IMG_20240306_143552,20240306,143552
1032,REDMI,2,train,False,train,IMG_20240306_143627,20240306,143627
1032,REDMI,2,train,False,train,IMG_20240306_143629,20240306,143629
1033,REDMI,1,test,False,test,IMG_20240306_143648,20240306,143648
1034,REDMI,1,train,False,train,IMG_20240306_143657,20240306,143657
1035,REDMI,4,train|valid,True,train,IMG_20240306_143704,20240306,143704
1035,REDMI,4,train|valid,True,valid,IMG_20240306_143708,20240306,143708
1035,REDMI,4,train|valid,True,train,IMG_20240306_143713,20240306,143713
1035,REDMI,4,train|valid,True,train,IMG_20240306_143718,20240306,143718
1036,REDMI,3,test|train|valid,True,train,IMG_20240306_143733,20240306,143733
1036,REDMI,3,test|train|valid,True,valid,IMG_20240306_143737,20240306,143737
1036,REDMI,3,test|train|valid,True,test,IMG_20240306_143742,20240306,143742
1037,REDMI,1,train,False,train,IMG_20240306_143750,20240306,143750
1038,REDMI,1,train,False,train,IMG_20240306_143805,20240306,143805
1039,REDMI,1,train,False,train,IMG_20240306_143811,20240306,143811
1040,REDMI,1,train,False,train,IMG_20240306_143818,20240306,143818
1041,REDMI,1,valid,False,valid,IMG_20240306_143830,20240306,143830
1042,REDMI,4,train,False,train,IMG_20240306_143836,20240306,143836
1042,REDMI,4,train,False,train,IMG_20240306_143839,20240306,143839
1042,REDMI,4,train,False,train,IMG_20240306_143844,20240306,143844
1042,REDMI,4,train,False,train,IMG_20240306_143849,20240306,143849
1043,REDMI,6,test|train|valid,True,test,IMG_20240306_143943,20240306,143943
1043,REDMI,6,test|train|valid,True,train,IMG_20240306_143945,20240306,143945
1043,REDMI,6,test|train|valid,True,train,IMG_20240306_143948,20240306,143948
1043,REDMI,6,test|train|valid,True,train,IMG_20240306_143951,20240306,143951
1043,REDMI,6,test|train|valid,True,train,IMG_20240306_143955,20240306,143955
1043,REDMI,6,test|train|valid,True,valid,IMG_20240306_144000,20240306,144000
1044,REDMI,1,train,False,train,IMG_20240306_144014,20240306,144014
1045,REDMI,1,train,False,train,IMG_20240306_144020,20240306,144020
1046,REDMI,1,train,False,train,IMG_20240306_144027,20240306,144027
1047,REDMI,1,train,False,train,IMG_20240306_144038,20240306,144038
1048,REDMI,1,valid,False,valid,IMG_20240306_144050,20240306,144050
1049,REDMI,2,valid,False,valid,IMG_20240306_144056,20240306,144056
1049,REDMI,2,valid,False,valid,IMG_20240306_144100,20240306,144100
1050,REDMI,1,train,False,train,IMG_20240306_144136,20240306,144136
1051,REDMI,5,test|train|valid,True,valid,IMG_20240306_144142,20240306,144142
1051,REDMI,5,test|train|valid,True,test,IMG_20240306_144146,20240306,144146
1051,REDMI,5,test|train|valid,True,test,IMG_20240306_144150,20240306,144150
1051,REDMI,5,test|train|valid,True,valid,IMG_20240306_144154,20240306,144154
1051,REDMI,5,test|train|valid,True,train,IMG_20240306_144157,20240306,144157
1052,REDMI,4,test|train,True,train,IMG_20240306_144207,20240306,144207
1052,REDMI,4,test|train,True,train,IMG_20240306_144210,20240306,144210
1052,REDMI,4,test|train,True,test,IMG_20240306_144215,20240306,144215
1052,REDMI,4,test|train,True,train,IMG_20240306_144218,20240306,144218
1053,REDMI,1,train,False,train,IMG_20240309_112451,20240309,112451
1054,REDMI,2,train|valid,True,train,IMG_20240309_112457,20240309,112457
1054,REDMI,2,train|valid,True,valid,IMG_20240309_112502,20240309,112502
1055,REDMI,1,train,False,train,IMG_20240309_112509,20240309,112509
1056,REDMI,3,train,False,train,IMG_20240309_112525,20240309,112525
1056,REDMI,3,train,False,train,IMG_20240309_112530,20240309,112530
1056,REDMI,3,train,False,train,IMG_20240309_112534,20240309,112534
1057,REDMI,2,train|valid,True,valid,IMG_20240309_112554,20240309,112554
1057,REDMI,2,train|valid,True,train,IMG_20240309_112559,20240309,112559
1058,REDMI,1,valid,False,valid,IMG_20240309_112607,20240309,112607
1059,REDMI,1,train,False,train,IMG_20240309_112621,20240309,112621
1060,REDMI,1,train,False,train,IMG_20240309_112630,20240309,112630
1061,REDMI,1,train,False,train,IMG_20240309_112651,20240309,112651
1062,REDMI,1,test,False,test,IMG_20240309_112657,20240309,112657
1063,REDMI,1,train,False,train,IMG_20240309_112703,20240309,112703
1064,REDMI,1,train,False,train,IMG_20240309_112710,20240309,112710
1065,REDMI,1,train,False,train,IMG_20240309_112719,20240309,112719
1066,REDMI,1,train,False,train,IMG_20240309_112734,20240309,112734
1067,REDMI,2,train,False,train,IMG_20240309_112740,20240309,112740
1067,REDMI,2,train,False,train,IMG_20240309_112741,20240309,112741
1068,REDMI,1,train,False,train,IMG_20240309_112756,20240309,112756
1069,REDMI,1,train,False,train,IMG_20240309_112804,20240309,112804
1070,REDMI,3,test|train,True,train,IMG_20240309_112836,20240309,112836
1070,REDMI,3,test|train,True,test,IMG_20240309_112841,20240309,112841
1070,REDMI,3,test|train,True,train,IMG_20240309_112845,20240309,112845
1071,REDMI,2,test|train,True,train,IMG_20240309_112929,20240309,112929
1071,REDMI,2,test|train,True,test,IMG_20240309_112934,20240309,112934
1072,REDMI,1,train,False,train,IMG_20240309_112941,20240309,112941
1073,REDMI,3,train,False,train,IMG_20240309_112951,20240309,112951
1073,REDMI,3,train,False,train,IMG_20240309_112954,20240309,112954
1073,REDMI,3,train,False,train,IMG_20240309_112959,20240309,112959
1074,REDMI,1,train,False,train,IMG_20240309_113009,20240309,113009
1075,REDMI,1,train,False,train,IMG_20240309_113043,20240309,113043
1076,REDMI,2,test|train,True,train,IMG_20240309_113050,20240309,113050
1076,REDMI,2,test|train,True,test,IMG_20240309_113054,20240309,113054
1077,REDMI,1,train,False,train,IMG_20240309_113107,20240309,113107
1078,REDMI,1,train,False,train,IMG_20240309_113113,20240309,113113
1079,REDMI,1,train,False,train,IMG_20240309_113129,20240309,113129
1080,REDMI,2,train,False,train,IMG_20240309_113224,20240309,113224
1080,REDMI,2,train,False,train,IMG_20240309_113229,20240309,113229
1081,REDMI,3,test|train|valid,True,test,IMG_20240309_113356,20240309,113356
1081,REDMI,3,test|train|valid,True,train,IMG_20240309_113400,20240309,113400
1081,REDMI,3,test|train|valid,True,valid,IMG_20240309_113404,20240309,113404
1082,REDMI,1,train,False,train,IMG_20240309_113424,20240309,113424
1083,REDMI,1,train,False,train,IMG_20240309_113430,20240309,113430
1084,REDMI,1,valid,False,valid,IMG_20240309_113446,20240309,113446
1085,REDMI,1,valid,False,valid,IMG_20240309_113458,20240309,113458
1086,REDMI,1,train,False,train,IMG_20240309_113512,20240309,113512
1087,REDMI,2,train|valid,True,train,IMG_20240309_113523,20240309,113523
1087,REDMI,2,train|valid,True,valid,IMG_20240309_113527,20240309,113527
1088,REDMI,3,test|train,True,test,IMG_20240309_113550,20240309,113550
1088,REDMI,3,test|train,True,train,IMG_20240309_113555,20240309,113555
1088,REDMI,3,test|train,True,train,IMG_20240309_113600,20240309,113600
1089,REDMI,1,valid,False,valid,IMG_20240309_113607,20240309,113607
1090,REDMI,1,train,False,train,IMG_20240309_113617,20240309,113617
1091,REDMI,1,test,False,test,IMG_20240309_113625,20240309,113625
1092,REDMI,1,valid,False,valid,IMG_20240309_113632,20240309,113632
1093,REDMI,1,train,False,train,IMG_20240309_113638,20240309,113638
1094,REDMI,1,train,False,train,IMG_20240309_113647,20240309,113647
1095,REDMI,1,train,False,train,IMG_20240309_113655,20240309,113655
1096,REDMI,1,train,False,train,IMG_20240309_113702,20240309,113702
1097,REDMI,1,test,False,test,IMG_20240309_113711,20240309,113711
1098,REDMI,1,train,False,train,IMG_20240309_113717,20240309,113717
1099,REDMI,2,test|train,True,test,IMG_20240309_113723,20240309,113723
1099,REDMI,2,test|train,True,train,IMG_20240309_113727,20240309,113727
1100,REDMI,1,train,False,train,IMG_20240309_113733,20240309,113733
1101,REDMI,1,train,False,train,IMG_20240309_113740,20240309,113740
1102,REDMI,2,train,False,train,IMG_20240309_113749,20240309,113749
1102,REDMI,2,train,False,train,IMG_20240309_113752,20240309,113752
1103,REDMI,1,train,False,train,IMG_20240309_113804,20240309,113804
1104,REDMI,1,train,False,train,IMG_20240309_113816,20240309,113816
1105,REDMI,1,valid,False,valid,IMG_20240309_113823,20240309,113823
1106,REDMI,1,test,False,test,IMG_20240309_113834,20240309,113834
1107,REDMI,2,train,False,train,IMG_20240309_113841,20240309,113841
1107,REDMI,2,train,False,train,IMG_20240309_113845,20240309,113845
1108,REDMI,1,train,False,train,IMG_20240309_113852,20240309,113852
1109,REDMI,1,train,False,train,IMG_20240309_113914,20240309,113914
1110,REDMI,1,train,False,train,IMG_20240309_113936,20240309,113936
1111,REDMI,1,train,False,train,IMG_20240309_113942,20240309,113942
1112,REDMI,1,train,False,train,IMG_20240309_113949,20240309,113949
1113,REDMI,1,train,False,train,IMG_20240309_113956,20240309,113956
1114,REDMI,1,test,False,test,IMG_20240309_114006,20240309,114006
1115,REDMI,1,valid,False,valid,IMG_20240309_114034,20240309,114034
1116,REDMI,1,train,False,train,IMG_20240309_114042,20240309,114042
1117,REDMI,2,train|valid,True,valid,IMG_20240309_114056,20240309,114056
1117,REDMI,2,train|valid,True,train,IMG_20240309_114100,20240309,114100
1118,REDMI,1,train,False,train,IMG_20240309_114116,20240309,114116
1119,REDMI,1,valid,False,valid,IMG_20240309_114132,20240309,114132
1120,REDMI,2,test|train,True,test,IMG_20240309_114140,20240309,114140
1120,REDMI,2,test|train,True,train,IMG_20240309_114142,20240309,114142
1121,REDMI,1,train,False,train,IMG_20240309_114148,20240309,114148
1122,REDMI,1,train,False,train,IMG_20240309_114154,20240309,114154
1123,REDMI,2,train,False,train,IMG_20240309_114200,20240309,114200
1123,REDMI,2,train,False,train,IMG_20240309_114203,20240309,114203
1124,REDMI,1,train,False,train,IMG_20240309_114215,20240309,114215
1125,REDMI,1,valid,False,valid,IMG_20240309_114221,20240309,114221
1126,REDMI,2,train|valid,True,train,IMG_20240309_114244,20240309,114244
1126,REDMI,2,train|valid,True,valid,IMG_20240309_114248,20240309,114248
1127,REDMI,1,train,False,train,IMG_20240309_114350,20240309,114350
1128,REDMI,2,train,False,train,IMG_20240309_114357,20240309,114357
1128,REDMI,2,train,False,train,IMG_20240309_114401,20240309,114401
1129,REDMI,1,train,False,train,IMG_20240309_114407,20240309,114407
1130,REDMI,1,valid,False,valid,IMG_20240309_114443,20240309,114443
1131,REDMI,1,train,False,train,IMG_20240309_114455,20240309,114455
1132,REDMI,1,train,False,train,IMG_20240309_114503,20240309,114503
1133,REDMI,1,train,False,train,IMG_20240309_114513,20240309,114513
1134,REDMI,2,train|valid,True,train,IMG_20240309_114538,20240309,114538
1134,REDMI,2,train|valid,True,valid,IMG_20240309_114542,20240309,114542
1135,REDMI,1,valid,False,valid,IMG_20240309_114550,20240309,114550
1136,REDMI,4,train|valid,True,train,IMG_20240309_114605,20240309,114605
1136,REDMI,4,train|valid,True,train,IMG_20240309_114609,20240309,114609
1136,REDMI,4,train|valid,True,train,IMG_20240309_114613,20240309,114613
1136,REDMI,4,train|valid,True,valid,IMG_20240309_114617,20240309,114617
1137,REDMI,2,train|valid,True,train,IMG_20240309_114638,20240309,114638
1137,REDMI,2,train|valid,True,valid,IMG_20240309_114643,20240309,114643
1138,REDMI,1,train,False,train,IMG_20240309_114649,20240309,114649
1139,REDMI,1,train,False,train,IMG_20240309_114655,20240309,114655
1140,REDMI,3,test|train,True,test,IMG_20240309_114741,20240309,114741
1140,REDMI,3,test|train,True,train,IMG_20240309_114746,20240309,114746
1140,REDMI,3,test|train,True,train,IMG_20240309_114751,20240309,114751
1141,REDMI,1,train,False,train,IMG_20240309_114800,20240309,114800
1142,REDMI,1,train,False,train,IMG_20240309_114826,20240309,114826
1143,REDMI,3,test|train,True,train,IMG_20240309_114832,20240309,114832
1143,REDMI,3,test|train,True,train,IMG_20240309_114837,20240309,114837
1143,REDMI,3,test|train,True,test,IMG_20240309_114840,20240309,114840
1144,REDMI,1,train,False,train,IMG_20240309_114854,20240309,114854
1145,REDMI,5,train,False,train,IMG_20240309_114923,20240309,114923
1145,REDMI,5,train,False,train,IMG_20240309_114926,20240309,114926
1145,REDMI,5,train,False,train,IMG_20240309_114930,20240309,114930
1145,REDMI,5,train,False,train,IMG_20240309_114934,20240309,114934
1145,REDMI,5,train,False,train,IMG_20240309_114937,20240309,114937
1146,REDMI,2,train|valid,True,valid,IMG_20240309_114950,20240309,114950
1146,REDMI,2,train|valid,True,train,IMG_20240309_114954,20240309,114954
1147,REDMI,3,train,False,train,IMG_20240309_115021,20240309,115021
1147,REDMI,3,train,False,train,IMG_20240309_115024,20240309,115024
1147,REDMI,3,train,False,train,IMG_20240309_115029,20240309,115029
1148,REDMI,2,train|valid,True,valid,IMG_20240309_115102,20240309,115102
1148,REDMI,2,train|valid,True,train,IMG_20240309_115105,20240309,115105
1149,REDMI,3,test|train,True,train,IMG_20240309_115136,20240309,115136
1149,REDMI,3,test|train,True,train,IMG_20240309_115140,20240309,115140
1149,REDMI,3,test|train,True,test,IMG_20240309_115144,20240309,115144
1150,REDMI,3,train|valid,True,valid,IMG_20240309_115200,20240309,115200
1150,REDMI,3,train|valid,True,train,IMG_20240309_115204,20240309,115204
1150,REDMI,3,train|valid,True,train,IMG_20240309_115208,20240309,115208
1151,REDMI,1,valid,False,valid,IMG_20240309_115221,20240309,115221
1152,REDMI,3,train,False,train,IMG_20240309_115233,20240309,115233
1152,REDMI,3,train,False,train,IMG_20240309_115236,20240309,115236
1152,REDMI,3,train,False,train,IMG_20240309_115239,20240309,115239
1153,REDMI,3,train|valid,True,train,IMG_20240309_115342,20240309,115342
1153,REDMI,3,train|valid,True,train,IMG_20240309_115346,20240309,115346
1153,REDMI,3,train|valid,True,valid,IMG_20240309_115349,20240309,115349
1154,REDMI,1,valid,False,valid,IMG_20240309_115356,20240309,115356
1155,REDMI,2,train,False,train,IMG_20240309_115422,20240309,115422
1155,REDMI,2,train,False,train,IMG_20240309_115425,20240309,115425
1156,REDMI,1,train,False,train,IMG_20240309_115439,20240309,115439
1157,REDMI,1,valid,False,valid,IMG_20240309_115453,20240309,115453
1158,REDMI,5,train|valid,True,train,IMG_20240309_115510,20240309,115510
1158,REDMI,5,train|valid,True,train,IMG_20240309_115515,20240309,115515
1158,REDMI,5,train|valid,True,valid,IMG_20240309_115518,20240309,115518
1158,REDMI,5,train|valid,True,train,IMG_20240309_115522,20240309,115522
1158,REDMI,5,train|valid,True,train,IMG_20240309_115527,20240309,115527
1159,REDMI,1,train,False,train,IMG_20240309_115610,20240309,115610
1160,REDMI,2,valid,False,valid,IMG_20240309_115616,20240309,115616
1160,REDMI,2,valid,False,valid,IMG_20240309_115620,20240309,115620
1161,REDMI,1,train,False,train,IMG_20240309_115627,20240309,115627
1162,REDMI,2,test|train,True,train,IMG_20240309_115633,20240309,115633
1162,REDMI,2,test|train,True,test,IMG_20240309_115637,20240309,115637
1163,REDMI,3,train|valid,True,valid,IMG_20240309_115718,20240309,115718
1163,REDMI,3,train|valid,True,train,IMG_20240309_115723,20240309,115723
1163,REDMI,3,train|valid,True,valid,IMG_20240309_115728,20240309,115728
1164,REDMI,1,train,False,train,IMG_20240309_115734,20240309,115734
1165,REDMI,1,train,False,train,IMG_20240309_115740,20240309,115740
1166,REDMI,2,test|train,True,train,IMG_20240309_115752,20240309,115752
1166,REDMI,2,test|train,True,test,IMG_20240309_115756,20240309,115756
1167,REDMI,1,train,False,train,IMG_20240309_115802,20240309,115802
1168,REDMI,2,train,False,train,IMG_20240309_115810,20240309,115810
1168,REDMI,2,train,False,train,IMG_20240309_115813,20240309,115813
1169,REDMI,3,test|train|valid,True,valid,IMG_20240309_115835,20240309,115835
1169,REDMI,3,test|train|valid,True,test,IMG_20240309_115840,20240309,115840
1169,REDMI,3,test|train|valid,True,train,IMG_20240309_115844,20240309,115844
1170,REDMI,2,train|valid,True,train,IMG_20240309_115910,20240309,115910
1170,REDMI,2,train|valid,True,valid,IMG_20240309_115915,20240309,115915
1171,REDMI,3,train,False,train,IMG_20240309_115922,20240309,115922
1171,REDMI,3,train,False,train,IMG_20240309_115924,20240309,115924
1171,REDMI,3,train,False,train,IMG_20240309_115929,20240309,115929
1172,REDMI,1,train,False,train,IMG_20240309_115939,20240309,115939
1173,REDMI,2,valid,False,valid,IMG_20240309_115948,20240309,115948
1173,REDMI,2,valid,False,valid,IMG_20240309_115952,20240309,115952
1174,REDMI,2,test|train,True,test,IMG_20240309_115958,20240309,115958
1174,REDMI,2,test|train,True,train,IMG_20240309_120002,20240309,120002
1175,REDMI,3,test|train,True,train,IMG_20240309_120205,20240309,120205
1175,REDMI,3,test|train,True,test,IMG_20240309_120210,20240309,120210
1175,REDMI,3,test|train,True,train,IMG_20240309_120214,20240309,120214
1176,REDMI,1,valid,False,valid,IMG_20240309_120223,20240309,120223
1177,REDMI,1,train,False,train,IMG_20240309_120229,20240309,120229
1178,REDMI,1,valid,False,valid,IMG_20240309_120246,20240309,120246
1179,REDMI,1,valid,False,valid,IMG_20240309_120258,20240309,120258
1180,REDMI,2,train,False,train,IMG_20240309_120304,20240309,120304
1180,REDMI,2,train,False,train,IMG_20240309_120308,20240309,120308
1181,REDMI,1,valid,False,valid,IMG_20240309_120334,20240309,120334
1182,REDMI,1,valid,False,valid,IMG_20240417_115018,20240417,115018
1183,REDMI,1,valid,False,valid,IMG_20240417_115033,20240417,115033
1184,REDMI,1,test,False,test,IMG_20240417_115042,20240417,115042
1185,REDMI,1,train,False,train,IMG_20240417_115054,20240417,115054
1186,REDMI,1,train,False,train,IMG_20240417_115119,20240417,115119
1187,REDMI,2,train|valid,True,train,IMG_20240417_115133,20240417,115133
1187,REDMI,2,train|valid,True,valid,IMG_20240417_115137,20240417,115137
1188,REDMI,1,test,False,test,IMG_20240417_115155,20240417,115155
1189,REDMI,1,train,False,train,IMG_20240417_115202,20240417,115202
1190,REDMI,1,train,False,train,IMG_20240417_115234,20240417,115234
1191,REDMI,1,valid,False,valid,IMG_20240417_115336,20240417,115336
1192,REDMI,1,test,False,test,IMG_20240417_115349,20240417,115349
1193,REDMI,1,train,False,train,IMG_20240417_115357,20240417,115357
1194,REDMI,1,test,False,test,IMG_20240417_115403,20240417,115403
1195,REDMI,1,train,False,train,IMG_20240417_115409,20240417,115409
1196,REDMI,2,train,False,train,IMG_20240417_115415,20240417,115415
1196,REDMI,2,train,False,train,IMG_20240417_115419,20240417,115419
1197,REDMI,1,train,False,train,IMG_20240417_115515,20240417,115515
1198,REDMI,1,train,False,train,IMG_20240417_115535,20240417,115535
1199,REDMI,1,train,False,train,IMG_20240417_115542,20240417,115542
1200,REDMI,1,valid,False,valid,IMG_20240417_115554,20240417,115554
1201,REDMI,1,train,False,train,IMG_20240417_115601,20240417,115601
1202,REDMI,1,train,False,train,IMG_20240417_115615,20240417,115615
1203,REDMI,1,train,False,train,IMG_20240417_115638,20240417,115638
1204,REDMI,1,train,False,train,IMG_20240417_115708,20240417,115708
1205,REDMI,1,train,False,train,IMG_20240417_115717,20240417,115717
1206,REDMI,2,train,False,train,IMG_20240417_115845,20240417,115845
1206,REDMI,2,train,False,train,IMG_20240417_115849,20240417,115849
1207,REDMI,3,train,False,train,IMG_20240417_115856,20240417,115856
1207,REDMI,3,train,False,train,IMG_20240417_115901,20240417,115901
1207,REDMI,3,train,False,train,IMG_20240417_115905,20240417,115905
1208,REDMI,2,train|valid,True,train,IMG_20240417_115920,20240417,115920
1208,REDMI,2,train|valid,True,valid,IMG_20240417_115924,20240417,115924
1209,X,1,train,False,train,IMG20240220133541,20240220,133541
1210,X,1,train,False,train,IMG20240220133619,20240220,133619
1211,X,1,train,False,train,IMG20240220133631,20240220,133631
1212,X,1,train,False,train,IMG20240220133705,20240220,133705
1213,X,1,train,False,train,IMG20240220133745,20240220,133745
1214,X,1,train,False,train,IMG20240220133803,20240220,133803
1215,X,1,train,False,train,IMG20240220133809,20240220,133809
1216,X,1,train,False,train,IMG20240220133817,20240220,133817
1217,X,1,train,False,train,IMG20240220133847,20240220,133847
1218,X,1,train,False,train,IMG20240220133854,20240220,133854
1219,X,2,train,False,train,IMG20240220134015,20240220,134015
1219,X,2,train,False,train,IMG20240220134019,20240220,134019
1220,X,1,train,False,train,IMG20240220134040,20240220,134040
1221,X,1,train,False,train,IMG20240220134046,20240220,134046
1222,X,1,train,False,train,IMG20240220134102,20240220,134102
1223,X,1,train,False,train,IMG20240220134138,20240220,134138
1224,X,1,train,False,train,IMG20240220134151,20240220,134151
1225,X,1,train,False,train,IMG20240220134200,20240220,134200
1226,X,2,train,False,train,IMG20240220134256,20240220,134256
1226,X,2,train,False,train,IMG20240220134301,20240220,134301
1227,X,1,train,False,train,IMG20240220134311,20240220,134311
1228,X,2,train,False,train,IMG20240220134404,20240220,134404
1228,X,2,train,False,train,IMG20240220134408,20240220,134408
1229,X,1,train,False,train,IMG20240220134414,20240220,134414
1230,X,1,train,False,train,IMG20240220134424,20240220,134424
1231,X,1,train,False,train,IMG20240220134439,20240220,134439
1232,X,1,train,False,train,IMG20240220134510,20240220,134510
1233,X,2,train,False,train,IMG20240220134527,20240220,134527
1233,X,2,train,False,train,IMG20240220134531,20240220,134531
1234,X,1,train,False,train,IMG20240220134537,20240220,134537
1235,X,1,train,False,train,IMG20240220134608,20240220,134608
1236,X,1,train,False,train,IMG20240220134618,20240220,134618
1237,X,1,train,False,train,IMG20240220134651,20240220,134651
1238,X,1,train,False,train,IMG20240220134657,20240220,134657
1239,X,1,train,False,train,IMG20240220134719,20240220,134719
1240,X,1,train,False,train,IMG20240220134725,20240220,134725
1241,X,1,train,False,train,IMG20240220134733,20240220,134733
1242,X,2,train,False,train,IMG20240220134757,20240220,134757
1242,X,2,train,False,train,IMG20240220134801,20240220,134801
1243,X,1,train,False,train,IMG20240220134809,20240220,134809
1244,X,1,train,False,train,IMG20240220134815,20240220,134815
1245,X,2,train,False,train,IMG20240220134841,20240220,134841
1245,X,2,train,False,train,IMG20240220134845,20240220,134845
1246,X,1,train,False,train,IMG20240220134852,20240220,134852
1247,X,1,train,False,train,IMG20240220134904,20240220,134904
1248,X,1,train,False,train,IMG20240220134936,20240220,134936
1249,X,2,train,False,train,IMG20240220135003,20240220,135003
1249,X,2,train,False,train,IMG20240220135008,20240220,135008
1250,X,2,train,False,train,IMG20240220135041,20240220,135041
1250,X,2,train,False,train,IMG20240220135044,20240220,135044
1251,X,2,train,False,train,IMG20240220135239,20240220,135239
1251,X,2,train,False,train,IMG20240220135244,20240220,135244
1252,X,1,train,False,train,IMG20240220135251,20240220,135251
1253,X,1,train,False,train,IMG20240220135303,20240220,135303
1254,X,1,train,False,train,IMG20240220135313,20240220,135313
1255,X,1,train,False,train,IMG20240220135324,20240220,135324
1256,X,1,train,False,train,IMG20240220135346,20240220,135346
1257,X,2,train,False,train,IMG20240220135357,20240220,135357
1257,X,2,train,False,train,IMG20240220135358,20240220,135358
1258,X,1,train,False,train,IMG20240220135414,20240220,135414
1259,X,1,train,False,train,IMG20240220135421,20240220,135421
1260,X,1,train,False,train,IMG20240220135435,20240220,135435
1261,X,1,train,False,train,IMG20240220135456,20240220,135456
1262,X,1,train,False,train,IMG20240220135511,20240220,135511
1263,X,1,train,False,train,IMG20240220135518,20240220,135518
1264,X,1,train,False,train,IMG20240220135539,20240220,135539
1265,X,1,train,False,train,IMG20240220135548,20240220,135548
1266,X,1,train,False,train,IMG20240220135617,20240220,135617
1267,X,2,train,False,train,IMG20240220135629,20240220,135629
1267,X,2,train,False,train,IMG20240220135633,20240220,135633
1268,X,1,train,False,train,IMG20240220135847,20240220,135847
1269,X,1,train,False,train,IMG20240220135853,20240220,135853
1270,X,2,train,False,train,IMG20240220135905,20240220,135905
1270,X,2,train,False,train,IMG20240220135910,20240220,135910
1271,X,1,train,False,train,IMG20240220135926,20240220,135926
1272,X,1,train,False,train,IMG20240220135937,20240220,135937
1273,X,2,train,False,train,IMG20240306115331,20240306,115331
1273,X,2,train,False,train,IMG20240306115335,20240306,115335
1274,X,1,test,False,test,IMG20240306115356,20240306,115356
1275,X,1,valid,False,valid,IMG20240306115402,20240306,115402
1276,X,1,test,False,test,IMG20240306115416,20240306,115416
1277,X,1,train,False,train,IMG20240306115613,20240306,115613
1278,X,1,train,False,train,IMG20240306115619,20240306,115619
1279,X,1,train,False,train,IMG20240306115634,20240306,115634
1280,X,1,train,False,train,IMG20240306115645,20240306,115645
1281,X,1,train,False,train,IMG20240306115737,20240306,115737
1282,X,1,train,False,train,IMG20240306115813,20240306,115813
1283,X,1,train,False,train,IMG20240306115829,20240306,115829
1284,X,1,train,False,train,IMG20240306115840,20240306,115840
1285,X,3,train|valid,True,train,IMG20240306115900,20240306,115900
1285,X,3,train|valid,True,train,IMG20240306115903,20240306,115903
1285,X,3,train|valid,True,valid,IMG20240306115907,20240306,115907
1286,X,1,valid,False,valid,IMG20240306115945,20240306,115945
1287,X,2,train|valid,True,valid,IMG20240306115954,20240306,115954
1287,X,2,train|valid,True,train,IMG20240306115958,20240306,115958
1288,X,2,train|valid,True,train,IMG20240306120018,20240306,120018
1288,X,2,train|valid,True,valid,IMG20240306120023,20240306,120023
1289,X,1,train,False,train,IMG20240306120031,20240306,120031
1290,X,1,train,False,train,IMG20240306120053,20240306,120053
1291,X,1,train,False,train,IMG20240306120637,20240306,120637
1292,X,1,train,False,train,IMG20240306120649,20240306,120649
1293,X,2,train,False,train,IMG20240306120710,20240306,120710
1293,X,2,train,False,train,IMG20240306120710_01,20240306,120710
1294,X,1,train,False,train,IMG20240306120717,20240306,120717
1295,X,1,valid,False,valid,IMG20240306120725,20240306,120725
1296,X,1,valid,False,valid,IMG20240306120752,20240306,120752
1297,X,1,train,False,train,IMG20240306120810,20240306,120810
1298,X,1,train,False,train,IMG20240306120817,20240306,120817
1299,X,1,test,False,test,IMG20240306120839,20240306,120839
1300,X,1,train,False,train,IMG20240306120846,20240306,120846
1301,X,1,valid,False,valid,IMG20240306120859,20240306,120859
1302,X,1,valid,False,valid,IMG20240306120910,20240306,120910
1303,X,1,train,False,train,IMG20240306120929,20240306,120929
1304,X,1,train,False,train,IMG20240306120953,20240306,120953
1305,X,1,train,False,train,IMG20240306120959,20240306,120959
1306,X,1,valid,False,valid,IMG20240306121005,20240306,121005
1307,X,3,test|train|valid,True,train,IMG20240306121019,20240306,121019
1307,X,3,test|train|valid,True,valid,IMG20240306121022,20240306,121022
1307,X,3,test|train|valid,True,test,IMG20240306121026,20240306,121026
1308,X,2,train,False,train,IMG20240306143339,20240306,143339
1308,X,2,train,False,train,IMG20240306143343,20240306,143343
1309,X,3,train|valid,True,valid,IMG20240306143404,20240306,143404
1309,X,3,train|valid,True,train,IMG20240306143409,20240306,143409
1309,X,3,train|valid,True,train,IMG20240306143413,20240306,143413
1310,X,2,train,False,train,IMG20240306143454,20240306,143454
1310,X,2,train,False,train,IMG20240306143458,20240306,143458
1311,X,1,train,False,train,IMG20240306143505,20240306,143505
1312,X,1,train,False,train,IMG20240306143520,20240306,143520
1313,X,1,train,False,train,IMG20240306143528,20240306,143528
1314,X,3,test|train,True,train,IMG20240306143544,20240306,143544
1314,X,3,test|train,True,train,IMG20240306143547,20240306,143547
1314,X,3,test|train,True,test,IMG20240306143551,20240306,143551
1315,X,1,test,False,test,IMG20240306143620,20240306,143620
1316,X,1,train,False,train,IMG20240306143645,20240306,143645
1317,X,1,train,False,train,IMG20240306143651,20240306,143651
1318,X,4,test|train,True,train,IMG20240306143703,20240306,143703
1318,X,4,test|train,True,train,IMG20240306143705,20240306,143705
1318,X,4,test|train,True,train,IMG20240306143708,20240306,143708
1318,X,4,test|train,True,test,IMG20240306143713,20240306,143713
1319,X,5,train|valid,True,train,IMG20240306143732,20240306,143732
1319,X,5,train|valid,True,train,IMG20240306143736,20240306,143736
1319,X,5,train|valid,True,train,IMG20240306143741,20240306,143741
1319,X,5,train|valid,True,train,IMG20240306143745,20240306,143745
1319,X,5,train|valid,True,valid,IMG20240306143749,20240306,143749
1320,X,3,train|valid,True,train,IMG20240306143800,20240306,143800
1320,X,3,train|valid,True,valid,IMG20240306143804,20240306,143804
1320,X,3,train|valid,True,valid,IMG20240306143809,20240306,143809
1321,X,1,valid,False,valid,IMG20240306143817,20240306,143817
1322,X,2,train,False,train,IMG20240306143829,20240306,143829
1322,X,2,train,False,train,IMG20240306143832,20240306,143832
1323,X,1,valid,False,valid,IMG20240306143838,20240306,143838
1324,X,1,train,False,train,IMG20240306143852,20240306,143852
1325,X,3,train,False,train,IMG20240306143938,20240306,143938
1325,X,3,train,False,train,IMG20240306143941,20240306,143941
1325,X,3,train,False,train,IMG20240306143943,20240306,143943
1326,X,3,test|train|valid,True,test,IMG20240306143950,20240306,143950
1326,X,3,test|train|valid,True,train,IMG20240306143952,20240306,143952
1326,X,3,test|train|valid,True,valid,IMG20240306143957,20240306,143957
1327,X,1,train,False,train,IMG20240306144012,20240306,144012
1328,X,1,valid,False,valid,IMG20240306144021,20240306,144021
1329,X,1,train,False,train,IMG20240306144030,20240306,144030
1330,X,1,train,False,train,IMG20240306144041,20240306,144041
1331,X,2,train|valid,True,train,IMG20240306144056,20240306,144056
1331,X,2,train|valid,True,valid,IMG20240306144101,20240306,144101
1332,X,3,train,False,train,IMG20240306144233,20240306,144233
1332,X,3,train,False,train,IMG20240306144236,20240306,144236
1332,X,3,train,False,train,IMG20240306144240,20240306,144240
1333,X,2,test|train,True,train,IMG20240306144246,20240306,144246
1333,X,2,test|train,True,test,IMG20240306144250,20240306,144250
1334,X,2,test|valid,True,valid,IMG20240306144306,20240306,144306
1334,X,2,test|valid,True,test,IMG20240306144311,20240306,144311
1335,X,6,train,False,train,IMG20240306144325,20240306,144325
1335,X,6,train,False,train,IMG20240306144328,20240306,144328
1335,X,6,train,False,train,IMG20240306144330,20240306,144330
1335,X,6,train,False,train,IMG20240306144334,20240306,144334
1335,X,6,train,False,train,IMG20240306144337,20240306,144337
1335,X,6,train,False,train,IMG20240306144339,20240306,144339
1336,X,6,train|valid,True,train,IMG20240306144350,20240306,144350
1336,X,6,train|valid,True,valid,IMG20240306144352,20240306,144352
1336,X,6,train|valid,True,train,IMG20240306144355,20240306,144355
1336,X,6,train|valid,True,train,IMG20240306144358,20240306,144358
1336,X,6,train|valid,True,train,IMG20240306144400,20240306,144400
1336,X,6,train|valid,True,train,IMG20240306144402,20240306,144402
1337,X,3,test|train|valid,True,train,IMG20240309112450,20240309,112450
1337,X,3,test|train|valid,True,valid,IMG20240309112455,20240309,112455
1337,X,3,test|train|valid,True,test,IMG20240309112459,20240309,112459
1338,X,1,valid,False,valid,IMG20240309112510,20240309,112510
1339,X,2,test|train,True,test,IMG20240309112551,20240309,112551
1339,X,2,test|train,True,train,IMG20240309112554,20240309,112554
1340,X,1,train,False,train,IMG20240309112600,20240309,112600
1341,X,1,train,False,train,IMG20240309112608,20240309,112608
1342,X,1,train,False,train,IMG20240309112646,20240309,112646
1343,X,1,valid,False,valid,IMG20240309112652,20240309,112652
1344,X,2,test|train,True,train,IMG20240309112658,20240309,112658
1344,X,2,test|train,True,test,IMG20240309112703,20240309,112703
1345,X,1,train,False,train,IMG20240309112712,20240309,112712
1346,X,1,train,False,train,IMG20240309112733,20240309,112733
1347,X,1,train,False,train,IMG20240309112739,20240309,112739
1348,X,1,test,False,test,IMG20240309112748,20240309,112748
1349,X,2,valid,False,valid,IMG20240309112834,20240309,112834
1349,X,2,valid,False,valid,IMG20240309112839,20240309,112839
1350,X,1,train,False,train,IMG20240309112846,20240309,112846
1351,X,3,train,False,train,IMG20240309112926,20240309,112926
1351,X,3,train,False,train,IMG20240309112930,20240309,112930
1351,X,3,train,False,train,IMG20240309112935,20240309,112935
1352,X,1,train,False,train,IMG20240309112942,20240309,112942
1353,X,3,train|valid,True,train,IMG20240309113201,20240309,113201
1353,X,3,train|valid,True,valid,IMG20240309113205,20240309,113205
1353,X,3,train|valid,True,train,IMG20240309113209,20240309,113209
1354,X,2,train|valid,True,valid,IMG20240309113221,20240309,113221
1354,X,2,train|valid,True,train,IMG20240309113226,20240309,113226
1355,X,1,valid,False,valid,IMG20240309113333,20240309,113333
1356,X,1,train,False,train,IMG20240309113351,20240309,113351
1357,X,1,train,False,train,IMG20240309113411,20240309,113411
1358,X,1,test,False,test,IMG20240309113417,20240309,113417
1359,X,3,train|valid,True,valid,IMG20240309113432,20240309,113432
1359,X,3,train|valid,True,train,IMG20240309113436,20240309,113436
1359,X,3,train|valid,True,train,IMG20240309113441,20240309,113441
1360,X,1,train,False,train,IMG20240309113452,20240309,113452
1361,X,1,valid,False,valid,IMG20240309113458,20240309,113458
1362,X,1,train,False,train,IMG20240309113505,20240309,113505
1363,X,1,valid,False,valid,IMG20240309113515,20240309,113515
1364,X,1,train,False,train,IMG20240309113559,20240309,113559
1365,X,1,test,False,test,IMG20240309113622,20240309,113622
1366,X,1,train,False,train,IMG20240309113628,20240309,113628
1367,X,1,valid,False,valid,IMG20240309113635,20240309,113635
1368,X,2,train|valid,True,valid,IMG20240309113703,20240309,113703
1368,X,2,train|valid,True,train,IMG20240309113708,20240309,113708
1369,X,1,train,False,train,IMG20240309113719,20240309,113719
1370,X,1,train,False,train,IMG20240309113738,20240309,113738
1371,X,1,train,False,train,IMG20240309113749,20240309,113749
1372,X,1,valid,False,valid,IMG20240309113808,20240309,113808
1373,X,2,valid,False,valid,IMG20240309113823,20240309,113823
1373,X,2,valid,False,valid,IMG20240309113827,20240309,113827
1374,X,3,train,False,train,IMG20240309114405,20240309,114405
1374,X,3,train,False,train,IMG20240309114409,20240309,114409
1374,X,3,train,False,train,IMG20240309114414,20240309,114414
1375,X,1,train,False,train,IMG20240309114439,20240309,114439
1376,X,1,train,False,train,IMG20240309114448,20240309,114448
1377,X,1,train,False,train,IMG20240309114455,20240309,114455
1378,X,2,train|valid,True,valid,IMG20240309114535,20240309,114535
1378,X,2,train|valid,True,train,IMG20240309114538,20240309,114538
1379,X,1,train,False,train,IMG20240309114544,20240309,114544
1380,X,3,test|train,True,test,IMG20240309114604,20240309,114604
1380,X,3,test|train,True,train,IMG20240309114608,20240309,114608
1380,X,3,test|train,True,train,IMG20240309114611,20240309,114611
1381,X,1,train,False,train,IMG20240309114636,20240309,114636
1382,X,2,train|valid,True,valid,IMG20240309114642,20240309,114642
1382,X,2,train|valid,True,train,IMG20240309114647,20240309,114647
1383,X,1,train,False,train,IMG20240309114656,20240309,114656
1384,X,1,test,False,test,IMG20240309114740,20240309,114740
1385,X,1,train,False,train,IMG20240309114753,20240309,114753
1386,X,3,train,False,train,IMG20240309114823,20240309,114823
1386,X,3,train,False,train,IMG20240309114826,20240309,114826
1386,X,3,train,False,train,IMG20240309114831,20240309,114831
1387,X,1,test,False,test,IMG20240309114846,20240309,114846
1388,X,3,train,False,train,IMG20240309114933,20240309,114933
1388,X,3,train,False,train,IMG20240309114938,20240309,114938
1388,X,3,train,False,train,IMG20240309114943,20240309,114943
1389,X,1,train,False,train,IMG20240309114949,20240309,114949
1390,X,1,test,False,test,IMG20240309115014,20240309,115014
1391,X,1,train,False,train,IMG20240309115032,20240309,115032
1392,X,1,train,False,train,IMG20240309115107,20240309,115107
1393,X,1,train,False,train,IMG20240309115134,20240309,115134
1394,X,1,train,False,train,IMG20240309115144,20240309,115144
1395,X,1,train,False,train,IMG20240309115151,20240309,115151
1396,X,1,test,False,test,IMG20240309115204,20240309,115204
1397,X,1,train,False,train,IMG20240309115210,20240309,115210
1398,X,1,train,False,train,IMG20240309115234,20240309,115234
1399,X,1,train,False,train,IMG20240309115240,20240309,115240
1400,X,1,test,False,test,IMG20240309115335,20240309,115335
1401,X,1,train,False,train,IMG20240309115347,20240309,115347
1402,X,1,train,False,train,IMG20240309115405,20240309,115405
1403,X,1,train,False,train,IMG20240309115419,20240309,115419
1404,X,1,train,False,train,IMG20240309115425,20240309,115425
1405,X,1,train,False,train,IMG20240309115431,20240309,115431
1406,X,1,valid,False,valid,IMG20240309115446,20240309,115446
1407,X,1,valid,False,valid,IMG20240309115506,20240309,115506
1408,X,1,train,False,train,IMG20240309115514,20240309,115514
1409,X,1,train,False,train,IMG20240309115523,20240309,115523
1410,X,1,train,False,train,IMG20240309115608,20240309,115608
1411,X,1,train,False,train,IMG20240309115615,20240309,115615
1412,X,1,train,False,train,IMG20240309115622,20240309,115622
1413,X,1,train,False,train,IMG20240309115642,20240309,115642
1414,X,1,train,False,train,IMG20240309115720,20240309,115720
1415,X,2,train,False,train,IMG20240309115735,20240309,115735
1415,X,2,train,False,train,IMG20240309115740,20240309,115740
1416,X,1,train,False,train,IMG20240309115753,20240309,115753
1417,X,2,train,False,train,IMG20240309115800,20240309,115800
1417,X,2,train,False,train,IMG20240309115805,20240309,115805
1418,X,1,valid,False,valid,IMG20240309115812,20240309,115812
1419,X,1,train,False,train,IMG20240309115839,20240309,115839
1420,X,1,train,False,train,IMG20240309115912,20240309,115912
1421,X,1,train,False,train,IMG20240309115921,20240309,115921
1422,X,1,train,False,train,IMG20240309115928,20240309,115928
1423,X,1,valid,False,valid,IMG20240309115949,20240309,115949
1424,X,1,train,False,train,IMG20240309115958,20240309,115958
1425,X,1,train,False,train,IMG20240309120005,20240309,120005
1426,X,1,train,False,train,IMG20240309120406,20240309,120406
1427,X,1,train,False,train,IMG20240309120418,20240309,120418
1428,X,1,valid,False,valid,IMG20240309120426,20240309,120426
1429,X,2,train|valid,True,train,IMG20240309120445,20240309,120445
1429,X,2,train|valid,True,valid,IMG20240309120449,20240309,120449
1430,X,1,train,False,train,IMG20240309120458,20240309,120458
1431,X,1,train,False,train,IMG20240309120506,20240309,120506
1432,X,2,train|valid,True,train,IMG20240309120534,20240309,120534
1432,X,2,train|valid,True,valid,IMG20240309120539,20240309,120539
1433,X,1,train,False,train,IMG20240309120605,20240309,120605
1434,X,1,train,False,train,IMG20240309120611,20240309,120611
1435,X,1,valid,False,valid,IMG20240309120618,20240309,120618
1436,X,1,train,False,train,IMG20240309120653,20240309,120653
